Handle,Title,Body (HTML),Vendor,Product Category,Type,Tags,Published,Option1 Name,Option1 Value,Option1 Linked To,Option2 Name,Option2 Value,Option2 Linked To,Option3 Name,Option3 Value,Option3 Linked To,Variant SKU,Variant Grams,Variant Inventory Tracker,Variant Inventory Qty,Variant Inventory Policy,Variant Fulfillment Service,Variant Price,Variant Compare At Price,Variant Requires Shipping,Variant Taxable,Unit Price Total Measure,Unit Price Total Measure Unit,Unit Price Base Measure,Unit Price Base Measure Unit,Variant Barcode,Image Src,Image Position,Image Alt Text,Gift Card,SEO Title,SEO Description,Variant Image,Variant Weight Unit,Variant Tax Code,Cost per item,Status
safety-flooring-plus-black-2010,Safety Flooring Plus Black 2010,"<h2>Safety Flooring Plus Black 2010</h2><p>Quality vinyl flooring from Factory Direct Flooring. Fully waterproof and extremely easy to clean. Ideal for kitchens, bathrooms and utility rooms. Available in a wide range of colours and styles.</p>",Factory Direct Flooring,,Vinyl Flooring,vinyl-flooring,true,Title,Default Title,,,,,,,,31395,0.0,shopify,100,deny,manual,0.00,,true,true,,,,,,https://cdn.shopify.com/s/files/1/0998/3049/7592/files/safety-flooring-plus-black-2010-room-shot-1.jpg?v=1779041805,1,Safety Flooring Plus Black 2010,false,Safety Flooring Plus Black 2010,"Quality vinyl flooring from Factory Direct Flooring. Fully waterproof and extremely easy to clean. Ideal for kitchens, bathrooms and utility rooms. Available in a wide range of colours and styles.",,kg,,,active
safety-flooring-plus-black-2010,,,,,,,,,,,,,,,,,,,,,,,,,,,,,,,,https://cdn.shopify.com/s/files/1/0998/3049/7592/files/safety_flooring_plus_black_cx2010_1.jpg?v=1779041805,2,Safety Flooring Plus Black 2010,,,,,,,,
safety-flooring-plus-earth-brown-2014,Safety Flooring Plus Earth Brown 2014,"<h2>Safety Flooring Plus Earth Brown 2014</h2><p>Quality vinyl flooring from Factory Direct Flooring. Fully waterproof and extremely easy to clean. Ideal for kitchens, bathrooms and utility rooms. Available in a wide range of colours and styles.</p>",Factory Direct Flooring,,Vinyl Flooring,vinyl-flooring,true,Title,Default Title,,,,,,,,31386,0.0,shopify,100,deny,manual,0.00,,true,true,,,,,,https://cdn.shopify.com/s/files/1/0998/3049/7592/files/safety-flooring-plus-earth-brown-2014-room-shot-1.jpg?v=1779041804,1,Safety Flooring Plus Earth Brown 2014,false,Safety Flooring Plus Earth Brown 2014,"Quality vinyl flooring from Factory Direct Flooring. Fully waterproof and extremely easy to clean. Ideal for kitchens, bathrooms and utility rooms. Available in a wide range of colours and styles.",,kg,,,active
safety-flooring-plus-earth-brown-2014,,,,,,,,,,,,,,,,,,,,,,,,,,,,,,,,https://cdn.shopify.com/s/files/1/0998/3049/7592/files/safety_flooring_plus_earth_brown_cx2014_1.jpg?v=1779041804,2,Safety Flooring Plus Earth Brown 2014,,,,,,,,
safety-flooring-plus-blood-red-2012,Safety Flooring Plus Blood Red 2012,"<h2>Safety Flooring Plus Blood Red 2012</h2><p>Quality vinyl flooring from Factory Direct Flooring. Fully waterproof and extremely easy to clean. Ideal for kitchens, bathrooms and utility rooms. Available in a wide range of colours and styles.</p>",Factory Direct Flooring,,Vinyl Flooring,vinyl-flooring,true,Title,Default Title,,,,,,,,31347,0.0,shopify,100,deny,manual,0.00,,true,true,,,,,,https://cdn.shopify.com/s/files/1/0998/3049/7592/files/safety-flooring-plus-blood-red-2012-room-shot-1_2.jpg?v=1779041803,1,Safety Flooring Plus Blood Red 2012,false,Safety Flooring Plus Blood Red 2012,"Quality vinyl flooring from Factory Direct Flooring. Fully waterproof and extremely easy to clean. Ideal for kitchens, bathrooms and utility rooms. Available in a wide range of colours and styles.",,kg,,,active
safety-flooring-plus-blood-red-2012,,,,,,,,,,,,,,,,,,,,,,,,,,,,,,,,https://cdn.shopify.com/s/files/1/0998/3049/7592/files/safety_flooring_plus_blood_red_cx2012.jpg?v=1779041803,2,Safety Flooring Plus Blood Red 2012,,,,,,,,
safety-flooring-plus-light-beige-2001,Safety Flooring Plus Light Beige 2001,"<h2>Safety Flooring Plus Light Beige 2001</h2><p>Quality vinyl flooring from Factory Direct Flooring. Fully waterproof and extremely easy to clean. Ideal for kitchens, bathrooms and utility rooms. Available in a wide range of colours and styles.</p>",Factory Direct Flooring,,Vinyl Flooring,vinyl-flooring,true,Title,Default Title,,,,,,,,31384,0.0,shopify,100,deny,manual,0.00,,true,true,,,,,,https://cdn.shopify.com/s/files/1/0998/3049/7592/files/safety-flooring-plus-light-beige-2001-room-shot-1.jpg?v=1779041802,1,Safety Flooring Plus Light Beige 2001,false,Safety Flooring Plus Light Beige 2001,"Quality vinyl flooring from Factory Direct Flooring. Fully waterproof and extremely easy to clean. Ideal for kitchens, bathrooms and utility rooms. Available in a wide range of colours and styles.",,kg,,,active
safety-flooring-plus-light-beige-2001,,,,,,,,,,,,,,,,,,,,,,,,,,,,,,,,https://cdn.shopify.com/s/files/1/0998/3049/7592/files/safety_flooring_plus_light_beige_cx2001_2.jpg?v=1779041802,2,Safety Flooring Plus Light Beige 2001,,,,,,,,
safety-flooring-plus-light-grey-2004,Safety Flooring Plus Light Grey 2004,"<h2>Safety Flooring Plus Light Grey 2004</h2><p>Quality vinyl flooring from Factory Direct Flooring. Fully waterproof and extremely easy to clean. Ideal for kitchens, bathrooms and utility rooms. Available in a wide range of colours and styles.</p>",Factory Direct Flooring,,Vinyl Flooring,vinyl-flooring,true,Title,Default Title,,,,,,,,31387,0.0,shopify,100,deny,manual,0.00,,true,true,,,,,,https://cdn.shopify.com/s/files/1/0998/3049/7592/files/safety-flooring-plus-light-grey-2004-room-shot-1.jpg?v=1779041800,1,Safety Flooring Plus Light Grey 2004,false,Safety Flooring Plus Light Grey 2004,"Quality vinyl flooring from Factory Direct Flooring. Fully waterproof and extremely easy to clean. Ideal for kitchens, bathrooms and utility rooms. Available in a wide range of colours and styles.",,kg,,,active
safety-flooring-plus-light-grey-2004,,,,,,,,,,,,,,,,,,,,,,,,,,,,,,,,https://cdn.shopify.com/s/files/1/0998/3049/7592/files/safety_flooring_plus_light_grey_cx2004_1.jpg?v=1779041801,2,Safety Flooring Plus Light Grey 2004,,,,,,,,
safety-flooring-plus-dusky-blue-2005,Safety Flooring Plus Dusky Blue 2005,"<h2>Safety Flooring Plus Dusky Blue 2005</h2><p>Quality vinyl flooring from Factory Direct Flooring. Fully waterproof and extremely easy to clean. Ideal for kitchens, bathrooms and utility rooms. Available in a wide range of colours and styles.</p>",Factory Direct Flooring,,Vinyl Flooring,vinyl-flooring,true,Title,Default Title,,,,,,,,31388,0.0,shopify,100,deny,manual,0.00,,true,true,,,,,,https://cdn.shopify.com/s/files/1/0998/3049/7592/files/safety-flooring-plus-dusky-blue-2005-room-shot-1.jpg?v=1779041800,1,Safety Flooring Plus Dusky Blue 2005,false,Safety Flooring Plus Dusky Blue 2005,"Quality vinyl flooring from Factory Direct Flooring. Fully waterproof and extremely easy to clean. Ideal for kitchens, bathrooms and utility rooms. Available in a wide range of colours and styles.",,kg,,,active
safety-flooring-plus-dusky-blue-2005,,,,,,,,,,,,,,,,,,,,,,,,,,,,,,,,https://cdn.shopify.com/s/files/1/0998/3049/7592/files/safety_flooring_plus_dusky_sky_cx2005.jpg?v=1779041799,2,Safety Flooring Plus Dusky Blue 2005,,,,,,,,
safety-flooring-plus-slate-grey-2006,Safety Flooring Plus Slate Grey 2006,"<h2>Safety Flooring Plus Slate Grey 2006</h2><p>Quality vinyl flooring from Factory Direct Flooring. Fully waterproof and extremely easy to clean. Ideal for kitchens, bathrooms and utility rooms. Available in a wide range of colours and styles.</p>",Factory Direct Flooring,,Vinyl Flooring,vinyl-flooring,true,Title,Default Title,,,,,,,,31389,0.0,shopify,100,deny,manual,0.00,,true,true,,,,,,https://cdn.shopify.com/s/files/1/0998/3049/7592/files/safety-flooring-plus-slate-grey-2006-room-shot-1.jpg?v=1779041798,1,Safety Flooring Plus Slate Grey 2006,false,Safety Flooring Plus Slate Grey 2006,"Quality vinyl flooring from Factory Direct Flooring. Fully waterproof and extremely easy to clean. Ideal for kitchens, bathrooms and utility rooms. Available in a wide range of colours and styles.",,kg,,,active
safety-flooring-plus-slate-grey-2006,,,,,,,,,,,,,,,,,,,,,,,,,,,,,,,,https://cdn.shopify.com/s/files/1/0998/3049/7592/files/safety_flooring_plus_slate_grey_cx2006_1.jpg?v=1779041798,2,Safety Flooring Plus Slate Grey 2006,,,,,,,,
safety-flooring-plus-nearly-black-2009,Safety Flooring Plus Nearly Black 2009,"<h2>Safety Flooring Plus Nearly Black 2009</h2><p>Quality vinyl flooring from Factory Direct Flooring. Fully waterproof and extremely easy to clean. Ideal for kitchens, bathrooms and utility rooms. Available in a wide range of colours and styles.</p>",Factory Direct Flooring,,Vinyl Flooring,vinyl-flooring,true,Title,Default Title,,,,,,,,31394,0.0,shopify,100,deny,manual,0.00,,true,true,,,,,,https://cdn.shopify.com/s/files/1/0998/3049/7592/files/safety-flooring-plus-nearly-black-2009-room-shot-1.jpg?v=1779041797,1,Safety Flooring Plus Nearly Black 2009,false,Safety Flooring Plus Nearly Black 2009,"Quality vinyl flooring from Factory Direct Flooring. Fully waterproof and extremely easy to clean. Ideal for kitchens, bathrooms and utility rooms. Available in a wide range of colours and styles.",,kg,,,active
safety-flooring-plus-nearly-black-2009,,,,,,,,,,,,,,,,,,,,,,,,,,,,,,,,https://cdn.shopify.com/s/files/1/0998/3049/7592/files/safety_flooring_plus_nearly_black_cx2009_1.jpg?v=1779041797,2,Safety Flooring Plus Nearly Black 2009,,,,,,,,
polysafe-standard-taupe-heavy-duty-safety-flooring,Polysafe Standard Taupe Heavy Duty Safety Flooring,"<h2>Polysafe Standard Taupe Heavy Duty Safety Flooring</h2><p>Quality vinyl flooring from Factory Direct Flooring. Fully waterproof and extremely easy to clean. Ideal for kitchens, bathrooms and utility rooms. Available in a wide range of colours and styles.</p>",Factory Direct Flooring,,Vinyl Flooring,vinyl-flooring,true,Title,Default Title,,,,,,,,73632,0.0,shopify,100,deny,manual,0.00,,true,true,,,,,,https://cdn.shopify.com/s/files/1/0998/3049/7592/files/polysafe-standard-taupe-heavy-duty-safety-flooring-lifestyle-1.jpg?v=1779041796,1,Polysafe Standard Taupe Heavy Duty Safety Flooring,false,Polysafe Standard Taupe Heavy Duty Safety Flooring,"Quality vinyl flooring from Factory Direct Flooring. Fully waterproof and extremely easy to clean. Ideal for kitchens, bathrooms and utility rooms. Available in a wide range of colours and styles.",,kg,,,active
polysafe-standard-taupe-heavy-duty-safety-flooring,,,,,,,,,,,,,,,,,,,,,,,,,,,,,,,,https://cdn.shopify.com/s/files/1/0998/3049/7592/files/polysafe-standard-taupe-heavy-duty-safety-flooring-lifestyle-2.jpg?v=1779041796,2,Polysafe Standard Taupe Heavy Duty Safety Flooring,,,,,,,,
polysafe-standard-wild-mushroom-heavy-duty-safety-flooring,Polysafe Standard Wild Mushroom Heavy Duty Safety Flooring,"<h2>Polysafe Standard Wild Mushroom Heavy Duty Safety Flooring</h2><p>Quality vinyl flooring from Factory Direct Flooring. Fully waterproof and extremely easy to clean. Ideal for kitchens, bathrooms and utility rooms. Available in a wide range of colours and styles.</p>",Factory Direct Flooring,,Vinyl Flooring,vinyl-flooring,true,Title,Default Title,,,,,,,,73631,0.0,shopify,100,deny,manual,0.00,,true,true,,,,,,https://cdn.shopify.com/s/files/1/0998/3049/7592/files/polysafe-standard-wild-mushroom-heavy-duty-safety-flooring-lifestyle-1.jpg?v=1779041795,1,Polysafe Standard Wild Mushroom Heavy Duty Safety Flooring,false,Polysafe Standard Wild Mushroom Heavy Duty Safety Flooring,"Quality vinyl flooring from Factory Direct Flooring. Fully waterproof and extremely easy to clean. Ideal for kitchens, bathrooms and utility rooms. Available in a wide range of colours and styles.",,kg,,,active
polysafe-standard-wild-mushroom-heavy-duty-safety-flooring,,,,,,,,,,,,,,,,,,,,,,,,,,,,,,,,https://cdn.shopify.com/s/files/1/0998/3049/7592/files/polysafe-standard-wild-mushroom-heavy-duty-safety-flooring-lifestyle-2.jpg?v=1779041795,2,Polysafe Standard Wild Mushroom Heavy Duty Safety Flooring,,,,,,,,
polysafe-standard-elmwood-heavy-duty-safety-flooring,Polysafe Standard Elmwood Heavy Duty Safety Flooring,"<h2>Polysafe Standard Elmwood Heavy Duty Safety Flooring</h2><p>Quality vinyl flooring from Factory Direct Flooring. Fully waterproof and extremely easy to clean. Ideal for kitchens, bathrooms and utility rooms. Available in a wide range of colours and styles.</p>",Factory Direct Flooring,,Vinyl Flooring,vinyl-flooring,true,Title,Default Title,,,,,,,,31363,0.0,shopify,100,deny,manual,0.00,,true,true,,,,,,https://cdn.shopify.com/s/files/1/0998/3049/7592/files/polysafe_standard_elmwood_heavy_duty_safety_flooring.jpg?v=1779041794,1,Polysafe Standard Elmwood Heavy Duty Safety Flooring,false,Polysafe Standard Elmwood Heavy Duty Safety Flooring,"Quality vinyl flooring from Factory Direct Flooring. Fully waterproof and extremely easy to clean. Ideal for kitchens, bathrooms and utility rooms. Available in a wide range of colours and styles.",,kg,,,active
polysafe-standard-elmwood-heavy-duty-safety-flooring,,,,,,,,,,,,,,,,,,,,,,,,,,,,,,,,https://cdn.shopify.com/s/files/1/0998/3049/7592/files/polysafe_standard_heavy_duty_safety_floor_elmwood_4520.jpg?v=1779041794,2,Polysafe Standard Elmwood Heavy Duty Safety Flooring,,,,,,,,
polysafe-standard-ash-grey-heavy-duty-safety-flooring,Polysafe Standard Ash Grey Heavy Duty Safety Flooring,"<h2>Polysafe Standard Ash Grey Heavy Duty Safety Flooring</h2><p>Quality vinyl flooring from Factory Direct Flooring. Fully waterproof and extremely easy to clean. Ideal for kitchens, bathrooms and utility rooms. Available in a wide range of colours and styles.</p>",Factory Direct Flooring,,Vinyl Flooring,vinyl-flooring,true,Title,Default Title,,,,,,,,31369,0.0,shopify,100,deny,manual,0.00,,true,true,,,,,,https://cdn.shopify.com/s/files/1/0998/3049/7592/files/polysafe_standard_ash_grey_heavy_duty_safety_flooring.jpg?v=1779041792,1,Polysafe Standard Ash Grey Heavy Duty Safety Flooring,false,Polysafe Standard Ash Grey Heavy Duty Safety Flooring,"Quality vinyl flooring from Factory Direct Flooring. Fully waterproof and extremely easy to clean. Ideal for kitchens, bathrooms and utility rooms. Available in a wide range of colours and styles.",,kg,,,active
polysafe-standard-ash-grey-heavy-duty-safety-flooring,,,,,,,,,,,,,,,,,,,,,,,,,,,,,,,,https://cdn.shopify.com/s/files/1/0998/3049/7592/files/polysafe_standard_heavy_duty_safety_floor_ash_grey_4540.jpg?v=1779041792,2,Polysafe Standard Ash Grey Heavy Duty Safety Flooring,,,,,,,,
polysafe-standard-storm-blue-heavy-duty-safety-flooring,Polysafe Standard Storm Blue Heavy Duty Safety Flooring,"<h2>Polysafe Standard Storm Blue Heavy Duty Safety Flooring</h2><p>Quality vinyl flooring from Factory Direct Flooring. Fully waterproof and extremely easy to clean. Ideal for kitchens, bathrooms and utility rooms. Available in a wide range of colours and styles.</p>",Factory Direct Flooring,,Vinyl Flooring,vinyl-flooring,true,Title,Default Title,,,,,,,,31371,0.0,shopify,100,deny,manual,0.00,,true,true,,,,,,https://cdn.shopify.com/s/files/1/0998/3049/7592/files/polysafe_standard_storm_blue_heavy_duty_safety_flooring.jpg?v=1779041791,1,Polysafe Standard Storm Blue Heavy Duty Safety Flooring,false,Polysafe Standard Storm Blue Heavy Duty Safety Flooring,"Quality vinyl flooring from Factory Direct Flooring. Fully waterproof and extremely easy to clean. Ideal for kitchens, bathrooms and utility rooms. Available in a wide range of colours and styles.",,kg,,,active
polysafe-standard-storm-blue-heavy-duty-safety-flooring,,,,,,,,,,,,,,,,,,,,,,,,,,,,,,,,https://cdn.shopify.com/s/files/1/0998/3049/7592/files/polysafe_standard_heavy_duty_safety_floor_storm_blue_4560.jpg?v=1779041791,2,Polysafe Standard Storm Blue Heavy Duty Safety Flooring,,,,,,,,
polysafe-standard-autumn-beige-heavy-duty-safety-flooring,Polysafe Standard Autumn Beige Heavy Duty Safety Flooring,"<h2>Polysafe Standard Autumn Beige Heavy Duty Safety Flooring</h2><p>Quality vinyl flooring from Factory Direct Flooring. Fully waterproof and extremely easy to clean. Ideal for kitchens, bathrooms and utility rooms. Available in a wide range of colours and styles.</p>",Factory Direct Flooring,,Vinyl Flooring,vinyl-flooring,true,Title,Default Title,,,,,,,,31372,0.0,shopify,100,deny,manual,0.00,,true,true,,,,,,https://cdn.shopify.com/s/files/1/0998/3049/7592/files/polysafe_standard_autumn_beige_heavy_duty_safety_flooring.jpg?v=1779041790,1,Polysafe Standard Autumn Beige Heavy Duty Safety Flooring,false,Polysafe Standard Autumn Beige Heavy Duty Safety Flooring,"Quality vinyl flooring from Factory Direct Flooring. Fully waterproof and extremely easy to clean. Ideal for kitchens, bathrooms and utility rooms. Available in a wide range of colours and styles.",,kg,,,active
polysafe-standard-autumn-beige-heavy-duty-safety-flooring,,,,,,,,,,,,,,,,,,,,,,,,,,,,,,,,https://cdn.shopify.com/s/files/1/0998/3049/7592/files/polysafe_standard_heavy_duty_safety_floor_autumn_beige_4140.jpg?v=1779041790,2,Polysafe Standard Autumn Beige Heavy Duty Safety Flooring,,,,,,,,
polysafe-standard-silver-birch-heavy-duty-safety-flooring,Polysafe Standard Silver Birch Heavy Duty Safety Flooring,"<h2>Polysafe Standard Silver Birch Heavy Duty Safety Flooring</h2><p>Quality vinyl flooring from Factory Direct Flooring. Fully waterproof and extremely easy to clean. Ideal for kitchens, bathrooms and utility rooms. Available in a wide range of colours and styles.</p>",Factory Direct Flooring,,Vinyl Flooring,vinyl-flooring,true,Title,Default Title,,,,,,,,31373,0.0,shopify,100,deny,manual,0.00,,true,true,,,,,,https://cdn.shopify.com/s/files/1/0998/3049/7592/files/polysafe_standard_silver_birch_heavy_duty_safety_flooring.jpg?v=1779041789,1,Polysafe Standard Silver Birch Heavy Duty Safety Flooring,false,Polysafe Standard Silver Birch Heavy Duty Safety Flooring,"Quality vinyl flooring from Factory Direct Flooring. Fully waterproof and extremely easy to clean. Ideal for kitchens, bathrooms and utility rooms. Available in a wide range of colours and styles.",,kg,,,active
polysafe-standard-silver-birch-heavy-duty-safety-flooring,,,,,,,,,,,,,,,,,,,,,,,,,,,,,,,,https://cdn.shopify.com/s/files/1/0998/3049/7592/files/polysafe_standard_heavy_duty_safety_floor_silver_birch_4020.jpg?v=1779041788,2,Polysafe Standard Silver Birch Heavy Duty Safety Flooring,,,,,,,,
polysafe-standard-cedar-blue-heavy-duty-safety-flooring,Polysafe Standard Cedar Blue Heavy Duty Safety Flooring,"<h2>Polysafe Standard Cedar Blue Heavy Duty Safety Flooring</h2><p>Quality vinyl flooring from Factory Direct Flooring. Fully waterproof and extremely easy to clean. Ideal for kitchens, bathrooms and utility rooms. Available in a wide range of colours and styles.</p>",Factory Direct Flooring,,Vinyl Flooring,vinyl-flooring,true,Title,Default Title,,,,,,,,31374,0.0,shopify,100,deny,manual,0.00,,true,true,,,,,,https://cdn.shopify.com/s/files/1/0998/3049/7592/files/polysafe_standard_cedar_blue_heavy_duty_safety_flooring.jpg?v=1779041787,1,Polysafe Standard Cedar Blue Heavy Duty Safety Flooring,false,Polysafe Standard Cedar Blue Heavy Duty Safety Flooring,"Quality vinyl flooring from Factory Direct Flooring. Fully waterproof and extremely easy to clean. Ideal for kitchens, bathrooms and utility rooms. Available in a wide range of colours and styles.",,kg,,,active
polysafe-standard-cedar-blue-heavy-duty-safety-flooring,,,,,,,,,,,,,,,,,,,,,,,,,,,,,,,,https://cdn.shopify.com/s/files/1/0998/3049/7592/files/polysafe_standard_heavy_duty_safety_floor_cedar_blue_4060.jpg?v=1779041787,2,Polysafe Standard Cedar Blue Heavy Duty Safety Flooring,,,,,,,,
polysafe-standard-alpine-green-heavy-duty-safety-flooring,Polysafe Standard Alpine Green Heavy Duty Safety Flooring,"<h2>Polysafe Standard Alpine Green Heavy Duty Safety Flooring</h2><p>Quality vinyl flooring from Factory Direct Flooring. Fully waterproof and extremely easy to clean. Ideal for kitchens, bathrooms and utility rooms. Available in a wide range of colours and styles.</p>",Factory Direct Flooring,,Vinyl Flooring,vinyl-flooring,true,Title,Default Title,,,,,,,,31377,0.0,shopify,100,deny,manual,0.00,,true,true,,,,,,https://cdn.shopify.com/s/files/1/0998/3049/7592/files/polysafe_standard_alpine_green_heavy_duty_safety_flooring.jpg?v=1779041786,1,Polysafe Standard Alpine Green Heavy Duty Safety Flooring,false,Polysafe Standard Alpine Green Heavy Duty Safety Flooring,"Quality vinyl flooring from Factory Direct Flooring. Fully waterproof and extremely easy to clean. Ideal for kitchens, bathrooms and utility rooms. Available in a wide range of colours and styles.",,kg,,,active
polysafe-standard-alpine-green-heavy-duty-safety-flooring,,,,,,,,,,,,,,,,,,,,,,,,,,,,,,,,https://cdn.shopify.com/s/files/1/0998/3049/7592/files/polysafe_standard_heavy_duty_safety_floor_alpine_green_4110.jpg?v=1779041786,2,Polysafe Standard Alpine Green Heavy Duty Safety Flooring,,,,,,,,
polysafe-standard-arctic-blue-heavy-duty-safety-flooring,Polysafe Standard Arctic Blue Heavy Duty Safety Flooring,"<h2>Polysafe Standard Arctic Blue Heavy Duty Safety Flooring</h2><p>Quality vinyl flooring from Factory Direct Flooring. Fully waterproof and extremely easy to clean. Ideal for kitchens, bathrooms and utility rooms. Available in a wide range of colours and styles.</p>",Factory Direct Flooring,,Vinyl Flooring,vinyl-flooring,true,Title,Default Title,,,,,,,,31378,0.0,shopify,100,deny,manual,0.00,,true,true,,,,,,https://cdn.shopify.com/s/files/1/0998/3049/7592/files/polysafe_standard_arctic_blue_heavy_duty_safety_flooring.jpg?v=1779041785,1,Polysafe Standard Arctic Blue Heavy Duty Safety Flooring,false,Polysafe Standard Arctic Blue Heavy Duty Safety Flooring,"Quality vinyl flooring from Factory Direct Flooring. Fully waterproof and extremely easy to clean. Ideal for kitchens, bathrooms and utility rooms. Available in a wide range of colours and styles.",,kg,,,active
polysafe-standard-arctic-blue-heavy-duty-safety-flooring,,,,,,,,,,,,,,,,,,,,,,,,,,,,,,,,https://cdn.shopify.com/s/files/1/0998/3049/7592/files/polysafe_standard_heavy_duty_safety_floor_arctic_blue_4130.jpg?v=1779041785,2,Polysafe Standard Arctic Blue Heavy Duty Safety Flooring,,,,,,,,
polysafe-standard-redwood-heavy-duty-safety-flooring,Polysafe Standard Redwood Heavy Duty Safety Flooring,"<h2>Polysafe Standard Redwood Heavy Duty Safety Flooring</h2><p>Quality vinyl flooring from Factory Direct Flooring. Fully waterproof and extremely easy to clean. Ideal for kitchens, bathrooms and utility rooms. Available in a wide range of colours and styles.</p>",Factory Direct Flooring,,Vinyl Flooring,vinyl-flooring,true,Title,Default Title,,,,,,,,31381,0.0,shopify,100,deny,manual,0.00,,true,true,,,,,,https://cdn.shopify.com/s/files/1/0998/3049/7592/files/polysafe_standard_redwood_heavy_duty_safety_flooring.jpg?v=1779041784,1,Polysafe Standard Redwood Heavy Duty Safety Flooring,false,Polysafe Standard Redwood Heavy Duty Safety Flooring,"Quality vinyl flooring from Factory Direct Flooring. Fully waterproof and extremely easy to clean. Ideal for kitchens, bathrooms and utility rooms. Available in a wide range of colours and styles.",,kg,,,active
polysafe-standard-redwood-heavy-duty-safety-flooring,,,,,,,,,,,,,,,,,,,,,,,,,,,,,,,,https://cdn.shopify.com/s/files/1/0998/3049/7592/files/polysafe_standard_heavy_duty_safety_floor_redwood_4040.jpg?v=1779041784,2,Polysafe Standard Redwood Heavy Duty Safety Flooring,,,,,,,,
polysafe-standard-twilight-heavy-duty-safety-flooring,Polysafe Standard Twilight Heavy Duty Safety Flooring,"<h2>Polysafe Standard Twilight Heavy Duty Safety Flooring</h2><p>Quality vinyl flooring from Factory Direct Flooring. Fully waterproof and extremely easy to clean. Ideal for kitchens, bathrooms and utility rooms. Available in a wide range of colours and styles.</p>",Factory Direct Flooring,,Vinyl Flooring,vinyl-flooring,true,Title,Default Title,,,,,,,,31382,0.0,shopify,100,deny,manual,0.00,,true,true,,,,,,https://cdn.shopify.com/s/files/1/0998/3049/7592/files/polysafe_standard_twilight_heavy_duty_safety_flooring.jpg?v=1779041783,1,Polysafe Standard Twilight Heavy Duty Safety Flooring,false,Polysafe Standard Twilight Heavy Duty Safety Flooring,"Quality vinyl flooring from Factory Direct Flooring. Fully waterproof and extremely easy to clean. Ideal for kitchens, bathrooms and utility rooms. Available in a wide range of colours and styles.",,kg,,,active
polysafe-standard-twilight-heavy-duty-safety-flooring,,,,,,,,,,,,,,,,,,,,,,,,,,,,,,,,https://cdn.shopify.com/s/files/1/0998/3049/7592/files/polysafe_standard_heavy_duty_safety_floor_twilight_4490.jpg?v=1779041783,2,Polysafe Standard Twilight Heavy Duty Safety Flooring,,,,,,,,
polysafe-standard-black-walnut-heavy-duty-safety-flooring,Polysafe Standard Black Walnut Heavy Duty Safety Flooring,"<h2>Polysafe Standard Black Walnut Heavy Duty Safety Flooring</h2><p>Quality vinyl flooring from Factory Direct Flooring. Fully waterproof and extremely easy to clean. Ideal for kitchens, bathrooms and utility rooms. Available in a wide range of colours and styles.</p>",Factory Direct Flooring,,Vinyl Flooring,vinyl-flooring,true,Title,Default Title,,,,,,,,31383,0.0,shopify,100,deny,manual,0.00,,true,true,,,,,,https://cdn.shopify.com/s/files/1/0998/3049/7592/files/polysafe_standard_black_walnut_heavy_duty_safety_flooring.jpg?v=1779041782,1,Polysafe Standard Black Walnut Heavy Duty Safety Flooring,false,Polysafe Standard Black Walnut Heavy Duty Safety Flooring,"Quality vinyl flooring from Factory Direct Flooring. Fully waterproof and extremely easy to clean. Ideal for kitchens, bathrooms and utility rooms. Available in a wide range of colours and styles.",,kg,,,active
polysafe-standard-black-walnut-heavy-duty-safety-flooring,,,,,,,,,,,,,,,,,,,,,,,,,,,,,,,,https://cdn.shopify.com/s/files/1/0998/3049/7592/files/polysafe_standard_heavy_duty_safety_floor_black_walnut_4150.jpg?v=1779041781,2,Polysafe Standard Black Walnut Heavy Duty Safety Flooring,,,,,,,,
polysafe-standard-nordic-grey-heavy-duty-safety-flooring,Polysafe Standard Nordic Grey Heavy Duty Safety Flooring,"<h2>Polysafe Standard Nordic Grey Heavy Duty Safety Flooring</h2><p>Quality vinyl flooring from Factory Direct Flooring. Fully waterproof and extremely easy to clean. Ideal for kitchens, bathrooms and utility rooms. Available in a wide range of colours and styles.</p>",Factory Direct Flooring,,Vinyl Flooring,vinyl-flooring,true,Title,Default Title,,,,,,,,31379,0.0,shopify,100,deny,manual,0.00,,true,true,,,,,,https://cdn.shopify.com/s/files/1/0998/3049/7592/files/polysafe_standard_nordic_grey_heavy_duty_safety_flooring.jpg?v=1779041780,1,Polysafe Standard Nordic Grey Heavy Duty Safety Flooring,false,Polysafe Standard Nordic Grey Heavy Duty Safety Flooring,"Quality vinyl flooring from Factory Direct Flooring. Fully waterproof and extremely easy to clean. Ideal for kitchens, bathrooms and utility rooms. Available in a wide range of colours and styles.",,kg,,,active
polysafe-standard-nordic-grey-heavy-duty-safety-flooring,,,,,,,,,,,,,,,,,,,,,,,,,,,,,,,,https://cdn.shopify.com/s/files/1/0998/3049/7592/files/polysafe_standard_heavy_duty_safety_floor_nordic_grey_4090.jpg?v=1779041780,2,Polysafe Standard Nordic Grey Heavy Duty Safety Flooring,,,,,,,,
plain-colours-solid-grey-910m-vinyl-flooring,Plain Colours Solid Grey 910M Vinyl Flooring,"<h2>Plain Colours Solid Grey 910M Vinyl Flooring</h2><p>Quality vinyl flooring from Factory Direct Flooring. Fully waterproof and extremely easy to clean. Ideal for kitchens, bathrooms and utility rooms. Available in a wide range of colours and styles.</p>",Factory Direct Flooring,,Vinyl Flooring,vinyl-flooring,true,Title,Default Title,,,,,,,,67429ST,0.0,shopify,100,deny,manual,0.00,,true,true,,,,,,https://cdn.shopify.com/s/files/1/0998/3049/7592/files/plain-colours-solid-grey-910m-vinyl-flooring-xl-lifestyle-3_1.jpg?v=1779041779,1,Plain Colours Solid Grey 910M Vinyl Flooring,false,Plain Colours Solid Grey 910M Vinyl Flooring,"Quality vinyl flooring from Factory Direct Flooring. Fully waterproof and extremely easy to clean. Ideal for kitchens, bathrooms and utility rooms. Available in a wide range of colours and styles.",,kg,,,active
plain-colours-solid-grey-910m-vinyl-flooring,,,,,,,,,,,,,,,,,,,,,,,,,,,,,,,,https://cdn.shopify.com/s/files/1/0998/3049/7592/files/plain-colours-solid-grey-910m-vinyl-flooring-xl-lifestyle-2.jpg?v=1779041779,2,Plain Colours Solid Grey 910M Vinyl Flooring,,,,,,,,
contract-safe-vinyl-flooring-storm-grey-109s-2mtr-wide,Contract Safe Vinyl Flooring Storm Grey 109S 2mtr Wide,"<h2>Contract Safe Vinyl Flooring Storm Grey 109S 2mtr Wide</h2><p>Quality vinyl flooring from Factory Direct Flooring. Fully waterproof and extremely easy to clean. Ideal for kitchens, bathrooms and utility rooms. Available in a wide range of colours and styles.</p>",Factory Direct Flooring,,Vinyl Flooring,vinyl-flooring,true,Title,Default Title,,,,,,,,65934ST,0.0,shopify,100,deny,manual,0.00,,true,true,,,,,,https://cdn.shopify.com/s/files/1/0998/3049/7592/files/contract-safe-vinyl-flooring-storm-grey-109s-2mtr-wide-xl-lifestyle-1.jpg?v=1779041778,1,Contract Safe Vinyl Flooring Storm Grey 109S 2mtr Wide,false,Contract Safe Vinyl Flooring Storm Grey 109S 2mtr Wide,"Quality vinyl flooring from Factory Direct Flooring. Fully waterproof and extremely easy to clean. Ideal for kitchens, bathrooms and utility rooms. Available in a wide range of colours and styles.",,kg,,,active
contract-safe-vinyl-flooring-storm-grey-109s-2mtr-wide,,,,,,,,,,,,,,,,,,,,,,,,,,,,,,,,https://cdn.shopify.com/s/files/1/0998/3049/7592/files/contract-safe-vinyl-flooring-storm-grey-109s-2mtr-wide-xl-lifestyle-2.jpg?v=1779041778,2,Contract Safe Vinyl Flooring Storm Grey 109S 2mtr Wide,,,,,,,,
contract-safe-vinyl-flooring-medium-grey-970m-2mtr-wide,Contract Safe Vinyl Flooring Medium Grey 970M 2mtr Wide,"<h2>Contract Safe Vinyl Flooring Medium Grey 970M 2mtr Wide</h2><p>Quality vinyl flooring from Factory Direct Flooring. Fully waterproof and extremely easy to clean. Ideal for kitchens, bathrooms and utility rooms. Available in a wide range of colours and styles.</p>",Factory Direct Flooring,,Vinyl Flooring,vinyl-flooring,true,Title,Default Title,,,,,,,,65813ST,0.0,shopify,100,deny,manual,0.00,,true,true,,,,,,https://cdn.shopify.com/s/files/1/0998/3049/7592/files/contract-safe-vinyl-flooring-medium-grey-970m-2mtr-wide-xl-lifestyle-1.jpg?v=1779041777,1,Contract Safe Vinyl Flooring Medium Grey 970M 2mtr Wide,false,Contract Safe Vinyl Flooring Medium Grey 970M 2mtr Wide,"Quality vinyl flooring from Factory Direct Flooring. Fully waterproof and extremely easy to clean. Ideal for kitchens, bathrooms and utility rooms. Available in a wide range of colours and styles.",,kg,,,active
contract-safe-vinyl-flooring-medium-grey-970m-2mtr-wide,,,,,,,,,,,,,,,,,,,,,,,,,,,,,,,,https://cdn.shopify.com/s/files/1/0998/3049/7592/files/contract-safe-vinyl-flooring-medium-grey-970m-2mtr-wide-xl-lifestyle-2.jpg?v=1779041777,2,Contract Safe Vinyl Flooring Medium Grey 970M 2mtr Wide,,,,,,,,
contract-safe-vinyl-flooring-grey-690d-2mtr-wide,Contract Safe Vinyl Flooring Grey 690D 2mtr Wide,"<h2>Contract Safe Vinyl Flooring Grey 690D 2mtr Wide</h2><p>Quality vinyl flooring from Factory Direct Flooring. Fully waterproof and extremely easy to clean. Ideal for kitchens, bathrooms and utility rooms. Available in a wide range of colours and styles.</p>",Factory Direct Flooring,,Vinyl Flooring,vinyl-flooring,true,Title,Default Title,,,,,,,,65812ST,0.0,shopify,100,deny,manual,0.00,,true,true,,,,,,https://cdn.shopify.com/s/files/1/0998/3049/7592/files/contract-safe-vinyl-flooring-grey-690d-2mtr-wide-room-shot-1.jpg?v=1779041776,1,Contract Safe Vinyl Flooring Grey 690D 2mtr Wide,false,Contract Safe Vinyl Flooring Grey 690D 2mtr Wide,"Quality vinyl flooring from Factory Direct Flooring. Fully waterproof and extremely easy to clean. Ideal for kitchens, bathrooms and utility rooms. Available in a wide range of colours and styles.",,kg,,,active
contract-safe-vinyl-flooring-grey-690d-2mtr-wide,,,,,,,,,,,,,,,,,,,,,,,,,,,,,,,,https://cdn.shopify.com/s/files/1/0998/3049/7592/files/contract-safe-vinyl-flooring-brown-690d-2mtr-wide-lifestyle-1.jpg?v=1779041775,2,Contract Safe Vinyl Flooring Grey 690D 2mtr Wide,,,,,,,,
polysafe-standard-cool-aqua-heavy-duty-safety-flooring,Polysafe Standard Cool Aqua Heavy Duty Safety Flooring,"<h2>Polysafe Standard Cool Aqua Heavy Duty Safety Flooring</h2><p>Quality vinyl flooring from Factory Direct Flooring. Fully waterproof and extremely easy to clean. Ideal for kitchens, bathrooms and utility rooms. Available in a wide range of colours and styles.</p>",Factory Direct Flooring,,Vinyl Flooring,vinyl-flooring,true,Title,Default Title,,,,,,,,31370,0.0,shopify,100,deny,manual,0.00,,true,true,,,,,,https://cdn.shopify.com/s/files/1/0998/3049/7592/files/polysafe_standard_cool_aqua_heavy_duty_safety_flooring_1.jpg?v=1779041774,1,Polysafe Standard Cool Aqua Heavy Duty Safety Flooring,false,Polysafe Standard Cool Aqua Heavy Duty Safety Flooring,"Quality vinyl flooring from Factory Direct Flooring. Fully waterproof and extremely easy to clean. Ideal for kitchens, bathrooms and utility rooms. Available in a wide range of colours and styles.",,kg,,,active
polysafe-standard-cool-aqua-heavy-duty-safety-flooring,,,,,,,,,,,,,,,,,,,,,,,,,,,,,,,,https://cdn.shopify.com/s/files/1/0998/3049/7592/files/polysafe_standard_heavy_duty_safety_floor_cool_aqua_4570.jpg?v=1779041774,2,Polysafe Standard Cool Aqua Heavy Duty Safety Flooring,,,,,,,,
smartstep-vinyl-flooring-felt-nimes-592,Smartstep Vinyl Flooring Felt Nimes 592,"<h2>Smartstep Vinyl Flooring Felt Nimes 592</h2><p>Quality vinyl flooring from Factory Direct Flooring. Fully waterproof and extremely easy to clean. Ideal for kitchens, bathrooms and utility rooms. Available in a wide range of colours and styles.</p>",Factory Direct Flooring,,Vinyl Flooring,vinyl-flooring,true,Title,Default Title,,,,,,,,72232ST,0.0,shopify,100,deny,manual,0.00,,true,true,,,,,,https://cdn.shopify.com/s/files/1/0998/3049/7592/files/smartstep-felt-nimes-592-xl-lifestyle-1_1.jpg?v=1779041773,1,Smartstep Vinyl Flooring Felt Nimes 592,false,Smartstep Vinyl Flooring Felt Nimes 592,"Quality vinyl flooring from Factory Direct Flooring. Fully waterproof and extremely easy to clean. Ideal for kitchens, bathrooms and utility rooms. Available in a wide range of colours and styles.",,kg,,,active
smartstep-vinyl-flooring-felt-nimes-592,,,,,,,,,,,,,,,,,,,,,,,,,,,,,,,,https://cdn.shopify.com/s/files/1/0998/3049/7592/files/smartstep-felt-nimes-592-xl-lifstyle-2_1.jpg?v=1779041773,2,Smartstep Vinyl Flooring Felt Nimes 592,,,,,,,,
smartstep-vinyl-flooring-felt-helsinki-592,Smartstep Vinyl Flooring Felt Helsinki 592,"<h2>Smartstep Vinyl Flooring Felt Helsinki 592</h2><p>Quality vinyl flooring from Factory Direct Flooring. Fully waterproof and extremely easy to clean. Ideal for kitchens, bathrooms and utility rooms. Available in a wide range of colours and styles.</p>",Factory Direct Flooring,,Vinyl Flooring,vinyl-flooring,true,Title,Default Title,,,,,,,,72230ST,0.0,shopify,100,deny,manual,0.00,,true,true,,,,,,https://cdn.shopify.com/s/files/1/0998/3049/7592/files/smartstep_felt_helsinki_592_1_1.jpg?v=1779041772,1,Smartstep Vinyl Flooring Felt Helsinki 592,false,Smartstep Vinyl Flooring Felt Helsinki 592,"Quality vinyl flooring from Factory Direct Flooring. Fully waterproof and extremely easy to clean. Ideal for kitchens, bathrooms and utility rooms. Available in a wide range of colours and styles.",,kg,,,active
smartstep-vinyl-flooring-felt-helsinki-592,,,,,,,,,,,,,,,,,,,,,,,,,,,,,,,,https://cdn.shopify.com/s/files/1/0998/3049/7592/files/smartstep-felt-helsinki-592.jpg?v=1779041772,2,Smartstep Vinyl Flooring Felt Helsinki 592,,,,,,,,
smartstep-vinyl-flooring-felt-helsinki-536,Smartstep Vinyl Flooring Felt Helsinki 536,"<h2>Smartstep Vinyl Flooring Felt Helsinki 536</h2><p>Quality vinyl flooring from Factory Direct Flooring. Fully waterproof and extremely easy to clean. Ideal for kitchens, bathrooms and utility rooms. Available in a wide range of colours and styles.</p>",Factory Direct Flooring,,Vinyl Flooring,vinyl-flooring,true,Title,Default Title,,,,,,,,72229ST,0.0,shopify,100,deny,manual,0.00,,true,true,,,,,,https://cdn.shopify.com/s/files/1/0998/3049/7592/files/smartstep-felt-helsinki-536-xl-lifestyle-2.jpg?v=1779041771,1,Smartstep Vinyl Flooring Felt Helsinki 536,false,Smartstep Vinyl Flooring Felt Helsinki 536,"Quality vinyl flooring from Factory Direct Flooring. Fully waterproof and extremely easy to clean. Ideal for kitchens, bathrooms and utility rooms. Available in a wide range of colours and styles.",,kg,,,active
smartstep-vinyl-flooring-felt-helsinki-536,,,,,,,,,,,,,,,,,,,,,,,,,,,,,,,,https://cdn.shopify.com/s/files/1/0998/3049/7592/files/smartstep-felt-helsinki-536-xl-lifestyle-3.jpg?v=1779041771,2,Smartstep Vinyl Flooring Felt Helsinki 536,,,,,,,,
eprosafe-s97-dark-stone-commercial-vinyl,Eprosafe S97 Dark Stone Commercial Vinyl,"<h2>Eprosafe S97 Dark Stone Commercial Vinyl</h2><p>Quality vinyl flooring from Factory Direct Flooring. Fully waterproof and extremely easy to clean. Ideal for kitchens, bathrooms and utility rooms. Available in a wide range of colours and styles.</p>",Factory Direct Flooring,,Vinyl Flooring,vinyl-flooring,true,Title,Default Title,,,,,,,,73927ST,0.0,shopify,100,deny,manual,0.00,,true,true,,,,,,https://cdn.shopify.com/s/files/1/0998/3049/7592/files/eprosafe_s97_dark_stone_commercial_vinyl.jpg?v=1779041769,1,Eprosafe S97 Dark Stone Commercial Vinyl,false,Eprosafe S97 Dark Stone Commercial Vinyl,"Quality vinyl flooring from Factory Direct Flooring. Fully waterproof and extremely easy to clean. Ideal for kitchens, bathrooms and utility rooms. Available in a wide range of colours and styles.",,kg,,,active
ultrafelt-vinyl-flooring-aged-parquet-oak,Ultrafelt Vinyl Flooring Aged Parquet Oak,"<h2>Ultrafelt Vinyl Flooring Aged Parquet Oak</h2><p>Quality vinyl flooring from Factory Direct Flooring. Fully waterproof and extremely easy to clean. Ideal for kitchens, bathrooms and utility rooms. Available in a wide range of colours and styles.</p>",Factory Direct Flooring,,Vinyl Flooring,vinyl-flooring,true,Title,Default Title,,,,,,,,67894ST,0.0,shopify,100,deny,manual,0.00,,true,true,,,,,,https://cdn.shopify.com/s/files/1/0998/3049/7592/files/ultrafelt-aged-parquet-oak-cushioned-vinyl-xl-lifestyle-3.jpg?v=1779041768,1,Ultrafelt Vinyl Flooring Aged Parquet Oak,false,Ultrafelt Vinyl Flooring Aged Parquet Oak,"Quality vinyl flooring from Factory Direct Flooring. Fully waterproof and extremely easy to clean. Ideal for kitchens, bathrooms and utility rooms. Available in a wide range of colours and styles.",,kg,,,active
ultrafelt-vinyl-flooring-aged-parquet-oak,,,,,,,,,,,,,,,,,,,,,,,,,,,,,,,,https://cdn.shopify.com/s/files/1/0998/3049/7592/files/ultrafelt-aged-parquet-oak-cushioned-vinyl-xl-lifestyle-2.jpg?v=1779041768,2,Ultrafelt Vinyl Flooring Aged Parquet Oak,,,,,,,,
ultrafelt-vinyl-flooring-light-oak-plank,Ultrafelt Vinyl Flooring Light Oak Plank,"<h2>Ultrafelt Vinyl Flooring Light Oak Plank</h2><p>Quality vinyl flooring from Factory Direct Flooring. Fully waterproof and extremely easy to clean. Ideal for kitchens, bathrooms and utility rooms. Available in a wide range of colours and styles.</p>",Factory Direct Flooring,,Vinyl Flooring,vinyl-flooring,true,Title,Default Title,,,,,,,,67889ST,0.0,shopify,100,deny,manual,0.00,,true,true,,,,,,https://cdn.shopify.com/s/files/1/0998/3049/7592/files/ultrafelt-light-oak-plank-cushioned-vinyl-xl-lifestyle-1a.jpg?v=1779041764,1,Ultrafelt Vinyl Flooring Light Oak Plank,false,Ultrafelt Vinyl Flooring Light Oak Plank,"Quality vinyl flooring from Factory Direct Flooring. Fully waterproof and extremely easy to clean. Ideal for kitchens, bathrooms and utility rooms. Available in a wide range of colours and styles.",,kg,,,active
ultrafelt-vinyl-flooring-light-oak-plank,,,,,,,,,,,,,,,,,,,,,,,,,,,,,,,,https://cdn.shopify.com/s/files/1/0998/3049/7592/files/ultrafelt-light-oak-plank-cushioned-vinyl-xl-lifestyle-2.jpg?v=1779041764,2,Ultrafelt Vinyl Flooring Light Oak Plank,,,,,,,,
eprosafe-s94-concrete-light-commercial-vinyl,Eprosafe S94 Concrete Light Commercial Vinyl,"<h2>Eprosafe S94 Concrete Light Commercial Vinyl</h2><p>Quality vinyl flooring from Factory Direct Flooring. Fully waterproof and extremely easy to clean. Ideal for kitchens, bathrooms and utility rooms. Available in a wide range of colours and styles.</p>",Factory Direct Flooring,,Vinyl Flooring,vinyl-flooring,true,Title,Default Title,,,,,,,,73924ST,0.0,shopify,100,deny,manual,0.00,,true,true,,,,,,https://cdn.shopify.com/s/files/1/0998/3049/7592/files/regina_94-print2560.jpg?v=1779041761,1,Eprosafe S94 Concrete Light Commercial Vinyl,false,Eprosafe S94 Concrete Light Commercial Vinyl,"Quality vinyl flooring from Factory Direct Flooring. Fully waterproof and extremely easy to clean. Ideal for kitchens, bathrooms and utility rooms. Available in a wide range of colours and styles.",,kg,,,active
eprosafe-s95-concrete-dark-commercial-vinyl,Eprosafe S95 Concrete Dark Commercial Vinyl,"<h2>Eprosafe S95 Concrete Dark Commercial Vinyl</h2><p>Quality vinyl flooring from Factory Direct Flooring. Fully waterproof and extremely easy to clean. Ideal for kitchens, bathrooms and utility rooms. Available in a wide range of colours and styles.</p>",Factory Direct Flooring,,Vinyl Flooring,vinyl-flooring,true,Title,Default Title,,,,,,,,73923ST,0.0,shopify,100,deny,manual,0.00,,true,true,,,,,,https://cdn.shopify.com/s/files/1/0998/3049/7592/files/eprosafe_s95_concrete_dark_commercial_vinyl.jpg?v=1779041760,1,Eprosafe S95 Concrete Dark Commercial Vinyl,false,Eprosafe S95 Concrete Dark Commercial Vinyl,"Quality vinyl flooring from Factory Direct Flooring. Fully waterproof and extremely easy to clean. Ideal for kitchens, bathrooms and utility rooms. Available in a wide range of colours and styles.",,kg,,,active
eprosafe-s91-plank-grey-commercial-vinyl,Eprosafe S91 Plank Grey Commercial Vinyl,"<h2>Eprosafe S91 Plank Grey Commercial Vinyl</h2><p>Quality vinyl flooring from Factory Direct Flooring. Fully waterproof and extremely easy to clean. Ideal for kitchens, bathrooms and utility rooms. Available in a wide range of colours and styles.</p>",Factory Direct Flooring,,Vinyl Flooring,vinyl-flooring,true,Title,Default Title,,,,,,,,73921ST,0.0,shopify,100,deny,manual,0.00,,true,true,,,,,,https://cdn.shopify.com/s/files/1/0998/3049/7592/files/eprosafe_s91_plank_grey_commercial_vinyl_-4m.jpg?v=1779041758,1,Eprosafe S91 Plank Grey Commercial Vinyl,false,Eprosafe S91 Plank Grey Commercial Vinyl,"Quality vinyl flooring from Factory Direct Flooring. Fully waterproof and extremely easy to clean. Ideal for kitchens, bathrooms and utility rooms. Available in a wide range of colours and styles.",,kg,,,active
eprosafe-s73-blue-stone-commercial-vinyl,Eprosafe S73 Blue Stone Commercial Vinyl,"<h2>Eprosafe S73 Blue Stone Commercial Vinyl</h2><p>Quality vinyl flooring from Factory Direct Flooring. Fully waterproof and extremely easy to clean. Ideal for kitchens, bathrooms and utility rooms. Available in a wide range of colours and styles.</p>",Factory Direct Flooring,,Vinyl Flooring,vinyl-flooring,true,Title,Default Title,,,,,,,,73928ST,0.0,shopify,100,deny,manual,0.00,,true,true,,,,,,https://cdn.shopify.com/s/files/1/0998/3049/7592/files/eprosafe_s73_blue_stone_commercial_vinyl_-4m.jpg?v=1779041757,1,Eprosafe S73 Blue Stone Commercial Vinyl,false,Eprosafe S73 Blue Stone Commercial Vinyl,"Quality vinyl flooring from Factory Direct Flooring. Fully waterproof and extremely easy to clean. Ideal for kitchens, bathrooms and utility rooms. Available in a wide range of colours and styles.",,kg,,,active
eprosafe-s31-earth-stone-commercial-vinyl,Eprosafe S31 Earth Stone Commercial Vinyl,"<h2>Eprosafe S31 Earth Stone Commercial Vinyl</h2><p>Quality vinyl flooring from Factory Direct Flooring. Fully waterproof and extremely easy to clean. Ideal for kitchens, bathrooms and utility rooms. Available in a wide range of colours and styles.</p>",Factory Direct Flooring,,Vinyl Flooring,vinyl-flooring,true,Title,Default Title,,,,,,,,73925ST,0.0,shopify,100,deny,manual,0.00,,true,true,,,,,,https://cdn.shopify.com/s/files/1/0998/3049/7592/files/eprosafe_s31_earth_stone_commercial_vinyl_-4m_1.jpg?v=1779041755,1,Eprosafe S31 Earth Stone Commercial Vinyl,false,Eprosafe S31 Earth Stone Commercial Vinyl,"Quality vinyl flooring from Factory Direct Flooring. Fully waterproof and extremely easy to clean. Ideal for kitchens, bathrooms and utility rooms. Available in a wide range of colours and styles.",,kg,,,active
eprosafe-s50-oak-commercial-vinyl,Eprosafe S50 Oak Commercial Vinyl,"<h2>Eprosafe S50 Oak Commercial Vinyl</h2><p>Quality vinyl flooring from Factory Direct Flooring. Fully waterproof and extremely easy to clean. Ideal for kitchens, bathrooms and utility rooms. Available in a wide range of colours and styles.</p>",Factory Direct Flooring,,Vinyl Flooring,vinyl-flooring,true,Title,Default Title,,,,,,,,73922ST,0.0,shopify,100,deny,manual,0.00,,true,true,,,,,,https://cdn.shopify.com/s/files/1/0998/3049/7592/files/eprosafe_s50_oak_commercial_vinyl_-4m.jpg?v=1779041753,1,Eprosafe S50 Oak Commercial Vinyl,false,Eprosafe S50 Oak Commercial Vinyl,"Quality vinyl flooring from Factory Direct Flooring. Fully waterproof and extremely easy to clean. Ideal for kitchens, bathrooms and utility rooms. Available in a wide range of colours and styles.",,kg,,,active
eprosafe-s34-silk-oak-commercial-vinyl,Eprosafe S34 Silk Oak Commercial Vinyl,"<h2>Eprosafe S34 Silk Oak Commercial Vinyl</h2><p>Quality vinyl flooring from Factory Direct Flooring. Fully waterproof and extremely easy to clean. Ideal for kitchens, bathrooms and utility rooms. Available in a wide range of colours and styles.</p>",Factory Direct Flooring,,Vinyl Flooring,vinyl-flooring,true,Title,Default Title,,,,,,,,73920ST,0.0,shopify,100,deny,manual,0.00,,true,true,,,,,,https://cdn.shopify.com/s/files/1/0998/3049/7592/files/eprosafe_s34_silk_oak_commercial_vinyl_-4m.jpg?v=1779041751,1,Eprosafe S34 Silk Oak Commercial Vinyl,false,Eprosafe S34 Silk Oak Commercial Vinyl,"Quality vinyl flooring from Factory Direct Flooring. Fully waterproof and extremely easy to clean. Ideal for kitchens, bathrooms and utility rooms. Available in a wide range of colours and styles.",,kg,,,active
cosystep-vinyl-flooring-pearl-grey-119l-parquet,Cosystep Vinyl Flooring Pearl Grey 119L Parquet,"<h2>Cosystep Vinyl Flooring Pearl Grey 119L Parquet</h2><p>Quality vinyl flooring from Factory Direct Flooring. Fully waterproof and extremely easy to clean. Ideal for kitchens, bathrooms and utility rooms. Available in a wide range of colours and styles.</p>",Factory Direct Flooring,,Vinyl Flooring,vinyl-flooring,true,Title,Default Title,,,,,,,,74142ST,0.0,shopify,100,deny,manual,0.00,,true,true,,,,,,https://cdn.shopify.com/s/files/1/0998/3049/7592/files/cosystep_pearl_grey_119l_parquet_cushion_vinyl_floor_1.jpg?v=1779041750,1,Cosystep Vinyl Flooring Pearl Grey 119L Parquet,false,Cosystep Vinyl Flooring Pearl Grey 119L Parquet,"Quality vinyl flooring from Factory Direct Flooring. Fully waterproof and extremely easy to clean. Ideal for kitchens, bathrooms and utility rooms. Available in a wide range of colours and styles.",,kg,,,active
cosystep-vinyl-flooring-shark-grey-989m,Cosystep Vinyl Flooring Shark Grey 989M,"<h2>Cosystep Vinyl Flooring Shark Grey 989M</h2><p>Quality vinyl flooring from Factory Direct Flooring. Fully waterproof and extremely easy to clean. Ideal for kitchens, bathrooms and utility rooms. Available in a wide range of colours and styles.</p>",Factory Direct Flooring,,Vinyl Flooring,vinyl-flooring,true,Title,Default Title,,,,,,,,74141ST,0.0,shopify,100,deny,manual,0.00,,true,true,,,,,,https://cdn.shopify.com/s/files/1/0998/3049/7592/files/cosystep_shark_grey_989m_cushion_vinyl_floor_1.jpg?v=1779041749,1,Cosystep Vinyl Flooring Shark Grey 989M,false,Cosystep Vinyl Flooring Shark Grey 989M,"Quality vinyl flooring from Factory Direct Flooring. Fully waterproof and extremely easy to clean. Ideal for kitchens, bathrooms and utility rooms. Available in a wide range of colours and styles.",,kg,,,active
cosystep-vinyl-flooring-space-grey-989m-parquet,Cosystep Vinyl Flooring Space Grey 989M Parquet,"<h2>Cosystep Vinyl Flooring Space Grey 989M Parquet</h2><p>Quality vinyl flooring from Factory Direct Flooring. Fully waterproof and extremely easy to clean. Ideal for kitchens, bathrooms and utility rooms. Available in a wide range of colours and styles.</p>",Factory Direct Flooring,,Vinyl Flooring,vinyl-flooring,true,Title,Default Title,,,,,,,,74140ST,0.0,shopify,100,deny,manual,0.00,,true,true,,,,,,https://cdn.shopify.com/s/files/1/0998/3049/7592/files/cosystep_space_grey_989m_parquet_cushion_vinyl_floor_1.jpg?v=1779041748,1,Cosystep Vinyl Flooring Space Grey 989M Parquet,false,Cosystep Vinyl Flooring Space Grey 989M Parquet,"Quality vinyl flooring from Factory Direct Flooring. Fully waterproof and extremely easy to clean. Ideal for kitchens, bathrooms and utility rooms. Available in a wide range of colours and styles.",,kg,,,active
cosystep-vinyl-flooring-wheat-oak-336m-parquet,Cosystep Vinyl Flooring Wheat Oak 336M Parquet,"<h2>Cosystep Vinyl Flooring Wheat Oak 336M Parquet</h2><p>Quality vinyl flooring from Factory Direct Flooring. Fully waterproof and extremely easy to clean. Ideal for kitchens, bathrooms and utility rooms. Available in a wide range of colours and styles.</p>",Factory Direct Flooring,,Vinyl Flooring,vinyl-flooring,true,Title,Default Title,,,,,,,,74132ST,0.0,shopify,100,deny,manual,0.00,,true,true,,,,,,https://cdn.shopify.com/s/files/1/0998/3049/7592/files/cosystep_wheat_oak_336m_parquet_cushion_vinyl_floor_1.jpg?v=1779041746,1,Cosystep Vinyl Flooring Wheat Oak 336M Parquet,false,Cosystep Vinyl Flooring Wheat Oak 336M Parquet,"Quality vinyl flooring from Factory Direct Flooring. Fully waterproof and extremely easy to clean. Ideal for kitchens, bathrooms and utility rooms. Available in a wide range of colours and styles.",,kg,,,active
cosystep-vinyl-flooring-vanilla-oak-360m,Cosystep Vinyl Flooring Vanilla Oak 360M,"<h2>Cosystep Vinyl Flooring Vanilla Oak 360M</h2><p>Quality vinyl flooring from Factory Direct Flooring. Fully waterproof and extremely easy to clean. Ideal for kitchens, bathrooms and utility rooms. Available in a wide range of colours and styles.</p>",Factory Direct Flooring,,Vinyl Flooring,vinyl-flooring,true,Title,Default Title,,,,,,,,74131ST,0.0,shopify,100,deny,manual,0.00,,true,true,,,,,,https://cdn.shopify.com/s/files/1/0998/3049/7592/files/cosystep_vanilla_oak_360m_cushion_vinyl_floor_1.jpg?v=1779041745,1,Cosystep Vinyl Flooring Vanilla Oak 360M,false,Cosystep Vinyl Flooring Vanilla Oak 360M,"Quality vinyl flooring from Factory Direct Flooring. Fully waterproof and extremely easy to clean. Ideal for kitchens, bathrooms and utility rooms. Available in a wide range of colours and styles.",,kg,,,active
cosystep-vinyl-flooring-beaver-oak-336d,Cosystep Vinyl Flooring Beaver Oak 336D,"<h2>Cosystep Vinyl Flooring Beaver Oak 336D</h2><p>Quality vinyl flooring from Factory Direct Flooring. Fully waterproof and extremely easy to clean. Ideal for kitchens, bathrooms and utility rooms. Available in a wide range of colours and styles.</p>",Factory Direct Flooring,,Vinyl Flooring,vinyl-flooring,true,Title,Default Title,,,,,,,,74130ST,0.0,shopify,100,deny,manual,0.00,,true,true,,,,,,https://cdn.shopify.com/s/files/1/0998/3049/7592/files/cosystep_beaver_oak_336d_cushion_vinyl_floor_1.jpg?v=1779041744,1,Cosystep Vinyl Flooring Beaver Oak 336D,false,Cosystep Vinyl Flooring Beaver Oak 336D,"Quality vinyl flooring from Factory Direct Flooring. Fully waterproof and extremely easy to clean. Ideal for kitchens, bathrooms and utility rooms. Available in a wide range of colours and styles.",,kg,,,active
cosystep-vinyl-flooring-caramel-oak-633d-parquet,Cosystep Vinyl Flooring Caramel Oak 633D Parquet,"<h2>Cosystep Vinyl Flooring Caramel Oak 633D Parquet</h2><p>Quality vinyl flooring from Factory Direct Flooring. Fully waterproof and extremely easy to clean. Ideal for kitchens, bathrooms and utility rooms. Available in a wide range of colours and styles.</p>",Factory Direct Flooring,,Vinyl Flooring,vinyl-flooring,true,Title,Default Title,,,,,,,,74129ST,0.0,shopify,100,deny,manual,0.00,,true,true,,,,,,https://cdn.shopify.com/s/files/1/0998/3049/7592/files/cosystep_caramel_oak_633d_parquet_cushion_vinyl_floor_1.jpg?v=1779041743,1,Cosystep Vinyl Flooring Caramel Oak 633D Parquet,false,Cosystep Vinyl Flooring Caramel Oak 633D Parquet,"Quality vinyl flooring from Factory Direct Flooring. Fully waterproof and extremely easy to clean. Ideal for kitchens, bathrooms and utility rooms. Available in a wide range of colours and styles.",,kg,,,active
cosystep-vinyl-flooring-caramel-oak-633d-parquet,,,,,,,,,,,,,,,,,,,,,,,,,,,,,,,,https://cdn.shopify.com/s/files/1/0998/3049/7592/files/cosystep_caramel_oak_633d_parquet_cushion_vinyl_floor_2.jpg?v=1779041742,2,Cosystep Vinyl Flooring Caramel Oak 633D Parquet,,,,,,,,
cosystep-vinyl-flooring-onyx-grey-790m,Cosystep Vinyl Flooring Onyx Grey 790M,"<h2>Cosystep Vinyl Flooring Onyx Grey 790M</h2><p>Quality vinyl flooring from Factory Direct Flooring. Fully waterproof and extremely easy to clean. Ideal for kitchens, bathrooms and utility rooms. Available in a wide range of colours and styles.</p>",Factory Direct Flooring,,Vinyl Flooring,vinyl-flooring,true,Title,Default Title,,,,,,,,74128ST,0.0,shopify,100,deny,manual,0.00,,true,true,,,,,,https://cdn.shopify.com/s/files/1/0998/3049/7592/files/cosystep_onyx_grey_790m_cushion_vinyl_floor_1.jpg?v=1779041741,1,Cosystep Vinyl Flooring Onyx Grey 790M,false,Cosystep Vinyl Flooring Onyx Grey 790M,"Quality vinyl flooring from Factory Direct Flooring. Fully waterproof and extremely easy to clean. Ideal for kitchens, bathrooms and utility rooms. Available in a wide range of colours and styles.",,kg,,,active
cosystep-vinyl-flooring-onyx-grey-790m,,,,,,,,,,,,,,,,,,,,,,,,,,,,,,,,https://cdn.shopify.com/s/files/1/0998/3049/7592/files/cosystep_onyx_grey_790m_cushion_vinyl_floor_2.jpg?v=1779041742,2,Cosystep Vinyl Flooring Onyx Grey 790M,,,,,,,,
cosystep-vinyl-flooring-cadet-grey-096l,Cosystep Vinyl Flooring Cadet Grey 096L,"<h2>Cosystep Vinyl Flooring Cadet Grey 096L</h2><p>Quality vinyl flooring from Factory Direct Flooring. Fully waterproof and extremely easy to clean. Ideal for kitchens, bathrooms and utility rooms. Available in a wide range of colours and styles.</p>",Factory Direct Flooring,,Vinyl Flooring,vinyl-flooring,true,Title,Default Title,,,,,,,,74127ST,0.0,shopify,100,deny,manual,0.00,,true,true,,,,,,https://cdn.shopify.com/s/files/1/0998/3049/7592/files/cosystep_cadet_grey_096l_cushion_vinyl_floor_1.jpg?v=1779041740,1,Cosystep Vinyl Flooring Cadet Grey 096L,false,Cosystep Vinyl Flooring Cadet Grey 096L,"Quality vinyl flooring from Factory Direct Flooring. Fully waterproof and extremely easy to clean. Ideal for kitchens, bathrooms and utility rooms. Available in a wide range of colours and styles.",,kg,,,active
ultrafelt-vinyl-flooring-ochre-oak-629l,Ultrafelt Vinyl Flooring Ochre Oak 629L,"<h2>Ultrafelt Vinyl Flooring Ochre Oak 629L</h2><p>Quality vinyl flooring from Factory Direct Flooring. Fully waterproof and extremely easy to clean. Ideal for kitchens, bathrooms and utility rooms. Available in a wide range of colours and styles.</p>",Factory Direct Flooring,,Vinyl Flooring,vinyl-flooring,true,Title,Default Title,,,,,,,,74122ST,0.0,shopify,100,deny,manual,0.00,,true,true,,,,,,https://cdn.shopify.com/s/files/1/0998/3049/7592/files/ultrafelt_ochre_oak_629l_vinyl_floor_2.jpg?v=1779041739,1,Ultrafelt Vinyl Flooring Ochre Oak 629L,false,Ultrafelt Vinyl Flooring Ochre Oak 629L,"Quality vinyl flooring from Factory Direct Flooring. Fully waterproof and extremely easy to clean. Ideal for kitchens, bathrooms and utility rooms. Available in a wide range of colours and styles.",,kg,,,active
ultrafelt-vinyl-flooring-ochre-oak-629l,,,,,,,,,,,,,,,,,,,,,,,,,,,,,,,,https://cdn.shopify.com/s/files/1/0998/3049/7592/files/ultrafelt_ochre_oak_629l_vinyl_floor_1.jpg?v=1779041739,2,Ultrafelt Vinyl Flooring Ochre Oak 629L,,,,,,,,
ultrafelt-vinyl-flooring-seasalt-grey-090s,Ultrafelt Vinyl Flooring Seasalt Grey 090S,"<h2>Ultrafelt Vinyl Flooring Seasalt Grey 090S</h2><p>Quality vinyl flooring from Factory Direct Flooring. Fully waterproof and extremely easy to clean. Ideal for kitchens, bathrooms and utility rooms. Available in a wide range of colours and styles.</p>",Factory Direct Flooring,,Vinyl Flooring,vinyl-flooring,true,Title,Default Title,,,,,,,,74121ST,0.0,shopify,100,deny,manual,0.00,,true,true,,,,,,https://cdn.shopify.com/s/files/1/0998/3049/7592/files/ultrafelt_seasalt_grey_090s_vinyl_floor_5.jpg?v=1779041738,1,Ultrafelt Vinyl Flooring Seasalt Grey 090S,false,Ultrafelt Vinyl Flooring Seasalt Grey 090S,"Quality vinyl flooring from Factory Direct Flooring. Fully waterproof and extremely easy to clean. Ideal for kitchens, bathrooms and utility rooms. Available in a wide range of colours and styles.",,kg,,,active
ultrafelt-vinyl-flooring-seasalt-grey-090s,,,,,,,,,,,,,,,,,,,,,,,,,,,,,,,,https://cdn.shopify.com/s/files/1/0998/3049/7592/files/ultrafelt_seasalt_grey_090s_vinyl_floor_1.jpg?v=1779041738,2,Ultrafelt Vinyl Flooring Seasalt Grey 090S,,,,,,,,
ultrafelt-vinyl-flooring-battleship-grey-119m-parquet,Ultrafelt Vinyl Flooring Battleship Grey 119M Parquet,"<h2>Ultrafelt Vinyl Flooring Battleship Grey 119M Parquet</h2><p>Quality vinyl flooring from Factory Direct Flooring. Fully waterproof and extremely easy to clean. Ideal for kitchens, bathrooms and utility rooms. Available in a wide range of colours and styles.</p>",Factory Direct Flooring,,Vinyl Flooring,vinyl-flooring,true,Title,Default Title,,,,,,,,74120ST,0.0,shopify,100,deny,manual,0.00,,true,true,,,,,,https://cdn.shopify.com/s/files/1/0998/3049/7592/files/ultrafelt_battleship_grey_119m_parquet_cushioned_vinyl_2.jpg?v=1779041737,1,Ultrafelt Vinyl Flooring Battleship Grey 119M Parquet,false,Ultrafelt Vinyl Flooring Battleship Grey 119M Parquet,"Quality vinyl flooring from Factory Direct Flooring. Fully waterproof and extremely easy to clean. Ideal for kitchens, bathrooms and utility rooms. Available in a wide range of colours and styles.",,kg,,,active
ultrafelt-vinyl-flooring-battleship-grey-119m-parquet,,,,,,,,,,,,,,,,,,,,,,,,,,,,,,,,https://cdn.shopify.com/s/files/1/0998/3049/7592/files/ultrafelt_battleship_grey_119m_parquet_cushioned_vinyl_1.jpg?v=1779041737,2,Ultrafelt Vinyl Flooring Battleship Grey 119M Parquet,,,,,,,,
ultrafelt-vinyl-flooring-dark-concrete-969d,Ultrafelt Vinyl Flooring Dark Concrete 969D,"<h2>Ultrafelt Vinyl Flooring Dark Concrete 969D</h2><p>Quality vinyl flooring from Factory Direct Flooring. Fully waterproof and extremely easy to clean. Ideal for kitchens, bathrooms and utility rooms. Available in a wide range of colours and styles.</p>",Factory Direct Flooring,,Vinyl Flooring,vinyl-flooring,true,Title,Default Title,,,,,,,,73976ST,0.0,shopify,100,deny,manual,0.00,,true,true,,,,,,https://cdn.shopify.com/s/files/1/0998/3049/7592/files/ultrafelt_dark_concrete_969d_vinyl_floor_1.jpg?v=1779041736,1,Ultrafelt Vinyl Flooring Dark Concrete 969D,false,Ultrafelt Vinyl Flooring Dark Concrete 969D,"Quality vinyl flooring from Factory Direct Flooring. Fully waterproof and extremely easy to clean. Ideal for kitchens, bathrooms and utility rooms. Available in a wide range of colours and styles.",,kg,,,active
ultrafelt-vinyl-flooring-dark-concrete-969d,,,,,,,,,,,,,,,,,,,,,,,,,,,,,,,,https://cdn.shopify.com/s/files/1/0998/3049/7592/files/ultrafelt_dark_concrete_969d_vinyl_floor_2.jpg?v=1779041735,2,Ultrafelt Vinyl Flooring Dark Concrete 969D,,,,,,,,
ultrafelt-vinyl-flooring-concrete-grey-911m,Ultrafelt Vinyl Flooring Concrete Grey 911M,"<h2>Ultrafelt Vinyl Flooring Concrete Grey 911M</h2><p>Quality vinyl flooring from Factory Direct Flooring. Fully waterproof and extremely easy to clean. Ideal for kitchens, bathrooms and utility rooms. Available in a wide range of colours and styles.</p>",Factory Direct Flooring,,Vinyl Flooring,vinyl-flooring,true,Title,Default Title,,,,,,,,73973ST,0.0,shopify,100,deny,manual,0.00,,true,true,,,,,,https://cdn.shopify.com/s/files/1/0998/3049/7592/files/ultrafelt_concrete_grey_911m_vinyl_floor_1.jpg?v=1779041734,1,Ultrafelt Vinyl Flooring Concrete Grey 911M,false,Ultrafelt Vinyl Flooring Concrete Grey 911M,"Quality vinyl flooring from Factory Direct Flooring. Fully waterproof and extremely easy to clean. Ideal for kitchens, bathrooms and utility rooms. Available in a wide range of colours and styles.",,kg,,,active
ultrafelt-vinyl-flooring-concrete-grey-911m,,,,,,,,,,,,,,,,,,,,,,,,,,,,,,,,https://cdn.shopify.com/s/files/1/0998/3049/7592/files/ultrafelt_concrete_grey_911m_vinyl_floor_2.jpg?v=1779041734,2,Ultrafelt Vinyl Flooring Concrete Grey 911M,,,,,,,,
eprosafe-s41-rustic-oak-commercial-vinyl,Eprosafe S41 Rustic Oak Commercial Vinyl,"<h2>Eprosafe S41 Rustic Oak Commercial Vinyl</h2><p>Quality vinyl flooring from Factory Direct Flooring. Fully waterproof and extremely easy to clean. Ideal for kitchens, bathrooms and utility rooms. Available in a wide range of colours and styles.</p>",Factory Direct Flooring,,Vinyl Flooring,vinyl-flooring,true,Title,Default Title,,,,,,,,73930ST,0.0,shopify,100,deny,manual,0.00,,true,true,,,,,,https://cdn.shopify.com/s/files/1/0998/3049/7592/files/eprosafe_s41_rustic_oak_commercial_vinyl_-4m_1.jpg?v=1779041733,1,Eprosafe S41 Rustic Oak Commercial Vinyl,false,Eprosafe S41 Rustic Oak Commercial Vinyl,"Quality vinyl flooring from Factory Direct Flooring. Fully waterproof and extremely easy to clean. Ideal for kitchens, bathrooms and utility rooms. Available in a wide range of colours and styles.",,kg,,,active
eprosafe-s93-grey-stone-commercial-vinyl,Eprosafe S93 Grey Stone Commercial Vinyl,"<h2>Eprosafe S93 Grey Stone Commercial Vinyl</h2><p>Quality vinyl flooring from Factory Direct Flooring. Fully waterproof and extremely easy to clean. Ideal for kitchens, bathrooms and utility rooms. Available in a wide range of colours and styles.</p>",Factory Direct Flooring,,Vinyl Flooring,vinyl-flooring,true,Title,Default Title,,,,,,,,73929ST,0.0,shopify,100,deny,manual,0.00,,true,true,,,,,,https://cdn.shopify.com/s/files/1/0998/3049/7592/files/eprosafe_s93_grey_stone_commercial_vinyl_-4m.jpg?v=1779041732,1,Eprosafe S93 Grey Stone Commercial Vinyl,false,Eprosafe S93 Grey Stone Commercial Vinyl,"Quality vinyl flooring from Factory Direct Flooring. Fully waterproof and extremely easy to clean. Ideal for kitchens, bathrooms and utility rooms. Available in a wide range of colours and styles.",,kg,,,active
eprosafe-s91-white-stone-commercial-vinyl,Eprosafe S91 White Stone Commercial Vinyl,"<h2>Eprosafe S91 White Stone Commercial Vinyl</h2><p>Quality vinyl flooring from Factory Direct Flooring. Fully waterproof and extremely easy to clean. Ideal for kitchens, bathrooms and utility rooms. Available in a wide range of colours and styles.</p>",Factory Direct Flooring,,Vinyl Flooring,vinyl-flooring,true,Title,Default Title,,,,,,,,73926ST,0.0,shopify,100,deny,manual,0.00,,true,true,,,,,,https://cdn.shopify.com/s/files/1/0998/3049/7592/files/eprosafe_s91_white_stone_commercial_vinyl_-4m.jpg?v=1779041731,1,Eprosafe S91 White Stone Commercial Vinyl,false,Eprosafe S91 White Stone Commercial Vinyl,"Quality vinyl flooring from Factory Direct Flooring. Fully waterproof and extremely easy to clean. Ideal for kitchens, bathrooms and utility rooms. Available in a wide range of colours and styles.",,kg,,,active
ecostep-vinyl-flooring-stones-s05,Ecostep Vinyl Flooring Stones S05,"<h2>Ecostep Vinyl Flooring Stones S05</h2><p>Quality vinyl flooring from Factory Direct Flooring. Fully waterproof and extremely easy to clean. Ideal for kitchens, bathrooms and utility rooms. Available in a wide range of colours and styles.</p>",Factory Direct Flooring,,Vinyl Flooring,vinyl-flooring,true,Title,Default Title,,,,,,,,74014ST,0.0,shopify,100,deny,manual,0.00,,true,true,,,,,,https://cdn.shopify.com/s/files/1/0998/3049/7592/files/ecostep_stones_s05_vinyl_cushion_floor_1.jpg?v=1779041730,1,Ecostep Vinyl Flooring Stones S05,false,Ecostep Vinyl Flooring Stones S05,"Quality vinyl flooring from Factory Direct Flooring. Fully waterproof and extremely easy to clean. Ideal for kitchens, bathrooms and utility rooms. Available in a wide range of colours and styles.",,kg,,,active
ecostep-vinyl-flooring-stones-s05,,,,,,,,,,,,,,,,,,,,,,,,,,,,,,,,https://cdn.shopify.com/s/files/1/0998/3049/7592/files/ecostep_stones_s05_vinyl_cushion_floor_3.jpg?v=1779041730,2,Ecostep Vinyl Flooring Stones S05,,,,,,,,
ecostep-vinyl-flooring-marble-s06,Ecostep Vinyl Flooring Marble S06,"<h2>Ecostep Vinyl Flooring Marble S06</h2><p>Quality vinyl flooring from Factory Direct Flooring. Fully waterproof and extremely easy to clean. Ideal for kitchens, bathrooms and utility rooms. Available in a wide range of colours and styles.</p>",Factory Direct Flooring,,Vinyl Flooring,vinyl-flooring,true,Title,Default Title,,,,,,,,74011ST,0.0,shopify,100,deny,manual,0.00,,true,true,,,,,,https://cdn.shopify.com/s/files/1/0998/3049/7592/files/ecostep_marble_s06_vinyl_cushion_floor_1.jpg?v=1779041729,1,Ecostep Vinyl Flooring Marble S06,false,Ecostep Vinyl Flooring Marble S06,"Quality vinyl flooring from Factory Direct Flooring. Fully waterproof and extremely easy to clean. Ideal for kitchens, bathrooms and utility rooms. Available in a wide range of colours and styles.",,kg,,,active
ecostep-vinyl-flooring-marble-s06,,,,,,,,,,,,,,,,,,,,,,,,,,,,,,,,https://cdn.shopify.com/s/files/1/0998/3049/7592/files/ecostep_marble_s06_vinyl_cushion_floor_2.jpg?v=1779041729,2,Ecostep Vinyl Flooring Marble S06,,,,,,,,
texstep-pure-grey-960m-felt-back,Texstep Pure Grey 960M Felt Back,"<h2>Texstep Pure Grey 960M Felt Back</h2><p>Quality vinyl flooring from Factory Direct Flooring. Fully waterproof and extremely easy to clean. Ideal for kitchens, bathrooms and utility rooms. Available in a wide range of colours and styles.</p>",Factory Direct Flooring,,Vinyl Flooring,vinyl-flooring,true,Title,Default Title,,,,,,,,69506ST,0.0,shopify,100,deny,manual,0.00,,true,true,,,,,,https://cdn.shopify.com/s/files/1/0998/3049/7592/files/texstep_pure_grey_960m_felt_back_diner.jpg?v=1779041728,1,Texstep Pure Grey 960M Felt Back,false,Texstep Pure Grey 960M Felt Back,"Quality vinyl flooring from Factory Direct Flooring. Fully waterproof and extremely easy to clean. Ideal for kitchens, bathrooms and utility rooms. Available in a wide range of colours and styles.",,kg,,,active
texstep-pure-grey-960m-felt-back,,,,,,,,,,,,,,,,,,,,,,,,,,,,,,,,https://cdn.shopify.com/s/files/1/0998/3049/7592/files/texstep_pure_grey_960m_felt_back_swatch.jpg?v=1779041728,2,Texstep Pure Grey 960M Felt Back,,,,,,,,
ecostep-vinyl-flooring-oak-havanna-613m,Ecostep Vinyl Flooring Oak Havanna 613M,"<h2>Ecostep Vinyl Flooring Oak Havanna 613M</h2><p>Quality vinyl flooring from Factory Direct Flooring. Fully waterproof and extremely easy to clean. Ideal for kitchens, bathrooms and utility rooms. Available in a wide range of colours and styles.</p>",Factory Direct Flooring,,Vinyl Flooring,vinyl-flooring,true,Title,Default Title,,,,,,,,69495ST,0.0,shopify,100,deny,manual,0.00,,true,true,,,,,,https://cdn.shopify.com/s/files/1/0998/3049/7592/files/ecostep_oak_havanna_613m_vinyl_cushion_floor_diner.jpg?v=1779041727,1,Ecostep Vinyl Flooring Oak Havanna 613M,false,Ecostep Vinyl Flooring Oak Havanna 613M,"Quality vinyl flooring from Factory Direct Flooring. Fully waterproof and extremely easy to clean. Ideal for kitchens, bathrooms and utility rooms. Available in a wide range of colours and styles.",,kg,,,active
ecostep-vinyl-flooring-oak-havanna-613m,,,,,,,,,,,,,,,,,,,,,,,,,,,,,,,,https://cdn.shopify.com/s/files/1/0998/3049/7592/files/ecostep_oak_havanna_613m_vinyl_cushion_floor_swatch.jpg?v=1779041726,2,Ecostep Vinyl Flooring Oak Havanna 613M,,,,,,,,
ultrafelt-vinyl-flooring-steel-grey-oak,Ultrafelt Vinyl Flooring Steel Grey Oak,"<h2>Ultrafelt Vinyl Flooring Steel Grey Oak</h2><p>Quality vinyl flooring from Factory Direct Flooring. Fully waterproof and extremely easy to clean. Ideal for kitchens, bathrooms and utility rooms. Available in a wide range of colours and styles.</p>",Factory Direct Flooring,,Vinyl Flooring,vinyl-flooring,true,Title,Default Title,,,,,,,,67891ST,0.0,shopify,100,deny,manual,0.00,,true,true,,,,,,https://cdn.shopify.com/s/files/1/0998/3049/7592/files/ultrafelt-steel-grey-oak-cushioned-vinyl-xl-lifestyle-1.jpg?v=1779041726,1,Ultrafelt Vinyl Flooring Steel Grey Oak,false,Ultrafelt Vinyl Flooring Steel Grey Oak,"Quality vinyl flooring from Factory Direct Flooring. Fully waterproof and extremely easy to clean. Ideal for kitchens, bathrooms and utility rooms. Available in a wide range of colours and styles.",,kg,,,active
ultrafelt-vinyl-flooring-steel-grey-oak,,,,,,,,,,,,,,,,,,,,,,,,,,,,,,,,https://cdn.shopify.com/s/files/1/0998/3049/7592/files/ultrafelt-steel-grey-oak-cushioned-vinyl-xl-lifestyle-2.jpg?v=1779041726,2,Ultrafelt Vinyl Flooring Steel Grey Oak,,,,,,,,
texstep-real-oak-621l-felt-back,Texstep Real Oak 621L Felt Back,"<h2>Texstep Real Oak 621L Felt Back</h2><p>Quality vinyl flooring from Factory Direct Flooring. Fully waterproof and extremely easy to clean. Ideal for kitchens, bathrooms and utility rooms. Available in a wide range of colours and styles.</p>",Factory Direct Flooring,,Vinyl Flooring,vinyl-flooring,true,Title,Default Title,,,,,,,,69500ST,0.0,shopify,100,deny,manual,0.00,,true,true,,,,,,https://cdn.shopify.com/s/files/1/0998/3049/7592/files/texstep_real_oak_621l_felt_back_bedroom.jpg?v=1779041725,1,Texstep Real Oak 621L Felt Back,false,Texstep Real Oak 621L Felt Back,"Quality vinyl flooring from Factory Direct Flooring. Fully waterproof and extremely easy to clean. Ideal for kitchens, bathrooms and utility rooms. Available in a wide range of colours and styles.",,kg,,,active
texstep-real-oak-621l-felt-back,,,,,,,,,,,,,,,,,,,,,,,,,,,,,,,,https://cdn.shopify.com/s/files/1/0998/3049/7592/files/texstep_real_oak_621l_felt_back_swatch.jpg?v=1779041725,2,Texstep Real Oak 621L Felt Back,,,,,,,,
ecostep-vinyl-flooring-urban-slate-909e,Ecostep Vinyl Flooring Urban Slate 909E,"<h2>Ecostep Vinyl Flooring Urban Slate 909E</h2><p>Quality vinyl flooring from Factory Direct Flooring. Fully waterproof and extremely easy to clean. Ideal for kitchens, bathrooms and utility rooms. Available in a wide range of colours and styles.</p>",Factory Direct Flooring,,Vinyl Flooring,vinyl-flooring,true,Title,Default Title,,,,,,,,69492ST,0.0,shopify,100,deny,manual,0.00,,true,true,,,,,,https://cdn.shopify.com/s/files/1/0998/3049/7592/files/ecostep_urban_slate_909e_vinyl_cushion_floor_bathroom.jpg?v=1779041724,1,Ecostep Vinyl Flooring Urban Slate 909E,false,Ecostep Vinyl Flooring Urban Slate 909E,"Quality vinyl flooring from Factory Direct Flooring. Fully waterproof and extremely easy to clean. Ideal for kitchens, bathrooms and utility rooms. Available in a wide range of colours and styles.",,kg,,,active
ecostep-vinyl-flooring-urban-slate-909e,,,,,,,,,,,,,,,,,,,,,,,,,,,,,,,,https://cdn.shopify.com/s/files/1/0998/3049/7592/files/ecostep_urban_slate_909e_vinyl_cushion_floor_swatch.jpg?v=1779041724,2,Ecostep Vinyl Flooring Urban Slate 909E,,,,,,,,
texstep-concrete-light-979m-felt-back,Texstep Concrete Light 979M Felt Back,"<h2>Texstep Concrete Light 979M Felt Back</h2><p>Quality vinyl flooring from Factory Direct Flooring. Fully waterproof and extremely easy to clean. Ideal for kitchens, bathrooms and utility rooms. Available in a wide range of colours and styles.</p>",Factory Direct Flooring,,Vinyl Flooring,vinyl-flooring,true,Title,Default Title,,,,,,,,69513ST,0.0,shopify,100,deny,manual,0.00,,true,true,,,,,,https://cdn.shopify.com/s/files/1/0998/3049/7592/files/texstep_concrete_light_979m_felt_back_bedroom.jpg?v=1779041723,1,Texstep Concrete Light 979M Felt Back,false,Texstep Concrete Light 979M Felt Back,"Quality vinyl flooring from Factory Direct Flooring. Fully waterproof and extremely easy to clean. Ideal for kitchens, bathrooms and utility rooms. Available in a wide range of colours and styles.",,kg,,,active
texstep-concrete-light-979m-felt-back,,,,,,,,,,,,,,,,,,,,,,,,,,,,,,,,https://cdn.shopify.com/s/files/1/0998/3049/7592/files/texstep_concrete_light_979m_felt_back_swatch.jpg?v=1779041723,2,Texstep Concrete Light 979M Felt Back,,,,,,,,
ecostep-vinyl-flooring-golden-oak-006m,Ecostep Vinyl Flooring Golden Oak 006M,"<h2>Ecostep Vinyl Flooring Golden Oak 006M</h2><p>Quality vinyl flooring from Factory Direct Flooring. Fully waterproof and extremely easy to clean. Ideal for kitchens, bathrooms and utility rooms. Available in a wide range of colours and styles.</p>",Factory Direct Flooring,,Vinyl Flooring,vinyl-flooring,true,Title,Default Title,,,,,,,,69489ST,0.0,shopify,100,deny,manual,0.00,,true,true,,,,,,https://cdn.shopify.com/s/files/1/0998/3049/7592/files/ecostep_golden_oak_006m_vinyl_cushion_floor_living_area.jpg?v=1779041722,1,Ecostep Vinyl Flooring Golden Oak 006M,false,Ecostep Vinyl Flooring Golden Oak 006M,"Quality vinyl flooring from Factory Direct Flooring. Fully waterproof and extremely easy to clean. Ideal for kitchens, bathrooms and utility rooms. Available in a wide range of colours and styles.",,kg,,,active
ecostep-vinyl-flooring-golden-oak-006m,,,,,,,,,,,,,,,,,,,,,,,,,,,,,,,,https://cdn.shopify.com/s/files/1/0998/3049/7592/files/ecostep_golden_oak_006m_vinyl_cushion_floor_swatch.jpg?v=1779041722,2,Ecostep Vinyl Flooring Golden Oak 006M,,,,,,,,
ecostep-vinyl-flooring-lime-oak-949m,Ecostep Vinyl Flooring Lime Oak 949M,"<h2>Ecostep Vinyl Flooring Lime Oak 949M</h2><p>Quality vinyl flooring from Factory Direct Flooring. Fully waterproof and extremely easy to clean. Ideal for kitchens, bathrooms and utility rooms. Available in a wide range of colours and styles.</p>",Factory Direct Flooring,,Vinyl Flooring,vinyl-flooring,true,Title,Default Title,,,,,,,,69494ST,0.0,shopify,100,deny,manual,0.00,,true,true,,,,,,https://cdn.shopify.com/s/files/1/0998/3049/7592/files/ecostep_lime_oak_949m_vinyl_cushion_floor_bedroom.jpg?v=1779041721,1,Ecostep Vinyl Flooring Lime Oak 949M,false,Ecostep Vinyl Flooring Lime Oak 949M,"Quality vinyl flooring from Factory Direct Flooring. Fully waterproof and extremely easy to clean. Ideal for kitchens, bathrooms and utility rooms. Available in a wide range of colours and styles.",,kg,,,active
ecostep-vinyl-flooring-lime-oak-949m,,,,,,,,,,,,,,,,,,,,,,,,,,,,,,,,https://cdn.shopify.com/s/files/1/0998/3049/7592/files/ecostep_lime_oak_949m_vinyl_cushion_floor_swatch.jpg?v=1779041721,2,Ecostep Vinyl Flooring Lime Oak 949M,,,,,,,,
texstep-linen-mist-101s-felt-back,Texstep Linen Mist 101S Felt Back,"<h2>Texstep Linen Mist 101S Felt Back</h2><p>Quality vinyl flooring from Factory Direct Flooring. Fully waterproof and extremely easy to clean. Ideal for kitchens, bathrooms and utility rooms. Available in a wide range of colours and styles.</p>",Factory Direct Flooring,,Vinyl Flooring,vinyl-flooring,true,Title,Default Title,,,,,,,,69514ST,0.0,shopify,100,deny,manual,0.00,,true,true,,,,,,https://cdn.shopify.com/s/files/1/0998/3049/7592/files/texstep_linen_mist_101s_felt_back_kitchen.jpg?v=1779041720,1,Texstep Linen Mist 101S Felt Back,false,Texstep Linen Mist 101S Felt Back,"Quality vinyl flooring from Factory Direct Flooring. Fully waterproof and extremely easy to clean. Ideal for kitchens, bathrooms and utility rooms. Available in a wide range of colours and styles.",,kg,,,active
texstep-linen-mist-101s-felt-back,,,,,,,,,,,,,,,,,,,,,,,,,,,,,,,,https://cdn.shopify.com/s/files/1/0998/3049/7592/files/texstep_linen_mist_101s_felt_back_swatch.jpg?v=1779041720,2,Texstep Linen Mist 101S Felt Back,,,,,,,,
texstep-cloud-oak-019s-felt-back,Texstep Cloud Oak 019S Felt Back,"<h2>Texstep Cloud Oak 019S Felt Back</h2><p>Quality vinyl flooring from Factory Direct Flooring. Fully waterproof and extremely easy to clean. Ideal for kitchens, bathrooms and utility rooms. Available in a wide range of colours and styles.</p>",Factory Direct Flooring,,Vinyl Flooring,vinyl-flooring,true,Title,Default Title,,,,,,,,69507ST,0.0,shopify,100,deny,manual,0.00,,true,true,,,,,,https://cdn.shopify.com/s/files/1/0998/3049/7592/files/texstep_cloud_oak_019s_felt_back_bedroom_1.jpg?v=1779041718,1,Texstep Cloud Oak 019S Felt Back,false,Texstep Cloud Oak 019S Felt Back,"Quality vinyl flooring from Factory Direct Flooring. Fully waterproof and extremely easy to clean. Ideal for kitchens, bathrooms and utility rooms. Available in a wide range of colours and styles.",,kg,,,active
texstep-cloud-oak-019s-felt-back,,,,,,,,,,,,,,,,,,,,,,,,,,,,,,,,https://cdn.shopify.com/s/files/1/0998/3049/7592/files/texstep_cloud_oak_019s_felt_back_swatch.jpg?v=1779041718,2,Texstep Cloud Oak 019S Felt Back,,,,,,,,
ecostep-vinyl-flooring-mist-white-009s,Ecostep Vinyl Flooring Mist White 009S,"<h2>Ecostep Vinyl Flooring Mist White 009S</h2><p>Quality vinyl flooring from Factory Direct Flooring. Fully waterproof and extremely easy to clean. Ideal for kitchens, bathrooms and utility rooms. Available in a wide range of colours and styles.</p>",Factory Direct Flooring,,Vinyl Flooring,vinyl-flooring,true,Title,Default Title,,,,,,,,69493ST,0.0,shopify,100,deny,manual,0.00,,true,true,,,,,,https://cdn.shopify.com/s/files/1/0998/3049/7592/files/ecostep_mist_white_009s_vinyl_cushion_floor_living_room.jpg?v=1779041718,1,Ecostep Vinyl Flooring Mist White 009S,false,Ecostep Vinyl Flooring Mist White 009S,"Quality vinyl flooring from Factory Direct Flooring. Fully waterproof and extremely easy to clean. Ideal for kitchens, bathrooms and utility rooms. Available in a wide range of colours and styles.",,kg,,,active
ecostep-vinyl-flooring-mist-white-009s,,,,,,,,,,,,,,,,,,,,,,,,,,,,,,,,https://cdn.shopify.com/s/files/1/0998/3049/7592/files/ecostep_mist_white_009s_vinyl_cushion_floor_swatch.jpg?v=1779041718,2,Ecostep Vinyl Flooring Mist White 009S,,,,,,,,
plain-colours-solid-dark-grey-919d-vinyl-flooring,Plain Colours Solid Dark Grey 919D Vinyl Flooring,"<h2>Plain Colours Solid Dark Grey 919D Vinyl Flooring</h2><p>Quality vinyl flooring from Factory Direct Flooring. Fully waterproof and extremely easy to clean. Ideal for kitchens, bathrooms and utility rooms. Available in a wide range of colours and styles.</p>",Factory Direct Flooring,,Vinyl Flooring,vinyl-flooring,true,Title,Default Title,,,,,,,,68196ST,0.0,shopify,100,deny,manual,0.00,,true,true,,,,,,https://cdn.shopify.com/s/files/1/0998/3049/7592/files/plain-colours-solid-dark-grey-919d-vinyl-flooring-xl-lifestyle-1.jpg?v=1779041716,1,Plain Colours Solid Dark Grey 919D Vinyl Flooring,false,Plain Colours Solid Dark Grey 919D Vinyl Flooring,"Quality vinyl flooring from Factory Direct Flooring. Fully waterproof and extremely easy to clean. Ideal for kitchens, bathrooms and utility rooms. Available in a wide range of colours and styles.",,kg,,,active
plain-colours-solid-dark-grey-919d-vinyl-flooring,,,,,,,,,,,,,,,,,,,,,,,,,,,,,,,,https://cdn.shopify.com/s/files/1/0998/3049/7592/files/plain-colours-solid-dark-grey-919d-vinyl-flooring-xl-lifestyle-2.jpg?v=1779041716,2,Plain Colours Solid Dark Grey 919D Vinyl Flooring,,,,,,,,
ecostep-vinyl-flooring-akoke-901l,Ecostep Vinyl Flooring Akoke 901L,"<h2>Ecostep Vinyl Flooring Akoke 901L</h2><p>Quality vinyl flooring from Factory Direct Flooring. Fully waterproof and extremely easy to clean. Ideal for kitchens, bathrooms and utility rooms. Available in a wide range of colours and styles.</p>",Factory Direct Flooring,,Vinyl Flooring,vinyl-flooring,true,Title,Default Title,,,,,,,,73836ST,0.0,shopify,100,deny,manual,0.00,,true,true,,,,,,https://cdn.shopify.com/s/files/1/0998/3049/7592/files/ecostep-akoke-901l-vinyl-cushion-floor-lifestyle-1.jpg?v=1779041715,1,Ecostep Vinyl Flooring Akoke 901L,false,Ecostep Vinyl Flooring Akoke 901L,"Quality vinyl flooring from Factory Direct Flooring. Fully waterproof and extremely easy to clean. Ideal for kitchens, bathrooms and utility rooms. Available in a wide range of colours and styles.",,kg,,,active
ecostep-vinyl-flooring-akoke-901l,,,,,,,,,,,,,,,,,,,,,,,,,,,,,,,,https://cdn.shopify.com/s/files/1/0998/3049/7592/files/ecostep-akoke-901l-vinyl-cushion-floor-lifestyle-2.jpg?v=1779041715,2,Ecostep Vinyl Flooring Akoke 901L,,,,,,,,
ecostep-vinyl-flooring-staple-oak-646e,Ecostep Vinyl Flooring Staple Oak 646E,"<h2>Ecostep Vinyl Flooring Staple Oak 646E</h2><p>Quality vinyl flooring from Factory Direct Flooring. Fully waterproof and extremely easy to clean. Ideal for kitchens, bathrooms and utility rooms. Available in a wide range of colours and styles.</p>",Factory Direct Flooring,,Vinyl Flooring,vinyl-flooring,true,Title,Default Title,,,,,,,,73833ST,0.0,shopify,100,deny,manual,0.00,,true,true,,,,,,https://cdn.shopify.com/s/files/1/0998/3049/7592/files/ecostep-staple-oak-646e-vinyl-cushion-floor-lifestyle-5_1.jpg?v=1779041714,1,Ecostep Vinyl Flooring Staple Oak 646E,false,Ecostep Vinyl Flooring Staple Oak 646E,"Quality vinyl flooring from Factory Direct Flooring. Fully waterproof and extremely easy to clean. Ideal for kitchens, bathrooms and utility rooms. Available in a wide range of colours and styles.",,kg,,,active
ecostep-vinyl-flooring-staple-oak-646e,,,,,,,,,,,,,,,,,,,,,,,,,,,,,,,,https://cdn.shopify.com/s/files/1/0998/3049/7592/files/ecostep-staple-oak-646e-vinyl-cushion-floor-lifestyle-4_1.jpg?v=1779041714,2,Ecostep Vinyl Flooring Staple Oak 646E,,,,,,,,
ecostep-vinyl-flooring-grey-chic-977m,Ecostep Vinyl Flooring Grey Chic 977M,"<h2>Ecostep Vinyl Flooring Grey Chic 977M</h2><p>Quality vinyl flooring from Factory Direct Flooring. Fully waterproof and extremely easy to clean. Ideal for kitchens, bathrooms and utility rooms. Available in a wide range of colours and styles.</p>",Factory Direct Flooring,,Vinyl Flooring,vinyl-flooring,true,Title,Default Title,,,,,,,,69490ST,0.0,shopify,100,deny,manual,0.00,,true,true,,,,,,https://cdn.shopify.com/s/files/1/0998/3049/7592/files/ecostep_grey_chic_977m_vinyl_cushion_floor_room.jpg?v=1779041714,1,Ecostep Vinyl Flooring Grey Chic 977M,false,Ecostep Vinyl Flooring Grey Chic 977M,"Quality vinyl flooring from Factory Direct Flooring. Fully waterproof and extremely easy to clean. Ideal for kitchens, bathrooms and utility rooms. Available in a wide range of colours and styles.",,kg,,,active
ecostep-vinyl-flooring-grey-chic-977m,,,,,,,,,,,,,,,,,,,,,,,,,,,,,,,,https://cdn.shopify.com/s/files/1/0998/3049/7592/files/ecostep_grey_chic_977m_vinyl_cushion_floor_swatch.jpg?v=1779041714,2,Ecostep Vinyl Flooring Grey Chic 977M,,,,,,,,
ecostep-vinyl-flooring-black-white-019d,Ecostep Vinyl Flooring Black White 019D,"<h2>Ecostep Vinyl Flooring Black White 019D</h2><p>Quality vinyl flooring from Factory Direct Flooring. Fully waterproof and extremely easy to clean. Ideal for kitchens, bathrooms and utility rooms. Available in a wide range of colours and styles.</p>",Factory Direct Flooring,,Vinyl Flooring,vinyl-flooring,true,Title,Default Title,,,,,,,,69295ST,0.0,shopify,100,deny,manual,0.00,,true,true,,,,,,https://cdn.shopify.com/s/files/1/0998/3049/7592/files/ecostep_black_white_019d_vinyl_cushion_floor_classic.jpg?v=1779041712,1,Ecostep Vinyl Flooring Black White 019D,false,Ecostep Vinyl Flooring Black White 019D,"Quality vinyl flooring from Factory Direct Flooring. Fully waterproof and extremely easy to clean. Ideal for kitchens, bathrooms and utility rooms. Available in a wide range of colours and styles.",,kg,,,active
ecostep-vinyl-flooring-black-white-019d,,,,,,,,,,,,,,,,,,,,,,,,,,,,,,,,https://cdn.shopify.com/s/files/1/0998/3049/7592/files/ecostep-black-white-019-vinyl-cushion-floor-lifestyle-xl-5.jpg?v=1779041713,2,Ecostep Vinyl Flooring Black White 019D,,,,,,,,
plain-colours-solid-black-999e-vinyl-flooring,Plain Colours Solid Black 999E Vinyl Flooring,"<h2>Plain Colours Solid Black 999E Vinyl Flooring</h2><p>Quality vinyl flooring from Factory Direct Flooring. Fully waterproof and extremely easy to clean. Ideal for kitchens, bathrooms and utility rooms. Available in a wide range of colours and styles.</p>",Factory Direct Flooring,,Vinyl Flooring,vinyl-flooring,true,Title,Default Title,,,,,,,,68135ST,0.0,shopify,100,deny,manual,0.00,,true,true,,,,,,https://cdn.shopify.com/s/files/1/0998/3049/7592/files/plain-colours-solid-black-999e-vinyl-flooring-xl-lifestyle-1.jpg?v=1779041711,1,Plain Colours Solid Black 999E Vinyl Flooring,false,Plain Colours Solid Black 999E Vinyl Flooring,"Quality vinyl flooring from Factory Direct Flooring. Fully waterproof and extremely easy to clean. Ideal for kitchens, bathrooms and utility rooms. Available in a wide range of colours and styles.",,kg,,,active
plain-colours-solid-black-999e-vinyl-flooring,,,,,,,,,,,,,,,,,,,,,,,,,,,,,,,,https://cdn.shopify.com/s/files/1/0998/3049/7592/files/plain-colours-solid-black-999e-vinyl-flooring-xl-lifestyle-2.jpg?v=1779041711,2,Plain Colours Solid Black 999E Vinyl Flooring,,,,,,,,
plain-colours-solid-white-000s-vinyl-flooring,Plain Colours Solid White 000S Vinyl Flooring,"<h2>Plain Colours Solid White 000S Vinyl Flooring</h2><p>Quality vinyl flooring from Factory Direct Flooring. Fully waterproof and extremely easy to clean. Ideal for kitchens, bathrooms and utility rooms. Available in a wide range of colours and styles.</p>",Factory Direct Flooring,,Vinyl Flooring,vinyl-flooring,true,Title,Default Title,,,,,,,,67426ST,0.0,shopify,100,deny,manual,0.00,,true,true,,,,,,https://cdn.shopify.com/s/files/1/0998/3049/7592/files/plain-colours-solid-white-000s-vinyl-flooring-xl-lifestyle-1_1.jpg?v=1779041710,1,Plain Colours Solid White 000S Vinyl Flooring,false,Plain Colours Solid White 000S Vinyl Flooring,"Quality vinyl flooring from Factory Direct Flooring. Fully waterproof and extremely easy to clean. Ideal for kitchens, bathrooms and utility rooms. Available in a wide range of colours and styles.",,kg,,,active
plain-colours-solid-white-000s-vinyl-flooring,,,,,,,,,,,,,,,,,,,,,,,,,,,,,,,,https://cdn.shopify.com/s/files/1/0998/3049/7592/files/plain-colours-solid-white-000s-vinyl-flooring-xl-lifestyle-2_1.jpg?v=1779041710,2,Plain Colours Solid White 000S Vinyl Flooring,,,,,,,,
ultrafelt-vinyl-flooring-smoked-oak-plank,Ultrafelt Vinyl Flooring Smoked Oak Plank,"<h2>Ultrafelt Vinyl Flooring Smoked Oak Plank</h2><p>Quality vinyl flooring from Factory Direct Flooring. Fully waterproof and extremely easy to clean. Ideal for kitchens, bathrooms and utility rooms. Available in a wide range of colours and styles.</p>",Factory Direct Flooring,,Vinyl Flooring,vinyl-flooring,true,Title,Default Title,,,,,,,,67890ST,0.0,shopify,100,deny,manual,0.00,,true,true,,,,,,https://cdn.shopify.com/s/files/1/0998/3049/7592/files/ultrafelt_smoked_oak_plank_cushioned_vinyl_hall.jpg?v=1779041710,1,Ultrafelt Vinyl Flooring Smoked Oak Plank,false,Ultrafelt Vinyl Flooring Smoked Oak Plank,"Quality vinyl flooring from Factory Direct Flooring. Fully waterproof and extremely easy to clean. Ideal for kitchens, bathrooms and utility rooms. Available in a wide range of colours and styles.",,kg,,,active
ultrafelt-vinyl-flooring-smoked-oak-plank,,,,,,,,,,,,,,,,,,,,,,,,,,,,,,,,https://cdn.shopify.com/s/files/1/0998/3049/7592/files/ultrafelt_smoked_oak_plank_cushioned_vinyl_swatch.jpg?v=1779041709,2,Ultrafelt Vinyl Flooring Smoked Oak Plank,,,,,,,,
texstep-concrete-dark-996d-felt-back,Texstep Concrete Dark 996D Felt Back,"<h2>Texstep Concrete Dark 996D Felt Back</h2><p>Quality vinyl flooring from Factory Direct Flooring. Fully waterproof and extremely easy to clean. Ideal for kitchens, bathrooms and utility rooms. Available in a wide range of colours and styles.</p>",Factory Direct Flooring,,Vinyl Flooring,vinyl-flooring,true,Title,Default Title,,,,,,,,69512ST,0.0,shopify,100,deny,manual,0.00,,true,true,,,,,,https://cdn.shopify.com/s/files/1/0998/3049/7592/files/texstep_concrete_dark_996d_felt_back_hall.jpg?v=1779041709,1,Texstep Concrete Dark 996D Felt Back,false,Texstep Concrete Dark 996D Felt Back,"Quality vinyl flooring from Factory Direct Flooring. Fully waterproof and extremely easy to clean. Ideal for kitchens, bathrooms and utility rooms. Available in a wide range of colours and styles.",,kg,,,active
texstep-concrete-dark-996d-felt-back,,,,,,,,,,,,,,,,,,,,,,,,,,,,,,,,https://cdn.shopify.com/s/files/1/0998/3049/7592/files/texstep_concrete_dark_996d_felt_back_swatch.jpg?v=1779041708,2,Texstep Concrete Dark 996D Felt Back,,,,,,,,
texstep-white-haze-010l-felt-back,Texstep White Haze 010L Felt Back,"<h2>Texstep White Haze 010L Felt Back</h2><p>Quality vinyl flooring from Factory Direct Flooring. Fully waterproof and extremely easy to clean. Ideal for kitchens, bathrooms and utility rooms. Available in a wide range of colours and styles.</p>",Factory Direct Flooring,,Vinyl Flooring,vinyl-flooring,true,Title,Default Title,,,,,,,,69510ST,0.0,shopify,100,deny,manual,0.00,,true,true,,,,,,https://cdn.shopify.com/s/files/1/0998/3049/7592/files/texstep_white_haze_010l_felt_back_bedroom.jpg?v=1779041708,1,Texstep White Haze 010L Felt Back,false,Texstep White Haze 010L Felt Back,"Quality vinyl flooring from Factory Direct Flooring. Fully waterproof and extremely easy to clean. Ideal for kitchens, bathrooms and utility rooms. Available in a wide range of colours and styles.",,kg,,,active
texstep-white-haze-010l-felt-back,,,,,,,,,,,,,,,,,,,,,,,,,,,,,,,,https://cdn.shopify.com/s/files/1/0998/3049/7592/files/texstep_white_haze_010l_felt_back_swatch.jpg?v=1779041708,2,Texstep White Haze 010L Felt Back,,,,,,,,
ecostep-vinyl-flooring-new-evora-594,Ecostep Vinyl Flooring New Evora 594,"<h2>Ecostep Vinyl Flooring New Evora 594</h2><p>Quality vinyl flooring from Factory Direct Flooring. Fully waterproof and extremely easy to clean. Ideal for kitchens, bathrooms and utility rooms. Available in a wide range of colours and styles.</p>",Factory Direct Flooring,,Vinyl Flooring,vinyl-flooring,true,Title,Default Title,,,,,,,,74032ST,0.0,shopify,100,deny,manual,0.00,,true,true,,,,,,https://cdn.shopify.com/s/files/1/0998/3049/7592/files/ecostep_new_evora_594_vinyl_cushion_floor_3.jpg?v=1779041707,1,Ecostep Vinyl Flooring New Evora 594,false,Ecostep Vinyl Flooring New Evora 594,"Quality vinyl flooring from Factory Direct Flooring. Fully waterproof and extremely easy to clean. Ideal for kitchens, bathrooms and utility rooms. Available in a wide range of colours and styles.",,kg,,,active
ecostep-vinyl-flooring-new-evora-594,,,,,,,,,,,,,,,,,,,,,,,,,,,,,,,,https://cdn.shopify.com/s/files/1/0998/3049/7592/files/ecostep_new_evora_594_vinyl_cushion_floor_1.jpg?v=1779041707,2,Ecostep Vinyl Flooring New Evora 594,,,,,,,,
ecostep-vinyl-flooring-barcelona-579,Ecostep Vinyl Flooring Barcelona 579,"<h2>Ecostep Vinyl Flooring Barcelona 579</h2><p>Quality vinyl flooring from Factory Direct Flooring. Fully waterproof and extremely easy to clean. Ideal for kitchens, bathrooms and utility rooms. Available in a wide range of colours and styles.</p>",Factory Direct Flooring,,Vinyl Flooring,vinyl-flooring,true,Title,Default Title,,,,,,,,74031ST,0.0,shopify,100,deny,manual,0.00,,true,true,,,,,,https://cdn.shopify.com/s/files/1/0998/3049/7592/files/ecostep_barcelona_579_vinyl_cushion_floor_1.jpg?v=1779041706,1,Ecostep Vinyl Flooring Barcelona 579,false,Ecostep Vinyl Flooring Barcelona 579,"Quality vinyl flooring from Factory Direct Flooring. Fully waterproof and extremely easy to clean. Ideal for kitchens, bathrooms and utility rooms. Available in a wide range of colours and styles.",,kg,,,active
ecostep-vinyl-flooring-barcelona-579,,,,,,,,,,,,,,,,,,,,,,,,,,,,,,,,https://cdn.shopify.com/s/files/1/0998/3049/7592/files/ecostep_barcelona_579_vinyl_cushion_floor_2.jpg?v=1779041706,2,Ecostep Vinyl Flooring Barcelona 579,,,,,,,,
ecostep-vinyl-flooring-new-alba-793,Ecostep Vinyl Flooring New Alba 793,"<h2>Ecostep Vinyl Flooring New Alba 793</h2><p>Quality vinyl flooring from Factory Direct Flooring. Fully waterproof and extremely easy to clean. Ideal for kitchens, bathrooms and utility rooms. Available in a wide range of colours and styles.</p>",Factory Direct Flooring,,Vinyl Flooring,vinyl-flooring,true,Title,Default Title,,,,,,,,74029ST,0.0,shopify,100,deny,manual,0.00,,true,true,,,,,,https://cdn.shopify.com/s/files/1/0998/3049/7592/files/ecostep_new_alba_793_vinyl_cushion_floor_1.jpg?v=1779041704,1,Ecostep Vinyl Flooring New Alba 793,false,Ecostep Vinyl Flooring New Alba 793,"Quality vinyl flooring from Factory Direct Flooring. Fully waterproof and extremely easy to clean. Ideal for kitchens, bathrooms and utility rooms. Available in a wide range of colours and styles.",,kg,,,active
ecostep-vinyl-flooring-new-alba-793,,,,,,,,,,,,,,,,,,,,,,,,,,,,,,,,https://cdn.shopify.com/s/files/1/0998/3049/7592/files/ecostep_new_alba_793_vinyl_cushion_floor_2.jpg?v=1779041705,2,Ecostep Vinyl Flooring New Alba 793,,,,,,,,
ecostep-vinyl-flooring-chic-noblesse-92,Ecostep Vinyl Flooring Chic Noblesse 92,"<h2>Ecostep Vinyl Flooring Chic Noblesse 92</h2><p>Quality vinyl flooring from Factory Direct Flooring. Fully waterproof and extremely easy to clean. Ideal for kitchens, bathrooms and utility rooms. Available in a wide range of colours and styles.</p>",Factory Direct Flooring,,Vinyl Flooring,vinyl-flooring,true,Title,Default Title,,,,,,,,74019ST,0.0,shopify,100,deny,manual,0.00,,true,true,,,,,,https://cdn.shopify.com/s/files/1/0998/3049/7592/files/ecostep_chic_noblesse_92_vinyl_cushion_floor_1.jpg?v=1779041704,1,Ecostep Vinyl Flooring Chic Noblesse 92,false,Ecostep Vinyl Flooring Chic Noblesse 92,"Quality vinyl flooring from Factory Direct Flooring. Fully waterproof and extremely easy to clean. Ideal for kitchens, bathrooms and utility rooms. Available in a wide range of colours and styles.",,kg,,,active
ecostep-vinyl-flooring-chic-noblesse-92,,,,,,,,,,,,,,,,,,,,,,,,,,,,,,,,https://cdn.shopify.com/s/files/1/0998/3049/7592/files/ecostep_chic_noblesse_92_vinyl_cushion_floor_3_1.jpg?v=1779041704,2,Ecostep Vinyl Flooring Chic Noblesse 92,,,,,,,,
ecostep-vinyl-flooring-parquet-sintra-583,Ecostep Vinyl Flooring Parquet Sintra 583,"<h2>Ecostep Vinyl Flooring Parquet Sintra 583</h2><p>Quality vinyl flooring from Factory Direct Flooring. Fully waterproof and extremely easy to clean. Ideal for kitchens, bathrooms and utility rooms. Available in a wide range of colours and styles.</p>",Factory Direct Flooring,,Vinyl Flooring,vinyl-flooring,true,Title,Default Title,,,,,,,,74018ST,0.0,shopify,100,deny,manual,0.00,,true,true,,,,,,https://cdn.shopify.com/s/files/1/0998/3049/7592/files/ecostep_parquet_sintra_583_vinyl_cushion_floor_1.jpg?v=1779041703,1,Ecostep Vinyl Flooring Parquet Sintra 583,false,Ecostep Vinyl Flooring Parquet Sintra 583,"Quality vinyl flooring from Factory Direct Flooring. Fully waterproof and extremely easy to clean. Ideal for kitchens, bathrooms and utility rooms. Available in a wide range of colours and styles.",,kg,,,active
ecostep-vinyl-flooring-parquet-sintra-583,,,,,,,,,,,,,,,,,,,,,,,,,,,,,,,,https://cdn.shopify.com/s/files/1/0998/3049/7592/files/ecostep_parquet_sintra_583_vinyl_cushion_floor_3.jpg?v=1779041703,2,Ecostep Vinyl Flooring Parquet Sintra 583,,,,,,,,
ecostep-vinyl-flooring-parquet-honey-536,Ecostep Vinyl Flooring Parquet Honey 536,"<h2>Ecostep Vinyl Flooring Parquet Honey 536</h2><p>Quality vinyl flooring from Factory Direct Flooring. Fully waterproof and extremely easy to clean. Ideal for kitchens, bathrooms and utility rooms. Available in a wide range of colours and styles.</p>",Factory Direct Flooring,,Vinyl Flooring,vinyl-flooring,true,Title,Default Title,,,,,,,,74015ST,0.0,shopify,100,deny,manual,0.00,,true,true,,,,,,https://cdn.shopify.com/s/files/1/0998/3049/7592/files/ecostep_parquet_honey_536_vinyl_cushion_floor_1.jpg?v=1779041702,1,Ecostep Vinyl Flooring Parquet Honey 536,false,Ecostep Vinyl Flooring Parquet Honey 536,"Quality vinyl flooring from Factory Direct Flooring. Fully waterproof and extremely easy to clean. Ideal for kitchens, bathrooms and utility rooms. Available in a wide range of colours and styles.",,kg,,,active
ecostep-vinyl-flooring-parquet-honey-536,,,,,,,,,,,,,,,,,,,,,,,,,,,,,,,,https://cdn.shopify.com/s/files/1/0998/3049/7592/files/ecostep_parquet_honey_536_vinyl_cushion_floor_2.jpg?v=1779041702,2,Ecostep Vinyl Flooring Parquet Honey 536,,,,,,,,
ecostep-vinyl-flooring-light-gravel-592,Ecostep Vinyl Flooring Light Gravel 592,"<h2>Ecostep Vinyl Flooring Light Gravel 592</h2><p>Quality vinyl flooring from Factory Direct Flooring. Fully waterproof and extremely easy to clean. Ideal for kitchens, bathrooms and utility rooms. Available in a wide range of colours and styles.</p>",Factory Direct Flooring,,Vinyl Flooring,vinyl-flooring,true,Title,Default Title,,,,,,,,74013ST,0.0,shopify,100,deny,manual,0.00,,true,true,,,,,,https://cdn.shopify.com/s/files/1/0998/3049/7592/files/ecostep_light_gravel_592_vinyl_cushion_floor_2.jpg?v=1779041701,1,Ecostep Vinyl Flooring Light Gravel 592,false,Ecostep Vinyl Flooring Light Gravel 592,"Quality vinyl flooring from Factory Direct Flooring. Fully waterproof and extremely easy to clean. Ideal for kitchens, bathrooms and utility rooms. Available in a wide range of colours and styles.",,kg,,,active
ecostep-vinyl-flooring-light-gravel-592,,,,,,,,,,,,,,,,,,,,,,,,,,,,,,,,https://cdn.shopify.com/s/files/1/0998/3049/7592/files/ecostep_light_gravel_592_vinyl_cushion_floor_1.jpg?v=1779041701,2,Ecostep Vinyl Flooring Light Gravel 592,,,,,,,,
ecostep-vinyl-flooring-dark-gravel-596,Ecostep Vinyl Flooring Dark Gravel 596,"<h2>Ecostep Vinyl Flooring Dark Gravel 596</h2><p>Quality vinyl flooring from Factory Direct Flooring. Fully waterproof and extremely easy to clean. Ideal for kitchens, bathrooms and utility rooms. Available in a wide range of colours and styles.</p>",Factory Direct Flooring,,Vinyl Flooring,vinyl-flooring,true,Title,Default Title,,,,,,,,74012ST,0.0,shopify,100,deny,manual,0.00,,true,true,,,,,,https://cdn.shopify.com/s/files/1/0998/3049/7592/files/ecostep_dark_gravel_596_vinyl_cushion_floor_2.jpg?v=1779041700,1,Ecostep Vinyl Flooring Dark Gravel 596,false,Ecostep Vinyl Flooring Dark Gravel 596,"Quality vinyl flooring from Factory Direct Flooring. Fully waterproof and extremely easy to clean. Ideal for kitchens, bathrooms and utility rooms. Available in a wide range of colours and styles.",,kg,,,active
ecostep-vinyl-flooring-darwen-990m,Ecostep Vinyl Flooring Darwen 990M,"<h2>Ecostep Vinyl Flooring Darwen 990M</h2><p>Quality vinyl flooring from Factory Direct Flooring. Fully waterproof and extremely easy to clean. Ideal for kitchens, bathrooms and utility rooms. Available in a wide range of colours and styles.</p>",Factory Direct Flooring,,Vinyl Flooring,vinyl-flooring,true,Title,Default Title,,,,,,,,73840ST,0.0,shopify,100,deny,manual,0.00,,true,true,,,,,,https://cdn.shopify.com/s/files/1/0998/3049/7592/files/ecostep-darwen-990m-vinyl-cushion-floor-lifestyle-image-1.jpg?v=1779041699,1,Ecostep Vinyl Flooring Darwen 990M,false,Ecostep Vinyl Flooring Darwen 990M,"Quality vinyl flooring from Factory Direct Flooring. Fully waterproof and extremely easy to clean. Ideal for kitchens, bathrooms and utility rooms. Available in a wide range of colours and styles.",,kg,,,active
ecostep-vinyl-flooring-darwen-990m,,,,,,,,,,,,,,,,,,,,,,,,,,,,,,,,https://cdn.shopify.com/s/files/1/0998/3049/7592/files/ecostep-darwen-990m-vinyl-cushion-floor-lifestyle-image-2.jpg?v=1779041699,2,Ecostep Vinyl Flooring Darwen 990M,,,,,,,,
ecostep-vinyl-flooring-rustic-oak-606m,Ecostep Vinyl Flooring Rustic Oak 606M,"<h2>Ecostep Vinyl Flooring Rustic Oak 606M</h2><p>Quality vinyl flooring from Factory Direct Flooring. Fully waterproof and extremely easy to clean. Ideal for kitchens, bathrooms and utility rooms. Available in a wide range of colours and styles.</p>",Factory Direct Flooring,,Vinyl Flooring,vinyl-flooring,true,Title,Default Title,,,,,,,,69496ST,0.0,shopify,100,deny,manual,0.00,,true,true,,,,,,https://cdn.shopify.com/s/files/1/0998/3049/7592/files/ecostep-rustic-oak-606m-vinyl-cushion-floor-lifestyle-rs-2_2.jpg?v=1779041699,1,Ecostep Vinyl Flooring Rustic Oak 606M,false,Ecostep Vinyl Flooring Rustic Oak 606M,"Quality vinyl flooring from Factory Direct Flooring. Fully waterproof and extremely easy to clean. Ideal for kitchens, bathrooms and utility rooms. Available in a wide range of colours and styles.",,kg,,,active
ecostep-vinyl-flooring-rustic-oak-606m,,,,,,,,,,,,,,,,,,,,,,,,,,,,,,,,https://cdn.shopify.com/s/files/1/0998/3049/7592/files/ecostep_rustic_oak_606m_vinyl_cushion_floor_swatch.jpg?v=1779041698,2,Ecostep Vinyl Flooring Rustic Oak 606M,,,,,,,,
lusora-sandrift-oak-269m-cushion-vinyl-flooring,Lusora Sandrift Oak 269M Cushion Vinyl Flooring,"<h2>Lusora Sandrift Oak 269M Cushion Vinyl Flooring</h2><p>Quality vinyl flooring from Factory Direct Flooring. Fully waterproof and extremely easy to clean. Ideal for kitchens, bathrooms and utility rooms. Available in a wide range of colours and styles.</p>",Factory Direct Flooring,,Vinyl Flooring,vinyl-flooring,true,Title,Default Title,,,,,,,,74189ST,0.0,shopify,100,deny,manual,0.00,,true,true,,,,,,https://cdn.shopify.com/s/files/1/0998/3049/7592/files/ramsey_269m_ambient.jpg?v=1779041697,1,Lusora Sandrift Oak 269M Cushion Vinyl Flooring,false,Lusora Sandrift Oak 269M Cushion Vinyl Flooring,"Quality vinyl flooring from Factory Direct Flooring. Fully waterproof and extremely easy to clean. Ideal for kitchens, bathrooms and utility rooms. Available in a wide range of colours and styles.",,kg,,,active
lusora-sandrift-oak-269m-cushion-vinyl-flooring,,,,,,,,,,,,,,,,,,,,,,,,,,,,,,,,https://cdn.shopify.com/s/files/1/0998/3049/7592/files/ramsey_269m.jpg?v=1779041697,2,Lusora Sandrift Oak 269M Cushion Vinyl Flooring,,,,,,,,
lusora-softgrain-oak-130l-cushion-vinyl-flooring,Lusora Softgrain Oak 130L Cushion Vinyl Flooring,"<h2>Lusora Softgrain Oak 130L Cushion Vinyl Flooring</h2><p>Quality vinyl flooring from Factory Direct Flooring. Fully waterproof and extremely easy to clean. Ideal for kitchens, bathrooms and utility rooms. Available in a wide range of colours and styles.</p>",Factory Direct Flooring,,Vinyl Flooring,vinyl-flooring,true,Title,Default Title,,,,,,,,74188ST,0.0,shopify,100,deny,manual,0.00,,true,true,,,,,,https://cdn.shopify.com/s/files/1/0998/3049/7592/files/prime_oak_130l_ambient_2.jpg?v=1779041696,1,Lusora Softgrain Oak 130L Cushion Vinyl Flooring,false,Lusora Softgrain Oak 130L Cushion Vinyl Flooring,"Quality vinyl flooring from Factory Direct Flooring. Fully waterproof and extremely easy to clean. Ideal for kitchens, bathrooms and utility rooms. Available in a wide range of colours and styles.",,kg,,,active
lusora-softgrain-oak-130l-cushion-vinyl-flooring,,,,,,,,,,,,,,,,,,,,,,,,,,,,,,,,https://cdn.shopify.com/s/files/1/0998/3049/7592/files/prime_oak_130l.jpg?v=1779041696,2,Lusora Softgrain Oak 130L Cushion Vinyl Flooring,,,,,,,,
lusora-honeywood-oak-636d-cushion-vinyl-flooring,Lusora Honeywood Oak 636D Cushion Vinyl Flooring,"<h2>Lusora Honeywood Oak 636D Cushion Vinyl Flooring</h2><p>Quality vinyl flooring from Factory Direct Flooring. Fully waterproof and extremely easy to clean. Ideal for kitchens, bathrooms and utility rooms. Available in a wide range of colours and styles.</p>",Factory Direct Flooring,,Vinyl Flooring,vinyl-flooring,true,Title,Default Title,,,,,,,,74187ST,0.0,shopify,100,deny,manual,0.00,,true,true,,,,,,https://cdn.shopify.com/s/files/1/0998/3049/7592/files/ramsey_636d_ambient.jpg?v=1779041695,1,Lusora Honeywood Oak 636D Cushion Vinyl Flooring,false,Lusora Honeywood Oak 636D Cushion Vinyl Flooring,"Quality vinyl flooring from Factory Direct Flooring. Fully waterproof and extremely easy to clean. Ideal for kitchens, bathrooms and utility rooms. Available in a wide range of colours and styles.",,kg,,,active
lusora-honeywood-oak-636d-cushion-vinyl-flooring,,,,,,,,,,,,,,,,,,,,,,,,,,,,,,,,https://cdn.shopify.com/s/files/1/0998/3049/7592/files/ramsey_636d.jpg?v=1779041695,2,Lusora Honeywood Oak 636D Cushion Vinyl Flooring,,,,,,,,
lusora-sunlit-oak-herringbone-662d-cushion-vinyl-flooring,Lusora Sunlit Oak Herringbone 662D Cushion Vinyl Flooring,"<h2>Lusora Sunlit Oak Herringbone 662D Cushion Vinyl Flooring</h2><p>Quality vinyl flooring from Factory Direct Flooring. Fully waterproof and extremely easy to clean. Ideal for kitchens, bathrooms and utility rooms. Available in a wide range of colours and styles.</p>",Factory Direct Flooring,,Vinyl Flooring,vinyl-flooring,true,Title,Default Title,,,,,,,,74186ST,0.0,shopify,100,deny,manual,0.00,,true,true,,,,,,https://cdn.shopify.com/s/files/1/0998/3049/7592/files/leyton_662d.jpg?v=1779041694,1,Lusora Sunlit Oak Herringbone 662D Cushion Vinyl Flooring,false,Lusora Sunlit Oak Herringbone 662D Cushion Vinyl Flooring,"Quality vinyl flooring from Factory Direct Flooring. Fully waterproof and extremely easy to clean. Ideal for kitchens, bathrooms and utility rooms. Available in a wide range of colours and styles.",,kg,,,active
lusora-smoked-ember-oak-666d-cushion-vinyl-flooring,Lusora Smoked Ember Oak 666D Cushion Vinyl Flooring,"<h2>Lusora Smoked Ember Oak 666D Cushion Vinyl Flooring</h2><p>Quality vinyl flooring from Factory Direct Flooring. Fully waterproof and extremely easy to clean. Ideal for kitchens, bathrooms and utility rooms. Available in a wide range of colours and styles.</p>",Factory Direct Flooring,,Vinyl Flooring,vinyl-flooring,true,Title,Default Title,,,,,,,,74185ST,0.0,shopify,100,deny,manual,0.00,,true,true,,,,,,https://cdn.shopify.com/s/files/1/0998/3049/7592/files/warm_oak_666d.jpg?v=1779041693,1,Lusora Smoked Ember Oak 666D Cushion Vinyl Flooring,false,Lusora Smoked Ember Oak 666D Cushion Vinyl Flooring,"Quality vinyl flooring from Factory Direct Flooring. Fully waterproof and extremely easy to clean. Ideal for kitchens, bathrooms and utility rooms. Available in a wide range of colours and styles.",,kg,,,active
lusora-noir-oak-909d-cushion-vinyl-flooring,Lusora Noir Oak 909D Cushion Vinyl Flooring,"<h2>Lusora Noir Oak 909D Cushion Vinyl Flooring</h2><p>Quality vinyl flooring from Factory Direct Flooring. Fully waterproof and extremely easy to clean. Ideal for kitchens, bathrooms and utility rooms. Available in a wide range of colours and styles.</p>",Factory Direct Flooring,,Vinyl Flooring,vinyl-flooring,true,Title,Default Title,,,,,,,,74184ST,0.0,shopify,100,deny,manual,0.00,,true,true,,,,,,https://cdn.shopify.com/s/files/1/0998/3049/7592/files/warm_oak_909d_ambient.jpg?v=1779041692,1,Lusora Noir Oak 909D Cushion Vinyl Flooring,false,Lusora Noir Oak 909D Cushion Vinyl Flooring,"Quality vinyl flooring from Factory Direct Flooring. Fully waterproof and extremely easy to clean. Ideal for kitchens, bathrooms and utility rooms. Available in a wide range of colours and styles.",,kg,,,active
lusora-noir-oak-909d-cushion-vinyl-flooring,,,,,,,,,,,,,,,,,,,,,,,,,,,,,,,,https://cdn.shopify.com/s/files/1/0998/3049/7592/files/warm_oak_909d.jpg?v=1779041692,2,Lusora Noir Oak 909D Cushion Vinyl Flooring,,,,,,,,
lusora-ashen-oak-090s-cushion-vinyl-flooring,Lusora Ashen Oak 090S Cushion Vinyl Flooring,"<h2>Lusora Ashen Oak 090S Cushion Vinyl Flooring</h2><p>Quality vinyl flooring from Factory Direct Flooring. Fully waterproof and extremely easy to clean. Ideal for kitchens, bathrooms and utility rooms. Available in a wide range of colours and styles.</p>",Factory Direct Flooring,,Vinyl Flooring,vinyl-flooring,true,Title,Default Title,,,,,,,,74183ST,0.0,shopify,100,deny,manual,0.00,,true,true,,,,,,https://cdn.shopify.com/s/files/1/0998/3049/7592/files/warm_oak_090s.jpg?v=1779041691,1,Lusora Ashen Oak 090S Cushion Vinyl Flooring,false,Lusora Ashen Oak 090S Cushion Vinyl Flooring,"Quality vinyl flooring from Factory Direct Flooring. Fully waterproof and extremely easy to clean. Ideal for kitchens, bathrooms and utility rooms. Available in a wide range of colours and styles.",,kg,,,active
lusora-pale-ash-herringbone-609m-cushion-vinyl-flooring,Lusora Pale Ash Herringbone 609M Cushion Vinyl Flooring,"<h2>Lusora Pale Ash Herringbone 609M Cushion Vinyl Flooring</h2><p>Quality vinyl flooring from Factory Direct Flooring. Fully waterproof and extremely easy to clean. Ideal for kitchens, bathrooms and utility rooms. Available in a wide range of colours and styles.</p>",Factory Direct Flooring,,Vinyl Flooring,vinyl-flooring,true,Title,Default Title,,,,,,,,74182ST,0.0,shopify,100,deny,manual,0.00,,true,true,,,,,,https://cdn.shopify.com/s/files/1/0998/3049/7592/files/leyton_609m_high_tex.jpg?v=1779041690,1,Lusora Pale Ash Herringbone 609M Cushion Vinyl Flooring,false,Lusora Pale Ash Herringbone 609M Cushion Vinyl Flooring,"Quality vinyl flooring from Factory Direct Flooring. Fully waterproof and extremely easy to clean. Ideal for kitchens, bathrooms and utility rooms. Available in a wide range of colours and styles.",,kg,,,active
lusora-pale-ash-herringbone-609m-cushion-vinyl-flooring,,,,,,,,,,,,,,,,,,,,,,,,,,,,,,,,https://cdn.shopify.com/s/files/1/0998/3049/7592/files/leyton_609m.jpg?v=1779041690,2,Lusora Pale Ash Herringbone 609M Cushion Vinyl Flooring,,,,,,,,
lusora-chalkstone-190l-cushion-vinyl-flooring,Lusora Chalkstone 190L Cushion Vinyl Flooring,"<h2>Lusora Chalkstone 190L Cushion Vinyl Flooring</h2><p>Quality vinyl flooring from Factory Direct Flooring. Fully waterproof and extremely easy to clean. Ideal for kitchens, bathrooms and utility rooms. Available in a wide range of colours and styles.</p>",Factory Direct Flooring,,Vinyl Flooring,vinyl-flooring,true,Title,Default Title,,,,,,,,74181ST,0.0,shopify,100,deny,manual,0.00,,true,true,,,,,,https://cdn.shopify.com/s/files/1/0998/3049/7592/files/polperro_190l_room_shot_2019.jpg?v=1779041689,1,Lusora Chalkstone 190L Cushion Vinyl Flooring,false,Lusora Chalkstone 190L Cushion Vinyl Flooring,"Quality vinyl flooring from Factory Direct Flooring. Fully waterproof and extremely easy to clean. Ideal for kitchens, bathrooms and utility rooms. Available in a wide range of colours and styles.",,kg,,,active
lusora-chalkstone-190l-cushion-vinyl-flooring,,,,,,,,,,,,,,,,,,,,,,,,,,,,,,,,https://cdn.shopify.com/s/files/1/0998/3049/7592/files/polperro_190l.jpg?v=1779041689,2,Lusora Chalkstone 190L Cushion Vinyl Flooring,,,,,,,,
ecostep-vinyl-flooring-new-evora-t94,Ecostep Vinyl Flooring New Evora T94,"<h2>Ecostep Vinyl Flooring New Evora T94</h2><p>Quality vinyl flooring from Factory Direct Flooring. Fully waterproof and extremely easy to clean. Ideal for kitchens, bathrooms and utility rooms. Available in a wide range of colours and styles.</p>",Factory Direct Flooring,,Vinyl Flooring,vinyl-flooring,true,Title,Default Title,,,,,,,,74179ST,0.0,shopify,100,deny,manual,0.00,,true,true,,,,,,https://cdn.shopify.com/s/files/1/0998/3049/7592/files/ecostep_vinyl_flooring_new_evora_t94.jpg?v=1779041688,1,Ecostep Vinyl Flooring New Evora T94,false,Ecostep Vinyl Flooring New Evora T94,"Quality vinyl flooring from Factory Direct Flooring. Fully waterproof and extremely easy to clean. Ideal for kitchens, bathrooms and utility rooms. Available in a wide range of colours and styles.",,kg,,,active
ecostep-vinyl-flooring-new-evora-t94,,,,,,,,,,,,,,,,,,,,,,,,,,,,,,,,https://cdn.shopify.com/s/files/1/0998/3049/7592/files/ecostep_vinyl_flooring_new_evora_t94_2.jpg?v=1779041688,2,Ecostep Vinyl Flooring New Evora T94,,,,,,,,
ecostep-vinyl-flooring-parquet-original-555,Ecostep Vinyl Flooring Parquet Original 555,"<h2>Ecostep Vinyl Flooring Parquet Original 555</h2><p>Quality vinyl flooring from Factory Direct Flooring. Fully waterproof and extremely easy to clean. Ideal for kitchens, bathrooms and utility rooms. Available in a wide range of colours and styles.</p>",Factory Direct Flooring,,Vinyl Flooring,vinyl-flooring,true,Title,Default Title,,,,,,,,74016ST,0.0,shopify,100,deny,manual,0.00,,true,true,,,,,,https://cdn.shopify.com/s/files/1/0998/3049/7592/files/ecostep_parquet_orginal_555_vinyl_cushion_floor_1.jpg?v=1779041687,1,Ecostep Vinyl Flooring Parquet Original 555,false,Ecostep Vinyl Flooring Parquet Original 555,"Quality vinyl flooring from Factory Direct Flooring. Fully waterproof and extremely easy to clean. Ideal for kitchens, bathrooms and utility rooms. Available in a wide range of colours and styles.",,kg,,,active
ecostep-vinyl-flooring-parquet-original-555,,,,,,,,,,,,,,,,,,,,,,,,,,,,,,,,https://cdn.shopify.com/s/files/1/0998/3049/7592/files/ecostep_parquet_orginal_555_vinyl_cushion_floor_2.jpg?v=1779041687,2,Ecostep Vinyl Flooring Parquet Original 555,,,,,,,,
ecostep-vinyl-flooring-storm-grey-991m,Ecostep Vinyl Flooring Storm Grey 991M,"<h2>Ecostep Vinyl Flooring Storm Grey 991M</h2><p>Quality vinyl flooring from Factory Direct Flooring. Fully waterproof and extremely easy to clean. Ideal for kitchens, bathrooms and utility rooms. Available in a wide range of colours and styles.</p>",Factory Direct Flooring,,Vinyl Flooring,vinyl-flooring,true,Title,Default Title,,,,,,,,69491ST,0.0,shopify,100,deny,manual,0.00,,true,true,,,,,,https://cdn.shopify.com/s/files/1/0998/3049/7592/files/ecostep-storm-grey-991m-vinyl-cushion-floor-lifestyle-xl-1.jpg?v=1779041686,1,Ecostep Vinyl Flooring Storm Grey 991M,false,Ecostep Vinyl Flooring Storm Grey 991M,"Quality vinyl flooring from Factory Direct Flooring. Fully waterproof and extremely easy to clean. Ideal for kitchens, bathrooms and utility rooms. Available in a wide range of colours and styles.",,kg,,,active
ecostep-vinyl-flooring-storm-grey-991m,,,,,,,,,,,,,,,,,,,,,,,,,,,,,,,,https://cdn.shopify.com/s/files/1/0998/3049/7592/files/ecostep-storm-grey-991m-vinyl-cushion-floor-lifestyle-xl-2.jpg?v=1779041686,2,Ecostep Vinyl Flooring Storm Grey 991M,,,,,,,,
prestige-herringbone-laminate-flooring-ambient-oak-8mm-3766,Prestige Herringbone Laminate Flooring Ambient Oak 8mm 3766,<h2>Prestige Herringbone Laminate Flooring Ambient Oak 8mm 3766</h2><p>Elegant herringbone pattern flooring from Factory Direct Flooring. A classic design that adds character to any room. Available in wood and LVT options. Suits both traditional and contemporary interiors.</p>,Factory Direct Flooring,,Herringbone Flooring,herringbone-flooring,true,Title,Default Title,,,,,,,,67269-FC45,0.0,shopify,100,deny,manual,0.00,,true,true,,,,,,https://cdn.shopify.com/s/files/1/0998/3049/7592/files/prestige-herringbone-ambient-oak-8mm-laminate-3766-xl-lifestyle-1.jpg?v=1779041686,1,Prestige Herringbone Laminate Flooring Ambient Oak 8mm 3766,false,Prestige Herringbone Laminate Flooring Ambient Oak 8mm 3766,Elegant herringbone pattern flooring from Factory Direct Flooring. A classic design that adds character to any room. Available in wood and LVT options. Suits both traditional and contemporary interiors.,,kg,,,active
prestige-herringbone-laminate-flooring-ambient-oak-8mm-3766,,,,,,,,,,,,,,,,,,,,,,,,,,,,,,,,https://cdn.shopify.com/s/files/1/0998/3049/7592/files/prestige-herringbone-ambient-oak-8mm-laminate-3766-xl-lifestyle-2.jpg?v=1779041685,2,Prestige Herringbone Laminate Flooring Ambient Oak 8mm 3766,,,,,,,,
texstep-herringbone-natural-162m-felt-back,Texstep Herringbone Natural 162M Felt Back,<h2>Texstep Herringbone Natural 162M Felt Back</h2><p>Elegant herringbone pattern flooring from Factory Direct Flooring. A classic design that adds character to any room. Available in wood and LVT options. Suits both traditional and contemporary interiors.</p>,Factory Direct Flooring,,Herringbone Flooring,herringbone-flooring,true,Title,Default Title,,,,,,,,69502ST,0.0,shopify,100,deny,manual,0.00,,true,true,,,,,,https://cdn.shopify.com/s/files/1/0998/3049/7592/files/texstep_herringbone_natural_162m_felt_back_living_room.jpg?v=1779041685,1,Texstep Herringbone Natural 162M Felt Back,false,Texstep Herringbone Natural 162M Felt Back,Elegant herringbone pattern flooring from Factory Direct Flooring. A classic design that adds character to any room. Available in wood and LVT options. Suits both traditional and contemporary interiors.,,kg,,,active
texstep-herringbone-natural-162m-felt-back,,,,,,,,,,,,,,,,,,,,,,,,,,,,,,,,https://cdn.shopify.com/s/files/1/0998/3049/7592/files/texstep_herringbone_natural_162m_felt_back_swatch.jpg?v=1779041684,2,Texstep Herringbone Natural 162M Felt Back,,,,,,,,
ultrafelt-vinyl-flooring-natural-oak-parquet,Ultrafelt Vinyl Flooring Natural Oak Parquet,<h2>Ultrafelt Vinyl Flooring Natural Oak Parquet</h2><p>Elegant herringbone pattern flooring from Factory Direct Flooring. A classic design that adds character to any room. Available in wood and LVT options. Suits both traditional and contemporary interiors.</p>,Factory Direct Flooring,,Herringbone Flooring,herringbone-flooring,true,Title,Default Title,,,,,,,,67893ST,0.0,shopify,100,deny,manual,0.00,,true,true,,,,,,https://cdn.shopify.com/s/files/1/0998/3049/7592/files/ultrafelt_natural_oak_parquet_cushioned_vinyl_hallway.jpg?v=1779041683,1,Ultrafelt Vinyl Flooring Natural Oak Parquet,false,Ultrafelt Vinyl Flooring Natural Oak Parquet,Elegant herringbone pattern flooring from Factory Direct Flooring. A classic design that adds character to any room. Available in wood and LVT options. Suits both traditional and contemporary interiors.,,kg,,,active
ultrafelt-vinyl-flooring-natural-oak-parquet,,,,,,,,,,,,,,,,,,,,,,,,,,,,,,,,https://cdn.shopify.com/s/files/1/0998/3049/7592/files/ultrafelt_natural_oak_parquet_cushioned_vinyl_swatch.jpg?v=1779041683,2,Ultrafelt Vinyl Flooring Natural Oak Parquet,,,,,,,,
ecostep-vinyl-flooring-herringbone-oak-medium-666d,Ecostep Vinyl Flooring Herringbone Oak Medium 666D,<h2>Ecostep Vinyl Flooring Herringbone Oak Medium 666D</h2><p>Elegant herringbone pattern flooring from Factory Direct Flooring. A classic design that adds character to any room. Available in wood and LVT options. Suits both traditional and contemporary interiors.</p>,Factory Direct Flooring,,Herringbone Flooring,herringbone-flooring,true,Title,Default Title,,,,,,,,73835ST,0.0,shopify,100,deny,manual,0.00,,true,true,,,,,,https://cdn.shopify.com/s/files/1/0998/3049/7592/files/ecostep-herringbone-oak-medium-666d-vinyl-cushion-floor-lifestyle-image-1.jpg?v=1779041682,1,Ecostep Vinyl Flooring Herringbone Oak Medium 666D,false,Ecostep Vinyl Flooring Herringbone Oak Medium 666D,Elegant herringbone pattern flooring from Factory Direct Flooring. A classic design that adds character to any room. Available in wood and LVT options. Suits both traditional and contemporary interiors.,,kg,,,active
ecostep-vinyl-flooring-herringbone-oak-medium-666d,,,,,,,,,,,,,,,,,,,,,,,,,,,,,,,,https://cdn.shopify.com/s/files/1/0998/3049/7592/files/ecostep-herringbone-oak-medium-666d-vinyl-cushion-floor-lifestyle-image-2.jpg?v=1779041683,2,Ecostep Vinyl Flooring Herringbone Oak Medium 666D,,,,,,,,
chic-parquet-dry-back-lvt-herringbone-flooring-outland,Chic Parquet Dry Back Lvt Herringbone Flooring Outland,<h2>Chic Parquet Dry Back Lvt Herringbone Flooring Outland</h2><p>Elegant herringbone pattern flooring from Factory Direct Flooring. A classic design that adds character to any room. Available in wood and LVT options. Suits both traditional and contemporary interiors.</p>,Factory Direct Flooring,,Herringbone Flooring,herringbone-flooring,true,Title,Default Title,,,,,,,,73662ST,0.0,shopify,100,deny,manual,0.00,,true,true,,,,,,https://cdn.shopify.com/s/files/1/0998/3049/7592/files/73662stoutland11cropped.jpg?v=1779041681,1,Chic Parquet Dry Back Lvt Herringbone Flooring Outland,false,Chic Parquet Dry Back Lvt Herringbone Flooring Outland,Elegant herringbone pattern flooring from Factory Direct Flooring. A classic design that adds character to any room. Available in wood and LVT options. Suits both traditional and contemporary interiors.,,kg,,,active
chic-parquet-dry-back-lvt-herringbone-flooring-outland,,,,,,,,,,,,,,,,,,,,,,,,,,,,,,,,https://cdn.shopify.com/s/files/1/0998/3049/7592/files/63662stoutlandcropped.jpg?v=1779041681,2,Chic Parquet Dry Back Lvt Herringbone Flooring Outland,,,,,,,,
embrace-herringbone-laminate-flooring-windsor-oak-10mm-1001,Embrace Herringbone Laminate Flooring Windsor Oak 10mm 1001,<h2>Embrace Herringbone Laminate Flooring Windsor Oak 10mm 1001</h2><p>Elegant herringbone pattern flooring from Factory Direct Flooring. A classic design that adds character to any room. Available in wood and LVT options. Suits both traditional and contemporary interiors.</p>,Factory Direct Flooring,,Herringbone Flooring,herringbone-flooring,true,Title,Default Title,,,,,,,,73880-FC45,0.0,shopify,100,deny,manual,0.00,,true,true,,,,,,https://cdn.shopify.com/s/files/1/0998/3049/7592/files/embrace-herringbone-windsor-oak-10mm-laminate-1001-xl-lifestyle-1.jpg?v=1779041680,1,Embrace Herringbone Laminate Flooring Windsor Oak 10mm 1001,false,Embrace Herringbone Laminate Flooring Windsor Oak 10mm 1001,Elegant herringbone pattern flooring from Factory Direct Flooring. A classic design that adds character to any room. Available in wood and LVT options. Suits both traditional and contemporary interiors.,,kg,,,active
embrace-herringbone-laminate-flooring-windsor-oak-10mm-1001,,,,,,,,,,,,,,,,,,,,,,,,,,,,,,,,https://cdn.shopify.com/s/files/1/0998/3049/7592/files/embrace-herringbone-windsor-oak-10mm-laminate-1001-xl-lifestyle-3.jpg?v=1779041680,2,Embrace Herringbone Laminate Flooring Windsor Oak 10mm 1001,,,,,,,,
embrace-herringbone-laminate-flooring-woodland-oak-14mm-built-in-underlay,Embrace Herringbone Laminate Flooring Woodland Oak 14mm Built-in Underlay,<h2>Embrace Herringbone Laminate Flooring Woodland Oak 14mm Built-in Underlay</h2><p>Elegant herringbone pattern flooring from Factory Direct Flooring. A classic design that adds character to any room. Available in wood and LVT options. Suits both traditional and contemporary interiors.</p>,Factory Direct Flooring,,Herringbone Flooring,herringbone-flooring,true,Title,Default Title,,,,,,,,74150H,0.0,shopify,100,deny,manual,0.00,,true,true,,,,,,https://cdn.shopify.com/s/files/1/0998/3049/7592/files/74150h_4.jpg?v=1779041679,1,Embrace Herringbone Laminate Flooring Woodland Oak 14mm Built-in Underlay,false,Embrace Herringbone Laminate Flooring Woodland Oak 14mm Built-in Underlay,Elegant herringbone pattern flooring from Factory Direct Flooring. A classic design that adds character to any room. Available in wood and LVT options. Suits both traditional and contemporary interiors.,,kg,,,active
embrace-herringbone-laminate-flooring-woodland-oak-14mm-built-in-underlay,,,,,,,,,,,,,,,,,,,,,,,,,,,,,,,,https://cdn.shopify.com/s/files/1/0998/3049/7592/files/74150h_16.jpg?v=1779041679,2,Embrace Herringbone Laminate Flooring Woodland Oak 14mm Built-in Underlay,,,,,,,,
embrace-herringbone-laminate-flooring-farmhouse-oak-14mm-built-in-underlay,Embrace Herringbone Laminate Flooring Farmhouse Oak 14mm Built-in Underlay,<h2>Embrace Herringbone Laminate Flooring Farmhouse Oak 14mm Built-in Underlay</h2><p>Elegant herringbone pattern flooring from Factory Direct Flooring. A classic design that adds character to any room. Available in wood and LVT options. Suits both traditional and contemporary interiors.</p>,Factory Direct Flooring,,Herringbone Flooring,herringbone-flooring,true,Title,Default Title,,,,,,,,74149H,0.0,shopify,100,deny,manual,0.00,,true,true,,,,,,https://cdn.shopify.com/s/files/1/0998/3049/7592/files/74149h_4.jpg?v=1779041679,1,Embrace Herringbone Laminate Flooring Farmhouse Oak 14mm Built-in Underlay,false,Embrace Herringbone Laminate Flooring Farmhouse Oak 14mm Built-in Underlay,Elegant herringbone pattern flooring from Factory Direct Flooring. A classic design that adds character to any room. Available in wood and LVT options. Suits both traditional and contemporary interiors.,,kg,,,active
embrace-herringbone-laminate-flooring-farmhouse-oak-14mm-built-in-underlay,,,,,,,,,,,,,,,,,,,,,,,,,,,,,,,,https://cdn.shopify.com/s/files/1/0998/3049/7592/files/74149h_10.jpg?v=1779041679,2,Embrace Herringbone Laminate Flooring Farmhouse Oak 14mm Built-in Underlay,,,,,,,,
embrace-herringbone-laminate-flooring-crystal-oak-14mm-built-in-underlay,Embrace Herringbone Laminate Flooring Crystal Oak 14mm Built-in Underlay,<h2>Embrace Herringbone Laminate Flooring Crystal Oak 14mm Built-in Underlay</h2><p>Elegant herringbone pattern flooring from Factory Direct Flooring. A classic design that adds character to any room. Available in wood and LVT options. Suits both traditional and contemporary interiors.</p>,Factory Direct Flooring,,Herringbone Flooring,herringbone-flooring,true,Title,Default Title,,,,,,,,74148H,0.0,shopify,100,deny,manual,0.00,,true,true,,,,,,https://cdn.shopify.com/s/files/1/0998/3049/7592/files/74148h_10.jpg?v=1779041678,1,Embrace Herringbone Laminate Flooring Crystal Oak 14mm Built-in Underlay,false,Embrace Herringbone Laminate Flooring Crystal Oak 14mm Built-in Underlay,Elegant herringbone pattern flooring from Factory Direct Flooring. A classic design that adds character to any room. Available in wood and LVT options. Suits both traditional and contemporary interiors.,,kg,,,active
embrace-herringbone-laminate-flooring-crystal-oak-14mm-built-in-underlay,,,,,,,,,,,,,,,,,,,,,,,,,,,,,,,,https://cdn.shopify.com/s/files/1/0998/3049/7592/files/74148h_16.jpg?v=1779041678,2,Embrace Herringbone Laminate Flooring Crystal Oak 14mm Built-in Underlay,,,,,,,,
embrace-herringbone-polar-oak-14mm-laminate-flooring-built-in-underlay,Embrace Herringbone Polar Oak 14mm Laminate Flooring Built-in Underlay,<h2>Embrace Herringbone Polar Oak 14mm Laminate Flooring Built-in Underlay</h2><p>Elegant herringbone pattern flooring from Factory Direct Flooring. A classic design that adds character to any room. Available in wood and LVT options. Suits both traditional and contemporary interiors.</p>,Factory Direct Flooring,,Herringbone Flooring,herringbone-flooring,true,Title,Default Title,,,,,,,,74147H,0.0,shopify,100,deny,manual,0.00,,true,true,,,,,,https://cdn.shopify.com/s/files/1/0998/3049/7592/files/74147h_17.jpg?v=1779041677,1,Embrace Herringbone Polar Oak 14mm Laminate Flooring Built-in Underlay,false,Embrace Herringbone Polar Oak 14mm Laminate Flooring Built-in Underlay,Elegant herringbone pattern flooring from Factory Direct Flooring. A classic design that adds character to any room. Available in wood and LVT options. Suits both traditional and contemporary interiors.,,kg,,,active
embrace-herringbone-polar-oak-14mm-laminate-flooring-built-in-underlay,,,,,,,,,,,,,,,,,,,,,,,,,,,,,,,,https://cdn.shopify.com/s/files/1/0998/3049/7592/files/74147h_23.jpg?v=1779041677,2,Embrace Herringbone Polar Oak 14mm Laminate Flooring Built-in Underlay,,,,,,,,
embrace-herringbone-laminate-flooring-arctic-beige-14mm-built-in-underlay,Embrace Herringbone Laminate Flooring Arctic Beige 14mm Built-in Underlay,<h2>Embrace Herringbone Laminate Flooring Arctic Beige 14mm Built-in Underlay</h2><p>Elegant herringbone pattern flooring from Factory Direct Flooring. A classic design that adds character to any room. Available in wood and LVT options. Suits both traditional and contemporary interiors.</p>,Factory Direct Flooring,,Herringbone Flooring,herringbone-flooring,true,Title,Default Title,,,,,,,,74146H,0.0,shopify,100,deny,manual,0.00,,true,true,,,,,,https://cdn.shopify.com/s/files/1/0998/3049/7592/files/74146h_10.jpg?v=1779041676,1,Embrace Herringbone Laminate Flooring Arctic Beige 14mm Built-in Underlay,false,Embrace Herringbone Laminate Flooring Arctic Beige 14mm Built-in Underlay,Elegant herringbone pattern flooring from Factory Direct Flooring. A classic design that adds character to any room. Available in wood and LVT options. Suits both traditional and contemporary interiors.,,kg,,,active
embrace-herringbone-laminate-flooring-arctic-beige-14mm-built-in-underlay,,,,,,,,,,,,,,,,,,,,,,,,,,,,,,,,https://cdn.shopify.com/s/files/1/0998/3049/7592/files/74146h_17.jpg?v=1779041676,2,Embrace Herringbone Laminate Flooring Arctic Beige 14mm Built-in Underlay,,,,,,,,
embrace-herringbone-laminate-flooring-smoked-oak-14mm-built-in-underlay,Embrace Herringbone Laminate Flooring Smoked Oak 14Mm Built In Underlay,<h2>Embrace Herringbone Laminate Flooring Smoked Oak 14Mm Built In Underlay</h2><p>Elegant herringbone pattern flooring from Factory Direct Flooring. A classic design that adds character to any room. Available in wood and LVT options. Suits both traditional and contemporary interiors.</p>,Factory Direct Flooring,,Herringbone Flooring,herringbone-flooring,true,Title,Default Title,,,,,,,,74145H,0.0,shopify,100,deny,manual,0.00,,true,true,,,,,,,,,false,Embrace Herringbone Laminate Flooring Smoked Oak 14Mm Built In Underlay,Elegant herringbone pattern flooring from Factory Direct Flooring. A classic design that adds character to any room. Available in wood and LVT options. Suits both traditional and contemporary interiors.,,kg,,,active
embrace-herringbone-laminate-flooring-cappuccino-oak-12mm,Embrace Herringbone Laminate Flooring Cappuccino Oak 12mm,<h2>Embrace Herringbone Laminate Flooring Cappuccino Oak 12mm</h2><p>Elegant herringbone pattern flooring from Factory Direct Flooring. A classic design that adds character to any room. Available in wood and LVT options. Suits both traditional and contemporary interiors.</p>,Factory Direct Flooring,,Herringbone Flooring,herringbone-flooring,true,Title,Default Title,,,,,,,,73990-2610,0.0,shopify,100,deny,manual,0.00,,true,true,,,,,,https://cdn.shopify.com/s/files/1/0998/3049/7592/files/embrace_herringbone_cappuccino_oak_12mm_laminate_9.jpg?v=1779041674,1,Embrace Herringbone Laminate Flooring Cappuccino Oak 12mm,false,Embrace Herringbone Laminate Flooring Cappuccino Oak 12mm,Elegant herringbone pattern flooring from Factory Direct Flooring. A classic design that adds character to any room. Available in wood and LVT options. Suits both traditional and contemporary interiors.,,kg,,,active
embrace-herringbone-laminate-flooring-cappuccino-oak-12mm,,,,,,,,,,,,,,,,,,,,,,,,,,,,,,,,https://cdn.shopify.com/s/files/1/0998/3049/7592/files/embrace_herringbone_cappuccino_oak_12mm_laminate_1.jpg?v=1779041674,2,Embrace Herringbone Laminate Flooring Cappuccino Oak 12mm,,,,,,,,
embrace-herringbone-laminate-flooring-traditional-oak-12mm,Embrace Herringbone Laminate Flooring Traditional Oak 12mm,<h2>Embrace Herringbone Laminate Flooring Traditional Oak 12mm</h2><p>Elegant herringbone pattern flooring from Factory Direct Flooring. A classic design that adds character to any room. Available in wood and LVT options. Suits both traditional and contemporary interiors.</p>,Factory Direct Flooring,,Herringbone Flooring,herringbone-flooring,true,Title,Default Title,,,,,,,,73988-9234,0.0,shopify,100,deny,manual,0.00,,true,true,,,,,,https://cdn.shopify.com/s/files/1/0998/3049/7592/files/embrace_herringbone_traditional_oak_12mm_laminate_4.jpg?v=1779041673,1,Embrace Herringbone Laminate Flooring Traditional Oak 12mm,false,Embrace Herringbone Laminate Flooring Traditional Oak 12mm,Elegant herringbone pattern flooring from Factory Direct Flooring. A classic design that adds character to any room. Available in wood and LVT options. Suits both traditional and contemporary interiors.,,kg,,,active
embrace-herringbone-laminate-flooring-traditional-oak-12mm,,,,,,,,,,,,,,,,,,,,,,,,,,,,,,,,https://cdn.shopify.com/s/files/1/0998/3049/7592/files/embrace_herringbone_traditional_oak_12mm_laminate_1.jpg?v=1779041673,2,Embrace Herringbone Laminate Flooring Traditional Oak 12mm,,,,,,,,
embrace-herringbone-laminate-flooring-washed-oak-12mm,Embrace Herringbone Laminate Flooring Washed Oak 12mm,<h2>Embrace Herringbone Laminate Flooring Washed Oak 12mm</h2><p>Elegant herringbone pattern flooring from Factory Direct Flooring. A classic design that adds character to any room. Available in wood and LVT options. Suits both traditional and contemporary interiors.</p>,Factory Direct Flooring,,Herringbone Flooring,herringbone-flooring,true,Title,Default Title,,,,,,,,73989-1051,0.0,shopify,100,deny,manual,0.00,,true,true,,,,,,https://cdn.shopify.com/s/files/1/0998/3049/7592/files/embrace_herringbone_washed_oak_12mm_laminate_8.jpg?v=1779041671,1,Embrace Herringbone Laminate Flooring Washed Oak 12mm,false,Embrace Herringbone Laminate Flooring Washed Oak 12mm,Elegant herringbone pattern flooring from Factory Direct Flooring. A classic design that adds character to any room. Available in wood and LVT options. Suits both traditional and contemporary interiors.,,kg,,,active
embrace-herringbone-laminate-flooring-washed-oak-12mm,,,,,,,,,,,,,,,,,,,,,,,,,,,,,,,,https://cdn.shopify.com/s/files/1/0998/3049/7592/files/embrace_herringbone_washed_oak_12mm_laminate_1.jpg?v=1779041672,2,Embrace Herringbone Laminate Flooring Washed Oak 12mm,,,,,,,,
embrace-herringbone-limed-oak-12mm-laminate,Embrace Herringbone Limed Oak 12mm Laminate,<h2>Embrace Herringbone Limed Oak 12mm Laminate</h2><p>Elegant herringbone pattern flooring from Factory Direct Flooring. A classic design that adds character to any room. Available in wood and LVT options. Suits both traditional and contemporary interiors.</p>,Factory Direct Flooring,,Herringbone Flooring,herringbone-flooring,true,Title,Default Title,,,,,,,,73987-2609,0.0,shopify,100,deny,manual,0.00,,true,true,,,,,,https://cdn.shopify.com/s/files/1/0998/3049/7592/files/embrace_herringbone_limed_oak_12mm_laminate_4.jpg?v=1779041671,1,Embrace Herringbone Limed Oak 12mm Laminate,false,Embrace Herringbone Limed Oak 12mm Laminate,Elegant herringbone pattern flooring from Factory Direct Flooring. A classic design that adds character to any room. Available in wood and LVT options. Suits both traditional and contemporary interiors.,,kg,,,active
embrace-herringbone-limed-oak-12mm-laminate,,,,,,,,,,,,,,,,,,,,,,,,,,,,,,,,https://cdn.shopify.com/s/files/1/0998/3049/7592/files/embrace_herringbone_limed_oak_12mm_laminate_1.jpg?v=1779041671,2,Embrace Herringbone Limed Oak 12mm Laminate,,,,,,,,
embrace-herringbone-royal-oak-12mm-laminate,Embrace Herringbone Royal Oak 12mm Laminate,<h2>Embrace Herringbone Royal Oak 12mm Laminate</h2><p>Elegant herringbone pattern flooring from Factory Direct Flooring. A classic design that adds character to any room. Available in wood and LVT options. Suits both traditional and contemporary interiors.</p>,Factory Direct Flooring,,Herringbone Flooring,herringbone-flooring,true,Title,Default Title,,,,,,,,73986-2607,0.0,shopify,100,deny,manual,0.00,,true,true,,,,,,https://cdn.shopify.com/s/files/1/0998/3049/7592/files/embrace_herringbone_royal_oak_12mm_laminate_2.jpg?v=1779041670,1,Embrace Herringbone Royal Oak 12mm Laminate,false,Embrace Herringbone Royal Oak 12mm Laminate,Elegant herringbone pattern flooring from Factory Direct Flooring. A classic design that adds character to any room. Available in wood and LVT options. Suits both traditional and contemporary interiors.,,kg,,,active
embrace-herringbone-royal-oak-12mm-laminate,,,,,,,,,,,,,,,,,,,,,,,,,,,,,,,,https://cdn.shopify.com/s/files/1/0998/3049/7592/files/embrace_herringbone_royal_oak_12mm_laminate_1.jpg?v=1779041670,2,Embrace Herringbone Royal Oak 12mm Laminate,,,,,,,,
embrace-herringbone-laminate-flooring-walnut-12mm,Embrace Herringbone Laminate Flooring Walnut 12mm,<h2>Embrace Herringbone Laminate Flooring Walnut 12mm</h2><p>Elegant herringbone pattern flooring from Factory Direct Flooring. A classic design that adds character to any room. Available in wood and LVT options. Suits both traditional and contemporary interiors.</p>,Factory Direct Flooring,,Herringbone Flooring,herringbone-flooring,true,Title,Default Title,,,,,,,,73985-90758,0.0,shopify,100,deny,manual,0.00,,true,true,,,,,,https://cdn.shopify.com/s/files/1/0998/3049/7592/files/embrace_herringbone_walnut_12mm_laminate_2.jpg?v=1779041668,1,Embrace Herringbone Laminate Flooring Walnut 12mm,false,Embrace Herringbone Laminate Flooring Walnut 12mm,Elegant herringbone pattern flooring from Factory Direct Flooring. A classic design that adds character to any room. Available in wood and LVT options. Suits both traditional and contemporary interiors.,,kg,,,active
embrace-herringbone-laminate-flooring-walnut-12mm,,,,,,,,,,,,,,,,,,,,,,,,,,,,,,,,https://cdn.shopify.com/s/files/1/0998/3049/7592/files/embrace_herringbone_walnut_12mm_laminate_1.jpg?v=1779041669,2,Embrace Herringbone Laminate Flooring Walnut 12mm,,,,,,,,
embrace-herringbone-laminate-flooring-century-oak-12mm,Embrace Herringbone Laminate Flooring Century Oak 12mm,<h2>Embrace Herringbone Laminate Flooring Century Oak 12mm</h2><p>Elegant herringbone pattern flooring from Factory Direct Flooring. A classic design that adds character to any room. Available in wood and LVT options. Suits both traditional and contemporary interiors.</p>,Factory Direct Flooring,,Herringbone Flooring,herringbone-flooring,true,Title,Default Title,,,,,,,,73984-2006,0.0,shopify,100,deny,manual,0.00,,true,true,,,,,,https://cdn.shopify.com/s/files/1/0998/3049/7592/files/embrace_herringbone_century_oak_12mm_laminate_2.jpg?v=1779041668,1,Embrace Herringbone Laminate Flooring Century Oak 12mm,false,Embrace Herringbone Laminate Flooring Century Oak 12mm,Elegant herringbone pattern flooring from Factory Direct Flooring. A classic design that adds character to any room. Available in wood and LVT options. Suits both traditional and contemporary interiors.,,kg,,,active
embrace-herringbone-laminate-flooring-century-oak-12mm,,,,,,,,,,,,,,,,,,,,,,,,,,,,,,,,https://cdn.shopify.com/s/files/1/0998/3049/7592/files/embrace_herringbone_century_oak_12mm_laminate_6.jpg?v=1779041669,2,Embrace Herringbone Laminate Flooring Century Oak 12mm,,,,,,,,
embrace-herringbone-laminate-flooring-midnight-oak-12mm,Embrace Herringbone Laminate Flooring Midnight Oak 12mm,<h2>Embrace Herringbone Laminate Flooring Midnight Oak 12mm</h2><p>Elegant herringbone pattern flooring from Factory Direct Flooring. A classic design that adds character to any room. Available in wood and LVT options. Suits both traditional and contemporary interiors.</p>,Factory Direct Flooring,,Herringbone Flooring,herringbone-flooring,true,Title,Default Title,,,,,,,,73983-R379,0.0,shopify,100,deny,manual,0.00,,true,true,,,,,,https://cdn.shopify.com/s/files/1/0998/3049/7592/files/embrace_herringbone_midnight_oak_12mm_laminate_3.jpg?v=1779041667,1,Embrace Herringbone Laminate Flooring Midnight Oak 12mm,false,Embrace Herringbone Laminate Flooring Midnight Oak 12mm,Elegant herringbone pattern flooring from Factory Direct Flooring. A classic design that adds character to any room. Available in wood and LVT options. Suits both traditional and contemporary interiors.,,kg,,,active
embrace-herringbone-laminate-flooring-midnight-oak-12mm,,,,,,,,,,,,,,,,,,,,,,,,,,,,,,,,https://cdn.shopify.com/s/files/1/0998/3049/7592/files/embrace_herringbone_midnight_oak_12mm_laminate_1.jpg?v=1779041666,2,Embrace Herringbone Laminate Flooring Midnight Oak 12mm,,,,,,,,
embrace-herringbone-laminate-flooring-10mm-tricat-oak-6018,Embrace Herringbone Laminate Flooring 10mm Tricat Oak 6018,<h2>Embrace Herringbone Laminate Flooring 10mm Tricat Oak 6018</h2><p>Elegant herringbone pattern flooring from Factory Direct Flooring. A classic design that adds character to any room. Available in wood and LVT options. Suits both traditional and contemporary interiors.</p>,Factory Direct Flooring,,Herringbone Flooring,herringbone-flooring,true,Title,Default Title,,,,,,,,71657,0.0,shopify,100,deny,manual,0.00,,true,true,,,,,,https://cdn.shopify.com/s/files/1/0998/3049/7592/files/embrace-herringbone-10mm-tricat-oak-6018-xl-lifestyle-1_1.jpg?v=1779041666,1,Embrace Herringbone Laminate Flooring 10mm Tricat Oak 6018,false,Embrace Herringbone Laminate Flooring 10mm Tricat Oak 6018,Elegant herringbone pattern flooring from Factory Direct Flooring. A classic design that adds character to any room. Available in wood and LVT options. Suits both traditional and contemporary interiors.,,kg,,,active
embrace-herringbone-laminate-flooring-10mm-tricat-oak-6018,,,,,,,,,,,,,,,,,,,,,,,,,,,,,,,,https://cdn.shopify.com/s/files/1/0998/3049/7592/files/embrace-herringbone-10mm-tricat-oak-6018-xl-lifestyle-2_1.jpg?v=1779041666,2,Embrace Herringbone Laminate Flooring 10mm Tricat Oak 6018,,,,,,,,
prestige-herringbone-laminate-flooring-coffee-oak-8mm-4766,Prestige Herringbone Laminate Flooring Coffee Oak 8mm 4766,<h2>Prestige Herringbone Laminate Flooring Coffee Oak 8mm 4766</h2><p>Elegant herringbone pattern flooring from Factory Direct Flooring. A classic design that adds character to any room. Available in wood and LVT options. Suits both traditional and contemporary interiors.</p>,Factory Direct Flooring,,Herringbone Flooring,herringbone-flooring,true,Title,Default Title,,,,,,,,67274-FC47,0.0,shopify,100,deny,manual,0.00,,true,true,,,,,,https://cdn.shopify.com/s/files/1/0998/3049/7592/files/prestige-herringbone-coffee-oak-8mm-laminate-4766-lifestyle-xl-1.jpg?v=1779041665,1,Prestige Herringbone Laminate Flooring Coffee Oak 8mm 4766,false,Prestige Herringbone Laminate Flooring Coffee Oak 8mm 4766,Elegant herringbone pattern flooring from Factory Direct Flooring. A classic design that adds character to any room. Available in wood and LVT options. Suits both traditional and contemporary interiors.,,kg,,,active
prestige-herringbone-laminate-flooring-coffee-oak-8mm-4766,,,,,,,,,,,,,,,,,,,,,,,,,,,,,,,,https://cdn.shopify.com/s/files/1/0998/3049/7592/files/prestige-herringbone-coffee-oak-8mm-laminate-4766-lifestyle-xl-2.jpg?v=1779041665,2,Prestige Herringbone Laminate Flooring Coffee Oak 8mm 4766,,,,,,,,
prestige-herringbone-laminate-flooring-tobacco-light-8mm-4764,Prestige Herringbone Laminate Flooring Tobacco Light 8mm 4764,<h2>Prestige Herringbone Laminate Flooring Tobacco Light 8mm 4764</h2><p>Elegant herringbone pattern flooring from Factory Direct Flooring. A classic design that adds character to any room. Available in wood and LVT options. Suits both traditional and contemporary interiors.</p>,Factory Direct Flooring,,Herringbone Flooring,herringbone-flooring,true,Title,Default Title,,,,,,,,67273-FC15,0.0,shopify,100,deny,manual,0.00,,true,true,,,,,,https://cdn.shopify.com/s/files/1/0998/3049/7592/files/prestige-herringbone-tobacco-light-8mm-laminate-4764-xl-lifestyle-1.jpg?v=1779041665,1,Prestige Herringbone Laminate Flooring Tobacco Light 8mm 4764,false,Prestige Herringbone Laminate Flooring Tobacco Light 8mm 4764,Elegant herringbone pattern flooring from Factory Direct Flooring. A classic design that adds character to any room. Available in wood and LVT options. Suits both traditional and contemporary interiors.,,kg,,,active
prestige-herringbone-laminate-flooring-tobacco-light-8mm-4764,,,,,,,,,,,,,,,,,,,,,,,,,,,,,,,,https://cdn.shopify.com/s/files/1/0998/3049/7592/files/prestige-herringbone-tobacco-light-8mm-laminate-4764-xl-swatch-1.jpg?v=1779041664,2,Prestige Herringbone Laminate Flooring Tobacco Light 8mm 4764,,,,,,,,
prestige-herringbone-laminate-flooring-classic-natural-oak-8mm-3861,Prestige Herringbone Laminate flooring Classic Natural Oak 8mm 3861,<h2>Prestige Herringbone Laminate flooring Classic Natural Oak 8mm 3861</h2><p>Elegant herringbone pattern flooring from Factory Direct Flooring. A classic design that adds character to any room. Available in wood and LVT options. Suits both traditional and contemporary interiors.</p>,Factory Direct Flooring,,Herringbone Flooring,herringbone-flooring,true,Title,Default Title,,,,,,,,67271,0.0,shopify,100,deny,manual,0.00,,true,true,,,,,,https://cdn.shopify.com/s/files/1/0998/3049/7592/files/prestige-herringbone-classic-natural-oak-8mm-laminate-3861-xl-lifestyle-1.jpg?v=1779041664,1,Prestige Herringbone Laminate flooring Classic Natural Oak 8mm 3861,false,Prestige Herringbone Laminate flooring Classic Natural Oak 8mm 3861,Elegant herringbone pattern flooring from Factory Direct Flooring. A classic design that adds character to any room. Available in wood and LVT options. Suits both traditional and contemporary interiors.,,kg,,,active
prestige-herringbone-laminate-flooring-classic-natural-oak-8mm-3861,,,,,,,,,,,,,,,,,,,,,,,,,,,,,,,,https://cdn.shopify.com/s/files/1/0998/3049/7592/files/prestige-herringbone-classic-natural-oak-8mm-laminate-3861-xl-lifestyle-2.jpg?v=1779041664,2,Prestige Herringbone Laminate flooring Classic Natural Oak 8mm 3861,,,,,,,,
prestige-herringbone-laminate-flooring-smokey-oak-8mm-3860,Prestige Herringbone Laminate Flooring Smokey Oak 8mm 3860,<h2>Prestige Herringbone Laminate Flooring Smokey Oak 8mm 3860</h2><p>Elegant herringbone pattern flooring from Factory Direct Flooring. A classic design that adds character to any room. Available in wood and LVT options. Suits both traditional and contemporary interiors.</p>,Factory Direct Flooring,,Herringbone Flooring,herringbone-flooring,true,Title,Default Title,,,,,,,,67270-FC46,0.0,shopify,100,deny,manual,0.00,,true,true,,,,,,https://cdn.shopify.com/s/files/1/0998/3049/7592/files/prestige-herringbone-smokey-oak-8mm-laminate-3860-xl-lifestyle-1.jpg?v=1779041663,1,Prestige Herringbone Laminate Flooring Smokey Oak 8mm 3860,false,Prestige Herringbone Laminate Flooring Smokey Oak 8mm 3860,Elegant herringbone pattern flooring from Factory Direct Flooring. A classic design that adds character to any room. Available in wood and LVT options. Suits both traditional and contemporary interiors.,,kg,,,active
prestige-herringbone-laminate-flooring-smokey-oak-8mm-3860,,,,,,,,,,,,,,,,,,,,,,,,,,,,,,,,https://cdn.shopify.com/s/files/1/0998/3049/7592/files/prestige-herringbone-smokey-oak-8mm-laminate-3860-xl-lifestyle-2.jpg?v=1779041662,2,Prestige Herringbone Laminate Flooring Smokey Oak 8mm 3860,,,,,,,,
prestige-herringbone-laminate-flooring-frosted-oak-8mm-3516,Prestige Herringbone Laminate Flooring Frosted Oak 8mm 3516,<h2>Prestige Herringbone Laminate Flooring Frosted Oak 8mm 3516</h2><p>Elegant herringbone pattern flooring from Factory Direct Flooring. A classic design that adds character to any room. Available in wood and LVT options. Suits both traditional and contemporary interiors.</p>,Factory Direct Flooring,,Herringbone Flooring,herringbone-flooring,true,Title,Default Title,,,,,,,,67266-FC70,0.0,shopify,100,deny,manual,0.00,,true,true,,,,,,https://cdn.shopify.com/s/files/1/0998/3049/7592/files/prestige-herringbone-frosted-oak-8mm-laminate-3516-xl-lifestyle-1.jpg?v=1779041662,1,Prestige Herringbone Laminate Flooring Frosted Oak 8mm 3516,false,Prestige Herringbone Laminate Flooring Frosted Oak 8mm 3516,Elegant herringbone pattern flooring from Factory Direct Flooring. A classic design that adds character to any room. Available in wood and LVT options. Suits both traditional and contemporary interiors.,,kg,,,active
prestige-herringbone-laminate-flooring-frosted-oak-8mm-3516,,,,,,,,,,,,,,,,,,,,,,,,,,,,,,,,https://cdn.shopify.com/s/files/1/0998/3049/7592/files/prestige-herringbone-frosted-oak-8mm-laminate-3516-xl-lifestyle-2.jpg?v=1779041662,2,Prestige Herringbone Laminate Flooring Frosted Oak 8mm 3516,,,,,,,,
prestige-herringbone-laminate-flooring-charcoal-8mm-6010,Prestige Herringbone Laminate Flooring Charcoal 8mm 6010,<h2>Prestige Herringbone Laminate Flooring Charcoal 8mm 6010</h2><p>Elegant herringbone pattern flooring from Factory Direct Flooring. A classic design that adds character to any room. Available in wood and LVT options. Suits both traditional and contemporary interiors.</p>,Factory Direct Flooring,,Herringbone Flooring,herringbone-flooring,true,Title,Default Title,,,,,,,,69578,0.0,shopify,100,deny,manual,0.00,,true,true,,,,,,https://cdn.shopify.com/s/files/1/0998/3049/7592/files/prestige-herringbone-charcoal-8mm-laminate-6010-xl-lifestyle-1.jpg?v=1779041660,1,Prestige Herringbone Laminate Flooring Charcoal 8mm 6010,false,Prestige Herringbone Laminate Flooring Charcoal 8mm 6010,Elegant herringbone pattern flooring from Factory Direct Flooring. A classic design that adds character to any room. Available in wood and LVT options. Suits both traditional and contemporary interiors.,,kg,,,active
prestige-herringbone-laminate-flooring-charcoal-8mm-6010,,,,,,,,,,,,,,,,,,,,,,,,,,,,,,,,https://cdn.shopify.com/s/files/1/0998/3049/7592/files/prestige-herringbone-charcoal-8mm-laminate-6010-xl-lifestyle-2.jpg?v=1779041661,2,Prestige Herringbone Laminate Flooring Charcoal 8mm 6010,,,,,,,,
ultrafelt-vinyl-flooring-battle-oak-parquet,Ultrafelt Vinyl Flooring Battle Oak Parquet,<h2>Ultrafelt Vinyl Flooring Battle Oak Parquet</h2><p>Elegant herringbone pattern flooring from Factory Direct Flooring. A classic design that adds character to any room. Available in wood and LVT options. Suits both traditional and contemporary interiors.</p>,Factory Direct Flooring,,Herringbone Flooring,herringbone-flooring,true,Title,Default Title,,,,,,,,67892ST,0.0,shopify,100,deny,manual,0.00,,true,true,,,,,,https://cdn.shopify.com/s/files/1/0998/3049/7592/files/ultrafelt_battle_oak_parquet_cushioned_vinyl_bedroom.jpg?v=1779041660,1,Ultrafelt Vinyl Flooring Battle Oak Parquet,false,Ultrafelt Vinyl Flooring Battle Oak Parquet,Elegant herringbone pattern flooring from Factory Direct Flooring. A classic design that adds character to any room. Available in wood and LVT options. Suits both traditional and contemporary interiors.,,kg,,,active
ultrafelt-vinyl-flooring-battle-oak-parquet,,,,,,,,,,,,,,,,,,,,,,,,,,,,,,,,https://cdn.shopify.com/s/files/1/0998/3049/7592/files/ultrafelt_battle_oak_parquet_cushioned_vinyl_swatch.jpg?v=1779041660,2,Ultrafelt Vinyl Flooring Battle Oak Parquet,,,,,,,,
prestige-herringbone-laminate-flooring-iris-oak-8mm-3773,Prestige Herringbone Laminate Flooring Iris Oak 8mm 3773,<h2>Prestige Herringbone Laminate Flooring Iris Oak 8mm 3773</h2><p>Elegant herringbone pattern flooring from Factory Direct Flooring. A classic design that adds character to any room. Available in wood and LVT options. Suits both traditional and contemporary interiors.</p>,Factory Direct Flooring,,Herringbone Flooring,herringbone-flooring,true,Title,Default Title,,,,,,,,69577,0.0,shopify,100,deny,manual,0.00,,true,true,,,,,,https://cdn.shopify.com/s/files/1/0998/3049/7592/files/prestige-herringbone-iris-oak-8mm-laminate-3773-xl-s1_1.jpg?v=1779041659,1,Prestige Herringbone Laminate Flooring Iris Oak 8mm 3773,false,Prestige Herringbone Laminate Flooring Iris Oak 8mm 3773,Elegant herringbone pattern flooring from Factory Direct Flooring. A classic design that adds character to any room. Available in wood and LVT options. Suits both traditional and contemporary interiors.,,kg,,,active
prestige-herringbone-laminate-flooring-iris-oak-8mm-3773,,,,,,,,,,,,,,,,,,,,,,,,,,,,,,,,https://cdn.shopify.com/s/files/1/0998/3049/7592/files/prestige-herringbone-iris-oak-8mm-laminate-3773-xl-swatch-2.jpg?v=1779041659,2,Prestige Herringbone Laminate Flooring Iris Oak 8mm 3773,,,,,,,,
aqua-plank-hazel-oak-herringbone-click-vinyl,Aqua Plank Hazel Oak Herringbone Click Vinyl,<h2>Aqua Plank Hazel Oak Herringbone Click Vinyl</h2><p>Elegant herringbone pattern flooring from Factory Direct Flooring. A classic design that adds character to any room. Available in wood and LVT options. Suits both traditional and contemporary interiors.</p>,Factory Direct Flooring,,Herringbone Flooring,herringbone-flooring,true,Title,Default Title,,,,,,,,AP74159H,0.0,shopify,100,deny,manual,0.00,,true,true,,,,,,https://cdn.shopify.com/s/files/1/0998/3049/7592/files/ap74159h_16_2.jpg?v=1779041657,1,Aqua Plank Hazel Oak Herringbone Click Vinyl,false,Aqua Plank Hazel Oak Herringbone Click Vinyl,Elegant herringbone pattern flooring from Factory Direct Flooring. A classic design that adds character to any room. Available in wood and LVT options. Suits both traditional and contemporary interiors.,,kg,,,active
aqua-plank-hazel-oak-herringbone-click-vinyl,,,,,,,,,,,,,,,,,,,,,,,,,,,,,,,,https://cdn.shopify.com/s/files/1/0998/3049/7592/files/ap74159h_10_2.jpg?v=1779041658,2,Aqua Plank Hazel Oak Herringbone Click Vinyl,,,,,,,,
ultrafelt-vinyl-flooring-fallow-oak-236m-parquet,Ultrafelt Vinyl Flooring Fallow Oak 236M Parquet,<h2>Ultrafelt Vinyl Flooring Fallow Oak 236M Parquet</h2><p>Elegant herringbone pattern flooring from Factory Direct Flooring. A classic design that adds character to any room. Available in wood and LVT options. Suits both traditional and contemporary interiors.</p>,Factory Direct Flooring,,Herringbone Flooring,herringbone-flooring,true,Title,Default Title,,,,,,,,74124ST,0.0,shopify,100,deny,manual,0.00,,true,true,,,,,,https://cdn.shopify.com/s/files/1/0998/3049/7592/files/ultrafelt_fallow_oak_236m_parquet_cushioned_vinyl_5.jpg?v=1779041657,1,Ultrafelt Vinyl Flooring Fallow Oak 236M Parquet,false,Ultrafelt Vinyl Flooring Fallow Oak 236M Parquet,Elegant herringbone pattern flooring from Factory Direct Flooring. A classic design that adds character to any room. Available in wood and LVT options. Suits both traditional and contemporary interiors.,,kg,,,active
ultrafelt-vinyl-flooring-fallow-oak-236m-parquet,,,,,,,,,,,,,,,,,,,,,,,,,,,,,,,,https://cdn.shopify.com/s/files/1/0998/3049/7592/files/ultrafelt_fallow_oak_236m_parquet_cushioned_vinyl_1.jpg?v=1779041657,2,Ultrafelt Vinyl Flooring Fallow Oak 236M Parquet,,,,,,,,
ecostep-vinyl-flooring-parquet-natural-533,Ecostep Vinyl Flooring Parquet Natural 533,<h2>Ecostep Vinyl Flooring Parquet Natural 533</h2><p>Elegant herringbone pattern flooring from Factory Direct Flooring. A classic design that adds character to any room. Available in wood and LVT options. Suits both traditional and contemporary interiors.</p>,Factory Direct Flooring,,Herringbone Flooring,herringbone-flooring,true,Title,Default Title,,,,,,,,74017ST,0.0,shopify,100,deny,manual,0.00,,true,true,,,,,,https://cdn.shopify.com/s/files/1/0998/3049/7592/files/ecostep_parquet_natural_533_vinyl_cushion_floor_1.jpg?v=1779041656,1,Ecostep Vinyl Flooring Parquet Natural 533,false,Ecostep Vinyl Flooring Parquet Natural 533,Elegant herringbone pattern flooring from Factory Direct Flooring. A classic design that adds character to any room. Available in wood and LVT options. Suits both traditional and contemporary interiors.,,kg,,,active
ecostep-vinyl-flooring-parquet-natural-533,,,,,,,,,,,,,,,,,,,,,,,,,,,,,,,,https://cdn.shopify.com/s/files/1/0998/3049/7592/files/ecostep_parquet_natural_533_vinyl_cushion_floor_2.jpg?v=1779041656,2,Ecostep Vinyl Flooring Parquet Natural 533,,,,,,,,
ecostep-vinyl-flooring-parquet-alaska-581,Ecostep Vinyl Flooring Parquet Alaska 581,<h2>Ecostep Vinyl Flooring Parquet Alaska 581</h2><p>Elegant herringbone pattern flooring from Factory Direct Flooring. A classic design that adds character to any room. Available in wood and LVT options. Suits both traditional and contemporary interiors.</p>,Factory Direct Flooring,,Herringbone Flooring,herringbone-flooring,true,Title,Default Title,,,,,,,,74030ST,0.0,shopify,100,deny,manual,0.00,,true,true,,,,,,https://cdn.shopify.com/s/files/1/0998/3049/7592/files/ecostep_parquet_alaska_581_vinyl_cushion_floor_1.jpg?v=1779041655,1,Ecostep Vinyl Flooring Parquet Alaska 581,false,Ecostep Vinyl Flooring Parquet Alaska 581,Elegant herringbone pattern flooring from Factory Direct Flooring. A classic design that adds character to any room. Available in wood and LVT options. Suits both traditional and contemporary interiors.,,kg,,,active
ecostep-vinyl-flooring-parquet-alaska-581,,,,,,,,,,,,,,,,,,,,,,,,,,,,,,,,https://cdn.shopify.com/s/files/1/0998/3049/7592/files/ecostep_parquet_alaska_581_vinyl_cushion_floor_2.jpg?v=1779041655,2,Ecostep Vinyl Flooring Parquet Alaska 581,,,,,,,,
aqua-plank-shingle-oak-herringbone-click-vinyl-flooring,Aqua Plank Shingle Oak Herringbone Click Vinyl Flooring,<h2>Aqua Plank Shingle Oak Herringbone Click Vinyl Flooring</h2><p>Elegant herringbone pattern flooring from Factory Direct Flooring. A classic design that adds character to any room. Available in wood and LVT options. Suits both traditional and contemporary interiors.</p>,Factory Direct Flooring,,Herringbone Flooring,herringbone-flooring,true,Title,Default Title,,,,,,,,AP74006H,0.0,shopify,100,deny,manual,0.00,,true,true,,,,,,https://cdn.shopify.com/s/files/1/0998/3049/7592/files/ap74006h_11.jpg?v=1779041654,1,Aqua Plank Shingle Oak Herringbone Click Vinyl Flooring,false,Aqua Plank Shingle Oak Herringbone Click Vinyl Flooring,Elegant herringbone pattern flooring from Factory Direct Flooring. A classic design that adds character to any room. Available in wood and LVT options. Suits both traditional and contemporary interiors.,,kg,,,active
aqua-plank-shingle-oak-herringbone-click-vinyl-flooring,,,,,,,,,,,,,,,,,,,,,,,,,,,,,,,,https://cdn.shopify.com/s/files/1/0998/3049/7592/files/ap74006h_13.jpg?v=1779041654,2,Aqua Plank Shingle Oak Herringbone Click Vinyl Flooring,,,,,,,,
aqua-plank-live-oak-herringbone-click-vinyl-flooring,Aqua Plank Live Oak Herringbone Click Vinyl Flooring,<h2>Aqua Plank Live Oak Herringbone Click Vinyl Flooring</h2><p>Elegant herringbone pattern flooring from Factory Direct Flooring. A classic design that adds character to any room. Available in wood and LVT options. Suits both traditional and contemporary interiors.</p>,Factory Direct Flooring,,Herringbone Flooring,herringbone-flooring,true,Title,Default Title,,,,,,,,AP74005H,0.0,shopify,100,deny,manual,0.00,,true,true,,,,,,https://cdn.shopify.com/s/files/1/0998/3049/7592/files/ap74005h_18.jpg?v=1779041653,1,Aqua Plank Live Oak Herringbone Click Vinyl Flooring,false,Aqua Plank Live Oak Herringbone Click Vinyl Flooring,Elegant herringbone pattern flooring from Factory Direct Flooring. A classic design that adds character to any room. Available in wood and LVT options. Suits both traditional and contemporary interiors.,,kg,,,active
aqua-plank-live-oak-herringbone-click-vinyl-flooring,,,,,,,,,,,,,,,,,,,,,,,,,,,,,,,,https://cdn.shopify.com/s/files/1/0998/3049/7592/files/ap74005h_22.jpg?v=1779041653,2,Aqua Plank Live Oak Herringbone Click Vinyl Flooring,,,,,,,,
aqua-plank-ingot-grey-herringbone-click-vinyl-flooring,Aqua Plank Ingot Grey Herringbone Click Vinyl Flooring,<h2>Aqua Plank Ingot Grey Herringbone Click Vinyl Flooring</h2><p>Elegant herringbone pattern flooring from Factory Direct Flooring. A classic design that adds character to any room. Available in wood and LVT options. Suits both traditional and contemporary interiors.</p>,Factory Direct Flooring,,Herringbone Flooring,herringbone-flooring,true,Title,Default Title,,,,,,,,AP74004H,0.0,shopify,100,deny,manual,0.00,,true,true,,,,,,https://cdn.shopify.com/s/files/1/0998/3049/7592/files/aqua_plank_ingot_grey_herringbone_click_vinyl_flooring_11.jpg?v=1779041652,1,Aqua Plank Ingot Grey Herringbone Click Vinyl Flooring,false,Aqua Plank Ingot Grey Herringbone Click Vinyl Flooring,Elegant herringbone pattern flooring from Factory Direct Flooring. A classic design that adds character to any room. Available in wood and LVT options. Suits both traditional and contemporary interiors.,,kg,,,active
aqua-plank-ingot-grey-herringbone-click-vinyl-flooring,,,,,,,,,,,,,,,,,,,,,,,,,,,,,,,,https://cdn.shopify.com/s/files/1/0998/3049/7592/files/aqua_plank_ingot_grey_herringbone_click_vinyl_flooring_1.jpg?v=1779041652,2,Aqua Plank Ingot Grey Herringbone Click Vinyl Flooring,,,,,,,,
aqua-plank-ravine-grey-herringbone-click-vinyl-flooring,Aqua Plank Ravine Grey Herringbone Click Vinyl Flooring,<h2>Aqua Plank Ravine Grey Herringbone Click Vinyl Flooring</h2><p>Elegant herringbone pattern flooring from Factory Direct Flooring. A classic design that adds character to any room. Available in wood and LVT options. Suits both traditional and contemporary interiors.</p>,Factory Direct Flooring,,Herringbone Flooring,herringbone-flooring,true,Title,Default Title,,,,,,,,AP74003H,0.0,shopify,100,deny,manual,0.00,,true,true,,,,,,https://cdn.shopify.com/s/files/1/0998/3049/7592/files/aqua_plank_ravine_grey_herringbone_click_vinyl_flooring_3.jpg?v=1779041651,1,Aqua Plank Ravine Grey Herringbone Click Vinyl Flooring,false,Aqua Plank Ravine Grey Herringbone Click Vinyl Flooring,Elegant herringbone pattern flooring from Factory Direct Flooring. A classic design that adds character to any room. Available in wood and LVT options. Suits both traditional and contemporary interiors.,,kg,,,active
aqua-plank-ravine-grey-herringbone-click-vinyl-flooring,,,,,,,,,,,,,,,,,,,,,,,,,,,,,,,,https://cdn.shopify.com/s/files/1/0998/3049/7592/files/aqua_plank_ravine_grey_herringbone_click_vinyl_flooring_2.jpg?v=1779041651,2,Aqua Plank Ravine Grey Herringbone Click Vinyl Flooring,,,,,,,,
aqua-plank-nature-oak-herringbone-click-vinyl,Aqua Plank Nature Oak Herringbone Click Vinyl,<h2>Aqua Plank Nature Oak Herringbone Click Vinyl</h2><p>Elegant herringbone pattern flooring from Factory Direct Flooring. A classic design that adds character to any room. Available in wood and LVT options. Suits both traditional and contemporary interiors.</p>,Factory Direct Flooring,,Herringbone Flooring,herringbone-flooring,true,Title,Default Title,,,,,,,,AP73982H,0.0,shopify,100,deny,manual,0.00,,true,true,,,,,,https://cdn.shopify.com/s/files/1/0998/3049/7592/files/ap73982h_11.jpg?v=1779041650,1,Aqua Plank Nature Oak Herringbone Click Vinyl,false,Aqua Plank Nature Oak Herringbone Click Vinyl,Elegant herringbone pattern flooring from Factory Direct Flooring. A classic design that adds character to any room. Available in wood and LVT options. Suits both traditional and contemporary interiors.,,kg,,,active
aqua-plank-nature-oak-herringbone-click-vinyl,,,,,,,,,,,,,,,,,,,,,,,,,,,,,,,,https://cdn.shopify.com/s/files/1/0998/3049/7592/files/ap73982h_16.jpg?v=1779041650,2,Aqua Plank Nature Oak Herringbone Click Vinyl,,,,,,,,
aqua-plank-pendosa-oak-herringbone-click-vinyl,Aqua Plank Pendosa Oak Herringbone Click Vinyl,<h2>Aqua Plank Pendosa Oak Herringbone Click Vinyl</h2><p>Elegant herringbone pattern flooring from Factory Direct Flooring. A classic design that adds character to any room. Available in wood and LVT options. Suits both traditional and contemporary interiors.</p>,Factory Direct Flooring,,Herringbone Flooring,herringbone-flooring,true,Title,Default Title,,,,,,,,AP73981H,0.0,shopify,100,deny,manual,0.00,,true,true,,,,,,https://cdn.shopify.com/s/files/1/0998/3049/7592/files/aqua_plank_pendosa_oak_herringbone_click_vinyl_10.jpg?v=1779041649,1,Aqua Plank Pendosa Oak Herringbone Click Vinyl,false,Aqua Plank Pendosa Oak Herringbone Click Vinyl,Elegant herringbone pattern flooring from Factory Direct Flooring. A classic design that adds character to any room. Available in wood and LVT options. Suits both traditional and contemporary interiors.,,kg,,,active
aqua-plank-pendosa-oak-herringbone-click-vinyl,,,,,,,,,,,,,,,,,,,,,,,,,,,,,,,,https://cdn.shopify.com/s/files/1/0998/3049/7592/files/aqua_plank_pendosa_oak_herringbone_click_vinyl_13.jpg?v=1779041649,2,Aqua Plank Pendosa Oak Herringbone Click Vinyl,,,,,,,,
aqua-plank-columbian-oak-herringbone-click-vinyl,Aqua Plank Columbian Oak Herringbone Click Vinyl,<h2>Aqua Plank Columbian Oak Herringbone Click Vinyl</h2><p>Elegant herringbone pattern flooring from Factory Direct Flooring. A classic design that adds character to any room. Available in wood and LVT options. Suits both traditional and contemporary interiors.</p>,Factory Direct Flooring,,Herringbone Flooring,herringbone-flooring,true,Title,Default Title,,,,,,,,AP73980H,0.0,shopify,100,deny,manual,0.00,,true,true,,,,,,https://cdn.shopify.com/s/files/1/0998/3049/7592/files/aqua_plank_columbian_oak_herringbone_click_vinyl_10.jpg?v=1779041649,1,Aqua Plank Columbian Oak Herringbone Click Vinyl,false,Aqua Plank Columbian Oak Herringbone Click Vinyl,Elegant herringbone pattern flooring from Factory Direct Flooring. A classic design that adds character to any room. Available in wood and LVT options. Suits both traditional and contemporary interiors.,,kg,,,active
aqua-plank-columbian-oak-herringbone-click-vinyl,,,,,,,,,,,,,,,,,,,,,,,,,,,,,,,,https://cdn.shopify.com/s/files/1/0998/3049/7592/files/aqua_plank_columbian_oak_herringbone_click_vinyl_11.jpg?v=1779041649,2,Aqua Plank Columbian Oak Herringbone Click Vinyl,,,,,,,,
aqua-plank-pure-oak-herringbone-click-vinyl,Aqua Plank Pure Oak Herringbone Click Vinyl,<h2>Aqua Plank Pure Oak Herringbone Click Vinyl</h2><p>Elegant herringbone pattern flooring from Factory Direct Flooring. A classic design that adds character to any room. Available in wood and LVT options. Suits both traditional and contemporary interiors.</p>,Factory Direct Flooring,,Herringbone Flooring,herringbone-flooring,true,Title,Default Title,,,,,,,,AP73979H,0.0,shopify,100,deny,manual,0.00,,true,true,,,,,,https://cdn.shopify.com/s/files/1/0998/3049/7592/files/ap73979h-12.jpg?v=1779041648,1,Aqua Plank Pure Oak Herringbone Click Vinyl,false,Aqua Plank Pure Oak Herringbone Click Vinyl,Elegant herringbone pattern flooring from Factory Direct Flooring. A classic design that adds character to any room. Available in wood and LVT options. Suits both traditional and contemporary interiors.,,kg,,,active
aqua-plank-pure-oak-herringbone-click-vinyl,,,,,,,,,,,,,,,,,,,,,,,,,,,,,,,,https://cdn.shopify.com/s/files/1/0998/3049/7592/files/ap73979h-8.jpg?v=1779041648,2,Aqua Plank Pure Oak Herringbone Click Vinyl,,,,,,,,
chic-parquet-mini-lvt-flooring-dry-back-sierra-oak-346,Chic Parquet Mini LVT Flooring Dry Back Sierra Oak 346,<h2>Chic Parquet Mini LVT Flooring Dry Back Sierra Oak 346</h2><p>Elegant herringbone pattern flooring from Factory Direct Flooring. A classic design that adds character to any room. Available in wood and LVT options. Suits both traditional and contemporary interiors.</p>,Factory Direct Flooring,,Herringbone Flooring,herringbone-flooring,true,Title,Default Title,,,,,,,,73971-58346,0.0,shopify,100,deny,manual,0.00,,true,true,,,,,,https://cdn.shopify.com/s/files/1/0998/3049/7592/files/chic_parquet_mini_lvt_dry_back_sierra_oak_346_1_1.jpg?v=1779041646,1,Chic Parquet Mini LVT Flooring Dry Back Sierra Oak 346,false,Chic Parquet Mini LVT Flooring Dry Back Sierra Oak 346,Elegant herringbone pattern flooring from Factory Direct Flooring. A classic design that adds character to any room. Available in wood and LVT options. Suits both traditional and contemporary interiors.,,kg,,,active
chic-parquet-mini-lvt-flooring-dry-back-sierra-oak-346,,,,,,,,,,,,,,,,,,,,,,,,,,,,,,,,https://cdn.shopify.com/s/files/1/0998/3049/7592/files/chic_parquet_mini_lvt_dry_back_sierra_oak_346_1.jpg?v=1779041647,2,Chic Parquet Mini LVT Flooring Dry Back Sierra Oak 346,,,,,,,,
chic-parquet-mini-lvt-flooring-dry-back-country-oak-852,Chic Parquet Mini LVT Flooring Dry Back Country Oak 852,<h2>Chic Parquet Mini LVT Flooring Dry Back Country Oak 852</h2><p>Elegant herringbone pattern flooring from Factory Direct Flooring. A classic design that adds character to any room. Available in wood and LVT options. Suits both traditional and contemporary interiors.</p>,Factory Direct Flooring,,Herringbone Flooring,herringbone-flooring,true,Title,Default Title,,,,,,,,73969-54852,0.0,shopify,100,deny,manual,0.00,,true,true,,,,,,https://cdn.shopify.com/s/files/1/0998/3049/7592/files/chic_parquet_mini_lvt_dry_back_country_oak_852_2_1.jpg?v=1779041646,1,Chic Parquet Mini LVT Flooring Dry Back Country Oak 852,false,Chic Parquet Mini LVT Flooring Dry Back Country Oak 852,Elegant herringbone pattern flooring from Factory Direct Flooring. A classic design that adds character to any room. Available in wood and LVT options. Suits both traditional and contemporary interiors.,,kg,,,active
chic-parquet-mini-lvt-flooring-dry-back-country-oak-852,,,,,,,,,,,,,,,,,,,,,,,,,,,,,,,,https://cdn.shopify.com/s/files/1/0998/3049/7592/files/chic_parquet_mini_lvt_dry_back_country_oak_852_1.jpg?v=1779041646,2,Chic Parquet Mini LVT Flooring Dry Back Country Oak 852,,,,,,,,
chic-parquet-mini-lvt-flooring-dry-back-country-oak-991,Chic Parquet Mini LVT Flooring Dry Back Country Oak 991,<h2>Chic Parquet Mini LVT Flooring Dry Back Country Oak 991</h2><p>Elegant herringbone pattern flooring from Factory Direct Flooring. A classic design that adds character to any room. Available in wood and LVT options. Suits both traditional and contemporary interiors.</p>,Factory Direct Flooring,,Herringbone Flooring,herringbone-flooring,true,Title,Default Title,,,,,,,,73968-54991,0.0,shopify,100,deny,manual,0.00,,true,true,,,,,,https://cdn.shopify.com/s/files/1/0998/3049/7592/files/chic_parquet_mini_lvt_dry_back_country_oak_991_1_1.jpg?v=1779041645,1,Chic Parquet Mini LVT Flooring Dry Back Country Oak 991,false,Chic Parquet Mini LVT Flooring Dry Back Country Oak 991,Elegant herringbone pattern flooring from Factory Direct Flooring. A classic design that adds character to any room. Available in wood and LVT options. Suits both traditional and contemporary interiors.,,kg,,,active
chic-parquet-mini-lvt-flooring-dry-back-country-oak-991,,,,,,,,,,,,,,,,,,,,,,,,,,,,,,,,https://cdn.shopify.com/s/files/1/0998/3049/7592/files/chic_parquet_mini_lvt_dry_back_country_oak_991_4_1.jpg?v=1779041645,2,Chic Parquet Mini LVT Flooring Dry Back Country Oak 991,,,,,,,,
chic-parquet-mini-lvt-flooring-dry-back-blackjack-oak-229,Chic Parquet Mini LVT Flooring Dry Back Blackjack Oak 229,<h2>Chic Parquet Mini LVT Flooring Dry Back Blackjack Oak 229</h2><p>Elegant herringbone pattern flooring from Factory Direct Flooring. A classic design that adds character to any room. Available in wood and LVT options. Suits both traditional and contemporary interiors.</p>,Factory Direct Flooring,,Herringbone Flooring,herringbone-flooring,true,Title,Default Title,,,,,,,,73967-22229,0.0,shopify,100,deny,manual,0.00,,true,true,,,,,,https://cdn.shopify.com/s/files/1/0998/3049/7592/files/chic_parquet_mini_lvt_dry_back_blackjack_oak_229_5.jpg?v=1779041644,1,Chic Parquet Mini LVT Flooring Dry Back Blackjack Oak 229,false,Chic Parquet Mini LVT Flooring Dry Back Blackjack Oak 229,Elegant herringbone pattern flooring from Factory Direct Flooring. A classic design that adds character to any room. Available in wood and LVT options. Suits both traditional and contemporary interiors.,,kg,,,active
chic-parquet-mini-lvt-flooring-dry-back-blackjack-oak-229,,,,,,,,,,,,,,,,,,,,,,,,,,,,,,,,https://cdn.shopify.com/s/files/1/0998/3049/7592/files/chic_parquet_mini_lvt_dry_back_blackjack_oak_229_1.jpg?v=1779041644,2,Chic Parquet Mini LVT Flooring Dry Back Blackjack Oak 229,,,,,,,,
chic-parquet-lvt-flooring-dry-back-pale-oak-8008,Chic Parquet LVT Flooring Dry Back Pale Oak 8008,<h2>Chic Parquet LVT Flooring Dry Back Pale Oak 8008</h2><p>Elegant herringbone pattern flooring from Factory Direct Flooring. A classic design that adds character to any room. Available in wood and LVT options. Suits both traditional and contemporary interiors.</p>,Factory Direct Flooring,,Herringbone Flooring,herringbone-flooring,true,Title,Default Title,,,,,,,,73958-8008,0.0,shopify,100,deny,manual,0.00,,true,true,,,,,,https://cdn.shopify.com/s/files/1/0998/3049/7592/files/chic_parquet_lvt_dry_back_pale_oak_8008_1.jpg?v=1779041643,1,Chic Parquet LVT Flooring Dry Back Pale Oak 8008,false,Chic Parquet LVT Flooring Dry Back Pale Oak 8008,Elegant herringbone pattern flooring from Factory Direct Flooring. A classic design that adds character to any room. Available in wood and LVT options. Suits both traditional and contemporary interiors.,,kg,,,active
chic-parquet-lvt-flooring-dry-back-pale-oak-8008,,,,,,,,,,,,,,,,,,,,,,,,,,,,,,,,https://cdn.shopify.com/s/files/1/0998/3049/7592/files/chic_parquet_lvt_dry_back_pale_oak_8008_1_1.jpg?v=1779041643,2,Chic Parquet LVT Flooring Dry Back Pale Oak 8008,,,,,,,,
chic-parquet-lvt-flooring-dry-back-oak-grey-8007,Chic Parquet LVT Flooring Dry Back Oak Grey 8007,<h2>Chic Parquet LVT Flooring Dry Back Oak Grey 8007</h2><p>Elegant herringbone pattern flooring from Factory Direct Flooring. A classic design that adds character to any room. Available in wood and LVT options. Suits both traditional and contemporary interiors.</p>,Factory Direct Flooring,,Herringbone Flooring,herringbone-flooring,true,Title,Default Title,,,,,,,,73957-8007,0.0,shopify,100,deny,manual,0.00,,true,true,,,,,,https://cdn.shopify.com/s/files/1/0998/3049/7592/files/chic_parquet_lvt_dry_back_oak_grey_8007_2_1.jpg?v=1779041642,1,Chic Parquet LVT Flooring Dry Back Oak Grey 8007,false,Chic Parquet LVT Flooring Dry Back Oak Grey 8007,Elegant herringbone pattern flooring from Factory Direct Flooring. A classic design that adds character to any room. Available in wood and LVT options. Suits both traditional and contemporary interiors.,,kg,,,active
chic-parquet-lvt-flooring-dry-back-oak-grey-8007,,,,,,,,,,,,,,,,,,,,,,,,,,,,,,,,https://cdn.shopify.com/s/files/1/0998/3049/7592/files/chic_parquet_lvt_dry_back_oak_grey_8007_2.jpg?v=1779041641,2,Chic Parquet LVT Flooring Dry Back Oak Grey 8007,,,,,,,,
chic-parquet-lvt-dry-back-flooring-driftwood-8006,Chic Parquet LVT Dry Back Flooring Driftwood 8006,<h2>Chic Parquet LVT Dry Back Flooring Driftwood 8006</h2><p>Elegant herringbone pattern flooring from Factory Direct Flooring. A classic design that adds character to any room. Available in wood and LVT options. Suits both traditional and contemporary interiors.</p>,Factory Direct Flooring,,Herringbone Flooring,herringbone-flooring,true,Title,Default Title,,,,,,,,73956-8006,0.0,shopify,100,deny,manual,0.00,,true,true,,,,,,https://cdn.shopify.com/s/files/1/0998/3049/7592/files/chic_parquet_lvt_dry_back_driftwood_8006_5_1.jpg?v=1779041641,1,Chic Parquet LVT Dry Back Flooring Driftwood 8006,false,Chic Parquet LVT Dry Back Flooring Driftwood 8006,Elegant herringbone pattern flooring from Factory Direct Flooring. A classic design that adds character to any room. Available in wood and LVT options. Suits both traditional and contemporary interiors.,,kg,,,active
chic-parquet-lvt-dry-back-flooring-driftwood-8006,,,,,,,,,,,,,,,,,,,,,,,,,,,,,,,,https://cdn.shopify.com/s/files/1/0998/3049/7592/files/chic_parquet_lvt_dry_back_driftwood_8006_4_1.jpg?v=1779041641,2,Chic Parquet LVT Dry Back Flooring Driftwood 8006,,,,,,,,
chic-parquet-lvt-flooring-dry-back-oak-limed-8005,Chic Parquet LVT Flooring Dry Back Oak Limed 8005,<h2>Chic Parquet LVT Flooring Dry Back Oak Limed 8005</h2><p>Elegant herringbone pattern flooring from Factory Direct Flooring. A classic design that adds character to any room. Available in wood and LVT options. Suits both traditional and contemporary interiors.</p>,Factory Direct Flooring,,Herringbone Flooring,herringbone-flooring,true,Title,Default Title,,,,,,,,73955-8005,0.0,shopify,100,deny,manual,0.00,,true,true,,,,,,https://cdn.shopify.com/s/files/1/0998/3049/7592/files/chic_parquet_lvt_dry_back_oak_limed_8005_1_1.jpg?v=1779041640,1,Chic Parquet LVT Flooring Dry Back Oak Limed 8005,false,Chic Parquet LVT Flooring Dry Back Oak Limed 8005,Elegant herringbone pattern flooring from Factory Direct Flooring. A classic design that adds character to any room. Available in wood and LVT options. Suits both traditional and contemporary interiors.,,kg,,,active
chic-parquet-lvt-flooring-dry-back-oak-limed-8005,,,,,,,,,,,,,,,,,,,,,,,,,,,,,,,,https://cdn.shopify.com/s/files/1/0998/3049/7592/files/chic_parquet_lvt_dry_back_oak_limed_8005_3_1.jpg?v=1779041640,2,Chic Parquet LVT Flooring Dry Back Oak Limed 8005,,,,,,,,
chic-parquet-lvt-flooring-dry-back-oak-diverse-8004,Chic Parquet LVT Flooring Dry Back Oak Diverse 8004,<h2>Chic Parquet LVT Flooring Dry Back Oak Diverse 8004</h2><p>Elegant herringbone pattern flooring from Factory Direct Flooring. A classic design that adds character to any room. Available in wood and LVT options. Suits both traditional and contemporary interiors.</p>,Factory Direct Flooring,,Herringbone Flooring,herringbone-flooring,true,Title,Default Title,,,,,,,,73954-8004,0.0,shopify,100,deny,manual,0.00,,true,true,,,,,,https://cdn.shopify.com/s/files/1/0998/3049/7592/files/chic_parquet_lvt_dry_back_oak_diverse_8004_1_1.jpg?v=1779041639,1,Chic Parquet LVT Flooring Dry Back Oak Diverse 8004,false,Chic Parquet LVT Flooring Dry Back Oak Diverse 8004,Elegant herringbone pattern flooring from Factory Direct Flooring. A classic design that adds character to any room. Available in wood and LVT options. Suits both traditional and contemporary interiors.,,kg,,,active
chic-parquet-lvt-flooring-dry-back-oak-diverse-8004,,,,,,,,,,,,,,,,,,,,,,,,,,,,,,,,https://cdn.shopify.com/s/files/1/0998/3049/7592/files/chic_parquet_lvt_dry_back_oak_diverse_8004_15.jpg?v=1779041639,2,Chic Parquet LVT Flooring Dry Back Oak Diverse 8004,,,,,,,,
chic-parquet-lvt-flooring-dry-back-light-walnut-8003,Chic Parquet LVT Flooring Dry Back Light Walnut 8003,<h2>Chic Parquet LVT Flooring Dry Back Light Walnut 8003</h2><p>Elegant herringbone pattern flooring from Factory Direct Flooring. A classic design that adds character to any room. Available in wood and LVT options. Suits both traditional and contemporary interiors.</p>,Factory Direct Flooring,,Herringbone Flooring,herringbone-flooring,true,Title,Default Title,,,,,,,,73953-8003,0.0,shopify,100,deny,manual,0.00,,true,true,,,,,,https://cdn.shopify.com/s/files/1/0998/3049/7592/files/chic_parquet_lvt_dry_back_light_walnut_8003_14_1.jpg?v=1779041638,1,Chic Parquet LVT Flooring Dry Back Light Walnut 8003,false,Chic Parquet LVT Flooring Dry Back Light Walnut 8003,Elegant herringbone pattern flooring from Factory Direct Flooring. A classic design that adds character to any room. Available in wood and LVT options. Suits both traditional and contemporary interiors.,,kg,,,active
chic-parquet-lvt-flooring-dry-back-light-walnut-8003,,,,,,,,,,,,,,,,,,,,,,,,,,,,,,,,https://cdn.shopify.com/s/files/1/0998/3049/7592/files/chic_parquet_lvt_dry_back_light_walnut_8003_6_5.jpg?v=1779041639,2,Chic Parquet LVT Flooring Dry Back Light Walnut 8003,,,,,,,,
chic-parquet-lvt-flooring-dry-back-oak-nature-8002,Chic Parquet LVT Flooring Dry Back Oak Nature 8002,<h2>Chic Parquet LVT Flooring Dry Back Oak Nature 8002</h2><p>Elegant herringbone pattern flooring from Factory Direct Flooring. A classic design that adds character to any room. Available in wood and LVT options. Suits both traditional and contemporary interiors.</p>,Factory Direct Flooring,,Herringbone Flooring,herringbone-flooring,true,Title,Default Title,,,,,,,,73952-8002,0.0,shopify,100,deny,manual,0.00,,true,true,,,,,,https://cdn.shopify.com/s/files/1/0998/3049/7592/files/chic_parquet_lvt_dry_back_oak_nature_8002_1_1.jpg?v=1779041637,1,Chic Parquet LVT Flooring Dry Back Oak Nature 8002,false,Chic Parquet LVT Flooring Dry Back Oak Nature 8002,Elegant herringbone pattern flooring from Factory Direct Flooring. A classic design that adds character to any room. Available in wood and LVT options. Suits both traditional and contemporary interiors.,,kg,,,active
chic-parquet-lvt-flooring-dry-back-oak-nature-8002,,,,,,,,,,,,,,,,,,,,,,,,,,,,,,,,https://cdn.shopify.com/s/files/1/0998/3049/7592/files/chic_parquet_lvt_dry_back_oak_nature_8002_7_3.jpg?v=1779041637,2,Chic Parquet LVT Flooring Dry Back Oak Nature 8002,,,,,,,,
chic-parquet-lvt-flooring-dry-back-oak-haze-8001,Chic Parquet LVT Flooring Dry Back Oak Haze 8001,<h2>Chic Parquet LVT Flooring Dry Back Oak Haze 8001</h2><p>Elegant herringbone pattern flooring from Factory Direct Flooring. A classic design that adds character to any room. Available in wood and LVT options. Suits both traditional and contemporary interiors.</p>,Factory Direct Flooring,,Herringbone Flooring,herringbone-flooring,true,Title,Default Title,,,,,,,,73951-8001,0.0,shopify,100,deny,manual,0.00,,true,true,,,,,,https://cdn.shopify.com/s/files/1/0998/3049/7592/files/chic_parquet_lvt_dry_back_oak_haze_8001_1_2.jpg?v=1779041635,1,Chic Parquet LVT Flooring Dry Back Oak Haze 8001,false,Chic Parquet LVT Flooring Dry Back Oak Haze 8001,Elegant herringbone pattern flooring from Factory Direct Flooring. A classic design that adds character to any room. Available in wood and LVT options. Suits both traditional and contemporary interiors.,,kg,,,active
chic-parquet-lvt-flooring-dry-back-oak-haze-8001,,,,,,,,,,,,,,,,,,,,,,,,,,,,,,,,https://cdn.shopify.com/s/files/1/0998/3049/7592/files/chic_parquet_lvt_dry_back_oak_haze_8001_13.jpg?v=1779041636,2,Chic Parquet LVT Flooring Dry Back Oak Haze 8001,,,,,,,,
chic-parquet-dry-back-lvt-herringbone-flooring-harbour,Chic Parquet Dry Back Lvt Herringbone Flooring Harbour,<h2>Chic Parquet Dry Back Lvt Herringbone Flooring Harbour</h2><p>Elegant herringbone pattern flooring from Factory Direct Flooring. A classic design that adds character to any room. Available in wood and LVT options. Suits both traditional and contemporary interiors.</p>,Factory Direct Flooring,,Herringbone Flooring,herringbone-flooring,true,Title,Default Title,,,,,,,,73939ST,0.0,shopify,100,deny,manual,0.00,,true,true,,,,,,https://cdn.shopify.com/s/files/1/0998/3049/7592/files/chic_parquet_dry_back_herringbone_harbour_12_1.jpg?v=1779041634,1,Chic Parquet Dry Back Lvt Herringbone Flooring Harbour,false,Chic Parquet Dry Back Lvt Herringbone Flooring Harbour,Elegant herringbone pattern flooring from Factory Direct Flooring. A classic design that adds character to any room. Available in wood and LVT options. Suits both traditional and contemporary interiors.,,kg,,,active
chic-parquet-dry-back-lvt-herringbone-flooring-harbour,,,,,,,,,,,,,,,,,,,,,,,,,,,,,,,,https://cdn.shopify.com/s/files/1/0998/3049/7592/files/chic_parquet_dry_back_herringbone_harbour_7_2.jpg?v=1779041634,2,Chic Parquet Dry Back Lvt Herringbone Flooring Harbour,,,,,,,,
prestige-herringbone-laminate-flooring-faded-oak-8mm-3678,Prestige Herringbone Laminate flooring Faded Oak 8mm 3678,<h2>Prestige Herringbone Laminate flooring Faded Oak 8mm 3678</h2><p>Elegant herringbone pattern flooring from Factory Direct Flooring. A classic design that adds character to any room. Available in wood and LVT options. Suits both traditional and contemporary interiors.</p>,Factory Direct Flooring,,Herringbone Flooring,herringbone-flooring,true,Title,Default Title,,,,,,,,67268-FC33,0.0,shopify,100,deny,manual,0.00,,true,true,,,,,,https://cdn.shopify.com/s/files/1/0998/3049/7592/files/prestige-herringbone-faded-oak-8mm-laminate-3678-lifestyle-1.jpg?v=1779041632,1,Prestige Herringbone Laminate flooring Faded Oak 8mm 3678,false,Prestige Herringbone Laminate flooring Faded Oak 8mm 3678,Elegant herringbone pattern flooring from Factory Direct Flooring. A classic design that adds character to any room. Available in wood and LVT options. Suits both traditional and contemporary interiors.,,kg,,,active
prestige-herringbone-laminate-flooring-faded-oak-8mm-3678,,,,,,,,,,,,,,,,,,,,,,,,,,,,,,,,https://cdn.shopify.com/s/files/1/0998/3049/7592/files/prestige_herringbone_faded_oak_8mm_laminate_3678.jpg?v=1779041633,2,Prestige Herringbone Laminate flooring Faded Oak 8mm 3678,,,,,,,,
abbey-riverstone-engineered-wood-flooring-10mm-x-125mm-natural-brushed-lacquer-flooring,Abbey Riverstone Engineered Wood Flooring 10mm x 125mm Natural Brushed Lacquer Flooring,<h2>Abbey Riverstone Engineered Wood Flooring 10mm x 125mm Natural Brushed Lacquer Flooring</h2><p>High-quality engineered wood flooring from Factory Direct Flooring. Multi-layer construction for enhanced stability and durability. Compatible with underfloor heating systems. A beautiful and practical choice for any room in your home.</p>,Factory Direct Flooring,,Engineered Wood Flooring,engineered-wood-flooring,true,Title,Default Title,,,,,,,,74171P,0.0,shopify,100,deny,manual,0.00,,true,true,,,,,,https://cdn.shopify.com/s/files/1/0998/3049/7592/files/74171h-12.jpg?v=1779041632,1,Abbey Riverstone Engineered Wood Flooring 10mm x 125mm Natural Brushed Lacquer Flooring,false,Abbey Riverstone Engineered Wood Flooring 10mm x 125mm Natural Brushed Lacquer Flooring,High-quality engineered wood flooring from Factory Direct Flooring. Multi-layer construction for enhanced stability and durability. Compatible with underfloor heating systems. A beautiful and practical choice for any room in your home.,,kg,,,active
abbey-riverstone-engineered-wood-flooring-10mm-x-125mm-natural-brushed-lacquer-flooring,,,,,,,,,,,,,,,,,,,,,,,,,,,,,,,,https://cdn.shopify.com/s/files/1/0998/3049/7592/files/74171h-16.jpg?v=1779041632,2,Abbey Riverstone Engineered Wood Flooring 10mm x 125mm Natural Brushed Lacquer Flooring,,,,,,,,
abbey-denny-engineered-wood-flooring-14mm-x-125mm-golden-oak-brushed-matt-lacquer,Abbey Denny Engineered Wood Flooring 14mm x 125mm Golden Oak Brushed Matt Lacquer,<h2>Abbey Denny Engineered Wood Flooring 14mm x 125mm Golden Oak Brushed Matt Lacquer</h2><p>High-quality engineered wood flooring from Factory Direct Flooring. Multi-layer construction for enhanced stability and durability. Compatible with underfloor heating systems. A beautiful and practical choice for any room in your home.</p>,Factory Direct Flooring,,Engineered Wood Flooring,engineered-wood-flooring,true,Title,Default Title,,,,,,,,E33288DEN5,0.0,shopify,100,deny,manual,0.00,,true,true,,,,,,https://cdn.shopify.com/s/files/1/0998/3049/7592/files/abbey-denny-14mm-golden-oak-brushed-matt-lacquer-engineered-wood-flooring-main-lifestyle-image_1.jpg?v=1779041630,1,Abbey Denny Engineered Wood Flooring 14mm x 125mm Golden Oak Brushed Matt Lacquer,false,Abbey Denny Engineered Wood Flooring 14mm x 125mm Golden Oak Brushed Matt Lacquer,High-quality engineered wood flooring from Factory Direct Flooring. Multi-layer construction for enhanced stability and durability. Compatible with underfloor heating systems. A beautiful and practical choice for any room in your home.,,kg,,,active
abbey-denny-engineered-wood-flooring-14mm-x-125mm-golden-oak-brushed-matt-lacquer,,,,,,,,,,,,,,,,,,,,,,,,,,,,,,,,https://cdn.shopify.com/s/files/1/0998/3049/7592/files/abbey-denny-14mm-golden-oak-brushed-matt-lacquer-engineered-wood-flooring-plain-swatch_1.jpg?v=1779041630,2,Abbey Denny Engineered Wood Flooring 14mm x 125mm Golden Oak Brushed Matt Lacquer,,,,,,,,
manor-roke-oak-engineered-wood-flooring-18mm-x-190mm-smoke-white-brushed-matt-lacquer,Manor Roke Oak Engineered Wood Flooring 18mm x 190mm Smoke White Brushed Matt Lacquer,<h2>Manor Roke Oak Engineered Wood Flooring 18mm x 190mm Smoke White Brushed Matt Lacquer</h2><p>High-quality engineered wood flooring from Factory Direct Flooring. Multi-layer construction for enhanced stability and durability. Compatible with underfloor heating systems. A beautiful and practical choice for any room in your home.</p>,Factory Direct Flooring,,Engineered Wood Flooring,engineered-wood-flooring,true,Title,Default Title,,,,,,,,E73890ROK,0.0,shopify,100,deny,manual,0.00,,true,true,,,,,,https://cdn.shopify.com/s/files/1/0998/3049/7592/files/manor_roke_18mm_white_brushed_matt_lacquer_oak_engineered_floor_9.jpg?v=1779041628,1,Manor Roke Oak Engineered Wood Flooring 18mm x 190mm Smoke White Brushed Matt Lacquer,false,Manor Roke Oak Engineered Wood Flooring 18mm x 190mm Smoke White Brushed Matt Lacquer,High-quality engineered wood flooring from Factory Direct Flooring. Multi-layer construction for enhanced stability and durability. Compatible with underfloor heating systems. A beautiful and practical choice for any room in your home.,,kg,,,active
manor-roke-oak-engineered-wood-flooring-18mm-x-190mm-smoke-white-brushed-matt-lacquer,,,,,,,,,,,,,,,,,,,,,,,,,,,,,,,,https://cdn.shopify.com/s/files/1/0998/3049/7592/files/manor_roke_18mm_white_brushed_matt_lacquer_oak_engineered_floor_8.jpg?v=1779041628,2,Manor Roke Oak Engineered Wood Flooring 18mm x 190mm Smoke White Brushed Matt Lacquer,,,,,,,,
herringbone-parquet-engineered-wood-flooring-lacquered-dalgona-oak-10mm,Herringbone Parquet Engineered Wood Flooring lacquered Dalgona Oak 10mm,<h2>Herringbone Parquet Engineered Wood Flooring lacquered Dalgona Oak 10mm</h2><p>High-quality engineered wood flooring from Factory Direct Flooring. Multi-layer construction for enhanced stability and durability. Compatible with underfloor heating systems. A beautiful and practical choice for any room in your home.</p>,Factory Direct Flooring,,Engineered Wood Flooring,engineered-wood-flooring,true,Title,Default Title,,,,,,,,ESP72089DAL05,0.0,shopify,100,deny,manual,0.00,,true,true,,,,,,https://cdn.shopify.com/s/files/1/0998/3049/7592/files/herringbone-parquet-lacquered-dalgona-oak-10mm-engineered-lifestyle-1_1.jpg?v=1779041627,1,Herringbone Parquet Engineered Wood Flooring lacquered Dalgona Oak 10mm,false,Herringbone Parquet Engineered Wood Flooring lacquered Dalgona Oak 10mm,High-quality engineered wood flooring from Factory Direct Flooring. Multi-layer construction for enhanced stability and durability. Compatible with underfloor heating systems. A beautiful and practical choice for any room in your home.,,kg,,,active
herringbone-parquet-engineered-wood-flooring-lacquered-dalgona-oak-10mm,,,,,,,,,,,,,,,,,,,,,,,,,,,,,,,,https://cdn.shopify.com/s/files/1/0998/3049/7592/files/herringbone-parquet-lacquered-dalgona-oak-10mm-engineered-lifestyle-2.jpg?v=1779041627,2,Herringbone Parquet Engineered Wood Flooring lacquered Dalgona Oak 10mm,,,,,,,,
manor-fyne-14mm-oak-matt-lacquer-click-engineered-floor,Manor Fyne 14mm Oak Matt Lacquer Click Engineered Floor,<h2>Manor Fyne 14mm Oak Matt Lacquer Click Engineered Floor</h2><p>High-quality engineered wood flooring from Factory Direct Flooring. Multi-layer construction for enhanced stability and durability. Compatible with underfloor heating systems. A beautiful and practical choice for any room in your home.</p>,Factory Direct Flooring,,Engineered Wood Flooring,engineered-wood-flooring,true,Title,Default Title,,,,,,,,E71366-10,0.0,shopify,100,deny,manual,0.00,,true,true,,,,,,https://cdn.shopify.com/s/files/1/0998/3049/7592/files/manor-fyne-14mm-oak-matt-lacquer-click-engineered-floorlifestyle-1.jpg?v=1779041625,1,Manor Fyne 14mm Oak Matt Lacquer Click Engineered Floor,false,Manor Fyne 14mm Oak Matt Lacquer Click Engineered Floor,High-quality engineered wood flooring from Factory Direct Flooring. Multi-layer construction for enhanced stability and durability. Compatible with underfloor heating systems. A beautiful and practical choice for any room in your home.,,kg,,,active
manor-fyne-14mm-oak-matt-lacquer-click-engineered-floor,,,,,,,,,,,,,,,,,,,,,,,,,,,,,,,,https://cdn.shopify.com/s/files/1/0998/3049/7592/files/manor-fyne-14mm-oak-matt-lacquer-click-engineered-floorlifestyle-2.jpg?v=1779041625,2,Manor Fyne 14mm Oak Matt Lacquer Click Engineered Floor,,,,,,,,
wroxton-engineered-wood-flooring-14mm-x-190mm-white-stained-oak-brushed-matt-lacquer,Wroxton Engineered Wood Flooring 14mm x 190mm White Stained Oak Brushed Matt Lacquer,<h2>Wroxton Engineered Wood Flooring 14mm x 190mm White Stained Oak Brushed Matt Lacquer</h2><p>High-quality engineered wood flooring from Factory Direct Flooring. Multi-layer construction for enhanced stability and durability. Compatible with underfloor heating systems. A beautiful and practical choice for any room in your home.</p>,Factory Direct Flooring,,Engineered Wood Flooring,engineered-wood-flooring,true,Title,Default Title,,,,,,,,E34141WRO6,0.0,shopify,100,deny,manual,0.00,,true,true,,,,,,https://cdn.shopify.com/s/files/1/0998/3049/7592/files/wroxton-white-stained-oak-brushed-matt-lacquer-14mm-engineered-flooring-xl-3.jpg?v=1779041624,1,Wroxton Engineered Wood Flooring 14mm x 190mm White Stained Oak Brushed Matt Lacquer,false,Wroxton Engineered Wood Flooring 14mm x 190mm White Stained Oak Brushed Matt Lacquer,High-quality engineered wood flooring from Factory Direct Flooring. Multi-layer construction for enhanced stability and durability. Compatible with underfloor heating systems. A beautiful and practical choice for any room in your home.,,kg,,,active
wroxton-engineered-wood-flooring-14mm-x-190mm-white-stained-oak-brushed-matt-lacquer,,,,,,,,,,,,,,,,,,,,,,,,,,,,,,,,https://cdn.shopify.com/s/files/1/0998/3049/7592/files/wroxton-white-stained-oak-brushed-matt-lacquer-14mm-xl-lifestyle-6.jpg?v=1779041624,2,Wroxton Engineered Wood Flooring 14mm x 190mm White Stained Oak Brushed Matt Lacquer,,,,,,,,
manor-lound-14mm-oak-matt-lacquer-click-engineered-floor,Manor Lound 14mm Oak Matt Lacquer Click Engineered Floor,<h2>Manor Lound 14mm Oak Matt Lacquer Click Engineered Floor</h2><p>High-quality engineered wood flooring from Factory Direct Flooring. Multi-layer construction for enhanced stability and durability. Compatible with underfloor heating systems. A beautiful and practical choice for any room in your home.</p>,Factory Direct Flooring,,Engineered Wood Flooring,engineered-wood-flooring,true,Title,Default Title,,,,,,,,E71363-10,0.0,shopify,100,deny,manual,0.00,,true,true,,,,,,https://cdn.shopify.com/s/files/1/0998/3049/7592/files/manor-lound-14mm-oak-matt-lacquer-click-engineered-floor-lifestyle-1.jpg?v=1779041622,1,Manor Lound 14mm Oak Matt Lacquer Click Engineered Floor,false,Manor Lound 14mm Oak Matt Lacquer Click Engineered Floor,High-quality engineered wood flooring from Factory Direct Flooring. Multi-layer construction for enhanced stability and durability. Compatible with underfloor heating systems. A beautiful and practical choice for any room in your home.,,kg,,,active
manor-lound-14mm-oak-matt-lacquer-click-engineered-floor,,,,,,,,,,,,,,,,,,,,,,,,,,,,,,,,https://cdn.shopify.com/s/files/1/0998/3049/7592/files/manor-lound-14mm-oak-matt-lacquer-click-engineered-floor-lifestyle-2.jpg?v=1779041622,2,Manor Lound 14mm Oak Matt Lacquer Click Engineered Floor,,,,,,,,
manor-colwick-14mm-oak-matt-lacquer-click-engineered-floor,Manor Colwick 14mm Oak Matt Lacquer Click Engineered Floor,<h2>Manor Colwick 14mm Oak Matt Lacquer Click Engineered Floor</h2><p>High-quality engineered wood flooring from Factory Direct Flooring. Multi-layer construction for enhanced stability and durability. Compatible with underfloor heating systems. A beautiful and practical choice for any room in your home.</p>,Factory Direct Flooring,,Engineered Wood Flooring,engineered-wood-flooring,true,Title,Default Title,,,,,,,,E71361-10,0.0,shopify,100,deny,manual,0.00,,true,true,,,,,,https://cdn.shopify.com/s/files/1/0998/3049/7592/files/manor-colwick-14mm-oak-matt-lacquer-click-engineered-floor-lifestyle-1.jpg?v=1779041620,1,Manor Colwick 14mm Oak Matt Lacquer Click Engineered Floor,false,Manor Colwick 14mm Oak Matt Lacquer Click Engineered Floor,High-quality engineered wood flooring from Factory Direct Flooring. Multi-layer construction for enhanced stability and durability. Compatible with underfloor heating systems. A beautiful and practical choice for any room in your home.,,kg,,,active
manor-colwick-14mm-oak-matt-lacquer-click-engineered-floor,,,,,,,,,,,,,,,,,,,,,,,,,,,,,,,,https://cdn.shopify.com/s/files/1/0998/3049/7592/files/manor-colwick-14mm-oak-matt-lacquer-click-engineered-floor-lifestyle-2.jpg?v=1779041620,2,Manor Colwick 14mm Oak Matt Lacquer Click Engineered Floor,,,,,,,,
herringbone-parquet-engineered-wood-flooring-10mm-lacquered-autumn-oak,Herringbone Parquet Engineered Wood Flooring 10mm lacquered Autumn Oak,<h2>Herringbone Parquet Engineered Wood Flooring 10mm lacquered Autumn Oak</h2><p>High-quality engineered wood flooring from Factory Direct Flooring. Multi-layer construction for enhanced stability and durability. Compatible with underfloor heating systems. A beautiful and practical choice for any room in your home.</p>,Factory Direct Flooring,,Engineered Wood Flooring,engineered-wood-flooring,true,Title,Default Title,,,,,,,,ESP72090AUT13,0.0,shopify,100,deny,manual,0.00,,true,true,,,,,,https://cdn.shopify.com/s/files/1/0998/3049/7592/files/herringbone-parquet-lacquered-autumn-oak-10mm-engineered-lifestyle-1_1.jpg?v=1779041620,1,Herringbone Parquet Engineered Wood Flooring 10mm lacquered Autumn Oak,false,Herringbone Parquet Engineered Wood Flooring 10mm lacquered Autumn Oak,High-quality engineered wood flooring from Factory Direct Flooring. Multi-layer construction for enhanced stability and durability. Compatible with underfloor heating systems. A beautiful and practical choice for any room in your home.,,kg,,,active
herringbone-parquet-engineered-wood-flooring-10mm-lacquered-autumn-oak,,,,,,,,,,,,,,,,,,,,,,,,,,,,,,,,https://cdn.shopify.com/s/files/1/0998/3049/7592/files/herringbone-parquet-lacquered-autumn-oak-10mm-engineered-lifestyle-2.jpg?v=1779041620,2,Herringbone Parquet Engineered Wood Flooring 10mm lacquered Autumn Oak,,,,,,,,
manor-naworth-engineered-wood-flooring-18mm-x-125mm-golden-handscraped-lacquer,Manor Naworth Engineered Wood Flooring 18mm x 125mm Golden Handscraped Lacquer,<h2>Manor Naworth Engineered Wood Flooring 18mm x 125mm Golden Handscraped Lacquer</h2><p>High-quality engineered wood flooring from Factory Direct Flooring. Multi-layer construction for enhanced stability and durability. Compatible with underfloor heating systems. A beautiful and practical choice for any room in your home.</p>,Factory Direct Flooring,,Engineered Wood Flooring,engineered-wood-flooring,true,Title,Default Title,,,,,,,,74081NAW,0.0,shopify,100,deny,manual,0.00,,true,true,,,,,,https://cdn.shopify.com/s/files/1/0998/3049/7592/files/8.jpg?v=1779041619,1,Manor Naworth Engineered Wood Flooring 18mm x 125mm Golden Handscraped Lacquer,false,Manor Naworth Engineered Wood Flooring 18mm x 125mm Golden Handscraped Lacquer,High-quality engineered wood flooring from Factory Direct Flooring. Multi-layer construction for enhanced stability and durability. Compatible with underfloor heating systems. A beautiful and practical choice for any room in your home.,,kg,,,active
manor-naworth-engineered-wood-flooring-18mm-x-125mm-golden-handscraped-lacquer,,,,,,,,,,,,,,,,,,,,,,,,,,,,,,,,https://cdn.shopify.com/s/files/1/0998/3049/7592/files/5.jpg?v=1779041619,2,Manor Naworth Engineered Wood Flooring 18mm x 125mm Golden Handscraped Lacquer,,,,,,,,
abbey-torre-engineered-wood-flooring-14mm-x-125mm-coffee-oak-brushed-matt-lacquered,Abbey Torre Engineered Wood Flooring 14mm x 125mm Coffee Oak Brushed Matt Lacquered,<h2>Abbey Torre Engineered Wood Flooring 14mm x 125mm Coffee Oak Brushed Matt Lacquered</h2><p>High-quality engineered wood flooring from Factory Direct Flooring. Multi-layer construction for enhanced stability and durability. Compatible with underfloor heating systems. A beautiful and practical choice for any room in your home.</p>,Factory Direct Flooring,,Engineered Wood Flooring,engineered-wood-flooring,true,Title,Default Title,,,,,,,,E33290TOR3,0.0,shopify,100,deny,manual,0.00,,true,true,,,,,,https://cdn.shopify.com/s/files/1/0998/3049/7592/files/abbey-torre-14mm-coffee-oak-brushed-matt-lacquered-engineered-floor-xl-1.jpg?v=1779041618,1,Abbey Torre Engineered Wood Flooring 14mm x 125mm Coffee Oak Brushed Matt Lacquered,false,Abbey Torre Engineered Wood Flooring 14mm x 125mm Coffee Oak Brushed Matt Lacquered,High-quality engineered wood flooring from Factory Direct Flooring. Multi-layer construction for enhanced stability and durability. Compatible with underfloor heating systems. A beautiful and practical choice for any room in your home.,,kg,,,active
abbey-nolet-engineered-wood-flooring-14mm-x-125mm-smoke-white-oak-brushed-matt-lacquer,Abbey Nolet Engineered Wood Flooring 14mm x 125mm Smoke White Oak Brushed Matt Lacquer,<h2>Abbey Nolet Engineered Wood Flooring 14mm x 125mm Smoke White Oak Brushed Matt Lacquer</h2><p>High-quality engineered wood flooring from Factory Direct Flooring. Multi-layer construction for enhanced stability and durability. Compatible with underfloor heating systems. A beautiful and practical choice for any room in your home.</p>,Factory Direct Flooring,,Engineered Wood Flooring,engineered-wood-flooring,true,Title,Default Title,,,,,,,,73999NOL,0.0,shopify,100,deny,manual,0.00,,true,true,,,,,,https://cdn.shopify.com/s/files/1/0998/3049/7592/files/abbey_nolet_14mm_smoke_white_oak_brushed_matt_lacquer_engineered_17_1_1.jpg?v=1779041617,1,Abbey Nolet Engineered Wood Flooring 14mm x 125mm Smoke White Oak Brushed Matt Lacquer,false,Abbey Nolet Engineered Wood Flooring 14mm x 125mm Smoke White Oak Brushed Matt Lacquer,High-quality engineered wood flooring from Factory Direct Flooring. Multi-layer construction for enhanced stability and durability. Compatible with underfloor heating systems. A beautiful and practical choice for any room in your home.,,kg,,,active
abbey-nolet-engineered-wood-flooring-14mm-x-125mm-smoke-white-oak-brushed-matt-lacquer,,,,,,,,,,,,,,,,,,,,,,,,,,,,,,,,https://cdn.shopify.com/s/files/1/0998/3049/7592/files/abbey_nolet_14mm_smoke_white_oak_brushed_matt_lacquer_engineered_8_1.jpg?v=1779041617,2,Abbey Nolet Engineered Wood Flooring 14mm x 125mm Smoke White Oak Brushed Matt Lacquer,,,,,,,,
loire-engineered-wood-flooring-15mm-x-190mm-natural-distressed-heavy-brushed,Loire Engineered Wood Flooring 15mm x 190mm Natural Distressed Heavy Brushed,<h2>Loire Engineered Wood Flooring 15mm x 190mm Natural Distressed Heavy Brushed</h2><p>High-quality engineered wood flooring from Factory Direct Flooring. Multi-layer construction for enhanced stability and durability. Compatible with underfloor heating systems. A beautiful and practical choice for any room in your home.</p>,Factory Direct Flooring,,Engineered Wood Flooring,engineered-wood-flooring,true,Title,Default Title,,,,,,,,E66936LND7,0.0,shopify,100,deny,manual,0.00,,true,true,,,,,,https://cdn.shopify.com/s/files/1/0998/3049/7592/files/loire-natural-distressed-heavy-brushed-15mm-engineered-floor-lifestyle-1.jpg?v=1779041616,1,Loire Engineered Wood Flooring 15mm x 190mm Natural Distressed Heavy Brushed,false,Loire Engineered Wood Flooring 15mm x 190mm Natural Distressed Heavy Brushed,High-quality engineered wood flooring from Factory Direct Flooring. Multi-layer construction for enhanced stability and durability. Compatible with underfloor heating systems. A beautiful and practical choice for any room in your home.,,kg,,,active
loire-engineered-wood-flooring-15mm-x-190mm-natural-distressed-heavy-brushed,,,,,,,,,,,,,,,,,,,,,,,,,,,,,,,,https://cdn.shopify.com/s/files/1/0998/3049/7592/files/loire-natural-distressed-heavy-brushed-15mm-engineered-floor-lifestyle-3.jpg?v=1779041616,2,Loire Engineered Wood Flooring 15mm x 190mm Natural Distressed Heavy Brushed,,,,,,,,
manor-dunham-engineered-wood-flooring-18mm-x-125mm-golden-oak-brushed-matt-lacquer,Manor Dunham Engineered Wood Flooring 18mm x 125mm Golden Oak Brushed Matt Lacquer,<h2>Manor Dunham Engineered Wood Flooring 18mm x 125mm Golden Oak Brushed Matt Lacquer</h2><p>High-quality engineered wood flooring from Factory Direct Flooring. Multi-layer construction for enhanced stability and durability. Compatible with underfloor heating systems. A beautiful and practical choice for any room in your home.</p>,Factory Direct Flooring,,Engineered Wood Flooring,engineered-wood-flooring,true,Title,Default Title,,,,,,,,74079DUN,0.0,shopify,100,deny,manual,0.00,,true,true,,,,,,https://cdn.shopify.com/s/files/1/0998/3049/7592/files/manor_dunham_engineered_wood_flooring_18mm_x_125mm_golden_oak_brushed_matt_lacquer_9.jpg?v=1779041616,1,Manor Dunham Engineered Wood Flooring 18mm x 125mm Golden Oak Brushed Matt Lacquer,false,Manor Dunham Engineered Wood Flooring 18mm x 125mm Golden Oak Brushed Matt Lacquer,High-quality engineered wood flooring from Factory Direct Flooring. Multi-layer construction for enhanced stability and durability. Compatible with underfloor heating systems. A beautiful and practical choice for any room in your home.,,kg,,,active
manor-dunham-engineered-wood-flooring-18mm-x-125mm-golden-oak-brushed-matt-lacquer,,,,,,,,,,,,,,,,,,,,,,,,,,,,,,,,https://cdn.shopify.com/s/files/1/0998/3049/7592/files/manor_dunham_engineered_wood_flooring_18mm_x_125mm_golden_oak_brushed_matt_lacquer_6.jpg?v=1779041615,2,Manor Dunham Engineered Wood Flooring 18mm x 125mm Golden Oak Brushed Matt Lacquer,,,,,,,,
garsington-engineered-wood-flooring-oak-matt-lacquer-14mm-x-190mm,Garsington Engineered Wood Flooring Oak Matt Lacquer 14mm x 190mm,<h2>Garsington Engineered Wood Flooring Oak Matt Lacquer 14mm x 190mm</h2><p>High-quality engineered wood flooring from Factory Direct Flooring. Multi-layer construction for enhanced stability and durability. Compatible with underfloor heating systems. A beautiful and practical choice for any room in your home.</p>,Factory Direct Flooring,,Engineered Wood Flooring,engineered-wood-flooring,true,Title,Default Title,,,,,,,,E34143GAR8,0.0,shopify,100,deny,manual,0.00,,true,true,,,,,,https://cdn.shopify.com/s/files/1/0998/3049/7592/files/garsington_oak_matt_lacquer_14mm_engineered_flooring_1.jpg?v=1779041614,1,Garsington Engineered Wood Flooring Oak Matt Lacquer 14mm x 190mm,false,Garsington Engineered Wood Flooring Oak Matt Lacquer 14mm x 190mm,High-quality engineered wood flooring from Factory Direct Flooring. Multi-layer construction for enhanced stability and durability. Compatible with underfloor heating systems. A beautiful and practical choice for any room in your home.,,kg,,,active
garsington-engineered-wood-flooring-oak-matt-lacquer-14mm-x-190mm,,,,,,,,,,,,,,,,,,,,,,,,,,,,,,,,https://cdn.shopify.com/s/files/1/0998/3049/7592/files/garsington_oak_matt_lacquer_14mm_engineered_flooring_5.jpg?v=1779041614,2,Garsington Engineered Wood Flooring Oak Matt Lacquer 14mm x 190mm,,,,,,,,
herringbone-parquet-engineered-wood-flooring-14mm-stripped-oak-brushed-oiled,Herringbone Parquet Engineered Wood Flooring 14mm Stripped Oak Brushed Oiled,<h2>Herringbone Parquet Engineered Wood Flooring 14mm Stripped Oak Brushed Oiled</h2><p>High-quality engineered wood flooring from Factory Direct Flooring. Multi-layer construction for enhanced stability and durability. Compatible with underfloor heating systems. A beautiful and practical choice for any room in your home.</p>,Factory Direct Flooring,,Engineered Wood Flooring,engineered-wood-flooring,true,Title,Default Title,,,,,,,,74162OBO,0.0,shopify,100,deny,manual,0.00,,true,true,,,,,,https://cdn.shopify.com/s/files/1/0998/3049/7592/files/741620bo-invisible_bo_9.jpg?v=1779041613,1,Herringbone Parquet Engineered Wood Flooring 14mm Stripped Oak Brushed Oiled,false,Herringbone Parquet Engineered Wood Flooring 14mm Stripped Oak Brushed Oiled,High-quality engineered wood flooring from Factory Direct Flooring. Multi-layer construction for enhanced stability and durability. Compatible with underfloor heating systems. A beautiful and practical choice for any room in your home.,,kg,,,active
herringbone-parquet-engineered-wood-flooring-14mm-stripped-oak-brushed-oiled,,,,,,,,,,,,,,,,,,,,,,,,,,,,,,,,https://cdn.shopify.com/s/files/1/0998/3049/7592/files/741620bo-invisible_bo_17.jpg?v=1779041613,2,Herringbone Parquet Engineered Wood Flooring 14mm Stripped Oak Brushed Oiled,,,,,,,,
manor-gunby-engineered-wood-flooring-18mm-x-190mm-natural-oak-brushed-matt-lacquered,Manor Gunby Engineered Wood Flooring 18mm x 190mm Natural Oak Brushed Matt Lacquered,<h2>Manor Gunby Engineered Wood Flooring 18mm x 190mm Natural Oak Brushed Matt Lacquered</h2><p>High-quality engineered wood flooring from Factory Direct Flooring. Multi-layer construction for enhanced stability and durability. Compatible with underfloor heating systems. A beautiful and practical choice for any room in your home.</p>,Factory Direct Flooring,,Engineered Wood Flooring,engineered-wood-flooring,true,Title,Default Title,,,,,,,,74084GUN,0.0,shopify,100,deny,manual,0.00,,true,true,,,,,,https://cdn.shopify.com/s/files/1/0998/3049/7592/files/manor_gunby_18mm_natural_brushed_matt_lacquered_engineered_17.jpg?v=1779041612,1,Manor Gunby Engineered Wood Flooring 18mm x 190mm Natural Oak Brushed Matt Lacquered,false,Manor Gunby Engineered Wood Flooring 18mm x 190mm Natural Oak Brushed Matt Lacquered,High-quality engineered wood flooring from Factory Direct Flooring. Multi-layer construction for enhanced stability and durability. Compatible with underfloor heating systems. A beautiful and practical choice for any room in your home.,,kg,,,active
manor-gunby-engineered-wood-flooring-18mm-x-190mm-natural-oak-brushed-matt-lacquered,,,,,,,,,,,,,,,,,,,,,,,,,,,,,,,,https://cdn.shopify.com/s/files/1/0998/3049/7592/files/manor_gunby_18mm_natural_brushed_matt_lacquered_engineered_14.jpg?v=1779041612,2,Manor Gunby Engineered Wood Flooring 18mm x 190mm Natural Oak Brushed Matt Lacquered,,,,,,,,
manor-wenlock-engineered-wood-flooring-18mm-x-180mm-natural-oak-brushed-uv-oiled,Manor Wenlock Engineered Wood Flooring 18mm x 180mm Natural Oak Brushed Uv Oiled,<h2>Manor Wenlock Engineered Wood Flooring 18mm x 180mm Natural Oak Brushed Uv Oiled</h2><p>High-quality engineered wood flooring from Factory Direct Flooring. Multi-layer construction for enhanced stability and durability. Compatible with underfloor heating systems. A beautiful and practical choice for any room in your home.</p>,Factory Direct Flooring,,Engineered Wood Flooring,engineered-wood-flooring,true,Title,Default Title,,,,,,,,73977WEN,0.0,shopify,100,deny,manual,0.00,,true,true,,,,,,https://cdn.shopify.com/s/files/1/0998/3049/7592/files/manor_wenlock_18mm_brushed_uv_oil_engineered_flooring_6.jpg?v=1779041612,1,Manor Wenlock Engineered Wood Flooring 18mm x 180mm Natural Oak Brushed Uv Oiled,false,Manor Wenlock Engineered Wood Flooring 18mm x 180mm Natural Oak Brushed Uv Oiled,High-quality engineered wood flooring from Factory Direct Flooring. Multi-layer construction for enhanced stability and durability. Compatible with underfloor heating systems. A beautiful and practical choice for any room in your home.,,kg,,,active
manor-wenlock-engineered-wood-flooring-18mm-x-180mm-natural-oak-brushed-uv-oiled,,,,,,,,,,,,,,,,,,,,,,,,,,,,,,,,https://cdn.shopify.com/s/files/1/0998/3049/7592/files/manor_wenlock_18mm_brushed_uv_oil_engineered_flooring_5.jpg?v=1779041611,2,Manor Wenlock Engineered Wood Flooring 18mm x 180mm Natural Oak Brushed Uv Oiled,,,,,,,,
herringbone-parquet-engineered-wood-flooring-14mm-essential-oak-brushed-lacquer,Herringbone Parquet Engineered Wood Flooring 14mm Essential Oak Brushed Lacquer,<h2>Herringbone Parquet Engineered Wood Flooring 14mm Essential Oak Brushed Lacquer</h2><p>High-quality engineered wood flooring from Factory Direct Flooring. Multi-layer construction for enhanced stability and durability. Compatible with underfloor heating systems. A beautiful and practical choice for any room in your home.</p>,Factory Direct Flooring,,Engineered Wood Flooring,engineered-wood-flooring,true,Title,Default Title,,,,,,,,74161OBL,0.0,shopify,100,deny,manual,0.00,,true,true,,,,,,https://cdn.shopify.com/s/files/1/0998/3049/7592/files/74161obl_9.jpg?v=1779041610,1,Herringbone Parquet Engineered Wood Flooring 14mm Essential Oak Brushed Lacquer,false,Herringbone Parquet Engineered Wood Flooring 14mm Essential Oak Brushed Lacquer,High-quality engineered wood flooring from Factory Direct Flooring. Multi-layer construction for enhanced stability and durability. Compatible with underfloor heating systems. A beautiful and practical choice for any room in your home.,,kg,,,active
herringbone-parquet-engineered-wood-flooring-14mm-essential-oak-brushed-lacquer,,,,,,,,,,,,,,,,,,,,,,,,,,,,,,,,https://cdn.shopify.com/s/files/1/0998/3049/7592/files/74161obl_19.jpg?v=1779041610,2,Herringbone Parquet Engineered Wood Flooring 14mm Essential Oak Brushed Lacquer,,,,,,,,
manor-otley-engineered-wood-flooring-18mm-x-190mm-natural-oak-blackline-brushed-matt-lac,Manor Otley Engineered Wood Flooring 18mm x 190mm Natural Oak Blackline Brushed Matt Lac,<h2>Manor Otley Engineered Wood Flooring 18mm x 190mm Natural Oak Blackline Brushed Matt Lac</h2><p>High-quality engineered wood flooring from Factory Direct Flooring. Multi-layer construction for enhanced stability and durability. Compatible with underfloor heating systems. A beautiful and practical choice for any room in your home.</p>,Factory Direct Flooring,,Engineered Wood Flooring,engineered-wood-flooring,true,Title,Default Title,,,,,,,,74087OTL,0.0,shopify,100,deny,manual,0.00,,true,true,,,,,,https://cdn.shopify.com/s/files/1/0998/3049/7592/files/manor_otley_18mm_natural_blackline_brushed_matt_lacquered_engineered_13.jpg?v=1779041609,1,Manor Otley Engineered Wood Flooring 18mm x 190mm Natural Oak Blackline Brushed Matt Lac,false,Manor Otley Engineered Wood Flooring 18mm x 190mm Natural Oak Blackline Brushed Matt Lac,High-quality engineered wood flooring from Factory Direct Flooring. Multi-layer construction for enhanced stability and durability. Compatible with underfloor heating systems. A beautiful and practical choice for any room in your home.,,kg,,,active
manor-otley-engineered-wood-flooring-18mm-x-190mm-natural-oak-blackline-brushed-matt-lac,,,,,,,,,,,,,,,,,,,,,,,,,,,,,,,,https://cdn.shopify.com/s/files/1/0998/3049/7592/files/manor_otley_18mm_natural_blackline_brushed_matt_lacquered_engineered_16.jpg?v=1779041609,2,Manor Otley Engineered Wood Flooring 18mm x 190mm Natural Oak Blackline Brushed Matt Lac,,,,,,,,
manor-elton-engineered-wood-flooring-18mm-x-190mm-natural-oak-brushed-oiled,Manor Elton Engineered Wood Flooring 18mm x 190mm Natural Oak Brushed Oiled,<h2>Manor Elton Engineered Wood Flooring 18mm x 190mm Natural Oak Brushed Oiled</h2><p>High-quality engineered wood flooring from Factory Direct Flooring. Multi-layer construction for enhanced stability and durability. Compatible with underfloor heating systems. A beautiful and practical choice for any room in your home.</p>,Factory Direct Flooring,,Engineered Wood Flooring,engineered-wood-flooring,true,Title,Default Title,,,,,,,,74083ELT,0.0,shopify,100,deny,manual,0.00,,true,true,,,,,,https://cdn.shopify.com/s/files/1/0998/3049/7592/files/manor_elton_18mm_natural_brushed_oiled_engineered_15.jpg?v=1779041608,1,Manor Elton Engineered Wood Flooring 18mm x 190mm Natural Oak Brushed Oiled,false,Manor Elton Engineered Wood Flooring 18mm x 190mm Natural Oak Brushed Oiled,High-quality engineered wood flooring from Factory Direct Flooring. Multi-layer construction for enhanced stability and durability. Compatible with underfloor heating systems. A beautiful and practical choice for any room in your home.,,kg,,,active
manor-elton-engineered-wood-flooring-18mm-x-190mm-natural-oak-brushed-oiled,,,,,,,,,,,,,,,,,,,,,,,,,,,,,,,,https://cdn.shopify.com/s/files/1/0998/3049/7592/files/manor_elton_18mm_natural_brushed_oiled_engineered_14.jpg?v=1779041608,2,Manor Elton Engineered Wood Flooring 18mm x 190mm Natural Oak Brushed Oiled,,,,,,,,
manor-althorpe-18mm-x-125mm-natural-lacquer-engineered-oak-flooring,Manor Althorpe 18mm x 125mm Natural Lacquer Engineered Oak Flooring,<h2>Manor Althorpe 18mm x 125mm Natural Lacquer Engineered Oak Flooring</h2><p>High-quality engineered wood flooring from Factory Direct Flooring. Multi-layer construction for enhanced stability and durability. Compatible with underfloor heating systems. A beautiful and practical choice for any room in your home.</p>,Factory Direct Flooring,,Engineered Wood Flooring,engineered-wood-flooring,true,Title,Default Title,,,,,,,,74077ALT,0.0,shopify,100,deny,manual,0.00,,true,true,,,,,,https://cdn.shopify.com/s/files/1/0998/3049/7592/files/manor_althorpe_18mm_natural_lacquer_engineered_oak_flooring_6.jpg?v=1779041607,1,Manor Althorpe 18mm x 125mm Natural Lacquer Engineered Oak Flooring,false,Manor Althorpe 18mm x 125mm Natural Lacquer Engineered Oak Flooring,High-quality engineered wood flooring from Factory Direct Flooring. Multi-layer construction for enhanced stability and durability. Compatible with underfloor heating systems. A beautiful and practical choice for any room in your home.,,kg,,,active
manor-althorpe-18mm-x-125mm-natural-lacquer-engineered-oak-flooring,,,,,,,,,,,,,,,,,,,,,,,,,,,,,,,,https://cdn.shopify.com/s/files/1/0998/3049/7592/files/manor_althorpe_18mm_natural_lacquer_engineered_oak_flooring_5.jpg?v=1779041608,2,Manor Althorpe 18mm x 125mm Natural Lacquer Engineered Oak Flooring,,,,,,,,
manor-houghton-engineered-wood-flooring-18mm-x-125mm-natural-brushed-oiled-oak,Manor Houghton Engineered Wood Flooring 18mm x 125mm Natural Brushed Oiled Oak,<h2>Manor Houghton Engineered Wood Flooring 18mm x 125mm Natural Brushed Oiled Oak</h2><p>High-quality engineered wood flooring from Factory Direct Flooring. Multi-layer construction for enhanced stability and durability. Compatible with underfloor heating systems. A beautiful and practical choice for any room in your home.</p>,Factory Direct Flooring,,Engineered Wood Flooring,engineered-wood-flooring,true,Title,Default Title,,,,,,,,74080HOU,0.0,shopify,100,deny,manual,0.00,,true,true,,,,,,https://cdn.shopify.com/s/files/1/0998/3049/7592/files/manor_houghton_18mm_natural_brushed_oiled_oak_engineered_flooring_6.jpg?v=1779041606,1,Manor Houghton Engineered Wood Flooring 18mm x 125mm Natural Brushed Oiled Oak,false,Manor Houghton Engineered Wood Flooring 18mm x 125mm Natural Brushed Oiled Oak,High-quality engineered wood flooring from Factory Direct Flooring. Multi-layer construction for enhanced stability and durability. Compatible with underfloor heating systems. A beautiful and practical choice for any room in your home.,,kg,,,active
manor-houghton-engineered-wood-flooring-18mm-x-125mm-natural-brushed-oiled-oak,,,,,,,,,,,,,,,,,,,,,,,,,,,,,,,,https://cdn.shopify.com/s/files/1/0998/3049/7592/files/manor_houghton_18mm_natural_brushed_oiled_oak_engineered_flooring_5.jpg?v=1779041606,2,Manor Houghton Engineered Wood Flooring 18mm x 125mm Natural Brushed Oiled Oak,,,,,,,,
manor-bramell-engineered-wood-flooring-18mm-x-125mm-nude-brushed-matt-lacquer,Manor Bramell Engineered Wood Flooring 18mm x 125mm Nude Brushed Matt Lacquer,<h2>Manor Bramell Engineered Wood Flooring 18mm x 125mm Nude Brushed Matt Lacquer</h2><p>High-quality engineered wood flooring from Factory Direct Flooring. Multi-layer construction for enhanced stability and durability. Compatible with underfloor heating systems. A beautiful and practical choice for any room in your home.</p>,Factory Direct Flooring,,Engineered Wood Flooring,engineered-wood-flooring,true,Title,Default Title,,,,,,,,74078BRA,0.0,shopify,100,deny,manual,0.00,,true,true,,,,,,https://cdn.shopify.com/s/files/1/0998/3049/7592/files/manor_bramell_18mm_nude_brushed_matt_lacquer_engineered_6_1.jpg?v=1779041605,1,Manor Bramell Engineered Wood Flooring 18mm x 125mm Nude Brushed Matt Lacquer,false,Manor Bramell Engineered Wood Flooring 18mm x 125mm Nude Brushed Matt Lacquer,High-quality engineered wood flooring from Factory Direct Flooring. Multi-layer construction for enhanced stability and durability. Compatible with underfloor heating systems. A beautiful and practical choice for any room in your home.,,kg,,,active
abbey-logum-engineered-wood-flooring-14mm-x-190mm-smoke-grey-brushed-uv-oiled,Abbey Logum Engineered Wood Flooring 14mm x 190mm Smoke Grey Brushed Uv Oiled,<h2>Abbey Logum Engineered Wood Flooring 14mm x 190mm Smoke Grey Brushed Uv Oiled</h2><p>High-quality engineered wood flooring from Factory Direct Flooring. Multi-layer construction for enhanced stability and durability. Compatible with underfloor heating systems. A beautiful and practical choice for any room in your home.</p>,Factory Direct Flooring,,Engineered Wood Flooring,engineered-wood-flooring,true,Title,Default Title,,,,,,,,73990LOG,0.0,shopify,100,deny,manual,0.00,,true,true,,,,,,https://cdn.shopify.com/s/files/1/0998/3049/7592/files/abbey_logum_14mm_smoke_grey_brushed_uv_oiled_engineered_16.jpg?v=1779041604,1,Abbey Logum Engineered Wood Flooring 14mm x 190mm Smoke Grey Brushed Uv Oiled,false,Abbey Logum Engineered Wood Flooring 14mm x 190mm Smoke Grey Brushed Uv Oiled,High-quality engineered wood flooring from Factory Direct Flooring. Multi-layer construction for enhanced stability and durability. Compatible with underfloor heating systems. A beautiful and practical choice for any room in your home.,,kg,,,active
abbey-logum-engineered-wood-flooring-14mm-x-190mm-smoke-grey-brushed-uv-oiled,,,,,,,,,,,,,,,,,,,,,,,,,,,,,,,,https://cdn.shopify.com/s/files/1/0998/3049/7592/files/abbey_logum_14mm_smoke_grey_brushed_uv_oiled_engineered_13.jpg?v=1779041604,2,Abbey Logum Engineered Wood Flooring 14mm x 190mm Smoke Grey Brushed Uv Oiled,,,,,,,,
manor-corsham-engineered-wood-flooring-18mm-x-190mm-golden-brushed-oiled,Manor Corsham Engineered Wood Flooring 18mm x 190mm Golden Brushed Oiled,<h2>Manor Corsham Engineered Wood Flooring 18mm x 190mm Golden Brushed Oiled</h2><p>High-quality engineered wood flooring from Factory Direct Flooring. Multi-layer construction for enhanced stability and durability. Compatible with underfloor heating systems. A beautiful and practical choice for any room in your home.</p>,Factory Direct Flooring,,Engineered Wood Flooring,engineered-wood-flooring,true,Title,Default Title,,,,,,,,74082COR,0.0,shopify,100,deny,manual,0.00,,true,true,,,,,,https://cdn.shopify.com/s/files/1/0998/3049/7592/files/manor_corsham_18mm_golden_brushed_oiled_engineered_16.jpg?v=1779041604,1,Manor Corsham Engineered Wood Flooring 18mm x 190mm Golden Brushed Oiled,false,Manor Corsham Engineered Wood Flooring 18mm x 190mm Golden Brushed Oiled,High-quality engineered wood flooring from Factory Direct Flooring. Multi-layer construction for enhanced stability and durability. Compatible with underfloor heating systems. A beautiful and practical choice for any room in your home.,,kg,,,active
manor-corsham-engineered-wood-flooring-18mm-x-190mm-golden-brushed-oiled,,,,,,,,,,,,,,,,,,,,,,,,,,,,,,,,https://cdn.shopify.com/s/files/1/0998/3049/7592/files/manor_corsham_18mm_golden_brushed_oiled_engineered_15.jpg?v=1779041603,2,Manor Corsham Engineered Wood Flooring 18mm x 190mm Golden Brushed Oiled,,,,,,,,
abbey-tautra-engineered-wood-flooring-14mm-x-190mm-light-golden-brushed-uv-oiled,Abbey Tautra Engineered Wood Flooring 14mm x 190mm Light Golden Brushed Uv Oiled,<h2>Abbey Tautra Engineered Wood Flooring 14mm x 190mm Light Golden Brushed Uv Oiled</h2><p>High-quality engineered wood flooring from Factory Direct Flooring. Multi-layer construction for enhanced stability and durability. Compatible with underfloor heating systems. A beautiful and practical choice for any room in your home.</p>,Factory Direct Flooring,,Engineered Wood Flooring,engineered-wood-flooring,true,Title,Default Title,,,,,,,,73991TAU,0.0,shopify,100,deny,manual,0.00,,true,true,,,,,,https://cdn.shopify.com/s/files/1/0998/3049/7592/files/abbey_standen_golden_oak_14mm_brushed_matt_lacquered_engineered_13_1.jpg?v=1779041602,1,Abbey Tautra Engineered Wood Flooring 14mm x 190mm Light Golden Brushed Uv Oiled,false,Abbey Tautra Engineered Wood Flooring 14mm x 190mm Light Golden Brushed Uv Oiled,High-quality engineered wood flooring from Factory Direct Flooring. Multi-layer construction for enhanced stability and durability. Compatible with underfloor heating systems. A beautiful and practical choice for any room in your home.,,kg,,,active
abbey-tautra-engineered-wood-flooring-14mm-x-190mm-light-golden-brushed-uv-oiled,,,,,,,,,,,,,,,,,,,,,,,,,,,,,,,,https://cdn.shopify.com/s/files/1/0998/3049/7592/files/abbey_standen_golden_oak_14mm_brushed_matt_lacquered_engineered_14_1.jpg?v=1779041603,2,Abbey Tautra Engineered Wood Flooring 14mm x 190mm Light Golden Brushed Uv Oiled,,,,,,,,
herringbone-parquet-18mm-classic-oak-brushed-oiled-engineered,Herringbone Parquet 18mm Classic Oak Brushed Oiled Engineered,<h2>Herringbone Parquet 18mm Classic Oak Brushed Oiled Engineered</h2><p>High-quality engineered wood flooring from Factory Direct Flooring. Multi-layer construction for enhanced stability and durability. Compatible with underfloor heating systems. A beautiful and practical choice for any room in your home.</p>,Factory Direct Flooring,,Engineered Wood Flooring,engineered-wood-flooring,true,Title,Default Title,,,,,,,,H74075BO7,0.0,shopify,100,deny,manual,0.00,,true,true,,,,,,https://cdn.shopify.com/s/files/1/0998/3049/7592/files/h74075bo7_8.jpg?v=1779041601,1,Herringbone Parquet 18mm Classic Oak Brushed Oiled Engineered,false,Herringbone Parquet 18mm Classic Oak Brushed Oiled Engineered,High-quality engineered wood flooring from Factory Direct Flooring. Multi-layer construction for enhanced stability and durability. Compatible with underfloor heating systems. A beautiful and practical choice for any room in your home.,,kg,,,active
herringbone-parquet-18mm-classic-oak-brushed-oiled-engineered,,,,,,,,,,,,,,,,,,,,,,,,,,,,,,,,https://cdn.shopify.com/s/files/1/0998/3049/7592/files/h74075bo7_1.jpg?v=1779041602,2,Herringbone Parquet 18mm Classic Oak Brushed Oiled Engineered,,,,,,,,
herringbone-parquet-engineered-wood-flooring-10mm-smoked-white-oak-brushed-matt-lacquer,Herringbone Parquet Engineered Wood Flooring 10mm Smoked White Oak Brushed Matt Lacquer,<h2>Herringbone Parquet Engineered Wood Flooring 10mm Smoked White Oak Brushed Matt Lacquer</h2><p>High-quality engineered wood flooring from Factory Direct Flooring. Multi-layer construction for enhanced stability and durability. Compatible with underfloor heating systems. A beautiful and practical choice for any room in your home.</p>,Factory Direct Flooring,,Engineered Wood Flooring,engineered-wood-flooring,true,Title,Default Title,,,,,,,,74009SWO,0.0,shopify,100,deny,manual,0.00,,true,true,,,,,,https://cdn.shopify.com/s/files/1/0998/3049/7592/files/ff-74009swo-8.jpg?v=1779041601,1,Herringbone Parquet Engineered Wood Flooring 10mm Smoked White Oak Brushed Matt Lacquer,false,Herringbone Parquet Engineered Wood Flooring 10mm Smoked White Oak Brushed Matt Lacquer,High-quality engineered wood flooring from Factory Direct Flooring. Multi-layer construction for enhanced stability and durability. Compatible with underfloor heating systems. A beautiful and practical choice for any room in your home.,,kg,,,active
herringbone-parquet-engineered-wood-flooring-10mm-smoked-white-oak-brushed-matt-lacquer,,,,,,,,,,,,,,,,,,,,,,,,,,,,,,,,https://cdn.shopify.com/s/files/1/0998/3049/7592/files/ff-74009swo-17.jpg?v=1779041601,2,Herringbone Parquet Engineered Wood Flooring 10mm Smoked White Oak Brushed Matt Lacquer,,,,,,,,
abbey-mepkin-engineered-wood-flooring-14mm-x-190mm-linen-oak-brushed-matt-lacquer,Abbey Mepkin Engineered Wood Flooring 14mm x 190mm Linen Oak Brushed Matt Lacquer,<h2>Abbey Mepkin Engineered Wood Flooring 14mm x 190mm Linen Oak Brushed Matt Lacquer</h2><p>High-quality engineered wood flooring from Factory Direct Flooring. Multi-layer construction for enhanced stability and durability. Compatible with underfloor heating systems. A beautiful and practical choice for any room in your home.</p>,Factory Direct Flooring,,Engineered Wood Flooring,engineered-wood-flooring,true,Title,Default Title,,,,,,,,73992MEP,0.0,shopify,100,deny,manual,0.00,,true,true,,,,,,https://cdn.shopify.com/s/files/1/0998/3049/7592/files/abbey_mepkin_14mm_linen_oak_brushed_matt_lacquer_engineered_10.jpg?v=1779041599,1,Abbey Mepkin Engineered Wood Flooring 14mm x 190mm Linen Oak Brushed Matt Lacquer,false,Abbey Mepkin Engineered Wood Flooring 14mm x 190mm Linen Oak Brushed Matt Lacquer,High-quality engineered wood flooring from Factory Direct Flooring. Multi-layer construction for enhanced stability and durability. Compatible with underfloor heating systems. A beautiful and practical choice for any room in your home.,,kg,,,active
abbey-mepkin-engineered-wood-flooring-14mm-x-190mm-linen-oak-brushed-matt-lacquer,,,,,,,,,,,,,,,,,,,,,,,,,,,,,,,,https://cdn.shopify.com/s/files/1/0998/3049/7592/files/abbey_mepkin_14mm_linen_oak_brushed_matt_lacquer_engineered_12.jpg?v=1779041600,2,Abbey Mepkin Engineered Wood Flooring 14mm x 190mm Linen Oak Brushed Matt Lacquer,,,,,,,,
herringbone-parquet-engineered-wood-flooring-18mm-warm-harvest-brushed-oiled,Herringbone Parquet Engineered Wood Flooring 18mm Warm Harvest Brushed Oiled,<h2>Herringbone Parquet Engineered Wood Flooring 18mm Warm Harvest Brushed Oiled</h2><p>High-quality engineered wood flooring from Factory Direct Flooring. Multi-layer construction for enhanced stability and durability. Compatible with underfloor heating systems. A beautiful and practical choice for any room in your home.</p>,Factory Direct Flooring,,Engineered Wood Flooring,engineered-wood-flooring,true,Title,Default Title,,,,,,,,74099HBO,0.0,shopify,100,deny,manual,0.00,,true,true,,,,,,https://cdn.shopify.com/s/files/1/0998/3049/7592/files/herringbone_parquet_18mm_warm_harvest_brushed_oiled_engineered_6.jpg?v=1779041598,1,Herringbone Parquet Engineered Wood Flooring 18mm Warm Harvest Brushed Oiled,false,Herringbone Parquet Engineered Wood Flooring 18mm Warm Harvest Brushed Oiled,High-quality engineered wood flooring from Factory Direct Flooring. Multi-layer construction for enhanced stability and durability. Compatible with underfloor heating systems. A beautiful and practical choice for any room in your home.,,kg,,,active
herringbone-parquet-engineered-wood-flooring-18mm-warm-harvest-brushed-oiled,,,,,,,,,,,,,,,,,,,,,,,,,,,,,,,,https://cdn.shopify.com/s/files/1/0998/3049/7592/files/herringbone_parquet_18mm_warm_harvest_brushed_oiled_engineered_5.jpg?v=1779041598,2,Herringbone Parquet Engineered Wood Flooring 18mm Warm Harvest Brushed Oiled,,,,,,,,
herringbone-parquet-engineered-wood-flooring-14mm-genuine-smoke-grey-oak-brushed-oiled,Herringbone Parquet Engineered Wood Flooring 14mm Genuine Smoke Grey Oak Brushed Oiled,<h2>Herringbone Parquet Engineered Wood Flooring 14mm Genuine Smoke Grey Oak Brushed Oiled</h2><p>High-quality engineered wood flooring from Factory Direct Flooring. Multi-layer construction for enhanced stability and durability. Compatible with underfloor heating systems. A beautiful and practical choice for any room in your home.</p>,Factory Direct Flooring,,Engineered Wood Flooring,engineered-wood-flooring,true,Title,Default Title,,,,,,,,74164GSG,0.0,shopify,100,deny,manual,0.00,,true,true,,,,,,https://cdn.shopify.com/s/files/1/0998/3049/7592/files/74164gsg-10.jpg?v=1779041598,1,Herringbone Parquet Engineered Wood Flooring 14mm Genuine Smoke Grey Oak Brushed Oiled,false,Herringbone Parquet Engineered Wood Flooring 14mm Genuine Smoke Grey Oak Brushed Oiled,High-quality engineered wood flooring from Factory Direct Flooring. Multi-layer construction for enhanced stability and durability. Compatible with underfloor heating systems. A beautiful and practical choice for any room in your home.,,kg,,,active
herringbone-parquet-engineered-wood-flooring-14mm-genuine-smoke-grey-oak-brushed-oiled,,,,,,,,,,,,,,,,,,,,,,,,,,,,,,,,https://cdn.shopify.com/s/files/1/0998/3049/7592/files/74164gsg-4.jpg?v=1779041597,2,Herringbone Parquet Engineered Wood Flooring 14mm Genuine Smoke Grey Oak Brushed Oiled,,,,,,,,
herringbone-parquet-engineered-wood-flooring-18mm-deep-brushed-white-oiled,Herringbone Parquet Engineered Wood Flooring 18mm Deep Brushed White Oiled,<h2>Herringbone Parquet Engineered Wood Flooring 18mm Deep Brushed White Oiled</h2><p>High-quality engineered wood flooring from Factory Direct Flooring. Multi-layer construction for enhanced stability and durability. Compatible with underfloor heating systems. A beautiful and practical choice for any room in your home.</p>,Factory Direct Flooring,,Engineered Wood Flooring,engineered-wood-flooring,true,Title,Default Title,,,,,,,,74097DBW,0.0,shopify,100,deny,manual,0.00,,true,true,,,,,,https://cdn.shopify.com/s/files/1/0998/3049/7592/files/herringbone_parquet_18mm_deep_brushed_white_oil_engineered_6.jpg?v=1779041596,1,Herringbone Parquet Engineered Wood Flooring 18mm Deep Brushed White Oiled,false,Herringbone Parquet Engineered Wood Flooring 18mm Deep Brushed White Oiled,High-quality engineered wood flooring from Factory Direct Flooring. Multi-layer construction for enhanced stability and durability. Compatible with underfloor heating systems. A beautiful and practical choice for any room in your home.,,kg,,,active
herringbone-parquet-engineered-wood-flooring-18mm-deep-brushed-white-oiled,,,,,,,,,,,,,,,,,,,,,,,,,,,,,,,,https://cdn.shopify.com/s/files/1/0998/3049/7592/files/herringbone_parquet_18mm_deep_brushed_white_oil_engineered_5.jpg?v=1779041596,2,Herringbone Parquet Engineered Wood Flooring 18mm Deep Brushed White Oiled,,,,,,,,
abbey-sawtry-engineered-wood-flooring-14mm-x-125mm-oak-brushed-matt-lacquer,Abbey Sawtry Engineered Wood Flooring 14mm x 125mm Oak Brushed Matt Lacquer,<h2>Abbey Sawtry Engineered Wood Flooring 14mm x 125mm Oak Brushed Matt Lacquer</h2><p>High-quality engineered wood flooring from Factory Direct Flooring. Multi-layer construction for enhanced stability and durability. Compatible with underfloor heating systems. A beautiful and practical choice for any room in your home.</p>,Factory Direct Flooring,,Engineered Wood Flooring,engineered-wood-flooring,true,Title,Default Title,,,,,,,,E33291SAW8,0.0,shopify,100,deny,manual,0.00,,true,true,,,,,,https://cdn.shopify.com/s/files/1/0998/3049/7592/files/abbey_sawtry_14mm_oak_brushed_matt_lacquer_engineered_wood_flooring_10_1.jpg?v=1779041595,1,Abbey Sawtry Engineered Wood Flooring 14mm x 125mm Oak Brushed Matt Lacquer,false,Abbey Sawtry Engineered Wood Flooring 14mm x 125mm Oak Brushed Matt Lacquer,High-quality engineered wood flooring from Factory Direct Flooring. Multi-layer construction for enhanced stability and durability. Compatible with underfloor heating systems. A beautiful and practical choice for any room in your home.,,kg,,,active
abbey-sawtry-engineered-wood-flooring-14mm-x-125mm-oak-brushed-matt-lacquer,,,,,,,,,,,,,,,,,,,,,,,,,,,,,,,,https://cdn.shopify.com/s/files/1/0998/3049/7592/files/abbey_sawtry_14mm_oak_brushed_matt_lacquer_engineered_wood_flooring_11_1.jpg?v=1779041595,2,Abbey Sawtry Engineered Wood Flooring 14mm x 125mm Oak Brushed Matt Lacquer,,,,,,,,
abbey-standen-oak-golden-engineered-flooring-14mm-x-165mm-brushed-matt-lacquered,Abbey Standen Oak Golden Engineered Flooring 14mm x 165mm Brushed Matt Lacquered,<h2>Abbey Standen Oak Golden Engineered Flooring 14mm x 165mm Brushed Matt Lacquered</h2><p>High-quality engineered wood flooring from Factory Direct Flooring. Multi-layer construction for enhanced stability and durability. Compatible with underfloor heating systems. A beautiful and practical choice for any room in your home.</p>,Factory Direct Flooring,,Engineered Wood Flooring,engineered-wood-flooring,true,Title,Default Title,,,,,,,,74102STA,0.0,shopify,100,deny,manual,0.00,,true,true,,,,,,https://cdn.shopify.com/s/files/1/0998/3049/7592/files/abbey_standen_golden_oak_14mm_brushed_matt_lacquered_engineered_15_1_1.jpg?v=1779041594,1,Abbey Standen Oak Golden Engineered Flooring 14mm x 165mm Brushed Matt Lacquered,false,Abbey Standen Oak Golden Engineered Flooring 14mm x 165mm Brushed Matt Lacquered,High-quality engineered wood flooring from Factory Direct Flooring. Multi-layer construction for enhanced stability and durability. Compatible with underfloor heating systems. A beautiful and practical choice for any room in your home.,,kg,,,active
abbey-standen-oak-golden-engineered-flooring-14mm-x-165mm-brushed-matt-lacquered,,,,,,,,,,,,,,,,,,,,,,,,,,,,,,,,https://cdn.shopify.com/s/files/1/0998/3049/7592/files/abbey_standen_golden_oak_14mm_brushed_matt_lacquered_engineered_13_1_1.jpg?v=1779041594,2,Abbey Standen Oak Golden Engineered Flooring 14mm x 165mm Brushed Matt Lacquered,,,,,,,,
herringbone-parquet-18mm-natural-blackline-brushed-matt-lacquered-engineered-flooring,Herringbone Parquet 18mm Natural Blackline Brushed Matt Lacquered Engineered Flooring,<h2>Herringbone Parquet 18mm Natural Blackline Brushed Matt Lacquered Engineered Flooring</h2><p>High-quality engineered wood flooring from Factory Direct Flooring. Multi-layer construction for enhanced stability and durability. Compatible with underfloor heating systems. A beautiful and practical choice for any room in your home.</p>,Factory Direct Flooring,,Engineered Wood Flooring,engineered-wood-flooring,true,Title,Default Title,,,,,,,,74096NBB,0.0,shopify,100,deny,manual,0.00,,true,true,,,,,,https://cdn.shopify.com/s/files/1/0998/3049/7592/files/herringbone_parquet_18mm_natural_blackline_brushed_matt_lacquered_engineered_flooring_10.jpg?v=1779041593,1,Herringbone Parquet 18mm Natural Blackline Brushed Matt Lacquered Engineered Flooring,false,Herringbone Parquet 18mm Natural Blackline Brushed Matt Lacquered Engineered Flooring,High-quality engineered wood flooring from Factory Direct Flooring. Multi-layer construction for enhanced stability and durability. Compatible with underfloor heating systems. A beautiful and practical choice for any room in your home.,,kg,,,active
herringbone-parquet-18mm-natural-blackline-brushed-matt-lacquered-engineered-flooring,,,,,,,,,,,,,,,,,,,,,,,,,,,,,,,,https://cdn.shopify.com/s/files/1/0998/3049/7592/files/herringbone_parquet_18mm_natural_blackline_brushed_matt_lacquered_engineered_flooring_11.jpg?v=1779041593,2,Herringbone Parquet 18mm Natural Blackline Brushed Matt Lacquered Engineered Flooring,,,,,,,,
loire-engineered-wood-flooring-15mm-x-190mm-clear-oak-distressed-wax-oil,Loire Engineered Wood Flooring 15mm x 190mm Clear Oak Distressed Wax Oil,<h2>Loire Engineered Wood Flooring 15mm x 190mm Clear Oak Distressed Wax Oil</h2><p>High-quality engineered wood flooring from Factory Direct Flooring. Multi-layer construction for enhanced stability and durability. Compatible with underfloor heating systems. A beautiful and practical choice for any room in your home.</p>,Factory Direct Flooring,,Engineered Wood Flooring,engineered-wood-flooring,true,Title,Default Title,,,,,,,,74092CLO,0.0,shopify,100,deny,manual,0.00,,true,true,,,,,,https://cdn.shopify.com/s/files/1/0998/3049/7592/files/clear_6.jpg?v=1779041592,1,Loire Engineered Wood Flooring 15mm x 190mm Clear Oak Distressed Wax Oil,false,Loire Engineered Wood Flooring 15mm x 190mm Clear Oak Distressed Wax Oil,High-quality engineered wood flooring from Factory Direct Flooring. Multi-layer construction for enhanced stability and durability. Compatible with underfloor heating systems. A beautiful and practical choice for any room in your home.,,kg,,,active
loire-engineered-wood-flooring-15mm-x-190mm-clear-oak-distressed-wax-oil,,,,,,,,,,,,,,,,,,,,,,,,,,,,,,,,https://cdn.shopify.com/s/files/1/0998/3049/7592/files/clear_8.jpg?v=1779041592,2,Loire Engineered Wood Flooring 15mm x 190mm Clear Oak Distressed Wax Oil,,,,,,,,
manor-kelham-engineered-wood-flooring-18mm-x-190mm-limed-white-brushed-matt-lacquered,Manor Kelham Engineered Wood Flooring 18mm x 190mm Limed White Brushed Matt Lacquered,<h2>Manor Kelham Engineered Wood Flooring 18mm x 190mm Limed White Brushed Matt Lacquered</h2><p>High-quality engineered wood flooring from Factory Direct Flooring. Multi-layer construction for enhanced stability and durability. Compatible with underfloor heating systems. A beautiful and practical choice for any room in your home.</p>,Factory Direct Flooring,,Engineered Wood Flooring,engineered-wood-flooring,true,Title,Default Title,,,,,,,,74085KEL,0.0,shopify,100,deny,manual,0.00,,true,true,,,,,,https://cdn.shopify.com/s/files/1/0998/3049/7592/files/manor_kelham_18mm_limed_white_brushed_matt_lacquered_engineered_16.jpg?v=1779041590,1,Manor Kelham Engineered Wood Flooring 18mm x 190mm Limed White Brushed Matt Lacquered,false,Manor Kelham Engineered Wood Flooring 18mm x 190mm Limed White Brushed Matt Lacquered,High-quality engineered wood flooring from Factory Direct Flooring. Multi-layer construction for enhanced stability and durability. Compatible with underfloor heating systems. A beautiful and practical choice for any room in your home.,,kg,,,active
manor-kelham-engineered-wood-flooring-18mm-x-190mm-limed-white-brushed-matt-lacquered,,,,,,,,,,,,,,,,,,,,,,,,,,,,,,,,https://cdn.shopify.com/s/files/1/0998/3049/7592/files/manor_kelham_18mm_limed_white_brushed_matt_lacquered_engineered_13.jpg?v=1779041591,2,Manor Kelham Engineered Wood Flooring 18mm x 190mm Limed White Brushed Matt Lacquered,,,,,,,,
herringbone-parquet-engineered-wood-flooring-18mm-natural-brushed-matt-lacquer,Herringbone Parquet Engineered Wood Flooring 18mm Natural Brushed Matt Lacquer,<h2>Herringbone Parquet Engineered Wood Flooring 18mm Natural Brushed Matt Lacquer</h2><p>High-quality engineered wood flooring from Factory Direct Flooring. Multi-layer construction for enhanced stability and durability. Compatible with underfloor heating systems. A beautiful and practical choice for any room in your home.</p>,Factory Direct Flooring,,Engineered Wood Flooring,engineered-wood-flooring,true,Title,Default Title,,,,,,,,74094BML,0.0,shopify,100,deny,manual,0.00,,true,true,,,,,,https://cdn.shopify.com/s/files/1/0998/3049/7592/files/74113hb_1.jpg?v=1779041590,1,Herringbone Parquet Engineered Wood Flooring 18mm Natural Brushed Matt Lacquer,false,Herringbone Parquet Engineered Wood Flooring 18mm Natural Brushed Matt Lacquer,High-quality engineered wood flooring from Factory Direct Flooring. Multi-layer construction for enhanced stability and durability. Compatible with underfloor heating systems. A beautiful and practical choice for any room in your home.,,kg,,,active
herringbone-parquet-engineered-wood-flooring-18mm-natural-brushed-matt-lacquer,,,,,,,,,,,,,,,,,,,,,,,,,,,,,,,,https://cdn.shopify.com/s/files/1/0998/3049/7592/files/74113hb_8.jpg?v=1779041590,2,Herringbone Parquet Engineered Wood Flooring 18mm Natural Brushed Matt Lacquer,,,,,,,,
abbey-claro-engineered-wood-flooring-white-wash-oak-10mm-x-125mm-brushed-matt-lacquer,Abbey Claro Engineered Wood Flooring White Wash Oak 10mm x 125mm Brushed Matt Lacquer,<h2>Abbey Claro Engineered Wood Flooring White Wash Oak 10mm x 125mm Brushed Matt Lacquer</h2><p>High-quality engineered wood flooring from Factory Direct Flooring. Multi-layer construction for enhanced stability and durability. Compatible with underfloor heating systems. A beautiful and practical choice for any room in your home.</p>,Factory Direct Flooring,,Engineered Wood Flooring,engineered-wood-flooring,true,Title,Default Title,,,,,,,,E73884CLA,0.0,shopify,100,deny,manual,0.00,,true,true,,,,,,https://cdn.shopify.com/s/files/1/0998/3049/7592/files/abbey_claro_white_wash_oak_10mm_brushed_matt_lacquer_engineereed_floor_1.jpg?v=1779041589,1,Abbey Claro Engineered Wood Flooring White Wash Oak 10mm x 125mm Brushed Matt Lacquer,false,Abbey Claro Engineered Wood Flooring White Wash Oak 10mm x 125mm Brushed Matt Lacquer,High-quality engineered wood flooring from Factory Direct Flooring. Multi-layer construction for enhanced stability and durability. Compatible with underfloor heating systems. A beautiful and practical choice for any room in your home.,,kg,,,active
abbey-claro-engineered-wood-flooring-white-wash-oak-10mm-x-125mm-brushed-matt-lacquer,,,,,,,,,,,,,,,,,,,,,,,,,,,,,,,,https://cdn.shopify.com/s/files/1/0998/3049/7592/files/abbey_claro_white_wash_oak_10mm_brushed_matt_lacquer_engineereed_floor_6.jpg?v=1779041589,2,Abbey Claro Engineered Wood Flooring White Wash Oak 10mm x 125mm Brushed Matt Lacquer,,,,,,,,
herringbone-parquet-engineered-wood-flooring-18mm-natural-oak-brushed-oiled,Herringbone Parquet Engineered Wood Flooring 18mm Natural Oak Brushed Oiled,<h2>Herringbone Parquet Engineered Wood Flooring 18mm Natural Oak Brushed Oiled</h2><p>High-quality engineered wood flooring from Factory Direct Flooring. Multi-layer construction for enhanced stability and durability. Compatible with underfloor heating systems. A beautiful and practical choice for any room in your home.</p>,Factory Direct Flooring,,Engineered Wood Flooring,engineered-wood-flooring,true,Title,Default Title,,,,,,,,E33204BAO7,0.0,shopify,100,deny,manual,0.00,,true,true,,,,,,https://cdn.shopify.com/s/files/1/0998/3049/7592/files/herringbone_parquet_18mm_natural_oak_brushed_oiled_engineered_51.jpg?v=1779041588,1,Herringbone Parquet Engineered Wood Flooring 18mm Natural Oak Brushed Oiled,false,Herringbone Parquet Engineered Wood Flooring 18mm Natural Oak Brushed Oiled,High-quality engineered wood flooring from Factory Direct Flooring. Multi-layer construction for enhanced stability and durability. Compatible with underfloor heating systems. A beautiful and practical choice for any room in your home.,,kg,,,active
herringbone-parquet-engineered-wood-flooring-18mm-natural-oak-brushed-oiled,,,,,,,,,,,,,,,,,,,,,,,,,,,,,,,,https://cdn.shopify.com/s/files/1/0998/3049/7592/files/herringbone_parquet_18mm_natural_oak_brushed_oiled_engineered_53.jpg?v=1779041588,2,Herringbone Parquet Engineered Wood Flooring 18mm Natural Oak Brushed Oiled,,,,,,,,
abbey-bornem-engineered-wood-flooring-14mm-x-190mm-natural-brushed-uv-oiled,Abbey Bornem Engineered Wood Flooring 14mm x 190mm Natural Brushed Uv Oiled,<h2>Abbey Bornem Engineered Wood Flooring 14mm x 190mm Natural Brushed Uv Oiled</h2><p>High-quality engineered wood flooring from Factory Direct Flooring. Multi-layer construction for enhanced stability and durability. Compatible with underfloor heating systems. A beautiful and practical choice for any room in your home.</p>,Factory Direct Flooring,,Engineered Wood Flooring,engineered-wood-flooring,true,Title,Default Title,,,,,,,,73989BOR,0.0,shopify,100,deny,manual,0.00,,true,true,,,,,,https://cdn.shopify.com/s/files/1/0998/3049/7592/files/abbey_bornem_14mm_natural_brushed_uv_oiled_engineered_10.jpg?v=1779041587,1,Abbey Bornem Engineered Wood Flooring 14mm x 190mm Natural Brushed Uv Oiled,false,Abbey Bornem Engineered Wood Flooring 14mm x 190mm Natural Brushed Uv Oiled,High-quality engineered wood flooring from Factory Direct Flooring. Multi-layer construction for enhanced stability and durability. Compatible with underfloor heating systems. A beautiful and practical choice for any room in your home.,,kg,,,active
abbey-bornem-engineered-wood-flooring-14mm-x-190mm-natural-brushed-uv-oiled,,,,,,,,,,,,,,,,,,,,,,,,,,,,,,,,https://cdn.shopify.com/s/files/1/0998/3049/7592/files/abbey_bornem_14mm_natural_brushed_uv_oiled_engineered_13.jpg?v=1779041587,2,Abbey Bornem Engineered Wood Flooring 14mm x 190mm Natural Brushed Uv Oiled,,,,,,,,
herringbone-parquet-engineered-wood-flooring-14mm-ambergrain-oak-brushed-lacquer,Herringbone Parquet Engineered Wood Flooring 14mm Ambergrain Oak Brushed Lacquer,<h2>Herringbone Parquet Engineered Wood Flooring 14mm Ambergrain Oak Brushed Lacquer</h2><p>High-quality engineered wood flooring from Factory Direct Flooring. Multi-layer construction for enhanced stability and durability. Compatible with underfloor heating systems. A beautiful and practical choice for any room in your home.</p>,Factory Direct Flooring,,Engineered Wood Flooring,engineered-wood-flooring,true,Title,Default Title,,,,,,,,74163AOB,0.0,shopify,100,deny,manual,0.00,,true,true,,,,,,https://cdn.shopify.com/s/files/1/0998/3049/7592/files/74163aob-harvest_bl_10.jpg?v=1779041586,1,Herringbone Parquet Engineered Wood Flooring 14mm Ambergrain Oak Brushed Lacquer,false,Herringbone Parquet Engineered Wood Flooring 14mm Ambergrain Oak Brushed Lacquer,High-quality engineered wood flooring from Factory Direct Flooring. Multi-layer construction for enhanced stability and durability. Compatible with underfloor heating systems. A beautiful and practical choice for any room in your home.,,kg,,,active
herringbone-parquet-engineered-wood-flooring-14mm-ambergrain-oak-brushed-lacquer,,,,,,,,,,,,,,,,,,,,,,,,,,,,,,,,https://cdn.shopify.com/s/files/1/0998/3049/7592/files/74163aob-harvest_bl_18.jpg?v=1779041586,2,Herringbone Parquet Engineered Wood Flooring 14mm Ambergrain Oak Brushed Lacquer,,,,,,,,
herringbone-parquet-18mm-engineered-wood-flooring-smoke-white-brushed-oiled,Herringbone Parquet 18mm Engineered Wood Flooring Smoke White Brushed Oiled,<h2>Herringbone Parquet 18mm Engineered Wood Flooring Smoke White Brushed Oiled</h2><p>High-quality engineered wood flooring from Factory Direct Flooring. Multi-layer construction for enhanced stability and durability. Compatible with underfloor heating systems. A beautiful and practical choice for any room in your home.</p>,Factory Direct Flooring,,Engineered Wood Flooring,engineered-wood-flooring,true,Title,Default Title,,,,,,,,74095SWB,0.0,shopify,100,deny,manual,0.00,,true,true,,,,,,https://cdn.shopify.com/s/files/1/0998/3049/7592/files/herringbone_parquet_18mm_smoke_white_brushed_oiled_engineered_14.jpg?v=1779041584,1,Herringbone Parquet 18mm Engineered Wood Flooring Smoke White Brushed Oiled,false,Herringbone Parquet 18mm Engineered Wood Flooring Smoke White Brushed Oiled,High-quality engineered wood flooring from Factory Direct Flooring. Multi-layer construction for enhanced stability and durability. Compatible with underfloor heating systems. A beautiful and practical choice for any room in your home.,,kg,,,active
herringbone-parquet-18mm-engineered-wood-flooring-smoke-white-brushed-oiled,,,,,,,,,,,,,,,,,,,,,,,,,,,,,,,,https://cdn.shopify.com/s/files/1/0998/3049/7592/files/herringbone_parquet_18mm_smoke_white_brushed_oiled_engineered_18.jpg?v=1779041585,2,Herringbone Parquet 18mm Engineered Wood Flooring Smoke White Brushed Oiled,,,,,,,,
manor-lytham-engineered-wood-flooring-18mm-x190mm-nude-brushed-matt-lacquer,Manor Lytham Engineered Wood Flooring 18mm x190mm Nude Brushed Matt Lacquer,<h2>Manor Lytham Engineered Wood Flooring 18mm x190mm Nude Brushed Matt Lacquer</h2><p>High-quality engineered wood flooring from Factory Direct Flooring. Multi-layer construction for enhanced stability and durability. Compatible with underfloor heating systems. A beautiful and practical choice for any room in your home.</p>,Factory Direct Flooring,,Engineered Wood Flooring,engineered-wood-flooring,true,Title,Default Title,,,,,,,,74086LYT,0.0,shopify,100,deny,manual,0.00,,true,true,,,,,,https://cdn.shopify.com/s/files/1/0998/3049/7592/files/manor_lytham_18mm_nude_brushed_matt_lacquered_engineered_16.jpg?v=1779041584,1,Manor Lytham Engineered Wood Flooring 18mm x190mm Nude Brushed Matt Lacquer,false,Manor Lytham Engineered Wood Flooring 18mm x190mm Nude Brushed Matt Lacquer,High-quality engineered wood flooring from Factory Direct Flooring. Multi-layer construction for enhanced stability and durability. Compatible with underfloor heating systems. A beautiful and practical choice for any room in your home.,,kg,,,active
manor-lytham-engineered-wood-flooring-18mm-x190mm-nude-brushed-matt-lacquer,,,,,,,,,,,,,,,,,,,,,,,,,,,,,,,,https://cdn.shopify.com/s/files/1/0998/3049/7592/files/manor_lytham_18mm_nude_brushed_matt_lacquered_engineered_14.jpg?v=1779041583,2,Manor Lytham Engineered Wood Flooring 18mm x190mm Nude Brushed Matt Lacquer,,,,,,,,
loire-engineered-wood-flooring-golden-oak-distressed-wax-oil-15mm-x-190mm,Loire Engineered Wood Flooring Golden Oak Distressed Wax Oil 15mm x 190mm,<h2>Loire Engineered Wood Flooring Golden Oak Distressed Wax Oil 15mm x 190mm</h2><p>High-quality engineered wood flooring from Factory Direct Flooring. Multi-layer construction for enhanced stability and durability. Compatible with underfloor heating systems. A beautiful and practical choice for any room in your home.</p>,Factory Direct Flooring,,Engineered Wood Flooring,engineered-wood-flooring,true,Title,Default Title,,,,,,,,74091LGO,0.0,shopify,100,deny,manual,0.00,,true,true,,,,,,https://cdn.shopify.com/s/files/1/0998/3049/7592/files/loire_golden_oak_distressed_wax_oil_15mm_engineered_7.jpg?v=1779041583,1,Loire Engineered Wood Flooring Golden Oak Distressed Wax Oil 15mm x 190mm,false,Loire Engineered Wood Flooring Golden Oak Distressed Wax Oil 15mm x 190mm,High-quality engineered wood flooring from Factory Direct Flooring. Multi-layer construction for enhanced stability and durability. Compatible with underfloor heating systems. A beautiful and practical choice for any room in your home.,,kg,,,active
loire-engineered-wood-flooring-golden-oak-distressed-wax-oil-15mm-x-190mm,,,,,,,,,,,,,,,,,,,,,,,,,,,,,,,,https://cdn.shopify.com/s/files/1/0998/3049/7592/files/loire_golden_oak_distressed_wax_oil_15mm_engineered_4.jpg?v=1779041583,2,Loire Engineered Wood Flooring Golden Oak Distressed Wax Oil 15mm x 190mm,,,,,,,,
herringbone-parquet-engineered-wood-flooring-brushed-matt-lacquer-14mm-harvest-oak,Herringbone Parquet Engineered Wood Flooring Brushed Matt Lacquer 14mm Harvest Oak,<h2>Herringbone Parquet Engineered Wood Flooring Brushed Matt Lacquer 14mm Harvest Oak</h2><p>High-quality engineered wood flooring from Factory Direct Flooring. Multi-layer construction for enhanced stability and durability. Compatible with underfloor heating systems. A beautiful and practical choice for any room in your home.</p>,Factory Direct Flooring,,Engineered Wood Flooring,engineered-wood-flooring,true,Title,Default Title,,,,,,,,E73509SPH13,0.0,shopify,100,deny,manual,0.00,,true,true,,,,,,https://cdn.shopify.com/s/files/1/0998/3049/7592/files/herringbone_parquet_brushed_matt_lacquer_14mm_harvest_oak_engineered_50.jpg?v=1779041582,1,Herringbone Parquet Engineered Wood Flooring Brushed Matt Lacquer 14mm Harvest Oak,false,Herringbone Parquet Engineered Wood Flooring Brushed Matt Lacquer 14mm Harvest Oak,High-quality engineered wood flooring from Factory Direct Flooring. Multi-layer construction for enhanced stability and durability. Compatible with underfloor heating systems. A beautiful and practical choice for any room in your home.,,kg,,,active
herringbone-parquet-engineered-wood-flooring-brushed-matt-lacquer-14mm-harvest-oak,,,,,,,,,,,,,,,,,,,,,,,,,,,,,,,,https://cdn.shopify.com/s/files/1/0998/3049/7592/files/herringbone_parquet_brushed_matt_lacquer_14mm_harvest_oak_engineered_53.jpg?v=1779041582,2,Herringbone Parquet Engineered Wood Flooring Brushed Matt Lacquer 14mm Harvest Oak,,,,,,,,
loire-rich-oak-distressed-wax-oil-15mm-engineered,Loire Rich Oak Distressed Wax Oil 15mm Engineered,<h2>Loire Rich Oak Distressed Wax Oil 15mm Engineered</h2><p>High-quality engineered wood flooring from Factory Direct Flooring. Multi-layer construction for enhanced stability and durability. Compatible with underfloor heating systems. A beautiful and practical choice for any room in your home.</p>,Factory Direct Flooring,,Engineered Wood Flooring,engineered-wood-flooring,true,Title,Default Title,,,,,,,,74090LRO,0.0,shopify,100,deny,manual,0.00,,true,true,,,,,,https://cdn.shopify.com/s/files/1/0998/3049/7592/files/ff-74090lro-10.jpg?v=1779041580,1,Loire Rich Oak Distressed Wax Oil 15mm Engineered,false,Loire Rich Oak Distressed Wax Oil 15mm Engineered,High-quality engineered wood flooring from Factory Direct Flooring. Multi-layer construction for enhanced stability and durability. Compatible with underfloor heating systems. A beautiful and practical choice for any room in your home.,,kg,,,active
loire-rich-oak-distressed-wax-oil-15mm-engineered,,,,,,,,,,,,,,,,,,,,,,,,,,,,,,,,https://cdn.shopify.com/s/files/1/0998/3049/7592/files/ff-74090lro-17.jpg?v=1779041580,2,Loire Rich Oak Distressed Wax Oil 15mm Engineered,,,,,,,,
loire-engineered-wood-flooring-15mm-x-190mm-natural-oak-distressed-wax-oil,Loire Engineered Wood Flooring 15mm x 190mm Natural Oak Distressed Wax Oil,<h2>Loire Engineered Wood Flooring 15mm x 190mm Natural Oak Distressed Wax Oil</h2><p>High-quality engineered wood flooring from Factory Direct Flooring. Multi-layer construction for enhanced stability and durability. Compatible with underfloor heating systems. A beautiful and practical choice for any room in your home.</p>,Factory Direct Flooring,,Engineered Wood Flooring,engineered-wood-flooring,true,Title,Default Title,,,,,,,,74089LON,0.0,shopify,100,deny,manual,0.00,,true,true,,,,,,https://cdn.shopify.com/s/files/1/0998/3049/7592/files/natural_wax_oil_13.jpg?v=1779041579,1,Loire Engineered Wood Flooring 15mm x 190mm Natural Oak Distressed Wax Oil,false,Loire Engineered Wood Flooring 15mm x 190mm Natural Oak Distressed Wax Oil,High-quality engineered wood flooring from Factory Direct Flooring. Multi-layer construction for enhanced stability and durability. Compatible with underfloor heating systems. A beautiful and practical choice for any room in your home.,,kg,,,active
loire-engineered-wood-flooring-15mm-x-190mm-natural-oak-distressed-wax-oil,,,,,,,,,,,,,,,,,,,,,,,,,,,,,,,,https://cdn.shopify.com/s/files/1/0998/3049/7592/files/natural_wax_oil_12.jpg?v=1779041580,2,Loire Engineered Wood Flooring 15mm x 190mm Natural Oak Distressed Wax Oil,,,,,,,,
abbey-danson-nude-oak-14mm-x-165mm-brushed-matt-lacquered-engineered-wood-flooring,Abbey Danson Nude Oak 14mm x 165mm Brushed Matt Lacquered Engineered Wood Flooring,<h2>Abbey Danson Nude Oak 14mm x 165mm Brushed Matt Lacquered Engineered Wood Flooring</h2><p>High-quality engineered wood flooring from Factory Direct Flooring. Multi-layer construction for enhanced stability and durability. Compatible with underfloor heating systems. A beautiful and practical choice for any room in your home.</p>,Factory Direct Flooring,,Engineered Wood Flooring,engineered-wood-flooring,true,Title,Default Title,,,,,,,,74101DAN,0.0,shopify,100,deny,manual,0.00,,true,true,,,,,,https://cdn.shopify.com/s/files/1/0998/3049/7592/files/abbey_danson_nude_oak_14mm_brushed_matt_lacquered_engineered_15.jpg?v=1779041578,1,Abbey Danson Nude Oak 14mm x 165mm Brushed Matt Lacquered Engineered Wood Flooring,false,Abbey Danson Nude Oak 14mm x 165mm Brushed Matt Lacquered Engineered Wood Flooring,High-quality engineered wood flooring from Factory Direct Flooring. Multi-layer construction for enhanced stability and durability. Compatible with underfloor heating systems. A beautiful and practical choice for any room in your home.,,kg,,,active
abbey-danson-nude-oak-14mm-x-165mm-brushed-matt-lacquered-engineered-wood-flooring,,,,,,,,,,,,,,,,,,,,,,,,,,,,,,,,https://cdn.shopify.com/s/files/1/0998/3049/7592/files/abbey_danson_nude_oak_14mm_brushed_matt_lacquered_engineered_12.jpg?v=1779041578,2,Abbey Danson Nude Oak 14mm x 165mm Brushed Matt Lacquered Engineered Wood Flooring,,,,,,,,
14mm-herringbone-parquet-engineered-wood-flooring-nude-oak,14mm Herringbone Parquet Engineered Wood Flooring Nude Oak,<h2>14mm Herringbone Parquet Engineered Wood Flooring Nude Oak</h2><p>High-quality engineered wood flooring from Factory Direct Flooring. Multi-layer construction for enhanced stability and durability. Compatible with underfloor heating systems. A beautiful and practical choice for any room in your home.</p>,Factory Direct Flooring,,Engineered Wood Flooring,engineered-wood-flooring,true,Title,Default Title,,,,,,,,E73507SPN07,0.0,shopify,100,deny,manual,0.00,,true,true,,,,,,https://cdn.shopify.com/s/files/1/0998/3049/7592/files/herringbone_parquet_14mm_nude_oak_engineered_10.jpg?v=1779041578,1,14mm Herringbone Parquet Engineered Wood Flooring Nude Oak,false,14mm Herringbone Parquet Engineered Wood Flooring Nude Oak,High-quality engineered wood flooring from Factory Direct Flooring. Multi-layer construction for enhanced stability and durability. Compatible with underfloor heating systems. A beautiful and practical choice for any room in your home.,,kg,,,active
14mm-herringbone-parquet-engineered-wood-flooring-nude-oak,,,,,,,,,,,,,,,,,,,,,,,,,,,,,,,,https://cdn.shopify.com/s/files/1/0998/3049/7592/files/herringbone_parquet_14mm_nude_oak_engineered_13.jpg?v=1779041577,2,14mm Herringbone Parquet Engineered Wood Flooring Nude Oak,,,,,,,,
herringbone-parquet-engineered-wood-flooring-15mm-rich-oak-hard-wax-oiled,Herringbone Parquet Engineered Wood Flooring 15mm Rich Oak Hard Wax Oiled,<h2>Herringbone Parquet Engineered Wood Flooring 15mm Rich Oak Hard Wax Oiled</h2><p>High-quality engineered wood flooring from Factory Direct Flooring. Multi-layer construction for enhanced stability and durability. Compatible with underfloor heating systems. A beautiful and practical choice for any room in your home.</p>,Factory Direct Flooring,,Engineered Wood Flooring,engineered-wood-flooring,true,Title,Default Title,,,,,,,,74174H,0.0,shopify,100,deny,manual,0.00,,true,true,,,,,,https://cdn.shopify.com/s/files/1/0998/3049/7592/files/74174h_1_2.jpg?v=1779041576,1,Herringbone Parquet Engineered Wood Flooring 15mm Rich Oak Hard Wax Oiled,false,Herringbone Parquet Engineered Wood Flooring 15mm Rich Oak Hard Wax Oiled,High-quality engineered wood flooring from Factory Direct Flooring. Multi-layer construction for enhanced stability and durability. Compatible with underfloor heating systems. A beautiful and practical choice for any room in your home.,,kg,,,active
herringbone-parquet-engineered-wood-flooring-15mm-rich-oak-hard-wax-oiled,,,,,,,,,,,,,,,,,,,,,,,,,,,,,,,,https://cdn.shopify.com/s/files/1/0998/3049/7592/files/74174h_10_2.jpg?v=1779041576,2,Herringbone Parquet Engineered Wood Flooring 15mm Rich Oak Hard Wax Oiled,,,,,,,,
abbey-cinder-engineered-wood-flooring-10mm-x-125mm-double-smoked-brushed-lacquer-flooring,Abbey Cinder Engineered Wood Flooring 10mm x 125mm Double Smoked Brushed Lacquer Flooring,<h2>Abbey Cinder Engineered Wood Flooring 10mm x 125mm Double Smoked Brushed Lacquer Flooring</h2><p>High-quality engineered wood flooring from Factory Direct Flooring. Multi-layer construction for enhanced stability and durability. Compatible with underfloor heating systems. A beautiful and practical choice for any room in your home.</p>,Factory Direct Flooring,,Engineered Wood Flooring,engineered-wood-flooring,true,Title,Default Title,,,,,,,,74172P,0.0,shopify,100,deny,manual,0.00,,true,true,,,,,,https://cdn.shopify.com/s/files/1/0998/3049/7592/files/74172h-13.jpg?v=1779041576,1,Abbey Cinder Engineered Wood Flooring 10mm x 125mm Double Smoked Brushed Lacquer Flooring,false,Abbey Cinder Engineered Wood Flooring 10mm x 125mm Double Smoked Brushed Lacquer Flooring,High-quality engineered wood flooring from Factory Direct Flooring. Multi-layer construction for enhanced stability and durability. Compatible with underfloor heating systems. A beautiful and practical choice for any room in your home.,,kg,,,active
abbey-cinder-engineered-wood-flooring-10mm-x-125mm-double-smoked-brushed-lacquer-flooring,,,,,,,,,,,,,,,,,,,,,,,,,,,,,,,,https://cdn.shopify.com/s/files/1/0998/3049/7592/files/74172h-16.jpg?v=1779041575,2,Abbey Cinder Engineered Wood Flooring 10mm x 125mm Double Smoked Brushed Lacquer Flooring,,,,,,,,
herringbone-parquet-engineered-wood-flooring-12mm-essence-oak-matt-lacquer,Herringbone Parquet Engineered Wood Flooring 12mm Essence Oak Matt Lacquer,<h2>Herringbone Parquet Engineered Wood Flooring 12mm Essence Oak Matt Lacquer</h2><p>High-quality engineered wood flooring from Factory Direct Flooring. Multi-layer construction for enhanced stability and durability. Compatible with underfloor heating systems. A beautiful and practical choice for any room in your home.</p>,Factory Direct Flooring,,Engineered Wood Flooring,engineered-wood-flooring,true,Title,Default Title,,,,,,,,74170H,0.0,shopify,100,deny,manual,0.00,,true,true,,,,,,https://cdn.shopify.com/s/files/1/0998/3049/7592/files/74170h-14.jpg?v=1779041574,1,Herringbone Parquet Engineered Wood Flooring 12mm Essence Oak Matt Lacquer,false,Herringbone Parquet Engineered Wood Flooring 12mm Essence Oak Matt Lacquer,High-quality engineered wood flooring from Factory Direct Flooring. Multi-layer construction for enhanced stability and durability. Compatible with underfloor heating systems. A beautiful and practical choice for any room in your home.,,kg,,,active
herringbone-parquet-engineered-wood-flooring-12mm-essence-oak-matt-lacquer,,,,,,,,,,,,,,,,,,,,,,,,,,,,,,,,https://cdn.shopify.com/s/files/1/0998/3049/7592/files/74170h-18.jpg?v=1779041574,2,Herringbone Parquet Engineered Wood Flooring 12mm Essence Oak Matt Lacquer,,,,,,,,
herringbone-parquet-engineered-wood-flooring-12mm-smoked-brushed-lacquer,Herringbone Parquet Engineered Wood Flooring 12mm Smoked Brushed Lacquer,<h2>Herringbone Parquet Engineered Wood Flooring 12mm Smoked Brushed Lacquer</h2><p>High-quality engineered wood flooring from Factory Direct Flooring. Multi-layer construction for enhanced stability and durability. Compatible with underfloor heating systems. A beautiful and practical choice for any room in your home.</p>,Factory Direct Flooring,,Engineered Wood Flooring,engineered-wood-flooring,true,Title,Default Title,,,,,,,,74169H,0.0,shopify,100,deny,manual,0.00,,true,true,,,,,,https://cdn.shopify.com/s/files/1/0998/3049/7592/files/74169h-14.jpg?v=1779041573,1,Herringbone Parquet Engineered Wood Flooring 12mm Smoked Brushed Lacquer,false,Herringbone Parquet Engineered Wood Flooring 12mm Smoked Brushed Lacquer,High-quality engineered wood flooring from Factory Direct Flooring. Multi-layer construction for enhanced stability and durability. Compatible with underfloor heating systems. A beautiful and practical choice for any room in your home.,,kg,,,active
herringbone-parquet-engineered-wood-flooring-12mm-smoked-brushed-lacquer,,,,,,,,,,,,,,,,,,,,,,,,,,,,,,,,https://cdn.shopify.com/s/files/1/0998/3049/7592/files/74169h-17.jpg?v=1779041573,2,Herringbone Parquet Engineered Wood Flooring 12mm Smoked Brushed Lacquer,,,,,,,,
herringbone-parquet-engineered-wood-flooring-12mm-double-smoked-brushed-lacquer,Herringbone Parquet Engineered Wood Flooring 12mm Double Smoked Brushed Lacquer,<h2>Herringbone Parquet Engineered Wood Flooring 12mm Double Smoked Brushed Lacquer</h2><p>High-quality engineered wood flooring from Factory Direct Flooring. Multi-layer construction for enhanced stability and durability. Compatible with underfloor heating systems. A beautiful and practical choice for any room in your home.</p>,Factory Direct Flooring,,Engineered Wood Flooring,engineered-wood-flooring,true,Title,Default Title,,,,,,,,74168H,0.0,shopify,100,deny,manual,0.00,,true,true,,,,,,https://cdn.shopify.com/s/files/1/0998/3049/7592/files/74168h-14.jpg?v=1779041572,1,Herringbone Parquet Engineered Wood Flooring 12mm Double Smoked Brushed Lacquer,false,Herringbone Parquet Engineered Wood Flooring 12mm Double Smoked Brushed Lacquer,High-quality engineered wood flooring from Factory Direct Flooring. Multi-layer construction for enhanced stability and durability. Compatible with underfloor heating systems. A beautiful and practical choice for any room in your home.,,kg,,,active
herringbone-parquet-engineered-wood-flooring-12mm-double-smoked-brushed-lacquer,,,,,,,,,,,,,,,,,,,,,,,,,,,,,,,,https://cdn.shopify.com/s/files/1/0998/3049/7592/files/74168h-17.jpg?v=1779041572,2,Herringbone Parquet Engineered Wood Flooring 12mm Double Smoked Brushed Lacquer,,,,,,,,
herringbone-parquet-engineered-wood-flooring-12mm-natural-oak-brushed-uv-oiled,Herringbone Parquet Engineered Wood Flooring 12mm Natural Oak Brushed UV Oiled,<h2>Herringbone Parquet Engineered Wood Flooring 12mm Natural Oak Brushed UV Oiled</h2><p>High-quality engineered wood flooring from Factory Direct Flooring. Multi-layer construction for enhanced stability and durability. Compatible with underfloor heating systems. A beautiful and practical choice for any room in your home.</p>,Factory Direct Flooring,,Engineered Wood Flooring,engineered-wood-flooring,true,Title,Default Title,,,,,,,,74167H,0.0,shopify,100,deny,manual,0.00,,true,true,,,,,,https://cdn.shopify.com/s/files/1/0998/3049/7592/files/74167h-14.jpg?v=1779041570,1,Herringbone Parquet Engineered Wood Flooring 12mm Natural Oak Brushed UV Oiled,false,Herringbone Parquet Engineered Wood Flooring 12mm Natural Oak Brushed UV Oiled,High-quality engineered wood flooring from Factory Direct Flooring. Multi-layer construction for enhanced stability and durability. Compatible with underfloor heating systems. A beautiful and practical choice for any room in your home.,,kg,,,active
herringbone-parquet-engineered-wood-flooring-12mm-natural-oak-brushed-uv-oiled,,,,,,,,,,,,,,,,,,,,,,,,,,,,,,,,https://cdn.shopify.com/s/files/1/0998/3049/7592/files/74167h-18.jpg?v=1779041570,2,Herringbone Parquet Engineered Wood Flooring 12mm Natural Oak Brushed UV Oiled,,,,,,,,
abbey-audley-engineered-wood-flooring-oak-14mm-x-165mm-brushed-oiled,Abbey Audley Engineered Wood Flooring Oak 14mm x 165mm Brushed Oiled,<h2>Abbey Audley Engineered Wood Flooring Oak 14mm x 165mm Brushed Oiled</h2><p>High-quality engineered wood flooring from Factory Direct Flooring. Multi-layer construction for enhanced stability and durability. Compatible with underfloor heating systems. A beautiful and practical choice for any room in your home.</p>,Factory Direct Flooring,,Engineered Wood Flooring,engineered-wood-flooring,true,Title,Default Title,,,,,,,,74100AUD,0.0,shopify,100,deny,manual,0.00,,true,true,,,,,,https://cdn.shopify.com/s/files/1/0998/3049/7592/files/abbey_audley_oak_14mm_brushed_oiled_engineered_17.jpg?v=1779041568,1,Abbey Audley Engineered Wood Flooring Oak 14mm x 165mm Brushed Oiled,false,Abbey Audley Engineered Wood Flooring Oak 14mm x 165mm Brushed Oiled,High-quality engineered wood flooring from Factory Direct Flooring. Multi-layer construction for enhanced stability and durability. Compatible with underfloor heating systems. A beautiful and practical choice for any room in your home.,,kg,,,active
abbey-audley-engineered-wood-flooring-oak-14mm-x-165mm-brushed-oiled,,,,,,,,,,,,,,,,,,,,,,,,,,,,,,,,https://cdn.shopify.com/s/files/1/0998/3049/7592/files/abbey_audley_oak_14mm_brushed_oiled_engineered_13.jpg?v=1779041569,2,Abbey Audley Engineered Wood Flooring Oak 14mm x 165mm Brushed Oiled,,,,,,,,
herringbone-parquet-engineered-wood-flooring-18mm-nude-brushed-matt-lacquered,Herringbone Parquet Engineered Wood Flooring 18mm Nude Brushed Matt Lacquered,<h2>Herringbone Parquet Engineered Wood Flooring 18mm Nude Brushed Matt Lacquered</h2><p>High-quality engineered wood flooring from Factory Direct Flooring. Multi-layer construction for enhanced stability and durability. Compatible with underfloor heating systems. A beautiful and practical choice for any room in your home.</p>,Factory Direct Flooring,,Engineered Wood Flooring,engineered-wood-flooring,true,Title,Default Title,,,,,,,,74098NBL,0.0,shopify,100,deny,manual,0.00,,true,true,,,,,,https://cdn.shopify.com/s/files/1/0998/3049/7592/files/ff-74098nbl-11.jpg?v=1779041567,1,Herringbone Parquet Engineered Wood Flooring 18mm Nude Brushed Matt Lacquered,false,Herringbone Parquet Engineered Wood Flooring 18mm Nude Brushed Matt Lacquered,High-quality engineered wood flooring from Factory Direct Flooring. Multi-layer construction for enhanced stability and durability. Compatible with underfloor heating systems. A beautiful and practical choice for any room in your home.,,kg,,,active
herringbone-parquet-engineered-wood-flooring-18mm-nude-brushed-matt-lacquered,,,,,,,,,,,,,,,,,,,,,,,,,,,,,,,,https://cdn.shopify.com/s/files/1/0998/3049/7592/files/ff-74098nbl-18.jpg?v=1779041568,2,Herringbone Parquet Engineered Wood Flooring 18mm Nude Brushed Matt Lacquered,,,,,,,,
herringbone-parquet-engineered-wood-flooring-18mm-natural-brushed-oiled,Herringbone Parquet Engineered Wood Flooring 18mm Natural Brushed Oiled,<h2>Herringbone Parquet Engineered Wood Flooring 18mm Natural Brushed Oiled</h2><p>High-quality engineered wood flooring from Factory Direct Flooring. Multi-layer construction for enhanced stability and durability. Compatible with underfloor heating systems. A beautiful and practical choice for any room in your home.</p>,Factory Direct Flooring,,Engineered Wood Flooring,engineered-wood-flooring,true,Title,Default Title,,,,,,,,74093BUL,0.0,shopify,100,deny,manual,0.00,,true,true,,,,,,https://cdn.shopify.com/s/files/1/0998/3049/7592/files/74093bul_17.jpg?v=1779041565,1,Herringbone Parquet Engineered Wood Flooring 18mm Natural Brushed Oiled,false,Herringbone Parquet Engineered Wood Flooring 18mm Natural Brushed Oiled,High-quality engineered wood flooring from Factory Direct Flooring. Multi-layer construction for enhanced stability and durability. Compatible with underfloor heating systems. A beautiful and practical choice for any room in your home.,,kg,,,active
herringbone-parquet-engineered-wood-flooring-18mm-natural-brushed-oiled,,,,,,,,,,,,,,,,,,,,,,,,,,,,,,,,https://cdn.shopify.com/s/files/1/0998/3049/7592/files/74093bul_10.jpg?v=1779041566,2,Herringbone Parquet Engineered Wood Flooring 18mm Natural Brushed Oiled,,,,,,,,
advice-centre,Advice Centre,"<h2>Advice Centre</h2><p>Premium solid wood flooring available from Factory Direct Flooring. Real wood construction for a natural, timeless finish. Suitable for residential and commercial use. Can be sanded and refinished multiple times for a lasting, beautiful floor.</p>",Factory Direct Flooring,,Solid Wood Flooring,solid-wood-flooring,true,Title,Default Title,,,,,,,,,0.0,shopify,100,deny,manual,0.00,,true,true,,,,,,,,,false,Advice Centre,"Premium solid wood flooring available from Factory Direct Flooring. Real wood construction for a natural, timeless finish. Suitable for residential and commercial use. Can be sanded and refinished multiple times for a lasting, beautiful floor.",,kg,,,active
hawthorn-18mm-x-125mm-solid-wood-flooring-natural-matt-lacquer,Hawthorn 18mm x 125mm Solid Wood Flooring Natural Matt Lacquer,"<h2>Hawthorn 18mm x 125mm Solid Wood Flooring Natural Matt Lacquer</h2><p>Premium solid wood flooring available from Factory Direct Flooring. Real wood construction for a natural, timeless finish. Suitable for residential and commercial use. Can be sanded and refinished multiple times for a lasting, beautiful floor.</p>",Factory Direct Flooring,,Solid Wood Flooring,solid-wood-flooring,true,Title,Default Title,,,,,,,,74175HAW,0.0,shopify,100,deny,manual,0.00,,true,true,,,,,,https://cdn.shopify.com/s/files/1/0998/3049/7592/files/18x120-natural_uv_lacquered-1_1.jpg?v=1779041563,1,Hawthorn 18mm x 125mm Solid Wood Flooring Natural Matt Lacquer,false,Hawthorn 18mm x 125mm Solid Wood Flooring Natural Matt Lacquer,"Premium solid wood flooring available from Factory Direct Flooring. Real wood construction for a natural, timeless finish. Suitable for residential and commercial use. Can be sanded and refinished multiple times for a lasting, beautiful floor.",,kg,,,active
hawthorn-18mm-x-125mm-solid-wood-flooring-natural-matt-lacquer,,,,,,,,,,,,,,,,,,,,,,,,,,,,,,,,https://cdn.shopify.com/s/files/1/0998/3049/7592/files/18x120-natural_uv_lacquered-6.jpg?v=1779041563,2,Hawthorn 18mm x 125mm Solid Wood Flooring Natural Matt Lacquer,,,,,,,,
watton-18mm-x-120mm-solid-oak-flooring-golden-handscraped-matt-lacquer,Watton 18mm x 120mm Solid Oak Flooring Golden Handscraped Matt Lacquer,"<h2>Watton 18mm x 120mm Solid Oak Flooring Golden Handscraped Matt Lacquer</h2><p>Premium solid wood flooring available from Factory Direct Flooring. Real wood construction for a natural, timeless finish. Suitable for residential and commercial use. Can be sanded and refinished multiple times for a lasting, beautiful floor.</p>",Factory Direct Flooring,,Solid Wood Flooring,solid-wood-flooring,true,Title,Default Title,,,,,,,,74119S,0.0,shopify,100,deny,manual,0.00,,true,true,,,,,,https://cdn.shopify.com/s/files/1/0998/3049/7592/files/watton_18mm_golden_handscraped_matt_lacquer_solid_8.jpg?v=1779041562,1,Watton 18mm x 120mm Solid Oak Flooring Golden Handscraped Matt Lacquer,false,Watton 18mm x 120mm Solid Oak Flooring Golden Handscraped Matt Lacquer,"Premium solid wood flooring available from Factory Direct Flooring. Real wood construction for a natural, timeless finish. Suitable for residential and commercial use. Can be sanded and refinished multiple times for a lasting, beautiful floor.",,kg,,,active
watton-18mm-x-120mm-solid-oak-flooring-golden-handscraped-matt-lacquer,,,,,,,,,,,,,,,,,,,,,,,,,,,,,,,,https://cdn.shopify.com/s/files/1/0998/3049/7592/files/watton_18mm_golden_handscraped_matt_lacquer_solid_7.jpg?v=1779041562,2,Watton 18mm x 120mm Solid Oak Flooring Golden Handscraped Matt Lacquer,,,,,,,,
byland-18mm-x-120mm-solid-wood-flooring-natural-brushed-uv-oiled,Byland 18mm x 120mm Solid Wood Flooring Natural Brushed Uv Oiled,"<h2>Byland 18mm x 120mm Solid Wood Flooring Natural Brushed Uv Oiled</h2><p>Premium solid wood flooring available from Factory Direct Flooring. Real wood construction for a natural, timeless finish. Suitable for residential and commercial use. Can be sanded and refinished multiple times for a lasting, beautiful floor.</p>",Factory Direct Flooring,,Solid Wood Flooring,solid-wood-flooring,true,Title,Default Title,,,,,,,,74115S,0.0,shopify,100,deny,manual,0.00,,true,true,,,,,,https://cdn.shopify.com/s/files/1/0998/3049/7592/files/byland_18mm_natural_brushed_uv_oil_solid_wood_flooring_10.jpg?v=1779041560,1,Byland 18mm x 120mm Solid Wood Flooring Natural Brushed Uv Oiled,false,Byland 18mm x 120mm Solid Wood Flooring Natural Brushed Uv Oiled,"Premium solid wood flooring available from Factory Direct Flooring. Real wood construction for a natural, timeless finish. Suitable for residential and commercial use. Can be sanded and refinished multiple times for a lasting, beautiful floor.",,kg,,,active
byland-18mm-x-120mm-solid-wood-flooring-natural-brushed-uv-oiled,,,,,,,,,,,,,,,,,,,,,,,,,,,,,,,,https://cdn.shopify.com/s/files/1/0998/3049/7592/files/byland_18mm_natural_brushed_uv_oil_solid_wood_flooring_1.jpg?v=1779041560,2,Byland 18mm x 120mm Solid Wood Flooring Natural Brushed Uv Oiled,,,,,,,,
herringbone-solid-wood-flooring-18mm-natural-brushed-oiled,Herringbone Solid Wood Flooring 18mm Natural Brushed Oiled,"<h2>Herringbone Solid Wood Flooring 18mm Natural Brushed Oiled</h2><p>Premium solid wood flooring available from Factory Direct Flooring. Real wood construction for a natural, timeless finish. Suitable for residential and commercial use. Can be sanded and refinished multiple times for a lasting, beautiful floor.</p>",Factory Direct Flooring,,Solid Wood Flooring,solid-wood-flooring,true,Title,Default Title,,,,,,,,74110HB,0.0,shopify,100,deny,manual,0.00,,true,true,,,,,,https://cdn.shopify.com/s/files/1/0998/3049/7592/files/herringbone_b_o_uv_19.jpg?v=1779041559,1,Herringbone Solid Wood Flooring 18mm Natural Brushed Oiled,false,Herringbone Solid Wood Flooring 18mm Natural Brushed Oiled,"Premium solid wood flooring available from Factory Direct Flooring. Real wood construction for a natural, timeless finish. Suitable for residential and commercial use. Can be sanded and refinished multiple times for a lasting, beautiful floor.",,kg,,,active
herringbone-solid-wood-flooring-18mm-natural-brushed-oiled,,,,,,,,,,,,,,,,,,,,,,,,,,,,,,,,https://cdn.shopify.com/s/files/1/0998/3049/7592/files/herringbone_b_o_uv_9.jpg?v=1779041558,2,Herringbone Solid Wood Flooring 18mm Natural Brushed Oiled,,,,,,,,
cumaru-18mm-solid-wood-flooring-brushed-oiled-oak-150mm-wide,Cumaru 18mm Solid Wood Flooring Brushed Oiled Oak 150mm Wide,"<h2>Cumaru 18mm Solid Wood Flooring Brushed Oiled Oak 150mm Wide</h2><p>Premium solid wood flooring available from Factory Direct Flooring. Real wood construction for a natural, timeless finish. Suitable for residential and commercial use. Can be sanded and refinished multiple times for a lasting, beautiful floor.</p>",Factory Direct Flooring,,Solid Wood Flooring,solid-wood-flooring,true,Title,Default Title,,,,,,,,74126S,0.0,shopify,100,deny,manual,0.00,,true,true,,,,,,https://cdn.shopify.com/s/files/1/0998/3049/7592/files/cumaru_18mm_brushed_oiled_oak_solid_wood_flooring_6.jpg?v=1779041557,1,Cumaru 18mm Solid Wood Flooring Brushed Oiled Oak 150mm Wide,false,Cumaru 18mm Solid Wood Flooring Brushed Oiled Oak 150mm Wide,"Premium solid wood flooring available from Factory Direct Flooring. Real wood construction for a natural, timeless finish. Suitable for residential and commercial use. Can be sanded and refinished multiple times for a lasting, beautiful floor.",,kg,,,active
cumaru-18mm-solid-wood-flooring-brushed-oiled-oak-150mm-wide,,,,,,,,,,,,,,,,,,,,,,,,,,,,,,,,https://cdn.shopify.com/s/files/1/0998/3049/7592/files/cumaru_18mm_brushed_oiled_oak_solid_wood_flooring_5.jpg?v=1779041557,2,Cumaru 18mm Solid Wood Flooring Brushed Oiled Oak 150mm Wide,,,,,,,,
herringbone-solid-wood-flooring-18mm-golden-brushed-matt-lacquer,Herringbone Solid Wood Flooring 18mm Golden Brushed Matt Lacquer,"<h2>Herringbone Solid Wood Flooring 18mm Golden Brushed Matt Lacquer</h2><p>Premium solid wood flooring available from Factory Direct Flooring. Real wood construction for a natural, timeless finish. Suitable for residential and commercial use. Can be sanded and refinished multiple times for a lasting, beautiful floor.</p>",Factory Direct Flooring,,Solid Wood Flooring,solid-wood-flooring,true,Title,Default Title,,,,,,,,74112HB,0.0,shopify,100,deny,manual,0.00,,true,true,,,,,,https://cdn.shopify.com/s/files/1/0998/3049/7592/files/herringbone_light_golden_b_l_12.jpg?v=1779041556,1,Herringbone Solid Wood Flooring 18mm Golden Brushed Matt Lacquer,false,Herringbone Solid Wood Flooring 18mm Golden Brushed Matt Lacquer,"Premium solid wood flooring available from Factory Direct Flooring. Real wood construction for a natural, timeless finish. Suitable for residential and commercial use. Can be sanded and refinished multiple times for a lasting, beautiful floor.",,kg,,,active
herringbone-solid-wood-flooring-18mm-golden-brushed-matt-lacquer,,,,,,,,,,,,,,,,,,,,,,,,,,,,,,,,https://cdn.shopify.com/s/files/1/0998/3049/7592/files/herringbone_light_golden_b_l_18.jpg?v=1779041557,2,Herringbone Solid Wood Flooring 18mm Golden Brushed Matt Lacquer,,,,,,,,
malton-18mm-x-120mm-double-smoked-brushed-matt-lacquer-solid-oak-flooring,Malton 18mm x 120mm Double Smoked Brushed Matt Lacquer Solid Oak Flooring,"<h2>Malton 18mm x 120mm Double Smoked Brushed Matt Lacquer Solid Oak Flooring</h2><p>Premium solid wood flooring available from Factory Direct Flooring. Real wood construction for a natural, timeless finish. Suitable for residential and commercial use. Can be sanded and refinished multiple times for a lasting, beautiful floor.</p>",Factory Direct Flooring,,Solid Wood Flooring,solid-wood-flooring,true,Title,Default Title,,,,,,,,74118S,0.0,shopify,100,deny,manual,0.00,,true,true,,,,,,https://cdn.shopify.com/s/files/1/0998/3049/7592/files/malton_18mm_double_smoked_brushed_matt_lacquer_solid_16.jpg?v=1779041556,1,Malton 18mm x 120mm Double Smoked Brushed Matt Lacquer Solid Oak Flooring,false,Malton 18mm x 120mm Double Smoked Brushed Matt Lacquer Solid Oak Flooring,"Premium solid wood flooring available from Factory Direct Flooring. Real wood construction for a natural, timeless finish. Suitable for residential and commercial use. Can be sanded and refinished multiple times for a lasting, beautiful floor.",,kg,,,active
malton-18mm-x-120mm-double-smoked-brushed-matt-lacquer-solid-oak-flooring,,,,,,,,,,,,,,,,,,,,,,,,,,,,,,,,https://cdn.shopify.com/s/files/1/0998/3049/7592/files/malton_18mm_double_smoked_brushed_matt_lacquer_solid_14.jpg?v=1779041556,2,Malton 18mm x 120mm Double Smoked Brushed Matt Lacquer Solid Oak Flooring,,,,,,,,
herringbone-solid-wood-flooring-18mm-smoke-brushed-oiled,Herringbone Solid Wood Flooring 18mm Smoke Brushed Oiled,"<h2>Herringbone Solid Wood Flooring 18mm Smoke Brushed Oiled</h2><p>Premium solid wood flooring available from Factory Direct Flooring. Real wood construction for a natural, timeless finish. Suitable for residential and commercial use. Can be sanded and refinished multiple times for a lasting, beautiful floor.</p>",Factory Direct Flooring,,Solid Wood Flooring,solid-wood-flooring,true,Title,Default Title,,,,,,,,74113HB,0.0,shopify,100,deny,manual,0.00,,true,true,,,,,,https://cdn.shopify.com/s/files/1/0998/3049/7592/files/herringbone_smoked_b_o_uv_19.jpg?v=1779041555,1,Herringbone Solid Wood Flooring 18mm Smoke Brushed Oiled,false,Herringbone Solid Wood Flooring 18mm Smoke Brushed Oiled,"Premium solid wood flooring available from Factory Direct Flooring. Real wood construction for a natural, timeless finish. Suitable for residential and commercial use. Can be sanded and refinished multiple times for a lasting, beautiful floor.",,kg,,,active
herringbone-solid-wood-flooring-18mm-smoke-brushed-oiled,,,,,,,,,,,,,,,,,,,,,,,,,,,,,,,,https://cdn.shopify.com/s/files/1/0998/3049/7592/files/herringbone_smoked_b_o_uv_12.jpg?v=1779041555,2,Herringbone Solid Wood Flooring 18mm Smoke Brushed Oiled,,,,,,,,
newminster-18mm-solid-wood-flooring-150mm-natural-oak-matt-lacquer,Newminster 18mm Solid Wood Flooring 150mm Natural Oak Matt Lacquer,"<h2>Newminster 18mm Solid Wood Flooring 150mm Natural Oak Matt Lacquer</h2><p>Premium solid wood flooring available from Factory Direct Flooring. Real wood construction for a natural, timeless finish. Suitable for residential and commercial use. Can be sanded and refinished multiple times for a lasting, beautiful floor.</p>",Factory Direct Flooring,,Solid Wood Flooring,solid-wood-flooring,true,Title,Default Title,,,,,,,,74117S,0.0,shopify,100,deny,manual,0.00,,true,true,,,,,,https://cdn.shopify.com/s/files/1/0998/3049/7592/files/newminster_18mm_natural_oak_matt_lacquer_solid_wood_flooring_10.jpg?v=1779041554,1,Newminster 18mm Solid Wood Flooring 150mm Natural Oak Matt Lacquer,false,Newminster 18mm Solid Wood Flooring 150mm Natural Oak Matt Lacquer,"Premium solid wood flooring available from Factory Direct Flooring. Real wood construction for a natural, timeless finish. Suitable for residential and commercial use. Can be sanded and refinished multiple times for a lasting, beautiful floor.",,kg,,,active
newminster-18mm-solid-wood-flooring-150mm-natural-oak-matt-lacquer,,,,,,,,,,,,,,,,,,,,,,,,,,,,,,,,https://cdn.shopify.com/s/files/1/0998/3049/7592/files/newminster_18mm_natural_oak_matt_lacquer_solid_wood_flooring_11.jpg?v=1779041554,2,Newminster 18mm Solid Wood Flooring 150mm Natural Oak Matt Lacquer,,,,,,,,
herringbone-solid-wood-flooring-18mm-natural-uv-oiled,Herringbone Solid Wood Flooring 18mm Natural Uv Oiled,"<h2>Herringbone Solid Wood Flooring 18mm Natural Uv Oiled</h2><p>Premium solid wood flooring available from Factory Direct Flooring. Real wood construction for a natural, timeless finish. Suitable for residential and commercial use. Can be sanded and refinished multiple times for a lasting, beautiful floor.</p>",Factory Direct Flooring,,Solid Wood Flooring,solid-wood-flooring,true,Title,Default Title,,,,,,,,74111HB,0.0,shopify,100,deny,manual,0.00,,true,true,,,,,,https://cdn.shopify.com/s/files/1/0998/3049/7592/files/herringbone_flat_uv_oil_4.jpg?v=1779041553,1,Herringbone Solid Wood Flooring 18mm Natural Uv Oiled,false,Herringbone Solid Wood Flooring 18mm Natural Uv Oiled,"Premium solid wood flooring available from Factory Direct Flooring. Real wood construction for a natural, timeless finish. Suitable for residential and commercial use. Can be sanded and refinished multiple times for a lasting, beautiful floor.",,kg,,,active
herringbone-solid-wood-flooring-18mm-natural-uv-oiled,,,,,,,,,,,,,,,,,,,,,,,,,,,,,,,,https://cdn.shopify.com/s/files/1/0998/3049/7592/files/herringbone_flat_uv_oil_16.jpg?v=1779041553,2,Herringbone Solid Wood Flooring 18mm Natural Uv Oiled,,,,,,,,
herringbone-solid-wood-flooring-18mm-natural-matt-lacquer,Herringbone Solid Wood Flooring 18mm Natural Matt Lacquer,"<h2>Herringbone Solid Wood Flooring 18mm Natural Matt Lacquer</h2><p>Premium solid wood flooring available from Factory Direct Flooring. Real wood construction for a natural, timeless finish. Suitable for residential and commercial use. Can be sanded and refinished multiple times for a lasting, beautiful floor.</p>",Factory Direct Flooring,,Solid Wood Flooring,solid-wood-flooring,true,Title,Default Title,,,,,,,,74167NML,0.0,shopify,100,deny,manual,0.00,,true,true,,,,,,https://cdn.shopify.com/s/files/1/0998/3049/7592/files/74167nml-12.jpg?v=1779041552,1,Herringbone Solid Wood Flooring 18mm Natural Matt Lacquer,false,Herringbone Solid Wood Flooring 18mm Natural Matt Lacquer,"Premium solid wood flooring available from Factory Direct Flooring. Real wood construction for a natural, timeless finish. Suitable for residential and commercial use. Can be sanded and refinished multiple times for a lasting, beautiful floor.",,kg,,,active
herringbone-solid-wood-flooring-18mm-natural-matt-lacquer,,,,,,,,,,,,,,,,,,,,,,,,,,,,,,,,https://cdn.shopify.com/s/files/1/0998/3049/7592/files/74167nml-17.jpg?v=1779041552,2,Herringbone Solid Wood Flooring 18mm Natural Matt Lacquer,,,,,,,,
hinton-18mm-x-120mm-solid-wood-flooring-natural-matt-lacquer,Hinton 18mm x 120mm Solid Wood Flooring Natural Matt Lacquer,"<h2>Hinton 18mm x 120mm Solid Wood Flooring Natural Matt Lacquer</h2><p>Premium solid wood flooring available from Factory Direct Flooring. Real wood construction for a natural, timeless finish. Suitable for residential and commercial use. Can be sanded and refinished multiple times for a lasting, beautiful floor.</p>",Factory Direct Flooring,,Solid Wood Flooring,solid-wood-flooring,true,Title,Default Title,,,,,,,,74116S,0.0,shopify,100,deny,manual,0.00,,true,true,,,,,,https://cdn.shopify.com/s/files/1/0998/3049/7592/files/hinton_18mm_natural_matt_lacquer_solid_wood_flooring_5.jpg?v=1779041551,1,Hinton 18mm x 120mm Solid Wood Flooring Natural Matt Lacquer,false,Hinton 18mm x 120mm Solid Wood Flooring Natural Matt Lacquer,"Premium solid wood flooring available from Factory Direct Flooring. Real wood construction for a natural, timeless finish. Suitable for residential and commercial use. Can be sanded and refinished multiple times for a lasting, beautiful floor.",,kg,,,active
hinton-18mm-x-120mm-solid-wood-flooring-natural-matt-lacquer,,,,,,,,,,,,,,,,,,,,,,,,,,,,,,,,https://cdn.shopify.com/s/files/1/0998/3049/7592/files/hinton_18mm_natural_matt_lacquer_solid_wood_flooring_4.jpg?v=1779041551,2,Hinton 18mm x 120mm Solid Wood Flooring Natural Matt Lacquer,,,,,,,,
