Handle,Title,Body (HTML),Vendor,Product Category,Type,Tags,Published,Option1 Name,Option1 Value,Variant SKU,Variant Grams,Variant Inventory Tracker,Variant Inventory Qty,Variant Inventory Policy,Variant Fulfillment Service,Variant Price,Variant Compare At Price,Variant Requires Shipping,Variant Taxable,Image Src,Image Position,Image Alt Text,SEO Title,SEO Description,Status
accessories,Adhesive,,Factory Direct Flooring,Home & Garden > Decor > Flooring,Solid Wood Flooring,solid-wood-flooring,TRUE,Title,Default Title,,0,shopify,100,deny,manual,50.00,,TRUE,TRUE,,,Adhesive,Adhesive,,active
hinton-18mm-x-120mm-solid-wood-flooring-natural-matt-lacquer,Hinton 18mm x 120mm Solid Wood Flooring Natural Matt Lacquer,,Factory Direct Flooring,Home & Garden > Decor > Flooring,Solid Wood Flooring,solid-wood-flooring,TRUE,Title,Default Title,74116S,0,shopify,100,deny,manual,64.77,,TRUE,TRUE,https://imagely.factory-direct-flooring.co.uk/media/catalog/product/cache/07f4e6a093cd3c305a832187014ed50b/h/i/hinton_18mm_natural_matt_lacquer_solid_wood_flooring_5.jpg,1,Hinton 18mm x 120mm Solid Wood Flooring Natural Matt Lacquer,Hinton 18mm x 120mm Solid Wood Flooring Natural Matt Lacquer,,active
hinton-18mm-x-120mm-solid-wood-flooring-natural-matt-lacquer,,,,,,,,,,,,,,,,,,,,https://imagely.factory-direct-flooring.co.uk/media/catalog/product/cache/07f4e6a093cd3c305a832187014ed50b/h/i/hinton_18mm_natural_matt_lacquer_solid_wood_flooring_4.jpg,2,Hinton 18mm x 120mm Solid Wood Flooring Natural Matt Lacquer,,,
herringbone-solid-wood-flooring-18mm-natural-brushed-matt-lacquer,Herringbone Solid Wood Flooring 18mm Natural Matt Lacquer,,Factory Direct Flooring,Home & Garden > Decor > Flooring,Solid Wood Flooring,solid-wood-flooring,TRUE,Title,Default Title,74167NML,0,shopify,100,deny,manual,68.15,,TRUE,TRUE,https://imagely.factory-direct-flooring.co.uk/media/catalog/product/cache/07f4e6a093cd3c305a832187014ed50b/7/4/74167nml-12.jpg,1,Herringbone Solid Wood Flooring 18mm Natural Matt Lacquer,Herringbone Solid Wood Flooring 18mm Natural Matt Lacquer,,active
herringbone-solid-wood-flooring-18mm-natural-brushed-matt-lacquer,,,,,,,,,,,,,,,,,,,,https://imagely.factory-direct-flooring.co.uk/media/catalog/product/cache/07f4e6a093cd3c305a832187014ed50b/7/4/74167nml-17.jpg,2,Herringbone Solid Wood Flooring 18mm Natural Matt Lacquer,,,
herringbone-solid-wood-flooring-18mm-natural-uv-oiled,Herringbone Solid Wood Flooring 18mm Natural Uv Oiled,,Factory Direct Flooring,Home & Garden > Decor > Flooring,Solid Wood Flooring,solid-wood-flooring,TRUE,Title,Default Title,74111HB,0,shopify,100,deny,manual,68.15,,TRUE,TRUE,https://imagely.factory-direct-flooring.co.uk/media/catalog/product/cache/07f4e6a093cd3c305a832187014ed50b/h/e/herringbone_flat_uv_oil_4.jpg,1,Herringbone Solid Wood Flooring 18mm Natural Uv Oiled,Herringbone Solid Wood Flooring 18mm Natural Uv Oiled,,active
herringbone-solid-wood-flooring-18mm-natural-uv-oiled,,,,,,,,,,,,,,,,,,,,https://imagely.factory-direct-flooring.co.uk/media/catalog/product/cache/07f4e6a093cd3c305a832187014ed50b/h/e/herringbone_flat_uv_oil_16.jpg,2,Herringbone Solid Wood Flooring 18mm Natural Uv Oiled,,,
newminster-18mm-solid-wood-flooring-150mm-natural-oak-matt-lacquer,Newminster 18mm Solid Wood Flooring 150mm Natural Oak Matt Lacquer,,Factory Direct Flooring,Home & Garden > Decor > Flooring,Solid Wood Flooring,solid-wood-flooring,TRUE,Title,Default Title,74117S,0,shopify,100,deny,manual,68.15,,TRUE,TRUE,https://imagely.factory-direct-flooring.co.uk/media/catalog/product/cache/07f4e6a093cd3c305a832187014ed50b/n/e/newminster_18mm_natural_oak_matt_lacquer_solid_wood_flooring_10.jpg,1,Newminster 18mm Solid Wood Flooring 150mm Natural Oak Matt Lacquer,Newminster 18mm Solid Wood Flooring 150mm Natural Oak Matt Lacquer,,active
newminster-18mm-solid-wood-flooring-150mm-natural-oak-matt-lacquer,,,,,,,,,,,,,,,,,,,,https://imagely.factory-direct-flooring.co.uk/media/catalog/product/cache/07f4e6a093cd3c305a832187014ed50b/n/e/newminster_18mm_natural_oak_matt_lacquer_solid_wood_flooring_11.jpg,2,Newminster 18mm Solid Wood Flooring 150mm Natural Oak Matt Lacquer,,,
herringbone-solid-wood-flooring-18mm-smoke-brushed-oiled,Herringbone Solid Wood Flooring 18mm Smoke Brushed Oiled,,Factory Direct Flooring,Home & Garden > Decor > Flooring,Solid Wood Flooring,solid-wood-flooring,TRUE,Title,Default Title,74113HB,0,shopify,100,deny,manual,68.15,,TRUE,TRUE,https://imagely.factory-direct-flooring.co.uk/media/catalog/product/cache/07f4e6a093cd3c305a832187014ed50b/h/e/herringbone_smoked_b_o_uv_19.jpg,1,Herringbone Solid Wood Flooring 18mm Smoke Brushed Oiled,Herringbone Solid Wood Flooring 18mm Smoke Brushed Oiled,,active
herringbone-solid-wood-flooring-18mm-smoke-brushed-oiled,,,,,,,,,,,,,,,,,,,,https://imagely.factory-direct-flooring.co.uk/media/catalog/product/cache/07f4e6a093cd3c305a832187014ed50b/h/e/herringbone_smoked_b_o_uv_12.jpg,2,Herringbone Solid Wood Flooring 18mm Smoke Brushed Oiled,,,
malton-18mm-x-120mm-double-smoked-brushed-matt-lacquer-solid-oak-flooring,Malton 18mm x 120mm Double Smoked Brushed Matt Lacquer Solid Oak Flooring,,Factory Direct Flooring,Home & Garden > Decor > Flooring,Solid Wood Flooring,solid-wood-flooring,TRUE,Title,Default Title,74118S,0,shopify,100,deny,manual,68.15,,TRUE,TRUE,https://imagely.factory-direct-flooring.co.uk/media/catalog/product/cache/07f4e6a093cd3c305a832187014ed50b/m/a/malton_18mm_double_smoked_brushed_matt_lacquer_solid_16.jpg,1,Malton 18mm x 120mm Double Smoked Brushed Matt Lacquer Solid Oak Flooring,Malton 18mm x 120mm Double Smoked Brushed Matt Lacquer Solid Oak Flooring,,active
malton-18mm-x-120mm-double-smoked-brushed-matt-lacquer-solid-oak-flooring,,,,,,,,,,,,,,,,,,,,https://imagely.factory-direct-flooring.co.uk/media/catalog/product/cache/07f4e6a093cd3c305a832187014ed50b/m/a/malton_18mm_double_smoked_brushed_matt_lacquer_solid_14.jpg,2,Malton 18mm x 120mm Double Smoked Brushed Matt Lacquer Solid Oak Flooring,,,
herringbone-solid-wood-flooring-18mm-golden-brushed-matt-lacquer,Herringbone Solid Wood Flooring 18mm Golden Brushed Matt Lacquer,,Factory Direct Flooring,Home & Garden > Decor > Flooring,Solid Wood Flooring,solid-wood-flooring,TRUE,Title,Default Title,74112HB,0,shopify,100,deny,manual,68.15,,TRUE,TRUE,https://imagely.factory-direct-flooring.co.uk/media/catalog/product/cache/07f4e6a093cd3c305a832187014ed50b/h/e/herringbone_light_golden_b_l_12.jpg,1,Herringbone Solid Wood Flooring 18mm Golden Brushed Matt Lacquer,Herringbone Solid Wood Flooring 18mm Golden Brushed Matt Lacquer,,active
herringbone-solid-wood-flooring-18mm-golden-brushed-matt-lacquer,,,,,,,,,,,,,,,,,,,,https://imagely.factory-direct-flooring.co.uk/media/catalog/product/cache/07f4e6a093cd3c305a832187014ed50b/h/e/herringbone_light_golden_b_l_18.jpg,2,Herringbone Solid Wood Flooring 18mm Golden Brushed Matt Lacquer,,,
cumaru-18mm-solid-wood-flooring-brushed-oiled-oak-150mm-wide,Cumaru 18mm Solid Wood Flooring Brushed Oiled Oak 150mm Wide,,Factory Direct Flooring,Home & Garden > Decor > Flooring,Solid Wood Flooring,solid-wood-flooring,TRUE,Title,Default Title,74126S,0,shopify,100,deny,manual,68.15,,TRUE,TRUE,https://imagely.factory-direct-flooring.co.uk/media/catalog/product/cache/07f4e6a093cd3c305a832187014ed50b/c/u/cumaru_18mm_brushed_oiled_oak_solid_wood_flooring_6.jpg,1,Cumaru 18mm Solid Wood Flooring Brushed Oiled Oak 150mm Wide,Cumaru 18mm Solid Wood Flooring Brushed Oiled Oak 150mm Wide,,active
cumaru-18mm-solid-wood-flooring-brushed-oiled-oak-150mm-wide,,,,,,,,,,,,,,,,,,,,https://imagely.factory-direct-flooring.co.uk/media/catalog/product/cache/07f4e6a093cd3c305a832187014ed50b/c/u/cumaru_18mm_brushed_oiled_oak_solid_wood_flooring_5.jpg,2,Cumaru 18mm Solid Wood Flooring Brushed Oiled Oak 150mm Wide,,,
herringbone-solid-wood-flooring-18mm-natural-brushed-oiled,Herringbone Solid Wood Flooring 18mm Natural Brushed Oiled,,Factory Direct Flooring,Home & Garden > Decor > Flooring,Solid Wood Flooring,solid-wood-flooring,TRUE,Title,Default Title,74110HB,0,shopify,100,deny,manual,68.15,,TRUE,TRUE,https://imagely.factory-direct-flooring.co.uk/media/catalog/product/cache/07f4e6a093cd3c305a832187014ed50b/h/e/herringbone_b_o_uv_19.jpg,1,Herringbone Solid Wood Flooring 18mm Natural Brushed Oiled,Herringbone Solid Wood Flooring 18mm Natural Brushed Oiled,,active
herringbone-solid-wood-flooring-18mm-natural-brushed-oiled,,,,,,,,,,,,,,,,,,,,https://imagely.factory-direct-flooring.co.uk/media/catalog/product/cache/07f4e6a093cd3c305a832187014ed50b/h/e/herringbone_b_o_uv_9.jpg,2,Herringbone Solid Wood Flooring 18mm Natural Brushed Oiled,,,
byland-18mm-x-120mm-solid-wood-flooring-natural-brushed-uv-oiled,Byland 18mm x 120mm Solid Wood Flooring Natural Brushed Uv Oiled,,Factory Direct Flooring,Home & Garden > Decor > Flooring,Solid Wood Flooring,solid-wood-flooring,TRUE,Title,Default Title,74115S,0,shopify,100,deny,manual,64.77,,TRUE,TRUE,https://imagely.factory-direct-flooring.co.uk/media/catalog/product/cache/07f4e6a093cd3c305a832187014ed50b/b/y/byland_18mm_natural_brushed_uv_oil_solid_wood_flooring_10.jpg,1,Byland 18mm x 120mm Solid Wood Flooring Natural Brushed Uv Oiled,Byland 18mm x 120mm Solid Wood Flooring Natural Brushed Uv Oiled,,active
byland-18mm-x-120mm-solid-wood-flooring-natural-brushed-uv-oiled,,,,,,,,,,,,,,,,,,,,https://imagely.factory-direct-flooring.co.uk/media/catalog/product/cache/07f4e6a093cd3c305a832187014ed50b/b/y/byland_18mm_natural_brushed_uv_oil_solid_wood_flooring_1.jpg,2,Byland 18mm x 120mm Solid Wood Flooring Natural Brushed Uv Oiled,,,
watton-18mm-x-120mm-solid-oak-flooring-golden-handscraped-matt-lacquer,Watton 18mm x 120mm Solid Oak Flooring Golden Handscraped Matt Lacquer,,Factory Direct Flooring,Home & Garden > Decor > Flooring,Solid Wood Flooring,solid-wood-flooring,TRUE,Title,Default Title,74119S,0,shopify,100,deny,manual,68.15,,TRUE,TRUE,https://imagely.factory-direct-flooring.co.uk/media/catalog/product/cache/07f4e6a093cd3c305a832187014ed50b/w/a/watton_18mm_golden_handscraped_matt_lacquer_solid_8.jpg,1,Watton 18mm x 120mm Solid Oak Flooring Golden Handscraped Matt Lacquer,Watton 18mm x 120mm Solid Oak Flooring Golden Handscraped Matt Lacquer,,active
watton-18mm-x-120mm-solid-oak-flooring-golden-handscraped-matt-lacquer,,,,,,,,,,,,,,,,,,,,https://imagely.factory-direct-flooring.co.uk/media/catalog/product/cache/07f4e6a093cd3c305a832187014ed50b/w/a/watton_18mm_golden_handscraped_matt_lacquer_solid_7.jpg,2,Watton 18mm x 120mm Solid Oak Flooring Golden Handscraped Matt Lacquer,,,
hawthorn-18mm-x-125mm-solid-wood-flooring-natural-matt-lacquer,Hawthorn 18mm x 125mm Solid Wood Flooring Natural Matt Lacquer,,Factory Direct Flooring,Home & Garden > Decor > Flooring,Solid Wood Flooring,solid-wood-flooring,TRUE,Title,Default Title,74175HAW,0,shopify,100,deny,manual,64.78,,TRUE,TRUE,https://imagely.factory-direct-flooring.co.uk/media/catalog/product/cache/07f4e6a093cd3c305a832187014ed50b/1/8/18x120-natural_uv_lacquered-1_1.jpg,1,Hawthorn 18mm x 125mm Solid Wood Flooring Natural Matt Lacquer,Hawthorn 18mm x 125mm Solid Wood Flooring Natural Matt Lacquer,,active
hawthorn-18mm-x-125mm-solid-wood-flooring-natural-matt-lacquer,,,,,,,,,,,,,,,,,,,,https://imagely.factory-direct-flooring.co.uk/media/catalog/product/cache/07f4e6a093cd3c305a832187014ed50b/1/8/18x120-natural_uv_lacquered-6.jpg,2,Hawthorn 18mm x 125mm Solid Wood Flooring Natural Matt Lacquer,,,
advice-centre,Advice Centre,,Factory Direct Flooring,Home & Garden > Decor > Flooring,Solid Wood Flooring,solid-wood-flooring,TRUE,Title,Default Title,,0,shopify,100,deny,manual,60.00,,TRUE,TRUE,,,Advice Centre,Advice Centre,,active
herringbone-parquet-engineered-wood-flooring-18mm-natural-brushed-oiled,Herringbone Parquet Engineered Wood Flooring 18mm Natural Brushed Oiled,,Factory Direct Flooring,Home & Garden > Decor > Flooring,Engineered Wood Flooring,engineered-wood-flooring,TRUE,Title,Default Title,74093BUL,0,shopify,100,deny,manual,64.79,,TRUE,TRUE,https://imagely.factory-direct-flooring.co.uk/media/catalog/product/cache/07f4e6a093cd3c305a832187014ed50b/7/4/74093bul_17.jpg,1,Herringbone Parquet Engineered Wood Flooring 18mm Natural Brushed Oiled,Herringbone Parquet Engineered Wood Flooring 18mm Natural Brushed Oiled,,active
herringbone-parquet-engineered-wood-flooring-18mm-natural-brushed-oiled,,,,,,,,,,,,,,,,,,,,https://imagely.factory-direct-flooring.co.uk/media/catalog/product/cache/07f4e6a093cd3c305a832187014ed50b/7/4/74093bul_10.jpg,2,Herringbone Parquet Engineered Wood Flooring 18mm Natural Brushed Oiled,,,
herringbone-parquet-engineered-wood-flooring-18mm-nude-brushed-matt-lacquered,Herringbone Parquet Engineered Wood Flooring 18mm Nude Brushed Matt Lacquered,,Factory Direct Flooring,Home & Garden > Decor > Flooring,Engineered Wood Flooring,engineered-wood-flooring,TRUE,Title,Default Title,74098NBL,0,shopify,100,deny,manual,64.79,,TRUE,TRUE,https://imagely.factory-direct-flooring.co.uk/media/catalog/product/cache/07f4e6a093cd3c305a832187014ed50b/f/f/ff-74098nbl-11.jpg,1,Herringbone Parquet Engineered Wood Flooring 18mm Nude Brushed Matt Lacquered,Herringbone Parquet Engineered Wood Flooring 18mm Nude Brushed Matt Lacquered,,active
herringbone-parquet-engineered-wood-flooring-18mm-nude-brushed-matt-lacquered,,,,,,,,,,,,,,,,,,,,https://imagely.factory-direct-flooring.co.uk/media/catalog/product/cache/07f4e6a093cd3c305a832187014ed50b/f/f/ff-74098nbl-18.jpg,2,Herringbone Parquet Engineered Wood Flooring 18mm Nude Brushed Matt Lacquered,,,
abbey-audley-engineered-wood-flooring-oak-14mm-x-165mm-brushed-oiled,Abbey Audley Engineered Wood Flooring Oak 14mm x 165mm Brushed Oiled,,Factory Direct Flooring,Home & Garden > Decor > Flooring,Engineered Wood Flooring,engineered-wood-flooring,TRUE,Title,Default Title,74100AUD,0,shopify,100,deny,manual,39.36,,TRUE,TRUE,https://imagely.factory-direct-flooring.co.uk/media/catalog/product/cache/07f4e6a093cd3c305a832187014ed50b/a/b/abbey_audley_oak_14mm_brushed_oiled_engineered_17.jpg,1,Abbey Audley Engineered Wood Flooring Oak 14mm x 165mm Brushed Oiled,Abbey Audley Engineered Wood Flooring Oak 14mm x 165mm Brushed Oiled,,active
abbey-audley-engineered-wood-flooring-oak-14mm-x-165mm-brushed-oiled,,,,,,,,,,,,,,,,,,,,https://imagely.factory-direct-flooring.co.uk/media/catalog/product/cache/07f4e6a093cd3c305a832187014ed50b/a/b/abbey_audley_oak_14mm_brushed_oiled_engineered_13.jpg,2,Abbey Audley Engineered Wood Flooring Oak 14mm x 165mm Brushed Oiled,,,
herringbone-parquet-engineered-wood-flooring-12mm-natural-oak-brushed-uv-oiled,Herringbone Parquet Engineered Wood Flooring 12mm Natural Oak Brushed UV Oiled,,Factory Direct Flooring,Home & Garden > Decor > Flooring,Engineered Wood Flooring,engineered-wood-flooring,TRUE,Title,Default Title,74167H,0,shopify,100,deny,manual,38.38,,TRUE,TRUE,https://imagely.factory-direct-flooring.co.uk/media/catalog/product/cache/07f4e6a093cd3c305a832187014ed50b/7/4/74167h-14.jpg,1,Herringbone Parquet Engineered Wood Flooring 12mm Natural Oak Brushed UV Oiled,Herringbone Parquet Engineered Wood Flooring 12mm Natural Oak Brushed UV Oiled,,active
herringbone-parquet-engineered-wood-flooring-12mm-natural-oak-brushed-uv-oiled,,,,,,,,,,,,,,,,,,,,https://imagely.factory-direct-flooring.co.uk/media/catalog/product/cache/07f4e6a093cd3c305a832187014ed50b/7/4/74167h-18.jpg,2,Herringbone Parquet Engineered Wood Flooring 12mm Natural Oak Brushed UV Oiled,,,
herringbone-parquet-engineered-wood-flooring-12mm-double-smoked-brushed-lacquer,Herringbone Parquet Engineered Wood Flooring 12mm Double Smoked Brushed Lacquer,,Factory Direct Flooring,Home & Garden > Decor > Flooring,Engineered Wood Flooring,engineered-wood-flooring,TRUE,Title,Default Title,74168H,0,shopify,100,deny,manual,39.59,,TRUE,TRUE,https://imagely.factory-direct-flooring.co.uk/media/catalog/product/cache/07f4e6a093cd3c305a832187014ed50b/7/4/74168h-14.jpg,1,Herringbone Parquet Engineered Wood Flooring 12mm Double Smoked Brushed Lacquer,Herringbone Parquet Engineered Wood Flooring 12mm Double Smoked Brushed Lacquer,,active
herringbone-parquet-engineered-wood-flooring-12mm-double-smoked-brushed-lacquer,,,,,,,,,,,,,,,,,,,,https://imagely.factory-direct-flooring.co.uk/media/catalog/product/cache/07f4e6a093cd3c305a832187014ed50b/7/4/74168h-17.jpg,2,Herringbone Parquet Engineered Wood Flooring 12mm Double Smoked Brushed Lacquer,,,
herringbone-parquet-engineered-wood-flooring-12mm-smoked-brushed-lacquer,Herringbone Parquet Engineered Wood Flooring 12mm Smoked Brushed Lacquer,,Factory Direct Flooring,Home & Garden > Decor > Flooring,Engineered Wood Flooring,engineered-wood-flooring,TRUE,Title,Default Title,74169H,0,shopify,100,deny,manual,39.59,,TRUE,TRUE,https://imagely.factory-direct-flooring.co.uk/media/catalog/product/cache/07f4e6a093cd3c305a832187014ed50b/7/4/74169h-14.jpg,1,Herringbone Parquet Engineered Wood Flooring 12mm Smoked Brushed Lacquer,Herringbone Parquet Engineered Wood Flooring 12mm Smoked Brushed Lacquer,,active
herringbone-parquet-engineered-wood-flooring-12mm-smoked-brushed-lacquer,,,,,,,,,,,,,,,,,,,,https://imagely.factory-direct-flooring.co.uk/media/catalog/product/cache/07f4e6a093cd3c305a832187014ed50b/7/4/74169h-17.jpg,2,Herringbone Parquet Engineered Wood Flooring 12mm Smoked Brushed Lacquer,,,
herringbone-parquet-engineered-wood-flooring-12mm-essence-oak-matt-lacquer,Herringbone Parquet Engineered Wood Flooring 12mm Essence Oak Matt Lacquer,,Factory Direct Flooring,Home & Garden > Decor > Flooring,Engineered Wood Flooring,engineered-wood-flooring,TRUE,Title,Default Title,74170H,0,shopify,100,deny,manual,38.38,,TRUE,TRUE,https://imagely.factory-direct-flooring.co.uk/media/catalog/product/cache/07f4e6a093cd3c305a832187014ed50b/7/4/74170h-14.jpg,1,Herringbone Parquet Engineered Wood Flooring 12mm Essence Oak Matt Lacquer,Herringbone Parquet Engineered Wood Flooring 12mm Essence Oak Matt Lacquer,,active
herringbone-parquet-engineered-wood-flooring-12mm-essence-oak-matt-lacquer,,,,,,,,,,,,,,,,,,,,https://imagely.factory-direct-flooring.co.uk/media/catalog/product/cache/07f4e6a093cd3c305a832187014ed50b/7/4/74170h-18.jpg,2,Herringbone Parquet Engineered Wood Flooring 12mm Essence Oak Matt Lacquer,,,
abbey-cinder-engineered-wood-flooring-10mm-x-125mm-double-smoked-brushed-lacquer-flooring,Abbey Cinder Engineered Wood Flooring 10mm x 125mm Double Smoked Brushed Lacquer Flooring,,Factory Direct Flooring,Home & Garden > Decor > Flooring,Engineered Wood Flooring,engineered-wood-flooring,TRUE,Title,Default Title,74172P,0,shopify,100,deny,manual,32.39,,TRUE,TRUE,https://imagely.factory-direct-flooring.co.uk/media/catalog/product/cache/07f4e6a093cd3c305a832187014ed50b/7/4/74172h-13.jpg,1,Abbey Cinder Engineered Wood Flooring 10mm x 125mm Double Smoked Brushed Lacquer Flooring,Abbey Cinder Engineered Wood Flooring 10mm x 125mm Double Smoked Brushed Lacquer Flooring,,active
abbey-cinder-engineered-wood-flooring-10mm-x-125mm-double-smoked-brushed-lacquer-flooring,,,,,,,,,,,,,,,,,,,,https://imagely.factory-direct-flooring.co.uk/media/catalog/product/cache/07f4e6a093cd3c305a832187014ed50b/7/4/74172h-16.jpg,2,Abbey Cinder Engineered Wood Flooring 10mm x 125mm Double Smoked Brushed Lacquer Flooring,,,
herringbone-parquet-engineered-wood-flooring-15mm-rich-oak-hard-wax-oiled,Herringbone Parquet Engineered Wood Flooring 15mm Rich Oak Hard Wax Oiled,,Factory Direct Flooring,Home & Garden > Decor > Flooring,Engineered Wood Flooring,engineered-wood-flooring,TRUE,Title,Default Title,74174H,0,shopify,100,deny,manual,59.99,,TRUE,TRUE,https://imagely.factory-direct-flooring.co.uk/media/catalog/product/cache/07f4e6a093cd3c305a832187014ed50b/7/4/74174h_1_2.png,1,Herringbone Parquet Engineered Wood Flooring 15mm Rich Oak Hard Wax Oiled,Herringbone Parquet Engineered Wood Flooring 15mm Rich Oak Hard Wax Oiled,,active
herringbone-parquet-engineered-wood-flooring-15mm-rich-oak-hard-wax-oiled,,,,,,,,,,,,,,,,,,,,https://imagely.factory-direct-flooring.co.uk/media/catalog/product/cache/07f4e6a093cd3c305a832187014ed50b/7/4/74174h_10_2.png,2,Herringbone Parquet Engineered Wood Flooring 15mm Rich Oak Hard Wax Oiled,,,
14mm-herringbone-parquet-engineered-wood-flooring-nude-oak,14mm Herringbone Parquet Engineered Wood Flooring Nude Oak,,Factory Direct Flooring,Home & Garden > Decor > Flooring,Engineered Wood Flooring,engineered-wood-flooring,TRUE,Title,Default Title,E73507SPN07,0,shopify,100,deny,manual,44.37,,TRUE,TRUE,https://imagely.factory-direct-flooring.co.uk/media/catalog/product/cache/07f4e6a093cd3c305a832187014ed50b/h/e/herringbone_parquet_14mm_nude_oak_engineered_10.jpg,1,14mm Herringbone Parquet Engineered Wood Flooring Nude Oak,14mm Herringbone Parquet Engineered Wood Flooring Nude Oak,,active
14mm-herringbone-parquet-engineered-wood-flooring-nude-oak,,,,,,,,,,,,,,,,,,,,https://imagely.factory-direct-flooring.co.uk/media/catalog/product/cache/07f4e6a093cd3c305a832187014ed50b/h/e/herringbone_parquet_14mm_nude_oak_engineered_13.jpg,2,14mm Herringbone Parquet Engineered Wood Flooring Nude Oak,,,
abbey-danson-nude-oak-14mm-x-165mm-brushed-matt-lacquered-engineered-wood-flooring,Abbey Danson Nude Oak 14mm x 165mm Brushed Matt Lacquered Engineered Wood Flooring,,Factory Direct Flooring,Home & Garden > Decor > Flooring,Engineered Wood Flooring,engineered-wood-flooring,TRUE,Title,Default Title,74101DAN,0,shopify,100,deny,manual,38.14,,TRUE,TRUE,https://imagely.factory-direct-flooring.co.uk/media/catalog/product/cache/07f4e6a093cd3c305a832187014ed50b/a/b/abbey_danson_nude_oak_14mm_brushed_matt_lacquered_engineered_15.jpg,1,Abbey Danson Nude Oak 14mm x 165mm Brushed Matt Lacquered Engineered Wood Flooring,Abbey Danson Nude Oak 14mm x 165mm Brushed Matt Lacquered Engineered Wood Flooring,,active
abbey-danson-nude-oak-14mm-x-165mm-brushed-matt-lacquered-engineered-wood-flooring,,,,,,,,,,,,,,,,,,,,https://imagely.factory-direct-flooring.co.uk/media/catalog/product/cache/07f4e6a093cd3c305a832187014ed50b/a/b/abbey_danson_nude_oak_14mm_brushed_matt_lacquered_engineered_12.jpg,2,Abbey Danson Nude Oak 14mm x 165mm Brushed Matt Lacquered Engineered Wood Flooring,,,
loire-engineered-wood-flooring-15mm-x-190mm-natural-oak-distressed-wax-oil,Loire Engineered Wood Flooring 15mm x 190mm Natural Oak Distressed Wax Oil,,Factory Direct Flooring,Home & Garden > Decor > Flooring,Engineered Wood Flooring,engineered-wood-flooring,TRUE,Title,Default Title,74089LON,0,shopify,100,deny,manual,59.99,,TRUE,TRUE,https://imagely.factory-direct-flooring.co.uk/media/catalog/product/cache/07f4e6a093cd3c305a832187014ed50b/n/a/natural_wax_oil_13.jpg,1,Loire Engineered Wood Flooring 15mm x 190mm Natural Oak Distressed Wax Oil,Loire Engineered Wood Flooring 15mm x 190mm Natural Oak Distressed Wax Oil,,active
loire-engineered-wood-flooring-15mm-x-190mm-natural-oak-distressed-wax-oil,,,,,,,,,,,,,,,,,,,,https://imagely.factory-direct-flooring.co.uk/media/catalog/product/cache/07f4e6a093cd3c305a832187014ed50b/n/a/natural_wax_oil_12.jpg,2,Loire Engineered Wood Flooring 15mm x 190mm Natural Oak Distressed Wax Oil,,,
loire-rich-oak-distressed-wax-oil-15mm-engineered,Loire Rich Oak Distressed Wax Oil 15mm Engineered,,Factory Direct Flooring,Home & Garden > Decor > Flooring,Engineered Wood Flooring,engineered-wood-flooring,TRUE,Title,Default Title,74090LRO,0,shopify,100,deny,manual,59.99,,TRUE,TRUE,https://imagely.factory-direct-flooring.co.uk/media/catalog/product/cache/07f4e6a093cd3c305a832187014ed50b/f/f/ff-74090lro-10.jpg,1,Loire Rich Oak Distressed Wax Oil 15mm Engineered,Loire Rich Oak Distressed Wax Oil 15mm Engineered,,active
loire-rich-oak-distressed-wax-oil-15mm-engineered,,,,,,,,,,,,,,,,,,,,https://imagely.factory-direct-flooring.co.uk/media/catalog/product/cache/07f4e6a093cd3c305a832187014ed50b/f/f/ff-74090lro-17.jpg,2,Loire Rich Oak Distressed Wax Oil 15mm Engineered,,,
herringbone-parquet-engineered-wood-flooring-brushed-matt-lacquer-14mm-harvest-oak,Herringbone Parquet Engineered Wood Flooring Brushed Matt Lacquer 14mm Harvest Oak,,Factory Direct Flooring,Home & Garden > Decor > Flooring,Engineered Wood Flooring,engineered-wood-flooring,TRUE,Title,Default Title,E73509SPH13,0,shopify,100,deny,manual,44.37,,TRUE,TRUE,https://imagely.factory-direct-flooring.co.uk/media/catalog/product/cache/07f4e6a093cd3c305a832187014ed50b/h/e/herringbone_parquet_brushed_matt_lacquer_14mm_harvest_oak_engineered_50.jpg,1,Herringbone Parquet Engineered Wood Flooring Brushed Matt Lacquer 14mm Harvest Oak,Herringbone Parquet Engineered Wood Flooring Brushed Matt Lacquer 14mm Harvest Oak,,active
herringbone-parquet-engineered-wood-flooring-brushed-matt-lacquer-14mm-harvest-oak,,,,,,,,,,,,,,,,,,,,https://imagely.factory-direct-flooring.co.uk/media/catalog/product/cache/07f4e6a093cd3c305a832187014ed50b/h/e/herringbone_parquet_brushed_matt_lacquer_14mm_harvest_oak_engineered_53.jpg,2,Herringbone Parquet Engineered Wood Flooring Brushed Matt Lacquer 14mm Harvest Oak,,,
loire-engineered-wood-flooring-golden-oak-distressed-wax-oil-15mm-x-190mm,Loire Engineered Wood Flooring Golden Oak Distressed Wax Oil 15mm x 190mm,,Factory Direct Flooring,Home & Garden > Decor > Flooring,Engineered Wood Flooring,engineered-wood-flooring,TRUE,Title,Default Title,74091LGO,0,shopify,100,deny,manual,59.99,,TRUE,TRUE,https://imagely.factory-direct-flooring.co.uk/media/catalog/product/cache/07f4e6a093cd3c305a832187014ed50b/l/o/loire_golden_oak_distressed_wax_oil_15mm_engineered_7.jpg,1,Loire Engineered Wood Flooring Golden Oak Distressed Wax Oil 15mm x 190mm,Loire Engineered Wood Flooring Golden Oak Distressed Wax Oil 15mm x 190mm,,active
loire-engineered-wood-flooring-golden-oak-distressed-wax-oil-15mm-x-190mm,,,,,,,,,,,,,,,,,,,,https://imagely.factory-direct-flooring.co.uk/media/catalog/product/cache/07f4e6a093cd3c305a832187014ed50b/l/o/loire_golden_oak_distressed_wax_oil_15mm_engineered_4.jpg,2,Loire Engineered Wood Flooring Golden Oak Distressed Wax Oil 15mm x 190mm,,,
manor-lytham-engineered-wood-flooring-18mm-x190mm-nude-brushed-matt-lacquer,Manor Lytham Engineered Wood Flooring 18mm x190mm Nude Brushed Matt Lacquer,,Factory Direct Flooring,Home & Garden > Decor > Flooring,Engineered Wood Flooring,engineered-wood-flooring,TRUE,Title,Default Title,74086LYT,0,shopify,100,deny,manual,53.98,,TRUE,TRUE,https://imagely.factory-direct-flooring.co.uk/media/catalog/product/cache/07f4e6a093cd3c305a832187014ed50b/m/a/manor_lytham_18mm_nude_brushed_matt_lacquered_engineered_16.jpg,1,Manor Lytham Engineered Wood Flooring 18mm x190mm Nude Brushed Matt Lacquer,Manor Lytham Engineered Wood Flooring 18mm x190mm Nude Brushed Matt Lacquer,,active
manor-lytham-engineered-wood-flooring-18mm-x190mm-nude-brushed-matt-lacquer,,,,,,,,,,,,,,,,,,,,https://imagely.factory-direct-flooring.co.uk/media/catalog/product/cache/07f4e6a093cd3c305a832187014ed50b/m/a/manor_lytham_18mm_nude_brushed_matt_lacquered_engineered_14.jpg,2,Manor Lytham Engineered Wood Flooring 18mm x190mm Nude Brushed Matt Lacquer,,,
herringbone-parquet-18mm-engineered-wood-flooring-smoke-white-brushed-oiled,Herringbone Parquet 18mm Engineered Wood Flooring Smoke White Brushed Oiled,,Factory Direct Flooring,Home & Garden > Decor > Flooring,Engineered Wood Flooring,engineered-wood-flooring,TRUE,Title,Default Title,74095SWB,0,shopify,100,deny,manual,64.79,,TRUE,TRUE,https://imagely.factory-direct-flooring.co.uk/media/catalog/product/cache/07f4e6a093cd3c305a832187014ed50b/h/e/herringbone_parquet_18mm_smoke_white_brushed_oiled_engineered_14.jpg,1,Herringbone Parquet 18mm Engineered Wood Flooring Smoke White Brushed Oiled,Herringbone Parquet 18mm Engineered Wood Flooring Smoke White Brushed Oiled,,active
herringbone-parquet-18mm-engineered-wood-flooring-smoke-white-brushed-oiled,,,,,,,,,,,,,,,,,,,,https://imagely.factory-direct-flooring.co.uk/media/catalog/product/cache/07f4e6a093cd3c305a832187014ed50b/h/e/herringbone_parquet_18mm_smoke_white_brushed_oiled_engineered_18.jpg,2,Herringbone Parquet 18mm Engineered Wood Flooring Smoke White Brushed Oiled,,,
herringbone-parquet-engineered-wood-flooring-14mm-ambergrain-oak-brushed-lacquer,Herringbone Parquet Engineered Wood Flooring 14mm Ambergrain Oak Brushed Lacquer,,Factory Direct Flooring,Home & Garden > Decor > Flooring,Engineered Wood Flooring,engineered-wood-flooring,TRUE,Title,Default Title,74163AOB,0,shopify,100,deny,manual,49.18,,TRUE,TRUE,https://imagely.factory-direct-flooring.co.uk/media/catalog/product/cache/07f4e6a093cd3c305a832187014ed50b/7/4/74163aob-harvest_bl_10.jpg,1,Herringbone Parquet Engineered Wood Flooring 14mm Ambergrain Oak Brushed Lacquer,Herringbone Parquet Engineered Wood Flooring 14mm Ambergrain Oak Brushed Lacquer,,active
herringbone-parquet-engineered-wood-flooring-14mm-ambergrain-oak-brushed-lacquer,,,,,,,,,,,,,,,,,,,,https://imagely.factory-direct-flooring.co.uk/media/catalog/product/cache/07f4e6a093cd3c305a832187014ed50b/7/4/74163aob-harvest_bl_18.jpg,2,Herringbone Parquet Engineered Wood Flooring 14mm Ambergrain Oak Brushed Lacquer,,,
abbey-bornem-engineered-wood-flooring-14mm-x-190mm-natural-brushed-uv-oiled,Abbey Bornem Engineered Wood Flooring 14mm x 190mm Natural Brushed Uv Oiled,,Factory Direct Flooring,Home & Garden > Decor > Flooring,Engineered Wood Flooring,engineered-wood-flooring,TRUE,Title,Default Title,73989BOR,0,shopify,100,deny,manual,47.99,,TRUE,TRUE,https://imagely.factory-direct-flooring.co.uk/media/catalog/product/cache/07f4e6a093cd3c305a832187014ed50b/a/b/abbey_bornem_14mm_natural_brushed_uv_oiled_engineered_10.jpg,1,Abbey Bornem Engineered Wood Flooring 14mm x 190mm Natural Brushed Uv Oiled,Abbey Bornem Engineered Wood Flooring 14mm x 190mm Natural Brushed Uv Oiled,,active
abbey-bornem-engineered-wood-flooring-14mm-x-190mm-natural-brushed-uv-oiled,,,,,,,,,,,,,,,,,,,,https://imagely.factory-direct-flooring.co.uk/media/catalog/product/cache/07f4e6a093cd3c305a832187014ed50b/a/b/abbey_bornem_14mm_natural_brushed_uv_oiled_engineered_13.jpg,2,Abbey Bornem Engineered Wood Flooring 14mm x 190mm Natural Brushed Uv Oiled,,,
herringbone-parquet-engineered-wood-flooring-18mm-natural-oak-brushed-oiled,Herringbone Parquet Engineered Wood Flooring 18mm Natural Oak Brushed Oiled,,Factory Direct Flooring,Home & Garden > Decor > Flooring,Engineered Wood Flooring,engineered-wood-flooring,TRUE,Title,Default Title,E33204BAO7,0,shopify,100,deny,manual,59.99,,TRUE,TRUE,https://imagely.factory-direct-flooring.co.uk/media/catalog/product/cache/07f4e6a093cd3c305a832187014ed50b/h/e/herringbone_parquet_18mm_natural_oak_brushed_oiled_engineered_51.jpg,1,Herringbone Parquet Engineered Wood Flooring 18mm Natural Oak Brushed Oiled,Herringbone Parquet Engineered Wood Flooring 18mm Natural Oak Brushed Oiled,,active
herringbone-parquet-engineered-wood-flooring-18mm-natural-oak-brushed-oiled,,,,,,,,,,,,,,,,,,,,https://imagely.factory-direct-flooring.co.uk/media/catalog/product/cache/07f4e6a093cd3c305a832187014ed50b/h/e/herringbone_parquet_18mm_natural_oak_brushed_oiled_engineered_53.jpg,2,Herringbone Parquet Engineered Wood Flooring 18mm Natural Oak Brushed Oiled,,,
abbey-denny-engineered-wood-flooring-14mm-x-125mm-golden-oak-brushed-matt-lacquer,Abbey Denny Engineered Wood Flooring 14mm x 125mm Golden Oak Brushed Matt Lacquer,,Factory Direct Flooring,Home & Garden > Decor > Flooring,,,TRUE,Title,Default Title,E33288DEN5,0,shopify,100,deny,manual,45.59,,TRUE,TRUE,,,Abbey Denny Engineered Wood Flooring 14mm x 125mm Golden Oak Brushed Matt Lacquer,Abbey Denny Engineered Wood Flooring 14mm x 125mm Golden Oak Brushed Matt Lacquer,,active
abbey-torre-engineered-wood-flooring-14mm-x-125mm-coffee-oak-brushed-matt-lacquered,Abbey Torre Engineered Wood Flooring 14mm x 125mm Coffee Oak Brushed Matt Lacquered,,Factory Direct Flooring,Home & Garden > Decor > Flooring,,,TRUE,Title,Default Title,E33290TOR3,0,shopify,100,deny,manual,45.59,,TRUE,TRUE,,,Abbey Torre Engineered Wood Flooring 14mm x 125mm Coffee Oak Brushed Matt Lacquered,Abbey Torre Engineered Wood Flooring 14mm x 125mm Coffee Oak Brushed Matt Lacquered,,active
abbey-sawtry-engineered-wood-flooring-14mm-x-125mm-oak-brushed-matt-lacquer,Abbey Sawtry Engineered Wood Flooring 14mm x 125mm Oak Brushed Matt Lacquer,,Factory Direct Flooring,Home & Garden > Decor > Flooring,,,TRUE,Title,Default Title,E33291SAW8,0,shopify,100,deny,manual,45.59,,TRUE,TRUE,,,Abbey Sawtry Engineered Wood Flooring 14mm x 125mm Oak Brushed Matt Lacquer,Abbey Sawtry Engineered Wood Flooring 14mm x 125mm Oak Brushed Matt Lacquer,,active
wroxton-engineered-wood-flooring-14mm-x-190mm-white-stained-oak-brushed-matt-lacquer,Wroxton Engineered Wood Flooring 14mm x 190mm White Stained Oak Brushed Matt Lacquer,,Factory Direct Flooring,Home & Garden > Decor > Flooring,,,TRUE,Title,Default Title,E34141WRO6,0,shopify,100,deny,manual,47.70,,TRUE,TRUE,,,Wroxton Engineered Wood Flooring 14mm x 190mm White Stained Oak Brushed Matt Lacquer,Wroxton Engineered Wood Flooring 14mm x 190mm White Stained Oak Brushed Matt Lacquer,,active
garsington-engineered-wood-flooring-oak-matt-lacquer-14mm-x-190mm,Garsington Engineered Wood Flooring Oak Matt Lacquer 14mm x 190mm,,Factory Direct Flooring,Home & Garden > Decor > Flooring,,,TRUE,Title,Default Title,E34143GAR8,0,shopify,100,deny,manual,43.83,,TRUE,TRUE,,,Garsington Engineered Wood Flooring Oak Matt Lacquer 14mm x 190mm,Garsington Engineered Wood Flooring Oak Matt Lacquer 14mm x 190mm,,active
loire-engineered-wood-flooring-15mm-x-190mm-natural-distressed-heavy-brushed,Loire Engineered Wood Flooring 15mm x 190mm Natural Distressed Heavy Brushed,,Factory Direct Flooring,Home & Garden > Decor > Flooring,,,TRUE,Title,Default Title,E66936LND7,0,shopify,100,deny,manual,55.99,,TRUE,TRUE,,,Loire Engineered Wood Flooring 15mm x 190mm Natural Distressed Heavy Brushed,Loire Engineered Wood Flooring 15mm x 190mm Natural Distressed Heavy Brushed,,active
manor-colwick-14mm-oak-matt-lacquer-click-engineered-floor,Manor Colwick 14mm Oak Matt Lacquer Click Engineered Floor,,Factory Direct Flooring,Home & Garden > Decor > Flooring,,,TRUE,Title,Default Title,E71361-10,0,shopify,100,deny,manual,60.19,,TRUE,TRUE,,,Manor Colwick 14mm Oak Matt Lacquer Click Engineered Floor,Manor Colwick 14mm Oak Matt Lacquer Click Engineered Floor,,active
manor-lound-14mm-oak-matt-lacquer-click-engineered-floor,Manor Lound 14mm Oak Matt Lacquer Click Engineered Floor,,Factory Direct Flooring,Home & Garden > Decor > Flooring,,,TRUE,Title,Default Title,E71363-10,0,shopify,100,deny,manual,60.19,,TRUE,TRUE,,,Manor Lound 14mm Oak Matt Lacquer Click Engineered Floor,Manor Lound 14mm Oak Matt Lacquer Click Engineered Floor,,active
manor-fyne-14mm-oak-matt-lacquer-click-engineered-floor,Manor Fyne 14mm Oak Matt Lacquer Click Engineered Floor,,Factory Direct Flooring,Home & Garden > Decor > Flooring,,,TRUE,Title,Default Title,E71366-10,0,shopify,100,deny,manual,53.76,,TRUE,TRUE,,,Manor Fyne 14mm Oak Matt Lacquer Click Engineered Floor,Manor Fyne 14mm Oak Matt Lacquer Click Engineered Floor,,active
herringbone-parquet-engineered-wood-flooring-lacquered-dalgona-oak-10mm,Herringbone Parquet Engineered Wood Flooring lacquered Dalgona Oak 10mm,,Factory Direct Flooring,Home & Garden > Decor > Flooring,,,TRUE,Title,Default Title,ESP72089DAL05,0,shopify,100,deny,manual,35.99,,TRUE,TRUE,,,Herringbone Parquet Engineered Wood Flooring lacquered Dalgona Oak 10mm,Herringbone Parquet Engineered Wood Flooring lacquered Dalgona Oak 10mm,,active
herringbone-parquet-engineered-wood-flooring-10mm-lacquered-autumn-oak,Herringbone Parquet Engineered Wood Flooring 10mm lacquered Autumn Oak,,Factory Direct Flooring,Home & Garden > Decor > Flooring,,,TRUE,Title,Default Title,ESP72090AUT13,0,shopify,100,deny,manual,35.99,,TRUE,TRUE,,,Herringbone Parquet Engineered Wood Flooring 10mm lacquered Autumn Oak,Herringbone Parquet Engineered Wood Flooring 10mm lacquered Autumn Oak,,active
abbey-claro-engineered-wood-flooring-white-wash-oak-10mm-x-125mm-brushed-matt-lacquer,Abbey Claro Engineered Wood Flooring White Wash Oak 10mm x 125mm Brushed Matt Lacquer,,Factory Direct Flooring,Home & Garden > Decor > Flooring,,,TRUE,Title,Default Title,E73884CLA,0,shopify,100,deny,manual,27.59,,TRUE,TRUE,,,Abbey Claro Engineered Wood Flooring White Wash Oak 10mm x 125mm Brushed Matt Lacquer,Abbey Claro Engineered Wood Flooring White Wash Oak 10mm x 125mm Brushed Matt Lacquer,,active
manor-roke-oak-engineered-wood-flooring-18mm-x-190mm-smoke-white-brushed-matt-lacquer,Manor Roke Oak Engineered Wood Flooring 18mm x 190mm Smoke White Brushed Matt Lacquer,,Factory Direct Flooring,Home & Garden > Decor > Flooring,,,TRUE,Title,Default Title,E73890ROK,0,shopify,100,deny,manual,52.79,,TRUE,TRUE,,,Manor Roke Oak Engineered Wood Flooring 18mm x 190mm Smoke White Brushed Matt Lacquer,Manor Roke Oak Engineered Wood Flooring 18mm x 190mm Smoke White Brushed Matt Lacquer,,active
manor-wenlock-engineered-wood-flooring-18mm-x-180mm-natural-oak-brushed-uv-oiled,Manor Wenlock Engineered Wood Flooring 18mm x 180mm Natural Oak Brushed Uv Oiled,,Factory Direct Flooring,Home & Garden > Decor > Flooring,,,TRUE,Title,Default Title,73977WEN,0,shopify,100,deny,manual,51.58,,TRUE,TRUE,,,Manor Wenlock Engineered Wood Flooring 18mm x 180mm Natural Oak Brushed Uv Oiled,Manor Wenlock Engineered Wood Flooring 18mm x 180mm Natural Oak Brushed Uv Oiled,,active
abbey-logum-engineered-wood-flooring-14mm-x-190mm-smoke-grey-brushed-uv-oiled,Abbey Logum Engineered Wood Flooring 14mm x 190mm Smoke Grey Brushed Uv Oiled,,Factory Direct Flooring,Home & Garden > Decor > Flooring,,,TRUE,Title,Default Title,73990LOG,0,shopify,100,deny,manual,47.70,,TRUE,TRUE,,,Abbey Logum Engineered Wood Flooring 14mm x 190mm Smoke Grey Brushed Uv Oiled,Abbey Logum Engineered Wood Flooring 14mm x 190mm Smoke Grey Brushed Uv Oiled,,active
abbey-tautra-engineered-wood-flooring-14mm-x-190mm-light-golden-brushed-uv-oiled,Abbey Tautra Engineered Wood Flooring 14mm x 190mm Light Golden Brushed Uv Oiled,,Factory Direct Flooring,Home & Garden > Decor > Flooring,,,TRUE,Title,Default Title,73991TAU,0,shopify,100,deny,manual,47.99,,TRUE,TRUE,,,Abbey Tautra Engineered Wood Flooring 14mm x 190mm Light Golden Brushed Uv Oiled,Abbey Tautra Engineered Wood Flooring 14mm x 190mm Light Golden Brushed Uv Oiled,,active
abbey-mepkin-engineered-wood-flooring-14mm-x-190mm-linen-oak-brushed-matt-lacquer,Abbey Mepkin Engineered Wood Flooring 14mm x 190mm Linen Oak Brushed Matt Lacquer,,Factory Direct Flooring,Home & Garden > Decor > Flooring,,,TRUE,Title,Default Title,73992MEP,0,shopify,100,deny,manual,47.99,,TRUE,TRUE,,,Abbey Mepkin Engineered Wood Flooring 14mm x 190mm Linen Oak Brushed Matt Lacquer,Abbey Mepkin Engineered Wood Flooring 14mm x 190mm Linen Oak Brushed Matt Lacquer,,active
abbey-nolet-engineered-wood-flooring-14mm-x-190mm-smoke-white-oak-brushed-matt-lacquer,Abbey Nolet Engineered Wood Flooring 14mm x 125mm Smoke White Oak Brushed Matt Lacquer,,Factory Direct Flooring,Home & Garden > Decor > Flooring,,,TRUE,Title,Default Title,73999NOL,0,shopify,100,deny,manual,39.55,,TRUE,TRUE,,,Abbey Nolet Engineered Wood Flooring 14mm x 125mm Smoke White Oak Brushed Matt Lacquer,Abbey Nolet Engineered Wood Flooring 14mm x 125mm Smoke White Oak Brushed Matt Lacquer,,active
herringbone-parquet-engineered-wood-flooring-10mm-smoked-white-oak-brushed-matt-lacquer,Herringbone Parquet Engineered Wood Flooring 10mm Smoked White Oak Brushed Matt Lacquer,,Factory Direct Flooring,Home & Garden > Decor > Flooring,,,TRUE,Title,Default Title,74009SWO,0,shopify,100,deny,manual,35.99,,TRUE,TRUE,,,Herringbone Parquet Engineered Wood Flooring 10mm Smoked White Oak Brushed Matt Lacquer,Herringbone Parquet Engineered Wood Flooring 10mm Smoked White Oak Brushed Matt Lacquer,,active
herringbone-parquet-18mm-classic-oak-brushed-oiled-engineered,Herringbone Parquet 18mm Classic Oak Brushed Oiled Engineered,,Factory Direct Flooring,Home & Garden > Decor > Flooring,,,TRUE,Title,Default Title,H74075BO7,0,shopify,100,deny,manual,64.79,,TRUE,TRUE,,,Herringbone Parquet 18mm Classic Oak Brushed Oiled Engineered,Herringbone Parquet 18mm Classic Oak Brushed Oiled Engineered,,active
manor-althorpe-18mm-x-125mm-natural-lacquer-engineered-oak-flooring,Manor Althorpe 18mm x 125mm Natural Lacquer Engineered Oak Flooring,,Factory Direct Flooring,Home & Garden > Decor > Flooring,,,TRUE,Title,Default Title,74077ALT,0,shopify,100,deny,manual,50.39,,TRUE,TRUE,,,Manor Althorpe 18mm x 125mm Natural Lacquer Engineered Oak Flooring,Manor Althorpe 18mm x 125mm Natural Lacquer Engineered Oak Flooring,,active
manor-bramell-engineered-wood-flooring-18mm-x-125mm-nude-brushed-matt-lacquer,Manor Bramell Engineered Wood Flooring 18mm x 125mm Nude Brushed Matt Lacquer,,Factory Direct Flooring,Home & Garden > Decor > Flooring,,,TRUE,Title,Default Title,74078BRA,0,shopify,100,deny,manual,53.99,,TRUE,TRUE,,,Manor Bramell Engineered Wood Flooring 18mm x 125mm Nude Brushed Matt Lacquer,Manor Bramell Engineered Wood Flooring 18mm x 125mm Nude Brushed Matt Lacquer,,active
manor-dunham-engineered-wood-flooring-18mm-x-125mm-golden-oak-brushed-matt-lacquer,Manor Dunham Engineered Wood Flooring 18mm x 125mm Golden Oak Brushed Matt Lacquer,,Factory Direct Flooring,Home & Garden > Decor > Flooring,,,TRUE,Title,Default Title,74079DUN,0,shopify,100,deny,manual,53.15,,TRUE,TRUE,,,Manor Dunham Engineered Wood Flooring 18mm x 125mm Golden Oak Brushed Matt Lacquer,Manor Dunham Engineered Wood Flooring 18mm x 125mm Golden Oak Brushed Matt Lacquer,,active
manor-houghton-engineered-wood-flooring-18mm-x-125mm-natural-brushed-oiled-oak,Manor Houghton Engineered Wood Flooring 18mm x 125mm Natural Brushed Oiled Oak,,Factory Direct Flooring,Home & Garden > Decor > Flooring,,,TRUE,Title,Default Title,74080HOU,0,shopify,100,deny,manual,53.99,,TRUE,TRUE,,,Manor Houghton Engineered Wood Flooring 18mm x 125mm Natural Brushed Oiled Oak,Manor Houghton Engineered Wood Flooring 18mm x 125mm Natural Brushed Oiled Oak,,active
manor-naworth-engineered-wood-flooring-18mm-x-125mm-golden-handscraped-lacquer,Manor Naworth Engineered Wood Flooring 18mm x 125mm Golden Handscraped Lacquer,,Factory Direct Flooring,Home & Garden > Decor > Flooring,,,TRUE,Title,Default Title,74081NAW,0,shopify,100,deny,manual,47.94,,TRUE,TRUE,,,Manor Naworth Engineered Wood Flooring 18mm x 125mm Golden Handscraped Lacquer,Manor Naworth Engineered Wood Flooring 18mm x 125mm Golden Handscraped Lacquer,,active
manor-corsham-engineered-wood-flooring-18mm-x-190mm-golden-brushed-oiled,Manor Corsham Engineered Wood Flooring 18mm x 190mm Golden Brushed Oiled,,Factory Direct Flooring,Home & Garden > Decor > Flooring,,,TRUE,Title,Default Title,74082COR,0,shopify,100,deny,manual,53.98,,TRUE,TRUE,,,Manor Corsham Engineered Wood Flooring 18mm x 190mm Golden Brushed Oiled,Manor Corsham Engineered Wood Flooring 18mm x 190mm Golden Brushed Oiled,,active
manor-elton-engineered-wood-flooring-18mm-x-190mm-natural-oak-brushed-oiled,Manor Elton Engineered Wood Flooring 18mm x 190mm Natural Oak Brushed Oiled,,Factory Direct Flooring,Home & Garden > Decor > Flooring,,,TRUE,Title,Default Title,74083ELT,0,shopify,100,deny,manual,53.98,,TRUE,TRUE,,,Manor Elton Engineered Wood Flooring 18mm x 190mm Natural Oak Brushed Oiled,Manor Elton Engineered Wood Flooring 18mm x 190mm Natural Oak Brushed Oiled,,active
manor-gunby-engineered-wood-flooring-18mm-x-190mm-natural-oak-brushed-matt-lacquered,Manor Gunby Engineered Wood Flooring 18mm x 190mm Natural Oak Brushed Matt Lacquered,,Factory Direct Flooring,Home & Garden > Decor > Flooring,,,TRUE,Title,Default Title,74084GUN,0,shopify,100,deny,manual,53.98,,TRUE,TRUE,,,Manor Gunby Engineered Wood Flooring 18mm x 190mm Natural Oak Brushed Matt Lacquered,Manor Gunby Engineered Wood Flooring 18mm x 190mm Natural Oak Brushed Matt Lacquered,,active
manor-kelham-engineered-wood-flooring-18mm-x-190mm-limed-white-brushed-matt-lacquered,Manor Kelham Engineered Wood Flooring 18mm x 190mm Limed White Brushed Matt Lacquered,,Factory Direct Flooring,Home & Garden > Decor > Flooring,,,TRUE,Title,Default Title,74085KEL,0,shopify,100,deny,manual,53.98,,TRUE,TRUE,,,Manor Kelham Engineered Wood Flooring 18mm x 190mm Limed White Brushed Matt Lacquered,Manor Kelham Engineered Wood Flooring 18mm x 190mm Limed White Brushed Matt Lacquered,,active
manor-otley-engineered-wood-flooring-18mm-x-190mm-natural-oak-blackline-brushed-matt-lac,Manor Otley Engineered Wood Flooring 18mm x 190mm Natural Oak Blackline Brushed Matt Lac,,Factory Direct Flooring,Home & Garden > Decor > Flooring,,,TRUE,Title,Default Title,74087OTL,0,shopify,100,deny,manual,53.98,,TRUE,TRUE,,,Manor Otley Engineered Wood Flooring 18mm x 190mm Natural Oak Blackline Brushed Matt Lac,Manor Otley Engineered Wood Flooring 18mm x 190mm Natural Oak Blackline Brushed Matt Lac,,active
loire-engineered-wood-flooring-15mm-x-190mm-clear-oak-distressed-wax-oil,Loire Engineered Wood Flooring 15mm x 190mm Clear Oak Distressed Wax Oil,,Factory Direct Flooring,Home & Garden > Decor > Flooring,,,TRUE,Title,Default Title,74092CLO,0,shopify,100,deny,manual,52.64,,TRUE,TRUE,,,Loire Engineered Wood Flooring 15mm x 190mm Clear Oak Distressed Wax Oil,Loire Engineered Wood Flooring 15mm x 190mm Clear Oak Distressed Wax Oil,,active
herringbone-parquet-engineered-wood-flooring-18mm-natural-brushed-matt-lacquer,Herringbone Parquet Engineered Wood Flooring 18mm Natural Brushed Matt Lacquer,,Factory Direct Flooring,Home & Garden > Decor > Flooring,,,TRUE,Title,Default Title,74094BML,0,shopify,100,deny,manual,64.79,,TRUE,TRUE,,,Herringbone Parquet Engineered Wood Flooring 18mm Natural Brushed Matt Lacquer,Herringbone Parquet Engineered Wood Flooring 18mm Natural Brushed Matt Lacquer,,active
herringbone-parquet-18mm-natural-blackline-brushed-matt-lacquered-engineered-flooring,Herringbone Parquet 18mm Natural Blackline Brushed Matt Lacquered Engineered Flooring,,Factory Direct Flooring,Home & Garden > Decor > Flooring,,,TRUE,Title,Default Title,74096NBB,0,shopify,100,deny,manual,64.79,,TRUE,TRUE,,,Herringbone Parquet 18mm Natural Blackline Brushed Matt Lacquered Engineered Flooring,Herringbone Parquet 18mm Natural Blackline Brushed Matt Lacquered Engineered Flooring,,active
herringbone-parquet-engineered-wood-flooring-18mm-deep-brushed-white-oiled,Herringbone Parquet Engineered Wood Flooring 18mm Deep Brushed White Oiled,,Factory Direct Flooring,Home & Garden > Decor > Flooring,,,TRUE,Title,Default Title,74097DBW,0,shopify,100,deny,manual,64.79,,TRUE,TRUE,,,Herringbone Parquet Engineered Wood Flooring 18mm Deep Brushed White Oiled,Herringbone Parquet Engineered Wood Flooring 18mm Deep Brushed White Oiled,,active
herringbone-parquet-engineered-wood-flooring-18mm-warm-harvest-brushed-oiled,Herringbone Parquet Engineered Wood Flooring 18mm Warm Harvest Brushed Oiled,,Factory Direct Flooring,Home & Garden > Decor > Flooring,,,TRUE,Title,Default Title,74099HBO,0,shopify,100,deny,manual,64.79,,TRUE,TRUE,,,Herringbone Parquet Engineered Wood Flooring 18mm Warm Harvest Brushed Oiled,Herringbone Parquet Engineered Wood Flooring 18mm Warm Harvest Brushed Oiled,,active
abbey-standen-oak-golden-engineered-flooring-14mm-x-165mm-brushed-matt-lacquered,Abbey Standen Oak Golden Engineered Flooring 14mm x 165mm Brushed Matt Lacquered,,Factory Direct Flooring,Home & Garden > Decor > Flooring,,,TRUE,Title,Default Title,74102STA,0,shopify,100,deny,manual,38.14,,TRUE,TRUE,,,Abbey Standen Oak Golden Engineered Flooring 14mm x 165mm Brushed Matt Lacquered,Abbey Standen Oak Golden Engineered Flooring 14mm x 165mm Brushed Matt Lacquered,,active
herringbone-parquet-engineered-wood-flooring-14mm-essential-oak-brushed-lacquer,Herringbone Parquet Engineered Wood Flooring 14mm Essential Oak Brushed Lacquer,,Factory Direct Flooring,Home & Garden > Decor > Flooring,,,TRUE,Title,Default Title,74161OBL,0,shopify,100,deny,manual,49.18,,TRUE,TRUE,,,Herringbone Parquet Engineered Wood Flooring 14mm Essential Oak Brushed Lacquer,Herringbone Parquet Engineered Wood Flooring 14mm Essential Oak Brushed Lacquer,,active
herringbone-parquet-engineered-wood-flooring-14mm-stripped-oak-brushed-oiled,Herringbone Parquet Engineered Wood Flooring 14mm Stripped Oak Brushed Oiled,,Factory Direct Flooring,Home & Garden > Decor > Flooring,,,TRUE,Title,Default Title,74162OBO,0,shopify,100,deny,manual,49.18,,TRUE,TRUE,,,Herringbone Parquet Engineered Wood Flooring 14mm Stripped Oak Brushed Oiled,Herringbone Parquet Engineered Wood Flooring 14mm Stripped Oak Brushed Oiled,,active
herringbone-parquet-engineered-wood-flooring-14mm-genuine-smoke-grey-oak-brushed-oiled,Herringbone Parquet Engineered Wood Flooring 14mm Genuine Smoke Grey Oak Brushed Oiled,,Factory Direct Flooring,Home & Garden > Decor > Flooring,,,TRUE,Title,Default Title,74164GSG,0,shopify,100,deny,manual,49.18,,TRUE,TRUE,,,Herringbone Parquet Engineered Wood Flooring 14mm Genuine Smoke Grey Oak Brushed Oiled,Herringbone Parquet Engineered Wood Flooring 14mm Genuine Smoke Grey Oak Brushed Oiled,,active
abbey-riverstone-engineered-wood-flooring-10mm-x-125mm-natural-brushed-lacquer-flooring,Abbey Riverstone Engineered Wood Flooring 10mm x 125mm Natural Brushed Lacquer Flooring,,Factory Direct Flooring,Home & Garden > Decor > Flooring,,,TRUE,Title,Default Title,74171P,0,shopify,100,deny,manual,32.39,,TRUE,TRUE,,,Abbey Riverstone Engineered Wood Flooring 10mm x 125mm Natural Brushed Lacquer Flooring,Abbey Riverstone Engineered Wood Flooring 10mm x 125mm Natural Brushed Lacquer Flooring,,active
prestige-herringbone-laminate-flooring-faded-oak-8mm-3678,Prestige Herringbone Laminate flooring Faded Oak 8mm 3678,,Factory Direct Flooring,Home & Garden > Decor > Flooring,Herringbone Flooring,herringbone-flooring,TRUE,Title,Default Title,67268-FC33,0,shopify,100,deny,manual,25.19,,TRUE,TRUE,https://imagely.factory-direct-flooring.co.uk/media/catalog/product/cache/07f4e6a093cd3c305a832187014ed50b/p/r/prestige-herringbone-faded-oak-8mm-laminate-3678-lifestyle-1.jpg,1,Prestige Herringbone Laminate flooring Faded Oak 8mm 3678,Prestige Herringbone Laminate flooring Faded Oak 8mm 3678,,active
prestige-herringbone-laminate-flooring-faded-oak-8mm-3678,,,,,,,,,,,,,,,,,,,,https://imagely.factory-direct-flooring.co.uk/media/catalog/product/cache/07f4e6a093cd3c305a832187014ed50b/p/r/prestige_herringbone_faded_oak_8mm_laminate_3678.png,2,Prestige Herringbone Laminate flooring Faded Oak 8mm 3678,,,
chic-parquet-dry-back-lvt-herringbone-flooring-harbour,Chic Parquet Dry Back Lvt Herringbone Flooring Harbour,,Factory Direct Flooring,Home & Garden > Decor > Flooring,Herringbone Flooring,herringbone-flooring,TRUE,Title,Default Title,73939ST,0,shopify,100,deny,manual,22.76,,TRUE,TRUE,https://imagely.factory-direct-flooring.co.uk/media/catalog/product/cache/07f4e6a093cd3c305a832187014ed50b/c/h/chic_parquet_dry_back_herringbone_harbour_12_1.jpg,1,Chic Parquet Dry Back Lvt Herringbone Flooring Harbour,Chic Parquet Dry Back Lvt Herringbone Flooring Harbour,,active
chic-parquet-dry-back-lvt-herringbone-flooring-harbour,,,,,,,,,,,,,,,,,,,,https://imagely.factory-direct-flooring.co.uk/media/catalog/product/cache/07f4e6a093cd3c305a832187014ed50b/c/h/chic_parquet_dry_back_herringbone_harbour_7_2.jpg,2,Chic Parquet Dry Back Lvt Herringbone Flooring Harbour,,,
chic-parquet-lvt-flooring-dry-back-oak-haze-8001,Chic Parquet LVT Flooring Dry Back Oak Haze 8001,,Factory Direct Flooring,Home & Garden > Decor > Flooring,Herringbone Flooring,herringbone-flooring,TRUE,Title,Default Title,73951-8001,0,shopify,100,deny,manual,22.79,,TRUE,TRUE,https://imagely.factory-direct-flooring.co.uk/media/catalog/product/cache/07f4e6a093cd3c305a832187014ed50b/c/h/chic_parquet_lvt_dry_back_oak_haze_8001_1_2.jpg,1,Chic Parquet LVT Flooring Dry Back Oak Haze 8001,Chic Parquet LVT Flooring Dry Back Oak Haze 8001,,active
chic-parquet-lvt-flooring-dry-back-oak-haze-8001,,,,,,,,,,,,,,,,,,,,https://imagely.factory-direct-flooring.co.uk/media/catalog/product/cache/07f4e6a093cd3c305a832187014ed50b/c/h/chic_parquet_lvt_dry_back_oak_haze_8001_13.jpg,2,Chic Parquet LVT Flooring Dry Back Oak Haze 8001,,,
chic-parquet-lvt-flooring-dry-back-oak-nature-8002,Chic Parquet LVT Flooring Dry Back Oak Nature 8002,,Factory Direct Flooring,Home & Garden > Decor > Flooring,Herringbone Flooring,herringbone-flooring,TRUE,Title,Default Title,73952-8002,0,shopify,100,deny,manual,22.79,,TRUE,TRUE,https://imagely.factory-direct-flooring.co.uk/media/catalog/product/cache/07f4e6a093cd3c305a832187014ed50b/c/h/chic_parquet_lvt_dry_back_oak_nature_8002_1_1.jpg,1,Chic Parquet LVT Flooring Dry Back Oak Nature 8002,Chic Parquet LVT Flooring Dry Back Oak Nature 8002,,active
chic-parquet-lvt-flooring-dry-back-oak-nature-8002,,,,,,,,,,,,,,,,,,,,https://imagely.factory-direct-flooring.co.uk/media/catalog/product/cache/07f4e6a093cd3c305a832187014ed50b/c/h/chic_parquet_lvt_dry_back_oak_nature_8002_7_3.jpg,2,Chic Parquet LVT Flooring Dry Back Oak Nature 8002,,,
chic-parquet-lvt-flooring-dry-back-light-walnut-8003,Chic Parquet LVT Flooring Dry Back Light Walnut 8003,,Factory Direct Flooring,Home & Garden > Decor > Flooring,Herringbone Flooring,herringbone-flooring,TRUE,Title,Default Title,73953-8003,0,shopify,100,deny,manual,22.79,,TRUE,TRUE,https://imagely.factory-direct-flooring.co.uk/media/catalog/product/cache/07f4e6a093cd3c305a832187014ed50b/c/h/chic_parquet_lvt_dry_back_light_walnut_8003_14_1.jpg,1,Chic Parquet LVT Flooring Dry Back Light Walnut 8003,Chic Parquet LVT Flooring Dry Back Light Walnut 8003,,active
chic-parquet-lvt-flooring-dry-back-light-walnut-8003,,,,,,,,,,,,,,,,,,,,https://imagely.factory-direct-flooring.co.uk/media/catalog/product/cache/07f4e6a093cd3c305a832187014ed50b/c/h/chic_parquet_lvt_dry_back_light_walnut_8003_6_5.jpg,2,Chic Parquet LVT Flooring Dry Back Light Walnut 8003,,,
chic-parquet-lvt-flooring-dry-back-oak-diverse-8004,Chic Parquet LVT Flooring Dry Back Oak Diverse 8004,,Factory Direct Flooring,Home & Garden > Decor > Flooring,Herringbone Flooring,herringbone-flooring,TRUE,Title,Default Title,73954-8004,0,shopify,100,deny,manual,22.79,,TRUE,TRUE,https://imagely.factory-direct-flooring.co.uk/media/catalog/product/cache/07f4e6a093cd3c305a832187014ed50b/c/h/chic_parquet_lvt_dry_back_oak_diverse_8004_1_1.jpg,1,Chic Parquet LVT Flooring Dry Back Oak Diverse 8004,Chic Parquet LVT Flooring Dry Back Oak Diverse 8004,,active
chic-parquet-lvt-flooring-dry-back-oak-diverse-8004,,,,,,,,,,,,,,,,,,,,https://imagely.factory-direct-flooring.co.uk/media/catalog/product/cache/07f4e6a093cd3c305a832187014ed50b/c/h/chic_parquet_lvt_dry_back_oak_diverse_8004_15.jpg,2,Chic Parquet LVT Flooring Dry Back Oak Diverse 8004,,,
chic-parquet-lvt-flooring-dry-back-oak-limed-8005,Chic Parquet LVT Flooring Dry Back Oak Limed 8005,,Factory Direct Flooring,Home & Garden > Decor > Flooring,Herringbone Flooring,herringbone-flooring,TRUE,Title,Default Title,73955-8005,0,shopify,100,deny,manual,22.79,,TRUE,TRUE,https://imagely.factory-direct-flooring.co.uk/media/catalog/product/cache/07f4e6a093cd3c305a832187014ed50b/c/h/chic_parquet_lvt_dry_back_oak_limed_8005_1_1.jpg,1,Chic Parquet LVT Flooring Dry Back Oak Limed 8005,Chic Parquet LVT Flooring Dry Back Oak Limed 8005,,active
chic-parquet-lvt-flooring-dry-back-oak-limed-8005,,,,,,,,,,,,,,,,,,,,https://imagely.factory-direct-flooring.co.uk/media/catalog/product/cache/07f4e6a093cd3c305a832187014ed50b/c/h/chic_parquet_lvt_dry_back_oak_limed_8005_3_1.jpg,2,Chic Parquet LVT Flooring Dry Back Oak Limed 8005,,,
chic-parquet-lvt-dry-back-flooring-driftwood-8006,Chic Parquet LVT Dry Back Flooring Driftwood 8006,,Factory Direct Flooring,Home & Garden > Decor > Flooring,Herringbone Flooring,herringbone-flooring,TRUE,Title,Default Title,73956-8006,0,shopify,100,deny,manual,22.79,,TRUE,TRUE,https://imagely.factory-direct-flooring.co.uk/media/catalog/product/cache/07f4e6a093cd3c305a832187014ed50b/c/h/chic_parquet_lvt_dry_back_driftwood_8006_5_1.jpg,1,Chic Parquet LVT Dry Back Flooring Driftwood 8006,Chic Parquet LVT Dry Back Flooring Driftwood 8006,,active
chic-parquet-lvt-dry-back-flooring-driftwood-8006,,,,,,,,,,,,,,,,,,,,https://imagely.factory-direct-flooring.co.uk/media/catalog/product/cache/07f4e6a093cd3c305a832187014ed50b/c/h/chic_parquet_lvt_dry_back_driftwood_8006_4_1.jpg,2,Chic Parquet LVT Dry Back Flooring Driftwood 8006,,,
chic-parquet-lvt-flooring-dry-back-oak-grey-8007,Chic Parquet LVT Flooring Dry Back Oak Grey 8007,,Factory Direct Flooring,Home & Garden > Decor > Flooring,Herringbone Flooring,herringbone-flooring,TRUE,Title,Default Title,73957-8007,0,shopify,100,deny,manual,22.79,,TRUE,TRUE,https://imagely.factory-direct-flooring.co.uk/media/catalog/product/cache/07f4e6a093cd3c305a832187014ed50b/c/h/chic_parquet_lvt_dry_back_oak_grey_8007_2_1.jpg,1,Chic Parquet LVT Flooring Dry Back Oak Grey 8007,Chic Parquet LVT Flooring Dry Back Oak Grey 8007,,active
chic-parquet-lvt-flooring-dry-back-oak-grey-8007,,,,,,,,,,,,,,,,,,,,https://imagely.factory-direct-flooring.co.uk/media/catalog/product/cache/07f4e6a093cd3c305a832187014ed50b/c/h/chic_parquet_lvt_dry_back_oak_grey_8007_2.jpg,2,Chic Parquet LVT Flooring Dry Back Oak Grey 8007,,,
chic-parquet-lvt-flooring-dry-back-pale-oak-8008,Chic Parquet LVT Flooring Dry Back Pale Oak 8008,,Factory Direct Flooring,Home & Garden > Decor > Flooring,Herringbone Flooring,herringbone-flooring,TRUE,Title,Default Title,73958-8008,0,shopify,100,deny,manual,22.79,,TRUE,TRUE,https://imagely.factory-direct-flooring.co.uk/media/catalog/product/cache/07f4e6a093cd3c305a832187014ed50b/c/h/chic_parquet_lvt_dry_back_pale_oak_8008_1.jpg,1,Chic Parquet LVT Flooring Dry Back Pale Oak 8008,Chic Parquet LVT Flooring Dry Back Pale Oak 8008,,active
chic-parquet-lvt-flooring-dry-back-pale-oak-8008,,,,,,,,,,,,,,,,,,,,https://imagely.factory-direct-flooring.co.uk/media/catalog/product/cache/07f4e6a093cd3c305a832187014ed50b/c/h/chic_parquet_lvt_dry_back_pale_oak_8008_1_1.jpg,2,Chic Parquet LVT Flooring Dry Back Pale Oak 8008,,,
chic-parquet-mini-lvt-flooring-dry-back-blackjack-oak-229,Chic Parquet Mini LVT Flooring Dry Back Blackjack Oak 229,,Factory Direct Flooring,Home & Garden > Decor > Flooring,Herringbone Flooring,herringbone-flooring,TRUE,Title,Default Title,73967-22229,0,shopify,100,deny,manual,31.19,,TRUE,TRUE,https://imagely.factory-direct-flooring.co.uk/media/catalog/product/cache/07f4e6a093cd3c305a832187014ed50b/c/h/chic_parquet_mini_lvt_dry_back_blackjack_oak_229_5.jpg,1,Chic Parquet Mini LVT Flooring Dry Back Blackjack Oak 229,Chic Parquet Mini LVT Flooring Dry Back Blackjack Oak 229,,active
chic-parquet-mini-lvt-flooring-dry-back-blackjack-oak-229,,,,,,,,,,,,,,,,,,,,https://imagely.factory-direct-flooring.co.uk/media/catalog/product/cache/07f4e6a093cd3c305a832187014ed50b/c/h/chic_parquet_mini_lvt_dry_back_blackjack_oak_229_1.jpg,2,Chic Parquet Mini LVT Flooring Dry Back Blackjack Oak 229,,,
chic-parquet-mini-lvt-flooring-dry-back-country-oak-991,Chic Parquet Mini LVT Flooring Dry Back Country Oak 991,,Factory Direct Flooring,Home & Garden > Decor > Flooring,Herringbone Flooring,herringbone-flooring,TRUE,Title,Default Title,73968-54991,0,shopify,100,deny,manual,23.99,,TRUE,TRUE,https://imagely.factory-direct-flooring.co.uk/media/catalog/product/cache/07f4e6a093cd3c305a832187014ed50b/c/h/chic_parquet_mini_lvt_dry_back_country_oak_991_1_1.jpg,1,Chic Parquet Mini LVT Flooring Dry Back Country Oak 991,Chic Parquet Mini LVT Flooring Dry Back Country Oak 991,,active
chic-parquet-mini-lvt-flooring-dry-back-country-oak-991,,,,,,,,,,,,,,,,,,,,https://imagely.factory-direct-flooring.co.uk/media/catalog/product/cache/07f4e6a093cd3c305a832187014ed50b/c/h/chic_parquet_mini_lvt_dry_back_country_oak_991_4_1.jpg,2,Chic Parquet Mini LVT Flooring Dry Back Country Oak 991,,,
chic-parquet-mini-lvt-flooring-dry-back-country-oak-852,Chic Parquet Mini LVT Flooring Dry Back Country Oak 852,,Factory Direct Flooring,Home & Garden > Decor > Flooring,Herringbone Flooring,herringbone-flooring,TRUE,Title,Default Title,73969-54852,0,shopify,100,deny,manual,31.19,,TRUE,TRUE,https://imagely.factory-direct-flooring.co.uk/media/catalog/product/cache/07f4e6a093cd3c305a832187014ed50b/c/h/chic_parquet_mini_lvt_dry_back_country_oak_852_2_1.jpg,1,Chic Parquet Mini LVT Flooring Dry Back Country Oak 852,Chic Parquet Mini LVT Flooring Dry Back Country Oak 852,,active
chic-parquet-mini-lvt-flooring-dry-back-country-oak-852,,,,,,,,,,,,,,,,,,,,https://imagely.factory-direct-flooring.co.uk/media/catalog/product/cache/07f4e6a093cd3c305a832187014ed50b/c/h/chic_parquet_mini_lvt_dry_back_country_oak_852_1.jpg,2,Chic Parquet Mini LVT Flooring Dry Back Country Oak 852,,,
chic-parquet-mini-lvt-flooring-dry-back-sierra-oak-346,Chic Parquet Mini LVT Flooring Dry Back Sierra Oak 346,,Factory Direct Flooring,Home & Garden > Decor > Flooring,Herringbone Flooring,herringbone-flooring,TRUE,Title,Default Title,73971-58346,0,shopify,100,deny,manual,27.35,,TRUE,TRUE,https://imagely.factory-direct-flooring.co.uk/media/catalog/product/cache/07f4e6a093cd3c305a832187014ed50b/c/h/chic_parquet_mini_lvt_dry_back_sierra_oak_346_1_1.jpg,1,Chic Parquet Mini LVT Flooring Dry Back Sierra Oak 346,Chic Parquet Mini LVT Flooring Dry Back Sierra Oak 346,,active
chic-parquet-mini-lvt-flooring-dry-back-sierra-oak-346,,,,,,,,,,,,,,,,,,,,https://imagely.factory-direct-flooring.co.uk/media/catalog/product/cache/07f4e6a093cd3c305a832187014ed50b/c/h/chic_parquet_mini_lvt_dry_back_sierra_oak_346_1.jpg,2,Chic Parquet Mini LVT Flooring Dry Back Sierra Oak 346,,,
aqua-plank-pure-oak-herringbone-click-vinyl,Aqua Plank Pure Oak Herringbone Click Vinyl,,Factory Direct Flooring,Home & Garden > Decor > Flooring,Herringbone Flooring,herringbone-flooring,TRUE,Title,Default Title,AP73979H,0,shopify,100,deny,manual,29.98,,TRUE,TRUE,https://imagely.factory-direct-flooring.co.uk/media/catalog/product/cache/07f4e6a093cd3c305a832187014ed50b/a/p/ap73979h-12.jpg,1,Aqua Plank Pure Oak Herringbone Click Vinyl,Aqua Plank Pure Oak Herringbone Click Vinyl,,active
aqua-plank-pure-oak-herringbone-click-vinyl,,,,,,,,,,,,,,,,,,,,https://imagely.factory-direct-flooring.co.uk/media/catalog/product/cache/07f4e6a093cd3c305a832187014ed50b/a/p/ap73979h-8.jpg,2,Aqua Plank Pure Oak Herringbone Click Vinyl,,,
aqua-plank-columbian-oak-herringbone-click-vinyl,Aqua Plank Columbian Oak Herringbone Click Vinyl,,Factory Direct Flooring,Home & Garden > Decor > Flooring,Herringbone Flooring,herringbone-flooring,TRUE,Title,Default Title,AP73980H,0,shopify,100,deny,manual,29.98,,TRUE,TRUE,https://imagely.factory-direct-flooring.co.uk/media/catalog/product/cache/07f4e6a093cd3c305a832187014ed50b/a/q/aqua_plank_columbian_oak_herringbone_click_vinyl_10.jpg,1,Aqua Plank Columbian Oak Herringbone Click Vinyl,Aqua Plank Columbian Oak Herringbone Click Vinyl,,active
aqua-plank-columbian-oak-herringbone-click-vinyl,,,,,,,,,,,,,,,,,,,,https://imagely.factory-direct-flooring.co.uk/media/catalog/product/cache/07f4e6a093cd3c305a832187014ed50b/a/q/aqua_plank_columbian_oak_herringbone_click_vinyl_11.jpg,2,Aqua Plank Columbian Oak Herringbone Click Vinyl,,,
aqua-plank-pendosa-oak-herringbone-click-vinyl,Aqua Plank Pendosa Oak Herringbone Click Vinyl,,Factory Direct Flooring,Home & Garden > Decor > Flooring,Herringbone Flooring,herringbone-flooring,TRUE,Title,Default Title,AP73981H,0,shopify,100,deny,manual,29.98,,TRUE,TRUE,https://imagely.factory-direct-flooring.co.uk/media/catalog/product/cache/07f4e6a093cd3c305a832187014ed50b/a/q/aqua_plank_pendosa_oak_herringbone_click_vinyl_10.jpg,1,Aqua Plank Pendosa Oak Herringbone Click Vinyl,Aqua Plank Pendosa Oak Herringbone Click Vinyl,,active
aqua-plank-pendosa-oak-herringbone-click-vinyl,,,,,,,,,,,,,,,,,,,,https://imagely.factory-direct-flooring.co.uk/media/catalog/product/cache/07f4e6a093cd3c305a832187014ed50b/a/q/aqua_plank_pendosa_oak_herringbone_click_vinyl_13.jpg,2,Aqua Plank Pendosa Oak Herringbone Click Vinyl,,,
aqua-plank-nature-oak-herringbone-click-vinyl,Aqua Plank Nature Oak Herringbone Click Vinyl,,Factory Direct Flooring,Home & Garden > Decor > Flooring,Herringbone Flooring,herringbone-flooring,TRUE,Title,Default Title,AP73982H,0,shopify,100,deny,manual,29.98,,TRUE,TRUE,https://imagely.factory-direct-flooring.co.uk/media/catalog/product/cache/07f4e6a093cd3c305a832187014ed50b/a/p/ap73982h_11.jpg,1,Aqua Plank Nature Oak Herringbone Click Vinyl,Aqua Plank Nature Oak Herringbone Click Vinyl,,active
aqua-plank-nature-oak-herringbone-click-vinyl,,,,,,,,,,,,,,,,,,,,https://imagely.factory-direct-flooring.co.uk/media/catalog/product/cache/07f4e6a093cd3c305a832187014ed50b/a/p/ap73982h_16.jpg,2,Aqua Plank Nature Oak Herringbone Click Vinyl,,,
aqua-plank-ravine-grey-herringbone-click-vinyl-flooring,Aqua Plank Ravine Grey Herringbone Click Vinyl Flooring,,Factory Direct Flooring,Home & Garden > Decor > Flooring,Herringbone Flooring,herringbone-flooring,TRUE,Title,Default Title,AP74003H,0,shopify,100,deny,manual,29.98,,TRUE,TRUE,https://imagely.factory-direct-flooring.co.uk/media/catalog/product/cache/07f4e6a093cd3c305a832187014ed50b/a/q/aqua_plank_ravine_grey_herringbone_click_vinyl_flooring_3.jpg,1,Aqua Plank Ravine Grey Herringbone Click Vinyl Flooring,Aqua Plank Ravine Grey Herringbone Click Vinyl Flooring,,active
aqua-plank-ravine-grey-herringbone-click-vinyl-flooring,,,,,,,,,,,,,,,,,,,,https://imagely.factory-direct-flooring.co.uk/media/catalog/product/cache/07f4e6a093cd3c305a832187014ed50b/a/q/aqua_plank_ravine_grey_herringbone_click_vinyl_flooring_2.jpg,2,Aqua Plank Ravine Grey Herringbone Click Vinyl Flooring,,,
prestige-herringbone-laminate-flooring-frosted-oak-8mm-3516,Prestige Herringbone Laminate Flooring Frosted Oak 8mm 3516,,Factory Direct Flooring,Home & Garden > Decor > Flooring,,,TRUE,Title,Default Title,67266-FC70,0,shopify,100,deny,manual,25.19,,TRUE,TRUE,,,Prestige Herringbone Laminate Flooring Frosted Oak 8mm 3516,Prestige Herringbone Laminate Flooring Frosted Oak 8mm 3516,,active
prestige-herringbone-laminate-flooring-ambient-oak-8mm-3766,Prestige Herringbone Laminate Flooring Ambient Oak 8mm 3766,,Factory Direct Flooring,Home & Garden > Decor > Flooring,,,TRUE,Title,Default Title,67269-FC45,0,shopify,100,deny,manual,25.19,,TRUE,TRUE,,,Prestige Herringbone Laminate Flooring Ambient Oak 8mm 3766,Prestige Herringbone Laminate Flooring Ambient Oak 8mm 3766,,active
prestige-herringbone-laminate-flooring-smokey-oak-8mm-3860,Prestige Herringbone Laminate Flooring Smokey Oak 8mm 3860,,Factory Direct Flooring,Home & Garden > Decor > Flooring,,,TRUE,Title,Default Title,67270-FC46,0,shopify,100,deny,manual,25.19,,TRUE,TRUE,,,Prestige Herringbone Laminate Flooring Smokey Oak 8mm 3860,Prestige Herringbone Laminate Flooring Smokey Oak 8mm 3860,,active
prestige-herringbone-laminate-flooring-classic-natural-oak-8mm-3861,Prestige Herringbone Laminate flooring Classic Natural Oak 8mm 3861,,Factory Direct Flooring,Home & Garden > Decor > Flooring,,,TRUE,Title,Default Title,67271,0,shopify,100,deny,manual,22.78,,TRUE,TRUE,,,Prestige Herringbone Laminate flooring Classic Natural Oak 8mm 3861,Prestige Herringbone Laminate flooring Classic Natural Oak 8mm 3861,,active
prestige-herringbone-laminate-flooring-tobacco-light-8mm-4764,Prestige Herringbone Laminate Flooring Tobacco Light 8mm 4764,,Factory Direct Flooring,Home & Garden > Decor > Flooring,,,TRUE,Title,Default Title,67273-FC15,0,shopify,100,deny,manual,25.19,,TRUE,TRUE,,,Prestige Herringbone Laminate Flooring Tobacco Light 8mm 4764,Prestige Herringbone Laminate Flooring Tobacco Light 8mm 4764,,active
prestige-herringbone-laminate-flooring-coffee-oak-8mm-4766,Prestige Herringbone Laminate Flooring Coffee Oak 8mm 4766,,Factory Direct Flooring,Home & Garden > Decor > Flooring,,,TRUE,Title,Default Title,67274-FC47,0,shopify,100,deny,manual,25.19,,TRUE,TRUE,,,Prestige Herringbone Laminate Flooring Coffee Oak 8mm 4766,Prestige Herringbone Laminate Flooring Coffee Oak 8mm 4766,,active
ultrafelt-vinyl-flooring-battle-oak-parquet,Ultrafelt Vinyl Flooring Battle Oak Parquet,,Factory Direct Flooring,Home & Garden > Decor > Flooring,,,TRUE,Title,Default Title,67892ST,0,shopify,100,deny,manual,17.87,,TRUE,TRUE,,,Ultrafelt Vinyl Flooring Battle Oak Parquet,Ultrafelt Vinyl Flooring Battle Oak Parquet,,active
ultrafelt-vinyl-flooring-natural-oak-parquet,Ultrafelt Vinyl Flooring Natural Oak Parquet,,Factory Direct Flooring,Home & Garden > Decor > Flooring,,,TRUE,Title,Default Title,67893ST,0,shopify,100,deny,manual,17.87,,TRUE,TRUE,,,Ultrafelt Vinyl Flooring Natural Oak Parquet,Ultrafelt Vinyl Flooring Natural Oak Parquet,,active
texstep-herringbone-natural-162m-felt-back,Texstep Herringbone Natural 162M Felt Back,,Factory Direct Flooring,Home & Garden > Decor > Flooring,,,TRUE,Title,Default Title,69502ST,0,shopify,100,deny,manual,14.03,,TRUE,TRUE,,,Texstep Herringbone Natural 162M Felt Back,Texstep Herringbone Natural 162M Felt Back,,active
prestige-herringbone-laminate-flooring-iris-oak-8mm-3773,Prestige Herringbone Laminate Flooring Iris Oak 8mm 3773,,Factory Direct Flooring,Home & Garden > Decor > Flooring,,,TRUE,Title,Default Title,69577,0,shopify,100,deny,manual,22.78,,TRUE,TRUE,,,Prestige Herringbone Laminate Flooring Iris Oak 8mm 3773,Prestige Herringbone Laminate Flooring Iris Oak 8mm 3773,,active
prestige-herringbone-laminate-flooring-charcoal-8mm-6010,Prestige Herringbone Laminate Flooring Charcoal 8mm 6010,,Factory Direct Flooring,Home & Garden > Decor > Flooring,,,TRUE,Title,Default Title,69578,0,shopify,100,deny,manual,22.78,,TRUE,TRUE,,,Prestige Herringbone Laminate Flooring Charcoal 8mm 6010,Prestige Herringbone Laminate Flooring Charcoal 8mm 6010,,active
embrace-herringbone-laminate-flooring-10mm-tricat-oak-6018,Embrace Herringbone Laminate Flooring 10mm Tricat Oak 6018,,Factory Direct Flooring,Home & Garden > Decor > Flooring,,,TRUE,Title,Default Title,71657,0,shopify,100,deny,manual,23.67,,TRUE,TRUE,,,Embrace Herringbone Laminate Flooring 10mm Tricat Oak 6018,Embrace Herringbone Laminate Flooring 10mm Tricat Oak 6018,,active
chic-parquet-dry-back-lvt-herringbone-flooring-outland,Chic Parquet Dry Back Lvt Herringbone Flooring Outland,,Factory Direct Flooring,Home & Garden > Decor > Flooring,,,TRUE,Title,Default Title,73662ST,0,shopify,100,deny,manual,22.78,,TRUE,TRUE,,,Chic Parquet Dry Back Lvt Herringbone Flooring Outland,Chic Parquet Dry Back Lvt Herringbone Flooring Outland,,active
ecostep-vinyl-flooring-herringbone-oak-medium-666d,Ecostep Vinyl Flooring Herringbone Oak Medium 666D,,Factory Direct Flooring,Home & Garden > Decor > Flooring,,,TRUE,Title,Default Title,73835ST,0,shopify,100,deny,manual,10.79,,TRUE,TRUE,,,Ecostep Vinyl Flooring Herringbone Oak Medium 666D,Ecostep Vinyl Flooring Herringbone Oak Medium 666D,,active
embrace-herringbone-laminate-flooring-windsor-oak-10mm-1001,Embrace Herringbone Laminate Flooring Windsor Oak 10mm 1001,,Factory Direct Flooring,Home & Garden > Decor > Flooring,,,TRUE,Title,Default Title,73880-FC45,0,shopify,100,deny,manual,31.19,,TRUE,TRUE,,,Embrace Herringbone Laminate Flooring Windsor Oak 10mm 1001,Embrace Herringbone Laminate Flooring Windsor Oak 10mm 1001,,active
embrace-herringbone-laminate-flooring-midnight-oak-12mm,Embrace Herringbone Laminate Flooring Midnight Oak 12mm,,Factory Direct Flooring,Home & Garden > Decor > Flooring,,,TRUE,Title,Default Title,73983-R379,0,shopify,100,deny,manual,26.38,,TRUE,TRUE,,,Embrace Herringbone Laminate Flooring Midnight Oak 12mm,Embrace Herringbone Laminate Flooring Midnight Oak 12mm,,active
embrace-herringbone-laminate-flooring-century-oak-12mm,Embrace Herringbone Laminate Flooring Century Oak 12mm,,Factory Direct Flooring,Home & Garden > Decor > Flooring,,,TRUE,Title,Default Title,73984-2006,0,shopify,100,deny,manual,26.38,,TRUE,TRUE,,,Embrace Herringbone Laminate Flooring Century Oak 12mm,Embrace Herringbone Laminate Flooring Century Oak 12mm,,active
embrace-herringbone-laminate-flooring-walnut-12mm,Embrace Herringbone Laminate Flooring Walnut 12mm,,Factory Direct Flooring,Home & Garden > Decor > Flooring,,,TRUE,Title,Default Title,73985-90758,0,shopify,100,deny,manual,26.38,,TRUE,TRUE,,,Embrace Herringbone Laminate Flooring Walnut 12mm,Embrace Herringbone Laminate Flooring Walnut 12mm,,active
embrace-herringbone-royal-oak-12mm-laminate,Embrace Herringbone Royal Oak 12mm Laminate,,Factory Direct Flooring,Home & Garden > Decor > Flooring,,,TRUE,Title,Default Title,73986-2607,0,shopify,100,deny,manual,26.38,,TRUE,TRUE,,,Embrace Herringbone Royal Oak 12mm Laminate,Embrace Herringbone Royal Oak 12mm Laminate,,active
embrace-herringbone-limed-oak-12mm-laminate,Embrace Herringbone Limed Oak 12mm Laminate,,Factory Direct Flooring,Home & Garden > Decor > Flooring,,,TRUE,Title,Default Title,73987-2609,0,shopify,100,deny,manual,26.38,,TRUE,TRUE,,,Embrace Herringbone Limed Oak 12mm Laminate,Embrace Herringbone Limed Oak 12mm Laminate,,active
embrace-herringbone-laminate-flooring-washed-oak-12mm,Embrace Herringbone Laminate Flooring Washed Oak 12mm,,Factory Direct Flooring,Home & Garden > Decor > Flooring,,,TRUE,Title,Default Title,73989-1051,0,shopify,100,deny,manual,26.38,,TRUE,TRUE,,,Embrace Herringbone Laminate Flooring Washed Oak 12mm,Embrace Herringbone Laminate Flooring Washed Oak 12mm,,active
embrace-herringbone-laminate-flooring-traditional-oak-12mm,Embrace Herringbone Laminate Flooring Traditional Oak 12mm,,Factory Direct Flooring,Home & Garden > Decor > Flooring,,,TRUE,Title,Default Title,73988-9234,0,shopify,100,deny,manual,26.38,,TRUE,TRUE,,,Embrace Herringbone Laminate Flooring Traditional Oak 12mm,Embrace Herringbone Laminate Flooring Traditional Oak 12mm,,active
embrace-herringbone-laminate-flooring-cappuccino-oak-12mm,Embrace Herringbone Laminate Flooring Cappuccino Oak 12mm,,Factory Direct Flooring,Home & Garden > Decor > Flooring,,,TRUE,Title,Default Title,73990-2610,0,shopify,100,deny,manual,26.38,,TRUE,TRUE,,,Embrace Herringbone Laminate Flooring Cappuccino Oak 12mm,Embrace Herringbone Laminate Flooring Cappuccino Oak 12mm,,active
aqua-plank-ingot-grey-herringbone-click-vinyl-flooring,Aqua Plank Ingot Grey Herringbone Click Vinyl Flooring,,Factory Direct Flooring,Home & Garden > Decor > Flooring,,,TRUE,Title,Default Title,AP74004H,0,shopify,100,deny,manual,29.98,,TRUE,TRUE,,,Aqua Plank Ingot Grey Herringbone Click Vinyl Flooring,Aqua Plank Ingot Grey Herringbone Click Vinyl Flooring,,active
aqua-plank-live-oak-herringbone-click-vinyl-flooring,Aqua Plank Live Oak Herringbone Click Vinyl Flooring,,Factory Direct Flooring,Home & Garden > Decor > Flooring,,,TRUE,Title,Default Title,AP74005H,0,shopify,100,deny,manual,29.98,,TRUE,TRUE,,,Aqua Plank Live Oak Herringbone Click Vinyl Flooring,Aqua Plank Live Oak Herringbone Click Vinyl Flooring,,active
aqua-plank-shingle-oak-herringbone-click-vinyl-flooring,Aqua Plank Shingle Oak Herringbone Click Vinyl Flooring,,Factory Direct Flooring,Home & Garden > Decor > Flooring,,,TRUE,Title,Default Title,AP74006H,0,shopify,100,deny,manual,29.98,,TRUE,TRUE,,,Aqua Plank Shingle Oak Herringbone Click Vinyl Flooring,Aqua Plank Shingle Oak Herringbone Click Vinyl Flooring,,active
ecostep-vinyl-flooring-parquet-alaska-581,Ecostep Vinyl Flooring Parquet Alaska 581,,Factory Direct Flooring,Home & Garden > Decor > Flooring,,,TRUE,Title,Default Title,74030ST,0,shopify,100,deny,manual,11.51,,TRUE,TRUE,,,Ecostep Vinyl Flooring Parquet Alaska 581,Ecostep Vinyl Flooring Parquet Alaska 581,,active
ecostep-vinyl-flooring-parquet-natural-533,Ecostep Vinyl Flooring Parquet Natural 533,,Factory Direct Flooring,Home & Garden > Decor > Flooring,,,TRUE,Title,Default Title,74017ST,0,shopify,100,deny,manual,11.99,,TRUE,TRUE,,,Ecostep Vinyl Flooring Parquet Natural 533,Ecostep Vinyl Flooring Parquet Natural 533,,active
ultrafelt-vinyl-flooring-fallow-oak-236m-parquet,Ultrafelt Vinyl Flooring Fallow Oak 236M Parquet,,Factory Direct Flooring,Home & Garden > Decor > Flooring,,,TRUE,Title,Default Title,74124ST,0,shopify,100,deny,manual,17.87,,TRUE,TRUE,,,Ultrafelt Vinyl Flooring Fallow Oak 236M Parquet,Ultrafelt Vinyl Flooring Fallow Oak 236M Parquet,,active
embrace-herringbone-laminate-flooring-smoked-oak-14mm-built-in-underlay,Embrace Herringbone Laminate Flooring Smoked Oak 14mm Built-in Underlay,,Factory Direct Flooring,Home & Garden > Decor > Flooring,,,TRUE,Title,Default Title,74145H,0,shopify,100,deny,manual,29.99,,TRUE,TRUE,,,Embrace Herringbone Laminate Flooring Smoked Oak 14mm Built-in Underlay,Embrace Herringbone Laminate Flooring Smoked Oak 14mm Built-in Underlay,,active
embrace-herringbone-laminate-flooring-arctic-beige-14mm-built-in-underlay,Embrace Herringbone Laminate Flooring Arctic Beige 14mm Built-in Underlay,,Factory Direct Flooring,Home & Garden > Decor > Flooring,,,TRUE,Title,Default Title,74146H,0,shopify,100,deny,manual,29.99,,TRUE,TRUE,,,Embrace Herringbone Laminate Flooring Arctic Beige 14mm Built-in Underlay,Embrace Herringbone Laminate Flooring Arctic Beige 14mm Built-in Underlay,,active
embrace-herringbone-polar-oak-14mm-laminate-flooring-built-in-underlay,Embrace Herringbone Polar Oak 14mm Laminate Flooring Built-in Underlay,,Factory Direct Flooring,Home & Garden > Decor > Flooring,,,TRUE,Title,Default Title,74147H,0,shopify,100,deny,manual,29.99,,TRUE,TRUE,,,Embrace Herringbone Polar Oak 14mm Laminate Flooring Built-in Underlay,Embrace Herringbone Polar Oak 14mm Laminate Flooring Built-in Underlay,,active
embrace-herringbone-laminate-flooring-crystal-oak-14mm-built-in-underlay,Embrace Herringbone Laminate Flooring Crystal Oak 14mm Built-in Underlay,,Factory Direct Flooring,Home & Garden > Decor > Flooring,,,TRUE,Title,Default Title,74148H,0,shopify,100,deny,manual,29.99,,TRUE,TRUE,,,Embrace Herringbone Laminate Flooring Crystal Oak 14mm Built-in Underlay,Embrace Herringbone Laminate Flooring Crystal Oak 14mm Built-in Underlay,,active
embrace-herringbone-laminate-flooring-farmhouse-oak-14mm-built-in-underlay,Embrace Herringbone Laminate Flooring Farmhouse Oak 14mm Built-in Underlay,,Factory Direct Flooring,Home & Garden > Decor > Flooring,,,TRUE,Title,Default Title,74149H,0,shopify,100,deny,manual,29.99,,TRUE,TRUE,,,Embrace Herringbone Laminate Flooring Farmhouse Oak 14mm Built-in Underlay,Embrace Herringbone Laminate Flooring Farmhouse Oak 14mm Built-in Underlay,,active
embrace-herringbone-laminate-flooring-woodland-oak-14mm-built-in-underlay,Embrace Herringbone Laminate Flooring Woodland Oak 14mm Built-in Underlay,,Factory Direct Flooring,Home & Garden > Decor > Flooring,,,TRUE,Title,Default Title,74150H,0,shopify,100,deny,manual,29.99,,TRUE,TRUE,,,Embrace Herringbone Laminate Flooring Woodland Oak 14mm Built-in Underlay,Embrace Herringbone Laminate Flooring Woodland Oak 14mm Built-in Underlay,,active
aqua-plank-hazel-oak-herringbone-click-vinyl,Aqua Plank Hazel Oak Herringbone Click Vinyl,,Factory Direct Flooring,Home & Garden > Decor > Flooring,,,TRUE,Title,Default Title,AP74159H,0,shopify,100,deny,manual,29.98,,TRUE,TRUE,,,Aqua Plank Hazel Oak Herringbone Click Vinyl,Aqua Plank Hazel Oak Herringbone Click Vinyl,,active
ecostep-vinyl-flooring-storm-grey-991m,Ecostep Vinyl Flooring Storm Grey 991M,,Factory Direct Flooring,Home & Garden > Decor > Flooring,Vinyl Flooring,vinyl-flooring,TRUE,Title,Default Title,69491ST,0,shopify,100,deny,manual,10.79,,TRUE,TRUE,https://imagely.factory-direct-flooring.co.uk/media/catalog/product/cache/07f4e6a093cd3c305a832187014ed50b/e/c/ecostep-storm-grey-991m-vinyl-cushion-floor-lifestyle-xl-1.jpg,1,Ecostep Vinyl Flooring Storm Grey 991M,Ecostep Vinyl Flooring Storm Grey 991M,,active
ecostep-vinyl-flooring-storm-grey-991m,,,,,,,,,,,,,,,,,,,,https://imagely.factory-direct-flooring.co.uk/media/catalog/product/cache/07f4e6a093cd3c305a832187014ed50b/e/c/ecostep-storm-grey-991m-vinyl-cushion-floor-lifestyle-xl-2.jpg,2,Ecostep Vinyl Flooring Storm Grey 991M,,,
ecostep-vinyl-flooring-parquet-original-555,Ecostep Vinyl Flooring Parquet Original 555,,Factory Direct Flooring,Home & Garden > Decor > Flooring,Vinyl Flooring,vinyl-flooring,TRUE,Title,Default Title,74016ST,0,shopify,100,deny,manual,11.99,,TRUE,TRUE,https://imagely.factory-direct-flooring.co.uk/media/catalog/product/cache/07f4e6a093cd3c305a832187014ed50b/e/c/ecostep_parquet_orginal_555_vinyl_cushion_floor_1.jpg,1,Ecostep Vinyl Flooring Parquet Original 555,Ecostep Vinyl Flooring Parquet Original 555,,active
ecostep-vinyl-flooring-parquet-original-555,,,,,,,,,,,,,,,,,,,,https://imagely.factory-direct-flooring.co.uk/media/catalog/product/cache/07f4e6a093cd3c305a832187014ed50b/e/c/ecostep_parquet_orginal_555_vinyl_cushion_floor_2.jpg,2,Ecostep Vinyl Flooring Parquet Original 555,,,
ecostep-vinyl-flooring-new-evora-t94,Ecostep Vinyl Flooring New Evora T94,,Factory Direct Flooring,Home & Garden > Decor > Flooring,Vinyl Flooring,vinyl-flooring,TRUE,Title,Default Title,74179ST,0,shopify,100,deny,manual,11.99,,TRUE,TRUE,https://imagely.factory-direct-flooring.co.uk/media/catalog/product/cache/07f4e6a093cd3c305a832187014ed50b/e/c/ecostep_vinyl_flooring_new_evora_t94_.jpg,1,Ecostep Vinyl Flooring New Evora T94,Ecostep Vinyl Flooring New Evora T94,,active
ecostep-vinyl-flooring-new-evora-t94,,,,,,,,,,,,,,,,,,,,https://imagely.factory-direct-flooring.co.uk/media/catalog/product/cache/07f4e6a093cd3c305a832187014ed50b/e/c/ecostep_vinyl_flooring_new_evora_t94_2_.jpg,2,Ecostep Vinyl Flooring New Evora T94,,,
lusora-chalkstone-190l-cushion-vinyl-flooring,Lusora Chalkstone 190L Cushion Vinyl Flooring,,Factory Direct Flooring,Home & Garden > Decor > Flooring,Vinyl Flooring,vinyl-flooring,TRUE,Title,Default Title,74181ST,0,shopify,100,deny,manual,22.79,,TRUE,TRUE,https://imagely.factory-direct-flooring.co.uk/media/catalog/product/cache/07f4e6a093cd3c305a832187014ed50b/p/o/polperro_190l_room_shot_2019.jpg,1,Lusora Chalkstone 190L Cushion Vinyl Flooring,Lusora Chalkstone 190L Cushion Vinyl Flooring,,active
lusora-chalkstone-190l-cushion-vinyl-flooring,,,,,,,,,,,,,,,,,,,,https://imagely.factory-direct-flooring.co.uk/media/catalog/product/cache/07f4e6a093cd3c305a832187014ed50b/p/o/polperro_190l.jpg,2,Lusora Chalkstone 190L Cushion Vinyl Flooring,,,
lusora-pale-ash-herringbone-609m-cushion-vinyl-flooring,Lusora Pale Ash Herringbone 609M Cushion Vinyl Flooring,,Factory Direct Flooring,Home & Garden > Decor > Flooring,Vinyl Flooring,vinyl-flooring,TRUE,Title,Default Title,74182ST,0,shopify,100,deny,manual,22.79,,TRUE,TRUE,https://imagely.factory-direct-flooring.co.uk/media/catalog/product/cache/07f4e6a093cd3c305a832187014ed50b/l/e/leyton_609m_high_tex.jpg,1,Lusora Pale Ash Herringbone 609M Cushion Vinyl Flooring,Lusora Pale Ash Herringbone 609M Cushion Vinyl Flooring,,active
lusora-pale-ash-herringbone-609m-cushion-vinyl-flooring,,,,,,,,,,,,,,,,,,,,https://imagely.factory-direct-flooring.co.uk/media/catalog/product/cache/07f4e6a093cd3c305a832187014ed50b/l/e/leyton_609m.jpg,2,Lusora Pale Ash Herringbone 609M Cushion Vinyl Flooring,,,
lusora-ashen-oak-090s-cushion-vinyl-flooring,Lusora Ashen Oak 090S Cushion Vinyl Flooring,,Factory Direct Flooring,Home & Garden > Decor > Flooring,Vinyl Flooring,vinyl-flooring,TRUE,Title,Default Title,74183ST,0,shopify,100,deny,manual,22.79,,TRUE,TRUE,https://imagely.factory-direct-flooring.co.uk/media/catalog/product/cache/07f4e6a093cd3c305a832187014ed50b/w/a/warm_oak_090s.jpg,1,Lusora Ashen Oak 090S Cushion Vinyl Flooring,Lusora Ashen Oak 090S Cushion Vinyl Flooring,,active
lusora-noir-oak-909d-cushion-vinyl-flooring,Lusora Noir Oak 909D Cushion Vinyl Flooring,,Factory Direct Flooring,Home & Garden > Decor > Flooring,Vinyl Flooring,vinyl-flooring,TRUE,Title,Default Title,74184ST,0,shopify,100,deny,manual,22.79,,TRUE,TRUE,https://imagely.factory-direct-flooring.co.uk/media/catalog/product/cache/07f4e6a093cd3c305a832187014ed50b/w/a/warm_oak_909d_ambient.jpg,1,Lusora Noir Oak 909D Cushion Vinyl Flooring,Lusora Noir Oak 909D Cushion Vinyl Flooring,,active
lusora-noir-oak-909d-cushion-vinyl-flooring,,,,,,,,,,,,,,,,,,,,https://imagely.factory-direct-flooring.co.uk/media/catalog/product/cache/07f4e6a093cd3c305a832187014ed50b/w/a/warm_oak_909d.jpg,2,Lusora Noir Oak 909D Cushion Vinyl Flooring,,,
lusora-smoked-ember-oak-666d-cushion-vinyl-flooring,Lusora Smoked Ember Oak 666D Cushion Vinyl Flooring,,Factory Direct Flooring,Home & Garden > Decor > Flooring,Vinyl Flooring,vinyl-flooring,TRUE,Title,Default Title,74185ST,0,shopify,100,deny,manual,22.79,,TRUE,TRUE,https://imagely.factory-direct-flooring.co.uk/media/catalog/product/cache/07f4e6a093cd3c305a832187014ed50b/w/a/warm_oak_666d.jpg,1,Lusora Smoked Ember Oak 666D Cushion Vinyl Flooring,Lusora Smoked Ember Oak 666D Cushion Vinyl Flooring,,active
lusora-sunlit-oak-herringbone-662d-cushion-vinyl-flooring,Lusora Sunlit Oak Herringbone 662D Cushion Vinyl Flooring,,Factory Direct Flooring,Home & Garden > Decor > Flooring,Vinyl Flooring,vinyl-flooring,TRUE,Title,Default Title,74186ST,0,shopify,100,deny,manual,22.79,,TRUE,TRUE,https://imagely.factory-direct-flooring.co.uk/media/catalog/product/cache/07f4e6a093cd3c305a832187014ed50b/l/e/leyton_662d.jpg,1,Lusora Sunlit Oak Herringbone 662D Cushion Vinyl Flooring,Lusora Sunlit Oak Herringbone 662D Cushion Vinyl Flooring,,active
lusora-honeywood-oak-636d-cushion-vinyl-flooring,Lusora Honeywood Oak 636D Cushion Vinyl Flooring,,Factory Direct Flooring,Home & Garden > Decor > Flooring,Vinyl Flooring,vinyl-flooring,TRUE,Title,Default Title,74187ST,0,shopify,100,deny,manual,22.79,,TRUE,TRUE,https://imagely.factory-direct-flooring.co.uk/media/catalog/product/cache/07f4e6a093cd3c305a832187014ed50b/r/a/ramsey_636d_ambient.jpg,1,Lusora Honeywood Oak 636D Cushion Vinyl Flooring,Lusora Honeywood Oak 636D Cushion Vinyl Flooring,,active
lusora-honeywood-oak-636d-cushion-vinyl-flooring,,,,,,,,,,,,,,,,,,,,https://imagely.factory-direct-flooring.co.uk/media/catalog/product/cache/07f4e6a093cd3c305a832187014ed50b/r/a/ramsey_636d.jpg,2,Lusora Honeywood Oak 636D Cushion Vinyl Flooring,,,
lusora-softgrain-oak-130l-cushion-vinyl-flooring,Lusora Softgrain Oak 130L Cushion Vinyl Flooring,,Factory Direct Flooring,Home & Garden > Decor > Flooring,Vinyl Flooring,vinyl-flooring,TRUE,Title,Default Title,74188ST,0,shopify,100,deny,manual,22.79,,TRUE,TRUE,https://imagely.factory-direct-flooring.co.uk/media/catalog/product/cache/07f4e6a093cd3c305a832187014ed50b/p/r/prime_oak_130l_ambient_2.jpg,1,Lusora Softgrain Oak 130L Cushion Vinyl Flooring,Lusora Softgrain Oak 130L Cushion Vinyl Flooring,,active
lusora-softgrain-oak-130l-cushion-vinyl-flooring,,,,,,,,,,,,,,,,,,,,https://imagely.factory-direct-flooring.co.uk/media/catalog/product/cache/07f4e6a093cd3c305a832187014ed50b/p/r/prime_oak_130l.jpg,2,Lusora Softgrain Oak 130L Cushion Vinyl Flooring,,,
lusora-sandrift-oak-269m-cushion-vinyl-flooring,Lusora Sandrift Oak 269M Cushion Vinyl Flooring,,Factory Direct Flooring,Home & Garden > Decor > Flooring,Vinyl Flooring,vinyl-flooring,TRUE,Title,Default Title,74189ST,0,shopify,100,deny,manual,22.79,,TRUE,TRUE,https://imagely.factory-direct-flooring.co.uk/media/catalog/product/cache/07f4e6a093cd3c305a832187014ed50b/r/a/ramsey_269m_ambient.jpg,1,Lusora Sandrift Oak 269M Cushion Vinyl Flooring,Lusora Sandrift Oak 269M Cushion Vinyl Flooring,,active
lusora-sandrift-oak-269m-cushion-vinyl-flooring,,,,,,,,,,,,,,,,,,,,https://imagely.factory-direct-flooring.co.uk/media/catalog/product/cache/07f4e6a093cd3c305a832187014ed50b/r/a/ramsey_269m.jpg,2,Lusora Sandrift Oak 269M Cushion Vinyl Flooring,,,
ecostep-vinyl-flooring-rustic-oak-606m,Ecostep Vinyl Flooring Rustic Oak 606M,,Factory Direct Flooring,Home & Garden > Decor > Flooring,Vinyl Flooring,vinyl-flooring,TRUE,Title,Default Title,69496ST,0,shopify,100,deny,manual,10.79,,TRUE,TRUE,https://imagely.factory-direct-flooring.co.uk/media/catalog/product/cache/07f4e6a093cd3c305a832187014ed50b/e/c/ecostep-rustic-oak-606m-vinyl-cushion-floor-lifestyle-rs-2_2.jpg,1,Ecostep Vinyl Flooring Rustic Oak 606M,Ecostep Vinyl Flooring Rustic Oak 606M,,active
ecostep-vinyl-flooring-rustic-oak-606m,,,,,,,,,,,,,,,,,,,,https://imagely.factory-direct-flooring.co.uk/media/catalog/product/cache/07f4e6a093cd3c305a832187014ed50b/e/c/ecostep_rustic_oak_606m_vinyl_cushion_floor_swatch.jpg,2,Ecostep Vinyl Flooring Rustic Oak 606M,,,
ecostep-vinyl-flooring-darwen-990m,Ecostep Vinyl Flooring Darwen 990M,,Factory Direct Flooring,Home & Garden > Decor > Flooring,Vinyl Flooring,vinyl-flooring,TRUE,Title,Default Title,73840ST,0,shopify,100,deny,manual,10.79,,TRUE,TRUE,https://imagely.factory-direct-flooring.co.uk/media/catalog/product/cache/07f4e6a093cd3c305a832187014ed50b/e/c/ecostep-darwen-990m-vinyl-cushion-floor-lifestyle-image-1.jpg,1,Ecostep Vinyl Flooring Darwen 990M,Ecostep Vinyl Flooring Darwen 990M,,active
ecostep-vinyl-flooring-darwen-990m,,,,,,,,,,,,,,,,,,,,https://imagely.factory-direct-flooring.co.uk/media/catalog/product/cache/07f4e6a093cd3c305a832187014ed50b/e/c/ecostep-darwen-990m-vinyl-cushion-floor-lifestyle-image-2.jpg,2,Ecostep Vinyl Flooring Darwen 990M,,,
ecostep-vinyl-flooring-dark-gravel-596,Ecostep Vinyl Flooring Dark Gravel 596,,Factory Direct Flooring,Home & Garden > Decor > Flooring,Vinyl Flooring,vinyl-flooring,TRUE,Title,Default Title,74012ST,0,shopify,100,deny,manual,11.51,,TRUE,TRUE,https://imagely.factory-direct-flooring.co.uk/media/catalog/product/cache/07f4e6a093cd3c305a832187014ed50b/e/c/ecostep_dark_gravel_596_vinyl_cushion_floor_2.jpg,1,Ecostep Vinyl Flooring Dark Gravel 596,Ecostep Vinyl Flooring Dark Gravel 596,,active
ecostep-vinyl-flooring-light-gravel-592,Ecostep Vinyl Flooring Light Gravel 592,,Factory Direct Flooring,Home & Garden > Decor > Flooring,Vinyl Flooring,vinyl-flooring,TRUE,Title,Default Title,74013ST,0,shopify,100,deny,manual,11.51,,TRUE,TRUE,https://imagely.factory-direct-flooring.co.uk/media/catalog/product/cache/07f4e6a093cd3c305a832187014ed50b/e/c/ecostep_light_gravel_592_vinyl_cushion_floor_2.jpg,1,Ecostep Vinyl Flooring Light Gravel 592,Ecostep Vinyl Flooring Light Gravel 592,,active
ecostep-vinyl-flooring-light-gravel-592,,,,,,,,,,,,,,,,,,,,https://imagely.factory-direct-flooring.co.uk/media/catalog/product/cache/07f4e6a093cd3c305a832187014ed50b/e/c/ecostep_light_gravel_592_vinyl_cushion_floor_1.jpg,2,Ecostep Vinyl Flooring Light Gravel 592,,,
ecostep-vinyl-flooring-parquet-honey-536,Ecostep Vinyl Flooring Parquet Honey 536,,Factory Direct Flooring,Home & Garden > Decor > Flooring,Vinyl Flooring,vinyl-flooring,TRUE,Title,Default Title,74015ST,0,shopify,100,deny,manual,11.99,,TRUE,TRUE,https://imagely.factory-direct-flooring.co.uk/media/catalog/product/cache/07f4e6a093cd3c305a832187014ed50b/e/c/ecostep_parquet_honey_536_vinyl_cushion_floor_1.jpg,1,Ecostep Vinyl Flooring Parquet Honey 536,Ecostep Vinyl Flooring Parquet Honey 536,,active
ecostep-vinyl-flooring-parquet-honey-536,,,,,,,,,,,,,,,,,,,,https://imagely.factory-direct-flooring.co.uk/media/catalog/product/cache/07f4e6a093cd3c305a832187014ed50b/e/c/ecostep_parquet_honey_536_vinyl_cushion_floor_2.jpg,2,Ecostep Vinyl Flooring Parquet Honey 536,,,
ecostep-vinyl-flooring-parquet-sintra-583,Ecostep Vinyl Flooring Parquet Sintra 583,,Factory Direct Flooring,Home & Garden > Decor > Flooring,Vinyl Flooring,vinyl-flooring,TRUE,Title,Default Title,74018ST,0,shopify,100,deny,manual,11.51,,TRUE,TRUE,https://imagely.factory-direct-flooring.co.uk/media/catalog/product/cache/07f4e6a093cd3c305a832187014ed50b/e/c/ecostep_parquet_sintra_583_vinyl_cushion_floor_1.jpg,1,Ecostep Vinyl Flooring Parquet Sintra 583,Ecostep Vinyl Flooring Parquet Sintra 583,,active
ecostep-vinyl-flooring-parquet-sintra-583,,,,,,,,,,,,,,,,,,,,https://imagely.factory-direct-flooring.co.uk/media/catalog/product/cache/07f4e6a093cd3c305a832187014ed50b/e/c/ecostep_parquet_sintra_583_vinyl_cushion_floor_3.jpg,2,Ecostep Vinyl Flooring Parquet Sintra 583,,,
ecostep-vinyl-flooring-chic-noblesse-92,Ecostep Vinyl Flooring Chic Noblesse 92,,Factory Direct Flooring,Home & Garden > Decor > Flooring,Vinyl Flooring,vinyl-flooring,TRUE,Title,Default Title,74019ST,0,shopify,100,deny,manual,11.51,,TRUE,TRUE,https://imagely.factory-direct-flooring.co.uk/media/catalog/product/cache/07f4e6a093cd3c305a832187014ed50b/e/c/ecostep_chic_noblesse_92_vinyl_cushion_floor_1.jpg,1,Ecostep Vinyl Flooring Chic Noblesse 92,Ecostep Vinyl Flooring Chic Noblesse 92,,active
ecostep-vinyl-flooring-chic-noblesse-92,,,,,,,,,,,,,,,,,,,,https://imagely.factory-direct-flooring.co.uk/media/catalog/product/cache/07f4e6a093cd3c305a832187014ed50b/e/c/ecostep_chic_noblesse_92_vinyl_cushion_floor_3_1.jpg,2,Ecostep Vinyl Flooring Chic Noblesse 92,,,
safety-flooring-plus-earth-brown-2014,Safety Flooring Plus Earth Brown 2014,,Factory Direct Flooring,Home & Garden > Decor > Flooring,,,TRUE,Title,Default Title,31386,0,shopify,100,deny,manual,29.18,,TRUE,TRUE,,,Safety Flooring Plus Earth Brown 2014,Safety Flooring Plus Earth Brown 2014,,active
safety-flooring-plus-black-2010,Safety Flooring Plus Black 2010,,Factory Direct Flooring,Home & Garden > Decor > Flooring,,,TRUE,Title,Default Title,31395,0,shopify,100,deny,manual,29.18,,TRUE,TRUE,,,Safety Flooring Plus Black 2010,Safety Flooring Plus Black 2010,,active
safety-flooring-plus-blood-red-2012,Safety Flooring Plus Blood Red 2012,,Factory Direct Flooring,Home & Garden > Decor > Flooring,,,TRUE,Title,Default Title,31347,0,shopify,100,deny,manual,29.18,,TRUE,TRUE,,,Safety Flooring Plus Blood Red 2012,Safety Flooring Plus Blood Red 2012,,active
polysafe-standard-elmwood-heavy-duty-safety-flooring,Polysafe Standard Elmwood Heavy Duty Safety Flooring,,Factory Direct Flooring,Home & Garden > Decor > Flooring,,,TRUE,Title,Default Title,31363,0,shopify,100,deny,manual,34.54,,TRUE,TRUE,,,Polysafe Standard Elmwood Heavy Duty Safety Flooring,Polysafe Standard Elmwood Heavy Duty Safety Flooring,,active
polysafe-standard-ash-grey-heavy-duty-safety-flooring,Polysafe Standard Ash Grey Heavy Duty Safety Flooring,,Factory Direct Flooring,Home & Garden > Decor > Flooring,,,TRUE,Title,Default Title,31369,0,shopify,100,deny,manual,34.54,,TRUE,TRUE,,,Polysafe Standard Ash Grey Heavy Duty Safety Flooring,Polysafe Standard Ash Grey Heavy Duty Safety Flooring,,active
polysafe-standard-cool-aqua-heavy-duty-safety-flooring,Polysafe Standard Cool Aqua Heavy Duty Safety Flooring,,Factory Direct Flooring,Home & Garden > Decor > Flooring,,,TRUE,Title,Default Title,31370,0,shopify,100,deny,manual,34.54,,TRUE,TRUE,,,Polysafe Standard Cool Aqua Heavy Duty Safety Flooring,Polysafe Standard Cool Aqua Heavy Duty Safety Flooring,,active
polysafe-standard-storm-blue-heavy-duty-safety-flooring,Polysafe Standard Storm Blue Heavy Duty Safety Flooring,,Factory Direct Flooring,Home & Garden > Decor > Flooring,,,TRUE,Title,Default Title,31371,0,shopify,100,deny,manual,34.54,,TRUE,TRUE,,,Polysafe Standard Storm Blue Heavy Duty Safety Flooring,Polysafe Standard Storm Blue Heavy Duty Safety Flooring,,active
polysafe-standard-autumn-beige-heavy-duty-safety-flooring,Polysafe Standard Autumn Beige Heavy Duty Safety Flooring,,Factory Direct Flooring,Home & Garden > Decor > Flooring,,,TRUE,Title,Default Title,31372,0,shopify,100,deny,manual,34.54,,TRUE,TRUE,,,Polysafe Standard Autumn Beige Heavy Duty Safety Flooring,Polysafe Standard Autumn Beige Heavy Duty Safety Flooring,,active
polysafe-standard-silver-birch-heavy-duty-safety-flooring,Polysafe Standard Silver Birch Heavy Duty Safety Flooring,,Factory Direct Flooring,Home & Garden > Decor > Flooring,,,TRUE,Title,Default Title,31373,0,shopify,100,deny,manual,34.54,,TRUE,TRUE,,,Polysafe Standard Silver Birch Heavy Duty Safety Flooring,Polysafe Standard Silver Birch Heavy Duty Safety Flooring,,active
polysafe-standard-cedar-blue-heavy-duty-safety-flooring,Polysafe Standard Cedar Blue Heavy Duty Safety Flooring,,Factory Direct Flooring,Home & Garden > Decor > Flooring,,,TRUE,Title,Default Title,31374,0,shopify,100,deny,manual,34.54,,TRUE,TRUE,,,Polysafe Standard Cedar Blue Heavy Duty Safety Flooring,Polysafe Standard Cedar Blue Heavy Duty Safety Flooring,,active
polysafe-standard-alpine-green-heavy-duty-safety-flooring,Polysafe Standard Alpine Green Heavy Duty Safety Flooring,,Factory Direct Flooring,Home & Garden > Decor > Flooring,,,TRUE,Title,Default Title,31377,0,shopify,100,deny,manual,34.54,,TRUE,TRUE,,,Polysafe Standard Alpine Green Heavy Duty Safety Flooring,Polysafe Standard Alpine Green Heavy Duty Safety Flooring,,active
polysafe-standard-arctic-blue-heavy-duty-safety-flooring,Polysafe Standard Arctic Blue Heavy Duty Safety Flooring,,Factory Direct Flooring,Home & Garden > Decor > Flooring,,,TRUE,Title,Default Title,31378,0,shopify,100,deny,manual,34.54,,TRUE,TRUE,,,Polysafe Standard Arctic Blue Heavy Duty Safety Flooring,Polysafe Standard Arctic Blue Heavy Duty Safety Flooring,,active
polysafe-standard-redwood-heavy-duty-safety-flooring,Polysafe Standard Redwood Heavy Duty Safety Flooring,,Factory Direct Flooring,Home & Garden > Decor > Flooring,,,TRUE,Title,Default Title,31381,0,shopify,100,deny,manual,34.54,,TRUE,TRUE,,,Polysafe Standard Redwood Heavy Duty Safety Flooring,Polysafe Standard Redwood Heavy Duty Safety Flooring,,active
polysafe-standard-twilight-heavy-duty-safety-flooring,Polysafe Standard Twilight Heavy Duty Safety Flooring,,Factory Direct Flooring,Home & Garden > Decor > Flooring,,,TRUE,Title,Default Title,31382,0,shopify,100,deny,manual,34.54,,TRUE,TRUE,,,Polysafe Standard Twilight Heavy Duty Safety Flooring,Polysafe Standard Twilight Heavy Duty Safety Flooring,,active
polysafe-standard-black-walnut-heavy-duty-safety-flooring,Polysafe Standard Black Walnut Heavy Duty Safety Flooring,,Factory Direct Flooring,Home & Garden > Decor > Flooring,,,TRUE,Title,Default Title,31383,0,shopify,100,deny,manual,34.54,,TRUE,TRUE,,,Polysafe Standard Black Walnut Heavy Duty Safety Flooring,Polysafe Standard Black Walnut Heavy Duty Safety Flooring,,active
safety-flooring-plus-light-beige-2001,Safety Flooring Plus Light Beige 2001,,Factory Direct Flooring,Home & Garden > Decor > Flooring,,,TRUE,Title,Default Title,31384,0,shopify,100,deny,manual,29.18,,TRUE,TRUE,,,Safety Flooring Plus Light Beige 2001,Safety Flooring Plus Light Beige 2001,,active
safety-flooring-plus-light-grey-2004,Safety Flooring Plus Light Grey 2004,,Factory Direct Flooring,Home & Garden > Decor > Flooring,,,TRUE,Title,Default Title,31387,0,shopify,100,deny,manual,29.18,,TRUE,TRUE,,,Safety Flooring Plus Light Grey 2004,Safety Flooring Plus Light Grey 2004,,active
safety-flooring-plus-dusky-blue-2005,Safety Flooring Plus Dusky Blue 2005,,Factory Direct Flooring,Home & Garden > Decor > Flooring,,,TRUE,Title,Default Title,31388,0,shopify,100,deny,manual,29.18,,TRUE,TRUE,,,Safety Flooring Plus Dusky Blue 2005,Safety Flooring Plus Dusky Blue 2005,,active
safety-flooring-plus-slate-grey-2006,Safety Flooring Plus Slate Grey 2006,,Factory Direct Flooring,Home & Garden > Decor > Flooring,,,TRUE,Title,Default Title,31389,0,shopify,100,deny,manual,29.18,,TRUE,TRUE,,,Safety Flooring Plus Slate Grey 2006,Safety Flooring Plus Slate Grey 2006,,active
safety-flooring-plus-nearly-black-2009,Safety Flooring Plus Nearly Black 2009,,Factory Direct Flooring,Home & Garden > Decor > Flooring,,,TRUE,Title,Default Title,31394,0,shopify,100,deny,manual,29.18,,TRUE,TRUE,,,Safety Flooring Plus Nearly Black 2009,Safety Flooring Plus Nearly Black 2009,,active
polysafe-standard-nordic-grey-heavy-duty-safety-flooring,Polysafe Standard Nordic Grey Heavy Duty Safety Flooring,,Factory Direct Flooring,Home & Garden > Decor > Flooring,,,TRUE,Title,Default Title,31379,0,shopify,100,deny,manual,34.54,,TRUE,TRUE,,,Polysafe Standard Nordic Grey Heavy Duty Safety Flooring,Polysafe Standard Nordic Grey Heavy Duty Safety Flooring,,active
contract-safe-vinyl-flooring-grey-690d-2mtr-wide,Contract Safe Vinyl Flooring Grey 690D 2mtr Wide,,Factory Direct Flooring,Home & Garden > Decor > Flooring,,,TRUE,Title,Default Title,65812ST,0,shopify,100,deny,manual,19.07,,TRUE,TRUE,,,Contract Safe Vinyl Flooring Grey 690D 2mtr Wide,Contract Safe Vinyl Flooring Grey 690D 2mtr Wide,,active
contract-safe-vinyl-flooring-medium-grey-970m-2mtr-wide,Contract Safe Vinyl Flooring Medium Grey 970M 2mtr Wide,,Factory Direct Flooring,Home & Garden > Decor > Flooring,,,TRUE,Title,Default Title,65813ST,0,shopify,100,deny,manual,19.07,,TRUE,TRUE,,,Contract Safe Vinyl Flooring Medium Grey 970M 2mtr Wide,Contract Safe Vinyl Flooring Medium Grey 970M 2mtr Wide,,active
contract-safe-vinyl-flooring-storm-grey-109s-2mtr-wide,Contract Safe Vinyl Flooring Storm Grey 109S 2mtr Wide,,Factory Direct Flooring,Home & Garden > Decor > Flooring,,,TRUE,Title,Default Title,65934ST,0,shopify,100,deny,manual,19.07,,TRUE,TRUE,,,Contract Safe Vinyl Flooring Storm Grey 109S 2mtr Wide,Contract Safe Vinyl Flooring Storm Grey 109S 2mtr Wide,,active
plain-colours-solid-white-000s-vinyl-flooring,Plain Colours Solid White 000S Vinyl Flooring,,Factory Direct Flooring,Home & Garden > Decor > Flooring,,,TRUE,Title,Default Title,67426ST,0,shopify,100,deny,manual,11.51,,TRUE,TRUE,,,Plain Colours Solid White 000S Vinyl Flooring,Plain Colours Solid White 000S Vinyl Flooring,,active
plain-colours-solid-grey-910m-vinyl-flooring,Plain Colours Solid Grey 910M Vinyl Flooring,,Factory Direct Flooring,Home & Garden > Decor > Flooring,,,TRUE,Title,Default Title,67429ST,0,shopify,100,deny,manual,11.51,,TRUE,TRUE,,,Plain Colours Solid Grey 910M Vinyl Flooring,Plain Colours Solid Grey 910M Vinyl Flooring,,active
ultrafelt-vinyl-flooring-light-oak-plank,Ultrafelt Vinyl Flooring Light Oak Plank,,Factory Direct Flooring,Home & Garden > Decor > Flooring,,,TRUE,Title,Default Title,67889ST,0,shopify,100,deny,manual,17.87,,TRUE,TRUE,,,Ultrafelt Vinyl Flooring Light Oak Plank,Ultrafelt Vinyl Flooring Light Oak Plank,,active
ultrafelt-vinyl-flooring-smoked-oak-plank,Ultrafelt Vinyl Flooring Smoked Oak Plank,,Factory Direct Flooring,Home & Garden > Decor > Flooring,,,TRUE,Title,Default Title,67890ST,0,shopify,100,deny,manual,17.87,,TRUE,TRUE,,,Ultrafelt Vinyl Flooring Smoked Oak Plank,Ultrafelt Vinyl Flooring Smoked Oak Plank,,active
ultrafelt-vinyl-flooring-steel-grey-oak,Ultrafelt Vinyl Flooring Steel Grey Oak,,Factory Direct Flooring,Home & Garden > Decor > Flooring,,,TRUE,Title,Default Title,67891ST,0,shopify,100,deny,manual,17.87,,TRUE,TRUE,,,Ultrafelt Vinyl Flooring Steel Grey Oak,Ultrafelt Vinyl Flooring Steel Grey Oak,,active
ultrafelt-vinyl-flooring-aged-parquet-oak,Ultrafelt Vinyl Flooring Aged Parquet Oak,,Factory Direct Flooring,Home & Garden > Decor > Flooring,,,TRUE,Title,Default Title,67894ST,0,shopify,100,deny,manual,17.87,,TRUE,TRUE,,,Ultrafelt Vinyl Flooring Aged Parquet Oak,Ultrafelt Vinyl Flooring Aged Parquet Oak,,active
plain-colours-solid-black-999e-vinyl-flooring,Plain Colours Solid Black 999E Vinyl Flooring,,Factory Direct Flooring,Home & Garden > Decor > Flooring,,,TRUE,Title,Default Title,68135ST,0,shopify,100,deny,manual,11.51,,TRUE,TRUE,,,Plain Colours Solid Black 999E Vinyl Flooring,Plain Colours Solid Black 999E Vinyl Flooring,,active
plain-colours-solid-dark-grey-919d-vinyl-flooring,Plain Colours Solid Dark Grey 919D Vinyl Flooring,,Factory Direct Flooring,Home & Garden > Decor > Flooring,,,TRUE,Title,Default Title,68196ST,0,shopify,100,deny,manual,11.51,,TRUE,TRUE,,,Plain Colours Solid Dark Grey 919D Vinyl Flooring,Plain Colours Solid Dark Grey 919D Vinyl Flooring,,active
ecostep-vinyl-flooring-black-white-019d,Ecostep Vinyl Flooring Black White 019D,,Factory Direct Flooring,Home & Garden > Decor > Flooring,,,TRUE,Title,Default Title,69295ST,0,shopify,100,deny,manual,10.79,,TRUE,TRUE,,,Ecostep Vinyl Flooring Black White 019D,Ecostep Vinyl Flooring Black White 019D,,active
ecostep-vinyl-flooring-golden-oak-006m,Ecostep Vinyl Flooring Golden Oak 006M,,Factory Direct Flooring,Home & Garden > Decor > Flooring,,,TRUE,Title,Default Title,69489ST,0,shopify,100,deny,manual,10.79,,TRUE,TRUE,,,Ecostep Vinyl Flooring Golden Oak 006M,Ecostep Vinyl Flooring Golden Oak 006M,,active
ecostep-vinyl-flooring-grey-chic-977m,Ecostep Vinyl Flooring Grey Chic 977M,,Factory Direct Flooring,Home & Garden > Decor > Flooring,,,TRUE,Title,Default Title,69490ST,0,shopify,100,deny,manual,10.79,,TRUE,TRUE,,,Ecostep Vinyl Flooring Grey Chic 977M,Ecostep Vinyl Flooring Grey Chic 977M,,active
ecostep-vinyl-flooring-urban-slate-909e,Ecostep Vinyl Flooring Urban Slate 909E,,Factory Direct Flooring,Home & Garden > Decor > Flooring,,,TRUE,Title,Default Title,69492ST,0,shopify,100,deny,manual,10.79,,TRUE,TRUE,,,Ecostep Vinyl Flooring Urban Slate 909E,Ecostep Vinyl Flooring Urban Slate 909E,,active
ecostep-vinyl-flooring-mist-white-009s,Ecostep Vinyl Flooring Mist White 009S,,Factory Direct Flooring,Home & Garden > Decor > Flooring,,,TRUE,Title,Default Title,69493ST,0,shopify,100,deny,manual,10.79,,TRUE,TRUE,,,Ecostep Vinyl Flooring Mist White 009S,Ecostep Vinyl Flooring Mist White 009S,,active
ecostep-vinyl-flooring-lime-oak-949m,Ecostep Vinyl Flooring Lime Oak 949M,,Factory Direct Flooring,Home & Garden > Decor > Flooring,,,TRUE,Title,Default Title,69494ST,0,shopify,100,deny,manual,10.79,,TRUE,TRUE,,,Ecostep Vinyl Flooring Lime Oak 949M,Ecostep Vinyl Flooring Lime Oak 949M,,active
ecostep-vinyl-flooring-oak-havanna-613m,Ecostep Vinyl Flooring Oak Havanna 613M,,Factory Direct Flooring,Home & Garden > Decor > Flooring,,,TRUE,Title,Default Title,69495ST,0,shopify,100,deny,manual,10.79,,TRUE,TRUE,,,Ecostep Vinyl Flooring Oak Havanna 613M,Ecostep Vinyl Flooring Oak Havanna 613M,,active
texstep-real-oak-621l-felt-back,Texstep Real Oak 621L Felt Back,,Factory Direct Flooring,Home & Garden > Decor > Flooring,,,TRUE,Title,Default Title,69500ST,0,shopify,100,deny,manual,14.03,,TRUE,TRUE,,,Texstep Real Oak 621L Felt Back,Texstep Real Oak 621L Felt Back,,active
texstep-pure-grey-960m-felt-back,Texstep Pure Grey 960M Felt Back,,Factory Direct Flooring,Home & Garden > Decor > Flooring,,,TRUE,Title,Default Title,69506ST,0,shopify,100,deny,manual,14.03,,TRUE,TRUE,,,Texstep Pure Grey 960M Felt Back,Texstep Pure Grey 960M Felt Back,,active
texstep-cloud-oak-019s-felt-back,Texstep Cloud Oak 019S Felt Back,,Factory Direct Flooring,Home & Garden > Decor > Flooring,,,TRUE,Title,Default Title,69507ST,0,shopify,100,deny,manual,14.03,,TRUE,TRUE,,,Texstep Cloud Oak 019S Felt Back,Texstep Cloud Oak 019S Felt Back,,active
texstep-white-haze-010l-felt-back,Texstep White Haze 010L Felt Back,,Factory Direct Flooring,Home & Garden > Decor > Flooring,,,TRUE,Title,Default Title,69510ST,0,shopify,100,deny,manual,14.03,,TRUE,TRUE,,,Texstep White Haze 010L Felt Back,Texstep White Haze 010L Felt Back,,active
texstep-concrete-dark-996d-felt-back,Texstep Concrete Dark 996D Felt Back,,Factory Direct Flooring,Home & Garden > Decor > Flooring,,,TRUE,Title,Default Title,69512ST,0,shopify,100,deny,manual,14.03,,TRUE,TRUE,,,Texstep Concrete Dark 996D Felt Back,Texstep Concrete Dark 996D Felt Back,,active
texstep-concrete-light-979m-felt-back,Texstep Concrete Light 979M Felt Back,,Factory Direct Flooring,Home & Garden > Decor > Flooring,,,TRUE,Title,Default Title,69513ST,0,shopify,100,deny,manual,14.03,,TRUE,TRUE,,,Texstep Concrete Light 979M Felt Back,Texstep Concrete Light 979M Felt Back,,active
texstep-linen-mist-101s-felt-back,Texstep Linen Mist 101S Felt Back,,Factory Direct Flooring,Home & Garden > Decor > Flooring,,,TRUE,Title,Default Title,69514ST,0,shopify,100,deny,manual,14.03,,TRUE,TRUE,,,Texstep Linen Mist 101S Felt Back,Texstep Linen Mist 101S Felt Back,,active
smartstep-vinyl-flooring-felt-helsinki-536,Smartstep Vinyl Flooring Felt Helsinki 536,,Factory Direct Flooring,Home & Garden > Decor > Flooring,,,TRUE,Title,Default Title,72229ST,0,shopify,100,deny,manual,14.03,,TRUE,TRUE,,,Smartstep Vinyl Flooring Felt Helsinki 536,Smartstep Vinyl Flooring Felt Helsinki 536,,active
smartstep-vinyl-flooring-felt-helsinki-592,Smartstep Vinyl Flooring Felt Helsinki 592,,Factory Direct Flooring,Home & Garden > Decor > Flooring,,,TRUE,Title,Default Title,72230ST,0,shopify,100,deny,manual,14.03,,TRUE,TRUE,,,Smartstep Vinyl Flooring Felt Helsinki 592,Smartstep Vinyl Flooring Felt Helsinki 592,,active
smartstep-vinyl-flooring-felt-nimes-592,Smartstep Vinyl Flooring Felt Nimes 592,,Factory Direct Flooring,Home & Garden > Decor > Flooring,,,TRUE,Title,Default Title,72232ST,0,shopify,100,deny,manual,14.03,,TRUE,TRUE,,,Smartstep Vinyl Flooring Felt Nimes 592,Smartstep Vinyl Flooring Felt Nimes 592,,active
polysafe-standard-wild-mushroom-heavy-duty-safety-flooring,Polysafe Standard Wild Mushroom Heavy Duty Safety Flooring,,Factory Direct Flooring,Home & Garden > Decor > Flooring,,,TRUE,Title,Default Title,73631,0,shopify,100,deny,manual,34.54,,TRUE,TRUE,,,Polysafe Standard Wild Mushroom Heavy Duty Safety Flooring,Polysafe Standard Wild Mushroom Heavy Duty Safety Flooring,,active
polysafe-standard-taupe-heavy-duty-safety-flooring,Polysafe Standard Taupe Heavy Duty Safety Flooring,,Factory Direct Flooring,Home & Garden > Decor > Flooring,,,TRUE,Title,Default Title,73632,0,shopify,100,deny,manual,34.54,,TRUE,TRUE,,,Polysafe Standard Taupe Heavy Duty Safety Flooring,Polysafe Standard Taupe Heavy Duty Safety Flooring,,active
ecostep-vinyl-flooring-staple-oak-646e,Ecostep Vinyl Flooring Staple Oak 646E,,Factory Direct Flooring,Home & Garden > Decor > Flooring,,,TRUE,Title,Default Title,73833ST,0,shopify,100,deny,manual,10.79,,TRUE,TRUE,,,Ecostep Vinyl Flooring Staple Oak 646E,Ecostep Vinyl Flooring Staple Oak 646E,,active
ecostep-vinyl-flooring-akoke-901l,Ecostep Vinyl Flooring Akoke 901L,,Factory Direct Flooring,Home & Garden > Decor > Flooring,,,TRUE,Title,Default Title,73836ST,0,shopify,100,deny,manual,10.79,,TRUE,TRUE,,,Ecostep Vinyl Flooring Akoke 901L,Ecostep Vinyl Flooring Akoke 901L,,active
eprosafe-s34-silk-oak-commercial-vinyl,Eprosafe S34 Silk Oak Commercial Vinyl,,Factory Direct Flooring,Home & Garden > Decor > Flooring,,,TRUE,Title,Default Title,73920ST,0,shopify,100,deny,manual,20.39,,TRUE,TRUE,,,Eprosafe S34 Silk Oak Commercial Vinyl,Eprosafe S34 Silk Oak Commercial Vinyl,,active
eprosafe-s91-plank-grey-commercial-vinyl,Eprosafe S91 Plank Grey Commercial Vinyl,,Factory Direct Flooring,Home & Garden > Decor > Flooring,,,TRUE,Title,Default Title,73921ST,0,shopify,100,deny,manual,20.39,,TRUE,TRUE,,,Eprosafe S91 Plank Grey Commercial Vinyl,Eprosafe S91 Plank Grey Commercial Vinyl,,active
eprosafe-s50-oak-commercial-vinyl,Eprosafe S50 Oak Commercial Vinyl,,Factory Direct Flooring,Home & Garden > Decor > Flooring,,,TRUE,Title,Default Title,73922ST,0,shopify,100,deny,manual,20.39,,TRUE,TRUE,,,Eprosafe S50 Oak Commercial Vinyl,Eprosafe S50 Oak Commercial Vinyl,,active
eprosafe-s95-concrete-dark-commercial-vinyl,Eprosafe S95 Concrete Dark Commercial Vinyl,,Factory Direct Flooring,Home & Garden > Decor > Flooring,,,TRUE,Title,Default Title,73923ST,0,shopify,100,deny,manual,20.39,,TRUE,TRUE,,,Eprosafe S95 Concrete Dark Commercial Vinyl,Eprosafe S95 Concrete Dark Commercial Vinyl,,active
eprosafe-s94-concrete-light-commercial-vinyl,Eprosafe S94 Concrete Light Commercial Vinyl,,Factory Direct Flooring,Home & Garden > Decor > Flooring,,,TRUE,Title,Default Title,73924ST,0,shopify,100,deny,manual,20.39,,TRUE,TRUE,,,Eprosafe S94 Concrete Light Commercial Vinyl,Eprosafe S94 Concrete Light Commercial Vinyl,,active
eprosafe-s31-earth-stone-commercial-vinyl,Eprosafe S31 Earth Stone Commercial Vinyl,,Factory Direct Flooring,Home & Garden > Decor > Flooring,,,TRUE,Title,Default Title,73925ST,0,shopify,100,deny,manual,20.39,,TRUE,TRUE,,,Eprosafe S31 Earth Stone Commercial Vinyl,Eprosafe S31 Earth Stone Commercial Vinyl,,active
eprosafe-s91-white-stone-commercial-vinyl,Eprosafe S91 White Stone Commercial Vinyl,,Factory Direct Flooring,Home & Garden > Decor > Flooring,,,TRUE,Title,Default Title,73926ST,0,shopify,100,deny,manual,20.39,,TRUE,TRUE,,,Eprosafe S91 White Stone Commercial Vinyl,Eprosafe S91 White Stone Commercial Vinyl,,active
eprosafe-s97-dark-stone-commercial-vinyl,Eprosafe S97 Dark Stone Commercial Vinyl,,Factory Direct Flooring,Home & Garden > Decor > Flooring,,,TRUE,Title,Default Title,73927ST,0,shopify,100,deny,manual,20.39,,TRUE,TRUE,,,Eprosafe S97 Dark Stone Commercial Vinyl,Eprosafe S97 Dark Stone Commercial Vinyl,,active
eprosafe-s73-blue-stone-commercial-vinyl,Eprosafe S73 Blue Stone Commercial Vinyl,,Factory Direct Flooring,Home & Garden > Decor > Flooring,,,TRUE,Title,Default Title,73928ST,0,shopify,100,deny,manual,20.39,,TRUE,TRUE,,,Eprosafe S73 Blue Stone Commercial Vinyl,Eprosafe S73 Blue Stone Commercial Vinyl,,active
eprosafe-s93-grey-stone-commercial-vinyl,Eprosafe S93 Grey Stone Commercial Vinyl,,Factory Direct Flooring,Home & Garden > Decor > Flooring,,,TRUE,Title,Default Title,73929ST,0,shopify,100,deny,manual,20.39,,TRUE,TRUE,,,Eprosafe S93 Grey Stone Commercial Vinyl,Eprosafe S93 Grey Stone Commercial Vinyl,,active
eprosafe-s41-rustic-oak-commercial-vinyl,Eprosafe S41 Rustic Oak Commercial Vinyl,,Factory Direct Flooring,Home & Garden > Decor > Flooring,,,TRUE,Title,Default Title,73930ST,0,shopify,100,deny,manual,20.39,,TRUE,TRUE,,,Eprosafe S41 Rustic Oak Commercial Vinyl,Eprosafe S41 Rustic Oak Commercial Vinyl,,active
ultrafelt-vinyl-flooring-concrete-grey-911m,Ultrafelt Vinyl Flooring Concrete Grey 911M,,Factory Direct Flooring,Home & Garden > Decor > Flooring,,,TRUE,Title,Default Title,73973ST,0,shopify,100,deny,manual,17.87,,TRUE,TRUE,,,Ultrafelt Vinyl Flooring Concrete Grey 911M,Ultrafelt Vinyl Flooring Concrete Grey 911M,,active
ultrafelt-vinyl-flooring-dark-concrete-969d,Ultrafelt Vinyl Flooring Dark Concrete 969D,,Factory Direct Flooring,Home & Garden > Decor > Flooring,,,TRUE,Title,Default Title,73976ST,0,shopify,100,deny,manual,17.87,,TRUE,TRUE,,,Ultrafelt Vinyl Flooring Dark Concrete 969D,Ultrafelt Vinyl Flooring Dark Concrete 969D,,active
ecostep-vinyl-flooring-marble-s06,Ecostep Vinyl Flooring Marble S06,,Factory Direct Flooring,Home & Garden > Decor > Flooring,,,TRUE,Title,Default Title,74011ST,0,shopify,100,deny,manual,11.51,,TRUE,TRUE,,,Ecostep Vinyl Flooring Marble S06,Ecostep Vinyl Flooring Marble S06,,active
ecostep-vinyl-flooring-stones-s05,Ecostep Vinyl Flooring Stones S05,,Factory Direct Flooring,Home & Garden > Decor > Flooring,,,TRUE,Title,Default Title,74014ST,0,shopify,100,deny,manual,11.51,,TRUE,TRUE,,,Ecostep Vinyl Flooring Stones S05,Ecostep Vinyl Flooring Stones S05,,active
ecostep-vinyl-flooring-new-alba-793,Ecostep Vinyl Flooring New Alba 793,,Factory Direct Flooring,Home & Garden > Decor > Flooring,,,TRUE,Title,Default Title,74029ST,0,shopify,100,deny,manual,11.51,,TRUE,TRUE,,,Ecostep Vinyl Flooring New Alba 793,Ecostep Vinyl Flooring New Alba 793,,active
ecostep-vinyl-flooring-barcelona-579,Ecostep Vinyl Flooring Barcelona 579,,Factory Direct Flooring,Home & Garden > Decor > Flooring,,,TRUE,Title,Default Title,74031ST,0,shopify,100,deny,manual,11.51,,TRUE,TRUE,,,Ecostep Vinyl Flooring Barcelona 579,Ecostep Vinyl Flooring Barcelona 579,,active
ecostep-vinyl-flooring-new-evora-594,Ecostep Vinyl Flooring New Evora 594,,Factory Direct Flooring,Home & Garden > Decor > Flooring,,,TRUE,Title,Default Title,74032ST,0,shopify,100,deny,manual,11.99,,TRUE,TRUE,,,Ecostep Vinyl Flooring New Evora 594,Ecostep Vinyl Flooring New Evora 594,,active
ultrafelt-vinyl-flooring-battleship-grey-119m-parquet,Ultrafelt Vinyl Flooring Battleship Grey 119M Parquet,,Factory Direct Flooring,Home & Garden > Decor > Flooring,,,TRUE,Title,Default Title,74120ST,0,shopify,100,deny,manual,17.87,,TRUE,TRUE,,,Ultrafelt Vinyl Flooring Battleship Grey 119M Parquet,Ultrafelt Vinyl Flooring Battleship Grey 119M Parquet,,active
ultrafelt-vinyl-flooring-seasalt-grey-090s,Ultrafelt Vinyl Flooring Seasalt Grey 090S,,Factory Direct Flooring,Home & Garden > Decor > Flooring,,,TRUE,Title,Default Title,74121ST,0,shopify,100,deny,manual,17.87,,TRUE,TRUE,,,Ultrafelt Vinyl Flooring Seasalt Grey 090S,Ultrafelt Vinyl Flooring Seasalt Grey 090S,,active
ultrafelt-vinyl-flooring-ochre-oak-629l,Ultrafelt Vinyl Flooring Ochre Oak 629L,,Factory Direct Flooring,Home & Garden > Decor > Flooring,,,TRUE,Title,Default Title,74122ST,0,shopify,100,deny,manual,17.87,,TRUE,TRUE,,,Ultrafelt Vinyl Flooring Ochre Oak 629L,Ultrafelt Vinyl Flooring Ochre Oak 629L,,active
cosystep-vinyl-flooring-cadet-grey-096l,Cosystep Vinyl Flooring Cadet Grey 096L,,Factory Direct Flooring,Home & Garden > Decor > Flooring,,,TRUE,Title,Default Title,74127ST,0,shopify,100,deny,manual,15.35,,TRUE,TRUE,,,Cosystep Vinyl Flooring Cadet Grey 096L,Cosystep Vinyl Flooring Cadet Grey 096L,,active
cosystep-vinyl-flooring-onyx-grey-790m,Cosystep Vinyl Flooring Onyx Grey 790M,,Factory Direct Flooring,Home & Garden > Decor > Flooring,,,TRUE,Title,Default Title,74128ST,0,shopify,100,deny,manual,15.35,,TRUE,TRUE,,,Cosystep Vinyl Flooring Onyx Grey 790M,Cosystep Vinyl Flooring Onyx Grey 790M,,active
cosystep-vinyl-flooring-caramel-oak-633d-parquet,Cosystep Vinyl Flooring Caramel Oak 633D Parquet,,Factory Direct Flooring,Home & Garden > Decor > Flooring,,,TRUE,Title,Default Title,74129ST,0,shopify,100,deny,manual,15.35,,TRUE,TRUE,,,Cosystep Vinyl Flooring Caramel Oak 633D Parquet,Cosystep Vinyl Flooring Caramel Oak 633D Parquet,,active
cosystep-vinyl-flooring-beaver-oak-336d,Cosystep Vinyl Flooring Beaver Oak 336D,,Factory Direct Flooring,Home & Garden > Decor > Flooring,,,TRUE,Title,Default Title,74130ST,0,shopify,100,deny,manual,15.35,,TRUE,TRUE,,,Cosystep Vinyl Flooring Beaver Oak 336D,Cosystep Vinyl Flooring Beaver Oak 336D,,active
cosystep-vinyl-flooring-vanilla-oak-360m,Cosystep Vinyl Flooring Vanilla Oak 360M,,Factory Direct Flooring,Home & Garden > Decor > Flooring,,,TRUE,Title,Default Title,74131ST,0,shopify,100,deny,manual,15.35,,TRUE,TRUE,,,Cosystep Vinyl Flooring Vanilla Oak 360M,Cosystep Vinyl Flooring Vanilla Oak 360M,,active
cosystep-vinyl-flooring-wheat-oak-336m-parquet,Cosystep Vinyl Flooring Wheat Oak 336M Parquet,,Factory Direct Flooring,Home & Garden > Decor > Flooring,,,TRUE,Title,Default Title,74132ST,0,shopify,100,deny,manual,15.35,,TRUE,TRUE,,,Cosystep Vinyl Flooring Wheat Oak 336M Parquet,Cosystep Vinyl Flooring Wheat Oak 336M Parquet,,active
cosystep-vinyl-flooring-space-grey-989m-parquet,Cosystep Vinyl Flooring Space Grey 989M Parquet,,Factory Direct Flooring,Home & Garden > Decor > Flooring,,,TRUE,Title,Default Title,74140ST,0,shopify,100,deny,manual,15.35,,TRUE,TRUE,,,Cosystep Vinyl Flooring Space Grey 989M Parquet,Cosystep Vinyl Flooring Space Grey 989M Parquet,,active
cosystep-vinyl-flooring-shark-grey-989m,Cosystep Vinyl Flooring Shark Grey 989M,,Factory Direct Flooring,Home & Garden > Decor > Flooring,,,TRUE,Title,Default Title,74141ST,0,shopify,100,deny,manual,15.35,,TRUE,TRUE,,,Cosystep Vinyl Flooring Shark Grey 989M,Cosystep Vinyl Flooring Shark Grey 989M,,active
cosystep-vinyl-flooring-pearl-grey-119l-parquet,Cosystep Vinyl Flooring Pearl Grey 119L Parquet,,Factory Direct Flooring,Home & Garden > Decor > Flooring,,,TRUE,Title,Default Title,74142ST,0,shopify,100,deny,manual,15.35,,TRUE,TRUE,,,Cosystep Vinyl Flooring Pearl Grey 119L Parquet,Cosystep Vinyl Flooring Pearl Grey 119L Parquet,,active
