Handle,Title,Body (HTML),Vendor,Product Category,Type,Tags,Published,Option1 Name,Option1 Value,Variant SKU,Variant Grams,Variant Inventory Tracker,Variant Inventory Qty,Variant Inventory Policy,Variant Fulfillment Service,Variant Price,Variant Compare At Price,Variant Requires Shipping,Variant Taxable,Image Src,Image Position,Image Alt Text,SEO Title,SEO Description,Status
herringbone-solid-wood-flooring-18mm-natural-brushed-oiled,Herringbone Solid Wood Flooring 18mm Natural Brushed Oiled,"<h2>Herringbone Solid Wood Flooring 18mm Natural Brushed Oiled</h2><p><strong>Herringbone Solid Wood Flooring 18mm Natural Brushed Oiled</strong> from Factory Direct Flooring in a beautiful <strong>Natural</strong> finish with a <strong>18mm</strong> thickness. 100% genuine solid timber — unmatched natural beauty that improves with age.</p>
<h3>Key Features</h3><ul><li>100% Real Solid Timber</li><li>Sand &amp; Refinish 5x</li><li>Natural Insulator</li><li>Adds Property Value</li><li>Sustainably Sourced</li></ul>
<h3>Installation</h3><p>Secret-nail or glue. Acclimatise 48–72 hrs. 15mm expansion gap.</p>
<h3>Care</h3><p>Soft brush vacuum. Wood cleaner on damp mop. Wipe spills immediately.</p>
<h3>Why Factory Direct Flooring?</h3><p>UK's trusted flooring specialist — premium quality at factory direct prices. Free samples, full warranties and fast UK delivery.</p>",Factory Direct Flooring,,Solid Wood,solid-wood,TRUE,Title,Default Title,74110HB,0,shopify,100,deny,manual,68.15,68.15,TRUE,TRUE,,,,Herringbone Solid Wood Flooring 18mm Natural Brushed Oiled | Factory Direct Flooring,Buy Herringbone Solid Wood Flooring 18mm Natural Brushed Oiled at Factory Direct Flooring — Solid Wood at competitive prices. Free samples and UK delivery.,active
herringbone-solid-wood-flooring-18mm-natural-uv-oiled,Herringbone Solid Wood Flooring 18mm Natural Uv Oiled,"<h2>Herringbone Solid Wood Flooring 18mm Natural Uv Oiled</h2><p><strong>Herringbone Solid Wood Flooring 18mm Natural Uv Oiled</strong> from Factory Direct Flooring in a beautiful <strong>Natural</strong> finish with a <strong>18mm</strong> thickness. 100% genuine solid timber — unmatched natural beauty that improves with age.</p>
<h3>Key Features</h3><ul><li>100% Real Solid Timber</li><li>Sand &amp; Refinish 5x</li><li>Natural Insulator</li><li>Adds Property Value</li><li>Sustainably Sourced</li></ul>
<h3>Installation</h3><p>Secret-nail or glue. Acclimatise 48–72 hrs. 15mm expansion gap.</p>
<h3>Care</h3><p>Soft brush vacuum. Wood cleaner on damp mop. Wipe spills immediately.</p>
<h3>Why Factory Direct Flooring?</h3><p>UK's trusted flooring specialist — premium quality at factory direct prices. Free samples, full warranties and fast UK delivery.</p>",Factory Direct Flooring,,Solid Wood,solid-wood,TRUE,Title,Default Title,74111HB,0,shopify,100,deny,manual,68.15,68.15,TRUE,TRUE,,,,Herringbone Solid Wood Flooring 18mm Natural Uv Oiled | Factory Direct Flooring,Buy Herringbone Solid Wood Flooring 18mm Natural Uv Oiled at Factory Direct Flooring — Solid Wood at competitive prices. Free samples and UK delivery.,active
herringbone-solid-wood-flooring-18mm-golden-brushed-matt-lacquer,Herringbone Solid Wood Flooring 18mm Golden Brushed Matt Lacquer,"<h2>Herringbone Solid Wood Flooring 18mm Golden Brushed Matt Lacquer</h2><p><strong>Herringbone Solid Wood Flooring 18mm Golden Brushed Matt Lacquer</strong> from Factory Direct Flooring in a beautiful <strong>Golden</strong> finish with a <strong>18mm</strong> thickness. 100% genuine solid timber — unmatched natural beauty that improves with age.</p>
<h3>Key Features</h3><ul><li>100% Real Solid Timber</li><li>Sand &amp; Refinish 5x</li><li>Natural Insulator</li><li>Adds Property Value</li><li>Sustainably Sourced</li></ul>
<h3>Installation</h3><p>Secret-nail or glue. Acclimatise 48–72 hrs. 15mm expansion gap.</p>
<h3>Care</h3><p>Soft brush vacuum. Wood cleaner on damp mop. Wipe spills immediately.</p>
<h3>Why Factory Direct Flooring?</h3><p>UK's trusted flooring specialist — premium quality at factory direct prices. Free samples, full warranties and fast UK delivery.</p>",Factory Direct Flooring,,Solid Wood,solid-wood,TRUE,Title,Default Title,74112HB,0,shopify,100,deny,manual,68.15,68.15,TRUE,TRUE,,,,Herringbone Solid Wood Flooring 18mm Golden Brushed Matt Lacquer | Factory Direct Flooring,Buy Herringbone Solid Wood Flooring 18mm Golden Brushed Matt Lacquer at Factory Direct Flooring — Solid Wood at competitive prices. Free samples and UK delivery.,active
herringbone-solid-wood-flooring-18mm-smoke-brushed-oiled,Herringbone Solid Wood Flooring 18mm Smoke Brushed Oiled,"<h2>Herringbone Solid Wood Flooring 18mm Smoke Brushed Oiled</h2><p><strong>Herringbone Solid Wood Flooring 18mm Smoke Brushed Oiled</strong> from Factory Direct Flooring with a <strong>18mm</strong> thickness. 100% genuine solid timber — unmatched natural beauty that improves with age.</p>
<h3>Key Features</h3><ul><li>100% Real Solid Timber</li><li>Sand &amp; Refinish 5x</li><li>Natural Insulator</li><li>Adds Property Value</li><li>Sustainably Sourced</li></ul>
<h3>Installation</h3><p>Secret-nail or glue. Acclimatise 48–72 hrs. 15mm expansion gap.</p>
<h3>Care</h3><p>Soft brush vacuum. Wood cleaner on damp mop. Wipe spills immediately.</p>
<h3>Why Factory Direct Flooring?</h3><p>UK's trusted flooring specialist — premium quality at factory direct prices. Free samples, full warranties and fast UK delivery.</p>",Factory Direct Flooring,,Solid Wood,solid-wood,TRUE,Title,Default Title,74113HB,0,shopify,100,deny,manual,68.15,68.15,TRUE,TRUE,,,,Herringbone Solid Wood Flooring 18mm Smoke Brushed Oiled | Factory Direct Flooring,Buy Herringbone Solid Wood Flooring 18mm Smoke Brushed Oiled at Factory Direct Flooring — Solid Wood at competitive prices. Free samples and UK delivery.,active
byland-18mm-x-120mm-solid-wood-flooring-natural-brushed-uv-oiled,Byland 18mm x 120mm Solid Wood Flooring Natural Brushed Uv Oiled,"<h2>Byland 18mm x 120mm Solid Wood Flooring Natural Brushed Uv Oiled</h2><p><strong>Byland 18mm x 120mm Solid Wood Flooring Natural Brushed Uv Oiled</strong> from Factory Direct Flooring in a beautiful <strong>Natural</strong> finish with a <strong>18mm</strong> thickness. 100% genuine solid timber — unmatched natural beauty that improves with age.</p>
<h3>Key Features</h3><ul><li>100% Real Solid Timber</li><li>Sand &amp; Refinish 5x</li><li>Natural Insulator</li><li>Adds Property Value</li><li>Sustainably Sourced</li></ul>
<h3>Installation</h3><p>Secret-nail or glue. Acclimatise 48–72 hrs. 15mm expansion gap.</p>
<h3>Care</h3><p>Soft brush vacuum. Wood cleaner on damp mop. Wipe spills immediately.</p>
<h3>Why Factory Direct Flooring?</h3><p>UK's trusted flooring specialist — premium quality at factory direct prices. Free samples, full warranties and fast UK delivery.</p>",Factory Direct Flooring,,Solid Wood,solid-wood,TRUE,Title,Default Title,74115S,0,shopify,100,deny,manual,64.77,64.77,TRUE,TRUE,,,,Byland 18mm x 120mm Solid Wood Flooring Natural Brushed Uv Oiled | Factory Direct Flooring,Buy Byland 18mm x 120mm Solid Wood Flooring Natural Brushed Uv Oiled at Factory Direct Flooring — Solid Wood at competitive prices. Free samples and UK delivery.,active
hinton-18mm-x-120mm-solid-wood-flooring-natural-matt-lacquer,Hinton 18mm x 120mm Solid Wood Flooring Natural Matt Lacquer,"<h2>Hinton 18mm x 120mm Solid Wood Flooring Natural Matt Lacquer</h2><p><strong>Hinton 18mm x 120mm Solid Wood Flooring Natural Matt Lacquer</strong> from Factory Direct Flooring in a beautiful <strong>Natural</strong> finish with a <strong>18mm</strong> thickness. 100% genuine solid timber — unmatched natural beauty that improves with age.</p>
<h3>Key Features</h3><ul><li>100% Real Solid Timber</li><li>Sand &amp; Refinish 5x</li><li>Natural Insulator</li><li>Adds Property Value</li><li>Sustainably Sourced</li></ul>
<h3>Installation</h3><p>Secret-nail or glue. Acclimatise 48–72 hrs. 15mm expansion gap.</p>
<h3>Care</h3><p>Soft brush vacuum. Wood cleaner on damp mop. Wipe spills immediately.</p>
<h3>Why Factory Direct Flooring?</h3><p>UK's trusted flooring specialist — premium quality at factory direct prices. Free samples, full warranties and fast UK delivery.</p>",Factory Direct Flooring,,Solid Wood,solid-wood,TRUE,Title,Default Title,74116S,0,shopify,100,deny,manual,64.77,64.77,TRUE,TRUE,,,,Hinton 18mm x 120mm Solid Wood Flooring Natural Matt Lacquer | Factory Direct Flooring,Buy Hinton 18mm x 120mm Solid Wood Flooring Natural Matt Lacquer at Factory Direct Flooring — Solid Wood at competitive prices. Free samples and UK delivery.,active
newminster-18mm-solid-wood-flooring-150mm-natural-oak-matt-lacquer,Newminster 18mm Solid Wood Flooring 150mm Natural Oak Matt Lacquer,"<h2>Newminster 18mm Solid Wood Flooring 150mm Natural Oak Matt Lacquer</h2><p><strong>Newminster 18mm Solid Wood Flooring 150mm Natural Oak Matt Lacquer</strong> from Factory Direct Flooring in a beautiful <strong>Oak</strong> finish with a <strong>18mm</strong> thickness. 100% genuine solid timber — unmatched natural beauty that improves with age.</p>
<h3>Key Features</h3><ul><li>100% Real Solid Timber</li><li>Sand &amp; Refinish 5x</li><li>Natural Insulator</li><li>Adds Property Value</li><li>Sustainably Sourced</li></ul>
<h3>Installation</h3><p>Secret-nail or glue. Acclimatise 48–72 hrs. 15mm expansion gap.</p>
<h3>Care</h3><p>Soft brush vacuum. Wood cleaner on damp mop. Wipe spills immediately.</p>
<h3>Why Factory Direct Flooring?</h3><p>UK's trusted flooring specialist — premium quality at factory direct prices. Free samples, full warranties and fast UK delivery.</p>",Factory Direct Flooring,,Solid Wood,solid-wood,TRUE,Title,Default Title,74117S,0,shopify,100,deny,manual,68.15,68.15,TRUE,TRUE,,,,Newminster 18mm Solid Wood Flooring 150mm Natural Oak Matt Lacquer | Factory Direct Flooring,Buy Newminster 18mm Solid Wood Flooring 150mm Natural Oak Matt Lacquer at Factory Direct Flooring — Solid Wood at competitive prices. Free samples and UK delivery.,active
malton-18mm-x-120mm-double-smoked-brushed-matt-lacquer-solid-oak-flooring,Malton 18mm x 120mm Double Smoked Brushed Matt Lacquer Solid Oak Flooring,"<h2>Malton 18mm x 120mm Double Smoked Brushed Matt Lacquer Solid Oak Flooring</h2><p><strong>Malton 18mm x 120mm Double Smoked Brushed Matt Lacquer Solid Oak Flooring</strong> from Factory Direct Flooring in a beautiful <strong>Oak</strong> finish with a <strong>18mm</strong> thickness. 100% genuine solid timber — unmatched natural beauty that improves with age.</p>
<h3>Key Features</h3><ul><li>100% Real Solid Timber</li><li>Sand &amp; Refinish 5x</li><li>Natural Insulator</li><li>Adds Property Value</li><li>Sustainably Sourced</li></ul>
<h3>Installation</h3><p>Secret-nail or glue. Acclimatise 48–72 hrs. 15mm expansion gap.</p>
<h3>Care</h3><p>Soft brush vacuum. Wood cleaner on damp mop. Wipe spills immediately.</p>
<h3>Why Factory Direct Flooring?</h3><p>UK's trusted flooring specialist — premium quality at factory direct prices. Free samples, full warranties and fast UK delivery.</p>",Factory Direct Flooring,,Solid Wood,solid-wood,TRUE,Title,Default Title,74118S,0,shopify,100,deny,manual,68.15,68.15,TRUE,TRUE,https://shadiikart-prog.github.io/product-scraper-demo/scrapers/output/images/00001_vinyl_and_cushion_floor_anti_plas_15mtr_double_sided_tape_lifestyle_1.jpg,1,Malton 18mm x 120mm Double Smoked Brushed Matt Lacquer Solid Oak Flooring,Malton 18mm x 120mm Double Smoked Brushed Matt Lacquer Solid Oak Flooring | Factory Direct Flooring,Buy Malton 18mm x 120mm Double Smoked Brushed Matt Lacquer Solid Oak Flooring at Factory Direct Flooring — Solid Wood at competitive prices. Free samples and UK delivery.,active
watton-18mm-x-120mm-solid-oak-flooring-golden-handscraped-matt-lacquer,Watton 18mm x 120mm Solid Oak Flooring Golden Handscraped Matt Lacquer,"<h2>Watton 18mm x 120mm Solid Oak Flooring Golden Handscraped Matt Lacquer</h2><p><strong>Watton 18mm x 120mm Solid Oak Flooring Golden Handscraped Matt Lacquer</strong> from Factory Direct Flooring in a beautiful <strong>Oak</strong> finish with a <strong>18mm</strong> thickness. 100% genuine solid timber — unmatched natural beauty that improves with age.</p>
<h3>Key Features</h3><ul><li>100% Real Solid Timber</li><li>Sand &amp; Refinish 5x</li><li>Natural Insulator</li><li>Adds Property Value</li><li>Sustainably Sourced</li></ul>
<h3>Installation</h3><p>Secret-nail or glue. Acclimatise 48–72 hrs. 15mm expansion gap.</p>
<h3>Care</h3><p>Soft brush vacuum. Wood cleaner on damp mop. Wipe spills immediately.</p>
<h3>Why Factory Direct Flooring?</h3><p>UK's trusted flooring specialist — premium quality at factory direct prices. Free samples, full warranties and fast UK delivery.</p>",Factory Direct Flooring,,Solid Wood,solid-wood,TRUE,Title,Default Title,74119S,0,shopify,100,deny,manual,68.15,68.15,TRUE,TRUE,,,,Watton 18mm x 120mm Solid Oak Flooring Golden Handscraped Matt Lacquer | Factory Direct Flooring,Buy Watton 18mm x 120mm Solid Oak Flooring Golden Handscraped Matt Lacquer at Factory Direct Flooring — Solid Wood at competitive prices. Free samples and UK delivery.,active
cumaru-18mm-solid-wood-flooring-brushed-oiled-oak-150mm-wide,Cumaru 18mm Solid Wood Flooring Brushed Oiled Oak 150mm Wide,"<h2>Cumaru 18mm Solid Wood Flooring Brushed Oiled Oak 150mm Wide</h2><p><strong>Cumaru 18mm Solid Wood Flooring Brushed Oiled Oak 150mm Wide</strong> from Factory Direct Flooring in a beautiful <strong>Oak</strong> finish with a <strong>18mm</strong> thickness. 100% genuine solid timber — unmatched natural beauty that improves with age.</p>
<h3>Key Features</h3><ul><li>100% Real Solid Timber</li><li>Sand &amp; Refinish 5x</li><li>Natural Insulator</li><li>Adds Property Value</li><li>Sustainably Sourced</li></ul>
<h3>Installation</h3><p>Secret-nail or glue. Acclimatise 48–72 hrs. 15mm expansion gap.</p>
<h3>Care</h3><p>Soft brush vacuum. Wood cleaner on damp mop. Wipe spills immediately.</p>
<h3>Why Factory Direct Flooring?</h3><p>UK's trusted flooring specialist — premium quality at factory direct prices. Free samples, full warranties and fast UK delivery.</p>",Factory Direct Flooring,,Solid Wood,solid-wood,TRUE,Title,Default Title,74126S,0,shopify,100,deny,manual,68.15,68.15,TRUE,TRUE,,,,Cumaru 18mm Solid Wood Flooring Brushed Oiled Oak 150mm Wide | Factory Direct Flooring,Buy Cumaru 18mm Solid Wood Flooring Brushed Oiled Oak 150mm Wide at Factory Direct Flooring — Solid Wood at competitive prices. Free samples and UK delivery.,active
herringbone-solid-wood-flooring-18mm-natural-brushed-matt-lacquer,Herringbone Solid Wood Flooring 18mm Natural Matt Lacquer,"<h2>Herringbone Solid Wood Flooring 18mm Natural Matt Lacquer</h2><p><strong>Herringbone Solid Wood Flooring 18mm Natural Matt Lacquer</strong> from Factory Direct Flooring in a beautiful <strong>Natural</strong> finish with a <strong>18mm</strong> thickness. 100% genuine solid timber — unmatched natural beauty that improves with age.</p>
<h3>Key Features</h3><ul><li>100% Real Solid Timber</li><li>Sand &amp; Refinish 5x</li><li>Natural Insulator</li><li>Adds Property Value</li><li>Sustainably Sourced</li></ul>
<h3>Installation</h3><p>Secret-nail or glue. Acclimatise 48–72 hrs. 15mm expansion gap.</p>
<h3>Care</h3><p>Soft brush vacuum. Wood cleaner on damp mop. Wipe spills immediately.</p>
<h3>Why Factory Direct Flooring?</h3><p>UK's trusted flooring specialist — premium quality at factory direct prices. Free samples, full warranties and fast UK delivery.</p>",Factory Direct Flooring,,Solid Wood,solid-wood,TRUE,Title,Default Title,74167NML,0,shopify,100,deny,manual,68.15,68.15,TRUE,TRUE,,,,Herringbone Solid Wood Flooring 18mm Natural Matt Lacquer | Factory Direct Flooring,Buy Herringbone Solid Wood Flooring 18mm Natural Matt Lacquer at Factory Direct Flooring — Solid Wood at competitive prices. Free samples and UK delivery.,active
hawthorn-18mm-x-125mm-solid-wood-flooring-natural-matt-lacquer,Hawthorn 18mm x 125mm Solid Wood Flooring Natural Matt Lacquer,"<h2>Hawthorn 18mm x 125mm Solid Wood Flooring Natural Matt Lacquer</h2><p><strong>Hawthorn 18mm x 125mm Solid Wood Flooring Natural Matt Lacquer</strong> from Factory Direct Flooring in a beautiful <strong>Natural</strong> finish with a <strong>18mm</strong> thickness. 100% genuine solid timber — unmatched natural beauty that improves with age.</p>
<h3>Key Features</h3><ul><li>100% Real Solid Timber</li><li>Sand &amp; Refinish 5x</li><li>Natural Insulator</li><li>Adds Property Value</li><li>Sustainably Sourced</li></ul>
<h3>Installation</h3><p>Secret-nail or glue. Acclimatise 48–72 hrs. 15mm expansion gap.</p>
<h3>Care</h3><p>Soft brush vacuum. Wood cleaner on damp mop. Wipe spills immediately.</p>
<h3>Why Factory Direct Flooring?</h3><p>UK's trusted flooring specialist — premium quality at factory direct prices. Free samples, full warranties and fast UK delivery.</p>",Factory Direct Flooring,,Solid Wood,solid-wood,TRUE,Title,Default Title,74175HAW,0,shopify,100,deny,manual,64.78,64.78,TRUE,TRUE,,,,Hawthorn 18mm x 125mm Solid Wood Flooring Natural Matt Lacquer | Factory Direct Flooring,Buy Hawthorn 18mm x 125mm Solid Wood Flooring Natural Matt Lacquer at Factory Direct Flooring — Solid Wood at competitive prices. Free samples and UK delivery.,active
herringbone-parquet-engineered-wood-flooring-18mm-natural-oak-brushed-oiled,Herringbone Parquet Engineered Wood Flooring 18mm Natural Oak Brushed Oiled,"<h2>Herringbone Parquet Engineered Wood Flooring 18mm Natural Oak Brushed Oiled</h2><p><strong>Herringbone Parquet Engineered Wood Flooring 18mm Natural Oak Brushed Oiled</strong> from Factory Direct Flooring in a beautiful <strong>Oak</strong> finish with a <strong>18mm</strong> thickness. Real wood surface with stable multi-layer core — authentic beauty. UFH compatible.</p>
<h3>Key Features</h3><ul><li>Real Wood Surface</li><li>Stable Multi-Layer Core</li><li>UFH Compatible</li><li>All Floor Levels</li><li>Click/Nail/Glue Options</li></ul>
<h3>Installation</h3><p>Floating click, nail or glue. UFH max 27°C. Acclimatise 48 hrs.</p>
<h3>Care</h3><p>Vacuum regularly. Wood cleaner on damp mop. No steam or excess water.</p>
<h3>Why Factory Direct Flooring?</h3><p>UK's trusted flooring specialist — premium quality at factory direct prices. Free samples, full warranties and fast UK delivery.</p>",Factory Direct Flooring,,Engineered Wood,engineered-wood,TRUE,Title,Default Title,E33204BAO7,0,shopify,100,deny,manual,59.99,59.99,TRUE,TRUE,,,,Herringbone Parquet Engineered Wood Flooring 18mm Natural Oak Brushed Oiled | Factory Direct Flooring,Buy Herringbone Parquet Engineered Wood Flooring 18mm Natural Oak Brushed Oiled at Factory Direct Flooring — Engineered Wood at competitive prices. Free samples and UK delivery.,active
abbey-denny-engineered-wood-flooring-14mm-x-125mm-golden-oak-brushed-matt-lacquer,Abbey Denny Engineered Wood Flooring 14mm x 125mm Golden Oak Brushed Matt Lacquer,"<h2>Abbey Denny Engineered Wood Flooring 14mm x 125mm Golden Oak Brushed Matt Lacquer</h2><p><strong>Abbey Denny Engineered Wood Flooring 14mm x 125mm Golden Oak Brushed Matt Lacquer</strong> from Factory Direct Flooring in a beautiful <strong>Oak</strong> finish with a <strong>14mm</strong> thickness. Real wood surface with stable multi-layer core — authentic beauty. UFH compatible.</p>
<h3>Key Features</h3><ul><li>Real Wood Surface</li><li>Stable Multi-Layer Core</li><li>UFH Compatible</li><li>All Floor Levels</li><li>Click/Nail/Glue Options</li></ul>
<h3>Installation</h3><p>Floating click, nail or glue. UFH max 27°C. Acclimatise 48 hrs.</p>
<h3>Care</h3><p>Vacuum regularly. Wood cleaner on damp mop. No steam or excess water.</p>
<h3>Why Factory Direct Flooring?</h3><p>UK's trusted flooring specialist — premium quality at factory direct prices. Free samples, full warranties and fast UK delivery.</p>",Factory Direct Flooring,,Engineered Wood,engineered-wood,TRUE,Title,Default Title,E33288DEN5,0,shopify,100,deny,manual,45.59,45.59,TRUE,TRUE,,,,Abbey Denny Engineered Wood Flooring 14mm x 125mm Golden Oak Brushed Matt Lacquer | Factory Direct Flooring,Buy Abbey Denny Engineered Wood Flooring 14mm x 125mm Golden Oak Brushed Matt Lacquer at Factory Direct Flooring — Engineered Wood at competitive prices. Free samples and UK delivery.,active
abbey-torre-engineered-wood-flooring-14mm-x-125mm-coffee-oak-brushed-matt-lacquered,Abbey Torre Engineered Wood Flooring 14mm x 125mm Coffee Oak Brushed Matt Lacquered,"<h2>Abbey Torre Engineered Wood Flooring 14mm x 125mm Coffee Oak Brushed Matt Lacquered</h2><p><strong>Abbey Torre Engineered Wood Flooring 14mm x 125mm Coffee Oak Brushed Matt Lacquered</strong> from Factory Direct Flooring in a beautiful <strong>Oak</strong> finish with a <strong>14mm</strong> thickness. Real wood surface with stable multi-layer core — authentic beauty. UFH compatible.</p>
<h3>Key Features</h3><ul><li>Real Wood Surface</li><li>Stable Multi-Layer Core</li><li>UFH Compatible</li><li>All Floor Levels</li><li>Click/Nail/Glue Options</li></ul>
<h3>Installation</h3><p>Floating click, nail or glue. UFH max 27°C. Acclimatise 48 hrs.</p>
<h3>Care</h3><p>Vacuum regularly. Wood cleaner on damp mop. No steam or excess water.</p>
<h3>Why Factory Direct Flooring?</h3><p>UK's trusted flooring specialist — premium quality at factory direct prices. Free samples, full warranties and fast UK delivery.</p>",Factory Direct Flooring,,Engineered Wood,engineered-wood,TRUE,Title,Default Title,E33290TOR3,0,shopify,100,deny,manual,45.59,45.59,TRUE,TRUE,,,,Abbey Torre Engineered Wood Flooring 14mm x 125mm Coffee Oak Brushed Matt Lacquered | Factory Direct Flooring,Buy Abbey Torre Engineered Wood Flooring 14mm x 125mm Coffee Oak Brushed Matt Lacquered at Factory Direct Flooring — Engineered Wood at competitive prices. Free samples and UK delivery.,active
abbey-sawtry-engineered-wood-flooring-14mm-x-125mm-oak-brushed-matt-lacquer,Abbey Sawtry Engineered Wood Flooring 14mm x 125mm Oak Brushed Matt Lacquer,"<h2>Abbey Sawtry Engineered Wood Flooring 14mm x 125mm Oak Brushed Matt Lacquer</h2><p><strong>Abbey Sawtry Engineered Wood Flooring 14mm x 125mm Oak Brushed Matt Lacquer</strong> from Factory Direct Flooring in a beautiful <strong>Oak</strong> finish with a <strong>14mm</strong> thickness. Real wood surface with stable multi-layer core — authentic beauty. UFH compatible.</p>
<h3>Key Features</h3><ul><li>Real Wood Surface</li><li>Stable Multi-Layer Core</li><li>UFH Compatible</li><li>All Floor Levels</li><li>Click/Nail/Glue Options</li></ul>
<h3>Installation</h3><p>Floating click, nail or glue. UFH max 27°C. Acclimatise 48 hrs.</p>
<h3>Care</h3><p>Vacuum regularly. Wood cleaner on damp mop. No steam or excess water.</p>
<h3>Why Factory Direct Flooring?</h3><p>UK's trusted flooring specialist — premium quality at factory direct prices. Free samples, full warranties and fast UK delivery.</p>",Factory Direct Flooring,,Engineered Wood,engineered-wood,TRUE,Title,Default Title,E33291SAW8,0,shopify,100,deny,manual,45.59,45.59,TRUE,TRUE,,,,Abbey Sawtry Engineered Wood Flooring 14mm x 125mm Oak Brushed Matt Lacquer | Factory Direct Flooring,Buy Abbey Sawtry Engineered Wood Flooring 14mm x 125mm Oak Brushed Matt Lacquer at Factory Direct Flooring — Engineered Wood at competitive prices. Free samples and UK delivery.,active
wroxton-engineered-wood-flooring-14mm-x-190mm-white-stained-oak-brushed-matt-lacquer,Wroxton Engineered Wood Flooring 14mm x 190mm White Stained Oak Brushed Matt Lacquer,"<h2>Wroxton Engineered Wood Flooring 14mm x 190mm White Stained Oak Brushed Matt Lacquer</h2><p><strong>Wroxton Engineered Wood Flooring 14mm x 190mm White Stained Oak Brushed Matt Lacquer</strong> from Factory Direct Flooring in a beautiful <strong>Oak</strong> finish with a <strong>14mm</strong> thickness. Real wood surface with stable multi-layer core — authentic beauty. UFH compatible.</p>
<h3>Key Features</h3><ul><li>Real Wood Surface</li><li>Stable Multi-Layer Core</li><li>UFH Compatible</li><li>All Floor Levels</li><li>Click/Nail/Glue Options</li></ul>
<h3>Installation</h3><p>Floating click, nail or glue. UFH max 27°C. Acclimatise 48 hrs.</p>
<h3>Care</h3><p>Vacuum regularly. Wood cleaner on damp mop. No steam or excess water.</p>
<h3>Why Factory Direct Flooring?</h3><p>UK's trusted flooring specialist — premium quality at factory direct prices. Free samples, full warranties and fast UK delivery.</p>",Factory Direct Flooring,,Engineered Wood,engineered-wood,TRUE,Title,Default Title,E34141WRO6,0,shopify,100,deny,manual,47.70,47.70,TRUE,TRUE,,,,Wroxton Engineered Wood Flooring 14mm x 190mm White Stained Oak Brushed Matt Lacquer | Factory Direct Flooring,Buy Wroxton Engineered Wood Flooring 14mm x 190mm White Stained Oak Brushed Matt Lacquer at Factory Direct Flooring — Engineered Wood at competitive prices. Free samples and UK delivery.,active
garsington-engineered-wood-flooring-oak-matt-lacquer-14mm-x-190mm,Garsington Engineered Wood Flooring Oak Matt Lacquer 14mm x 190mm,"<h2>Garsington Engineered Wood Flooring Oak Matt Lacquer 14mm x 190mm</h2><p><strong>Garsington Engineered Wood Flooring Oak Matt Lacquer 14mm x 190mm</strong> from Factory Direct Flooring in a beautiful <strong>Oak</strong> finish with a <strong>14mm</strong> thickness. Real wood surface with stable multi-layer core — authentic beauty. UFH compatible.</p>
<h3>Key Features</h3><ul><li>Real Wood Surface</li><li>Stable Multi-Layer Core</li><li>UFH Compatible</li><li>All Floor Levels</li><li>Click/Nail/Glue Options</li></ul>
<h3>Installation</h3><p>Floating click, nail or glue. UFH max 27°C. Acclimatise 48 hrs.</p>
<h3>Care</h3><p>Vacuum regularly. Wood cleaner on damp mop. No steam or excess water.</p>
<h3>Why Factory Direct Flooring?</h3><p>UK's trusted flooring specialist — premium quality at factory direct prices. Free samples, full warranties and fast UK delivery.</p>",Factory Direct Flooring,,Engineered Wood,engineered-wood,TRUE,Title,Default Title,E34143GAR8,0,shopify,100,deny,manual,43.83,43.83,TRUE,TRUE,,,,Garsington Engineered Wood Flooring Oak Matt Lacquer 14mm x 190mm | Factory Direct Flooring,Buy Garsington Engineered Wood Flooring Oak Matt Lacquer 14mm x 190mm at Factory Direct Flooring — Engineered Wood at competitive prices. Free samples and UK delivery.,active
loire-engineered-wood-flooring-15mm-x-190mm-natural-distressed-heavy-brushed,Loire Engineered Wood Flooring 15mm x 190mm Natural Distressed Heavy Brushed,"<h2>Loire Engineered Wood Flooring 15mm x 190mm Natural Distressed Heavy Brushed</h2><p><strong>Loire Engineered Wood Flooring 15mm x 190mm Natural Distressed Heavy Brushed</strong> from Factory Direct Flooring in a beautiful <strong>Natural</strong> finish with a <strong>15mm</strong> thickness. Real wood surface with stable multi-layer core — authentic beauty. UFH compatible.</p>
<h3>Key Features</h3><ul><li>Real Wood Surface</li><li>Stable Multi-Layer Core</li><li>UFH Compatible</li><li>All Floor Levels</li><li>Click/Nail/Glue Options</li></ul>
<h3>Installation</h3><p>Floating click, nail or glue. UFH max 27°C. Acclimatise 48 hrs.</p>
<h3>Care</h3><p>Vacuum regularly. Wood cleaner on damp mop. No steam or excess water.</p>
<h3>Why Factory Direct Flooring?</h3><p>UK's trusted flooring specialist — premium quality at factory direct prices. Free samples, full warranties and fast UK delivery.</p>",Factory Direct Flooring,,Engineered Wood,engineered-wood,TRUE,Title,Default Title,E66936LND7,0,shopify,100,deny,manual,55.99,55.99,TRUE,TRUE,,,,Loire Engineered Wood Flooring 15mm x 190mm Natural Distressed Heavy Brushed | Factory Direct Flooring,Buy Loire Engineered Wood Flooring 15mm x 190mm Natural Distressed Heavy Brushed at Factory Direct Flooring — Engineered Wood at competitive prices. Free samples and UK delivery.,active
manor-colwick-14mm-oak-matt-lacquer-click-engineered-floor,Manor Colwick 14mm Oak Matt Lacquer Click Engineered Floor,"<h2>Manor Colwick 14mm Oak Matt Lacquer Click Engineered Floor</h2><p><strong>Manor Colwick 14mm Oak Matt Lacquer Click Engineered Floor</strong> from Factory Direct Flooring in a beautiful <strong>Oak</strong> finish with a <strong>14mm</strong> thickness. Real wood surface with stable multi-layer core — authentic beauty. UFH compatible.</p>
<h3>Key Features</h3><ul><li>Real Wood Surface</li><li>Stable Multi-Layer Core</li><li>UFH Compatible</li><li>All Floor Levels</li><li>Click/Nail/Glue Options</li></ul>
<h3>Installation</h3><p>Floating click, nail or glue. UFH max 27°C. Acclimatise 48 hrs.</p>
<h3>Care</h3><p>Vacuum regularly. Wood cleaner on damp mop. No steam or excess water.</p>
<h3>Why Factory Direct Flooring?</h3><p>UK's trusted flooring specialist — premium quality at factory direct prices. Free samples, full warranties and fast UK delivery.</p>",Factory Direct Flooring,,Engineered Wood,engineered-wood,TRUE,Title,Default Title,E71361-10,0,shopify,100,deny,manual,60.19,60.19,TRUE,TRUE,,,,Manor Colwick 14mm Oak Matt Lacquer Click Engineered Floor | Factory Direct Flooring,Buy Manor Colwick 14mm Oak Matt Lacquer Click Engineered Floor at Factory Direct Flooring — Engineered Wood at competitive prices. Free samples and UK delivery.,active
manor-lound-14mm-oak-matt-lacquer-click-engineered-floor,Manor Lound 14mm Oak Matt Lacquer Click Engineered Floor,"<h2>Manor Lound 14mm Oak Matt Lacquer Click Engineered Floor</h2><p><strong>Manor Lound 14mm Oak Matt Lacquer Click Engineered Floor</strong> from Factory Direct Flooring in a beautiful <strong>Oak</strong> finish with a <strong>14mm</strong> thickness. Real wood surface with stable multi-layer core — authentic beauty. UFH compatible.</p>
<h3>Key Features</h3><ul><li>Real Wood Surface</li><li>Stable Multi-Layer Core</li><li>UFH Compatible</li><li>All Floor Levels</li><li>Click/Nail/Glue Options</li></ul>
<h3>Installation</h3><p>Floating click, nail or glue. UFH max 27°C. Acclimatise 48 hrs.</p>
<h3>Care</h3><p>Vacuum regularly. Wood cleaner on damp mop. No steam or excess water.</p>
<h3>Why Factory Direct Flooring?</h3><p>UK's trusted flooring specialist — premium quality at factory direct prices. Free samples, full warranties and fast UK delivery.</p>",Factory Direct Flooring,,Engineered Wood,engineered-wood,TRUE,Title,Default Title,E71363-10,0,shopify,100,deny,manual,60.19,60.19,TRUE,TRUE,,,,Manor Lound 14mm Oak Matt Lacquer Click Engineered Floor | Factory Direct Flooring,Buy Manor Lound 14mm Oak Matt Lacquer Click Engineered Floor at Factory Direct Flooring — Engineered Wood at competitive prices. Free samples and UK delivery.,active
manor-fyne-14mm-oak-matt-lacquer-click-engineered-floor,Manor Fyne 14mm Oak Matt Lacquer Click Engineered Floor,"<h2>Manor Fyne 14mm Oak Matt Lacquer Click Engineered Floor</h2><p><strong>Manor Fyne 14mm Oak Matt Lacquer Click Engineered Floor</strong> from Factory Direct Flooring in a beautiful <strong>Oak</strong> finish with a <strong>14mm</strong> thickness. Real wood surface with stable multi-layer core — authentic beauty. UFH compatible.</p>
<h3>Key Features</h3><ul><li>Real Wood Surface</li><li>Stable Multi-Layer Core</li><li>UFH Compatible</li><li>All Floor Levels</li><li>Click/Nail/Glue Options</li></ul>
<h3>Installation</h3><p>Floating click, nail or glue. UFH max 27°C. Acclimatise 48 hrs.</p>
<h3>Care</h3><p>Vacuum regularly. Wood cleaner on damp mop. No steam or excess water.</p>
<h3>Why Factory Direct Flooring?</h3><p>UK's trusted flooring specialist — premium quality at factory direct prices. Free samples, full warranties and fast UK delivery.</p>",Factory Direct Flooring,,Engineered Wood,engineered-wood,TRUE,Title,Default Title,E71366-10,0,shopify,100,deny,manual,53.76,53.76,TRUE,TRUE,,,,Manor Fyne 14mm Oak Matt Lacquer Click Engineered Floor | Factory Direct Flooring,Buy Manor Fyne 14mm Oak Matt Lacquer Click Engineered Floor at Factory Direct Flooring — Engineered Wood at competitive prices. Free samples and UK delivery.,active
herringbone-parquet-engineered-wood-flooring-lacquered-dalgona-oak-10mm,Herringbone Parquet Engineered Wood Flooring lacquered Dalgona Oak 10mm,"<h2>Herringbone Parquet Engineered Wood Flooring lacquered Dalgona Oak 10mm</h2><p><strong>Herringbone Parquet Engineered Wood Flooring lacquered Dalgona Oak 10mm</strong> from Factory Direct Flooring in a beautiful <strong>Oak</strong> finish with a <strong>10mm</strong> thickness. Real wood surface with stable multi-layer core — authentic beauty. UFH compatible.</p>
<h3>Key Features</h3><ul><li>Real Wood Surface</li><li>Stable Multi-Layer Core</li><li>UFH Compatible</li><li>All Floor Levels</li><li>Click/Nail/Glue Options</li></ul>
<h3>Installation</h3><p>Floating click, nail or glue. UFH max 27°C. Acclimatise 48 hrs.</p>
<h3>Care</h3><p>Vacuum regularly. Wood cleaner on damp mop. No steam or excess water.</p>
<h3>Why Factory Direct Flooring?</h3><p>UK's trusted flooring specialist — premium quality at factory direct prices. Free samples, full warranties and fast UK delivery.</p>",Factory Direct Flooring,,Engineered Wood,engineered-wood,TRUE,Title,Default Title,ESP72089DAL05,0,shopify,100,deny,manual,35.99,35.99,TRUE,TRUE,,,,Herringbone Parquet Engineered Wood Flooring lacquered Dalgona Oak 10mm | Factory Direct Flooring,Buy Herringbone Parquet Engineered Wood Flooring lacquered Dalgona Oak 10mm at Factory Direct Flooring — Engineered Wood at competitive prices. Free samples and UK delivery.,active
herringbone-parquet-engineered-wood-flooring-10mm-lacquered-autumn-oak,Herringbone Parquet Engineered Wood Flooring 10mm lacquered Autumn Oak,"<h2>Herringbone Parquet Engineered Wood Flooring 10mm lacquered Autumn Oak</h2><p><strong>Herringbone Parquet Engineered Wood Flooring 10mm lacquered Autumn Oak</strong> from Factory Direct Flooring in a beautiful <strong>Oak</strong> finish with a <strong>10mm</strong> thickness. Real wood surface with stable multi-layer core — authentic beauty. UFH compatible.</p>
<h3>Key Features</h3><ul><li>Real Wood Surface</li><li>Stable Multi-Layer Core</li><li>UFH Compatible</li><li>All Floor Levels</li><li>Click/Nail/Glue Options</li></ul>
<h3>Installation</h3><p>Floating click, nail or glue. UFH max 27°C. Acclimatise 48 hrs.</p>
<h3>Care</h3><p>Vacuum regularly. Wood cleaner on damp mop. No steam or excess water.</p>
<h3>Why Factory Direct Flooring?</h3><p>UK's trusted flooring specialist — premium quality at factory direct prices. Free samples, full warranties and fast UK delivery.</p>",Factory Direct Flooring,,Engineered Wood,engineered-wood,TRUE,Title,Default Title,ESP72090AUT13,0,shopify,100,deny,manual,35.99,35.99,TRUE,TRUE,,,,Herringbone Parquet Engineered Wood Flooring 10mm lacquered Autumn Oak | Factory Direct Flooring,Buy Herringbone Parquet Engineered Wood Flooring 10mm lacquered Autumn Oak at Factory Direct Flooring — Engineered Wood at competitive prices. Free samples and UK delivery.,active
14mm-herringbone-parquet-engineered-wood-flooring-nude-oak,14mm Herringbone Parquet Engineered Wood Flooring Nude Oak,"<h2>14mm Herringbone Parquet Engineered Wood Flooring Nude Oak</h2><p><strong>14mm Herringbone Parquet Engineered Wood Flooring Nude Oak</strong> from Factory Direct Flooring in a beautiful <strong>Oak</strong> finish with a <strong>14mm</strong> thickness. Real wood surface with stable multi-layer core — authentic beauty. UFH compatible.</p>
<h3>Key Features</h3><ul><li>Real Wood Surface</li><li>Stable Multi-Layer Core</li><li>UFH Compatible</li><li>All Floor Levels</li><li>Click/Nail/Glue Options</li></ul>
<h3>Installation</h3><p>Floating click, nail or glue. UFH max 27°C. Acclimatise 48 hrs.</p>
<h3>Care</h3><p>Vacuum regularly. Wood cleaner on damp mop. No steam or excess water.</p>
<h3>Why Factory Direct Flooring?</h3><p>UK's trusted flooring specialist — premium quality at factory direct prices. Free samples, full warranties and fast UK delivery.</p>",Factory Direct Flooring,,Engineered Wood,engineered-wood,TRUE,Title,Default Title,E73507SPN07,0,shopify,100,deny,manual,44.37,44.37,TRUE,TRUE,,,,14mm Herringbone Parquet Engineered Wood Flooring Nude Oak | Factory Direct Flooring,Buy 14mm Herringbone Parquet Engineered Wood Flooring Nude Oak at Factory Direct Flooring — Engineered Wood at competitive prices. Free samples and UK delivery.,active
herringbone-parquet-engineered-wood-flooring-brushed-matt-lacquer-14mm-harvest-oak,Herringbone Parquet Engineered Wood Flooring Brushed Matt Lacquer 14mm Harvest Oak,"<h2>Herringbone Parquet Engineered Wood Flooring Brushed Matt Lacquer 14mm Harvest Oak</h2><p><strong>Herringbone Parquet Engineered Wood Flooring Brushed Matt Lacquer 14mm Harvest Oak</strong> from Factory Direct Flooring in a beautiful <strong>Oak</strong> finish with a <strong>14mm</strong> thickness. Real wood surface with stable multi-layer core — authentic beauty. UFH compatible.</p>
<h3>Key Features</h3><ul><li>Real Wood Surface</li><li>Stable Multi-Layer Core</li><li>UFH Compatible</li><li>All Floor Levels</li><li>Click/Nail/Glue Options</li></ul>
<h3>Installation</h3><p>Floating click, nail or glue. UFH max 27°C. Acclimatise 48 hrs.</p>
<h3>Care</h3><p>Vacuum regularly. Wood cleaner on damp mop. No steam or excess water.</p>
<h3>Why Factory Direct Flooring?</h3><p>UK's trusted flooring specialist — premium quality at factory direct prices. Free samples, full warranties and fast UK delivery.</p>",Factory Direct Flooring,,Engineered Wood,engineered-wood,TRUE,Title,Default Title,E73509SPH13,0,shopify,100,deny,manual,44.37,44.37,TRUE,TRUE,,,,Herringbone Parquet Engineered Wood Flooring Brushed Matt Lacquer 14mm Harvest Oak | Factory Direct Flooring,Buy Herringbone Parquet Engineered Wood Flooring Brushed Matt Lacquer 14mm Harvest Oak at Factory Direct Flooring — Engineered Wood at competitive prices. Free samples and UK delivery.,active
abbey-claro-engineered-wood-flooring-white-wash-oak-10mm-x-125mm-brushed-matt-lacquer,Abbey Claro Engineered Wood Flooring White Wash Oak 10mm x 125mm Brushed Matt Lacquer,"<h2>Abbey Claro Engineered Wood Flooring White Wash Oak 10mm x 125mm Brushed Matt Lacquer</h2><p><strong>Abbey Claro Engineered Wood Flooring White Wash Oak 10mm x 125mm Brushed Matt Lacquer</strong> from Factory Direct Flooring in a beautiful <strong>Oak</strong> finish with a <strong>10mm</strong> thickness. Real wood surface with stable multi-layer core — authentic beauty. UFH compatible.</p>
<h3>Key Features</h3><ul><li>Real Wood Surface</li><li>Stable Multi-Layer Core</li><li>UFH Compatible</li><li>All Floor Levels</li><li>Click/Nail/Glue Options</li></ul>
<h3>Installation</h3><p>Floating click, nail or glue. UFH max 27°C. Acclimatise 48 hrs.</p>
<h3>Care</h3><p>Vacuum regularly. Wood cleaner on damp mop. No steam or excess water.</p>
<h3>Why Factory Direct Flooring?</h3><p>UK's trusted flooring specialist — premium quality at factory direct prices. Free samples, full warranties and fast UK delivery.</p>",Factory Direct Flooring,,Engineered Wood,engineered-wood,TRUE,Title,Default Title,E73884CLA,0,shopify,100,deny,manual,27.59,27.59,TRUE,TRUE,https://shadiikart-prog.github.io/product-scraper-demo/scrapers/output/images/00002_laminate_scotia_beadings_colour_matched_white_ewa21_lifestyle_1.jpg,1,Abbey Claro Engineered Wood Flooring White Wash Oak 10mm x 125mm Brushed Matt Lacquer,Abbey Claro Engineered Wood Flooring White Wash Oak 10mm x 125mm Brushed Matt Lacquer | Factory Direct Flooring,Buy Abbey Claro Engineered Wood Flooring White Wash Oak 10mm x 125mm Brushed Matt Lacquer at Factory Direct Flooring — Engineered Wood at competitive prices. Free samples and UK delivery.,active
abbey-claro-engineered-wood-flooring-white-wash-oak-10mm-x-125mm-brushed-matt-lacquer,,,,,,,,,,,,,,,,,,,,https://shadiikart-prog.github.io/product-scraper-demo/scrapers/output/images/00003_pipecover_thinoak_1_2.jpg,2,Abbey Claro Engineered Wood Flooring White Wash Oak 10mm x 125mm Brushed Matt Lacquer,,,
manor-roke-oak-engineered-wood-flooring-18mm-x-190mm-smoke-white-brushed-matt-lacquer,Manor Roke Oak Engineered Wood Flooring 18mm x 190mm Smoke White Brushed Matt Lacquer,"<h2>Manor Roke Oak Engineered Wood Flooring 18mm x 190mm Smoke White Brushed Matt Lacquer</h2><p><strong>Manor Roke Oak Engineered Wood Flooring 18mm x 190mm Smoke White Brushed Matt Lacquer</strong> from Factory Direct Flooring in a beautiful <strong>Oak</strong> finish with a <strong>18mm</strong> thickness. Real wood surface with stable multi-layer core — authentic beauty. UFH compatible.</p>
<h3>Key Features</h3><ul><li>Real Wood Surface</li><li>Stable Multi-Layer Core</li><li>UFH Compatible</li><li>All Floor Levels</li><li>Click/Nail/Glue Options</li></ul>
<h3>Installation</h3><p>Floating click, nail or glue. UFH max 27°C. Acclimatise 48 hrs.</p>
<h3>Care</h3><p>Vacuum regularly. Wood cleaner on damp mop. No steam or excess water.</p>
<h3>Why Factory Direct Flooring?</h3><p>UK's trusted flooring specialist — premium quality at factory direct prices. Free samples, full warranties and fast UK delivery.</p>",Factory Direct Flooring,,Engineered Wood,engineered-wood,TRUE,Title,Default Title,E73890ROK,0,shopify,100,deny,manual,52.79,52.79,TRUE,TRUE,,,,Manor Roke Oak Engineered Wood Flooring 18mm x 190mm Smoke White Brushed Matt Lacquer | Factory Direct Flooring,Buy Manor Roke Oak Engineered Wood Flooring 18mm x 190mm Smoke White Brushed Matt Lacquer at Factory Direct Flooring — Engineered Wood at competitive prices. Free samples and UK delivery.,active
manor-wenlock-engineered-wood-flooring-18mm-x-180mm-natural-oak-brushed-uv-oiled,Manor Wenlock Engineered Wood Flooring 18mm x 180mm Natural Oak Brushed Uv Oiled,"<h2>Manor Wenlock Engineered Wood Flooring 18mm x 180mm Natural Oak Brushed Uv Oiled</h2><p><strong>Manor Wenlock Engineered Wood Flooring 18mm x 180mm Natural Oak Brushed Uv Oiled</strong> from Factory Direct Flooring in a beautiful <strong>Oak</strong> finish with a <strong>18mm</strong> thickness. Real wood surface with stable multi-layer core — authentic beauty. UFH compatible.</p>
<h3>Key Features</h3><ul><li>Real Wood Surface</li><li>Stable Multi-Layer Core</li><li>UFH Compatible</li><li>All Floor Levels</li><li>Click/Nail/Glue Options</li></ul>
<h3>Installation</h3><p>Floating click, nail or glue. UFH max 27°C. Acclimatise 48 hrs.</p>
<h3>Care</h3><p>Vacuum regularly. Wood cleaner on damp mop. No steam or excess water.</p>
<h3>Why Factory Direct Flooring?</h3><p>UK's trusted flooring specialist — premium quality at factory direct prices. Free samples, full warranties and fast UK delivery.</p>",Factory Direct Flooring,,Engineered Wood,engineered-wood,TRUE,Title,Default Title,73977WEN,0,shopify,100,deny,manual,51.58,51.58,TRUE,TRUE,,,,Manor Wenlock Engineered Wood Flooring 18mm x 180mm Natural Oak Brushed Uv Oiled | Factory Direct Flooring,Buy Manor Wenlock Engineered Wood Flooring 18mm x 180mm Natural Oak Brushed Uv Oiled at Factory Direct Flooring — Engineered Wood at competitive prices. Free samples and UK delivery.,active
abbey-bornem-engineered-wood-flooring-14mm-x-190mm-natural-brushed-uv-oiled,Abbey Bornem Engineered Wood Flooring 14mm x 190mm Natural Brushed Uv Oiled,"<h2>Abbey Bornem Engineered Wood Flooring 14mm x 190mm Natural Brushed Uv Oiled</h2><p><strong>Abbey Bornem Engineered Wood Flooring 14mm x 190mm Natural Brushed Uv Oiled</strong> from Factory Direct Flooring in a beautiful <strong>Natural</strong> finish with a <strong>14mm</strong> thickness. Real wood surface with stable multi-layer core — authentic beauty. UFH compatible.</p>
<h3>Key Features</h3><ul><li>Real Wood Surface</li><li>Stable Multi-Layer Core</li><li>UFH Compatible</li><li>All Floor Levels</li><li>Click/Nail/Glue Options</li></ul>
<h3>Installation</h3><p>Floating click, nail or glue. UFH max 27°C. Acclimatise 48 hrs.</p>
<h3>Care</h3><p>Vacuum regularly. Wood cleaner on damp mop. No steam or excess water.</p>
<h3>Why Factory Direct Flooring?</h3><p>UK's trusted flooring specialist — premium quality at factory direct prices. Free samples, full warranties and fast UK delivery.</p>",Factory Direct Flooring,,Engineered Wood,engineered-wood,TRUE,Title,Default Title,73989BOR,0,shopify,100,deny,manual,47.99,47.99,TRUE,TRUE,,,,Abbey Bornem Engineered Wood Flooring 14mm x 190mm Natural Brushed Uv Oiled | Factory Direct Flooring,Buy Abbey Bornem Engineered Wood Flooring 14mm x 190mm Natural Brushed Uv Oiled at Factory Direct Flooring — Engineered Wood at competitive prices. Free samples and UK delivery.,active
abbey-logum-engineered-wood-flooring-14mm-x-190mm-smoke-grey-brushed-uv-oiled,Abbey Logum Engineered Wood Flooring 14mm x 190mm Smoke Grey Brushed Uv Oiled,"<h2>Abbey Logum Engineered Wood Flooring 14mm x 190mm Smoke Grey Brushed Uv Oiled</h2><p><strong>Abbey Logum Engineered Wood Flooring 14mm x 190mm Smoke Grey Brushed Uv Oiled</strong> from Factory Direct Flooring in a beautiful <strong>Grey</strong> finish with a <strong>14mm</strong> thickness. Real wood surface with stable multi-layer core — authentic beauty. UFH compatible.</p>
<h3>Key Features</h3><ul><li>Real Wood Surface</li><li>Stable Multi-Layer Core</li><li>UFH Compatible</li><li>All Floor Levels</li><li>Click/Nail/Glue Options</li></ul>
<h3>Installation</h3><p>Floating click, nail or glue. UFH max 27°C. Acclimatise 48 hrs.</p>
<h3>Care</h3><p>Vacuum regularly. Wood cleaner on damp mop. No steam or excess water.</p>
<h3>Why Factory Direct Flooring?</h3><p>UK's trusted flooring specialist — premium quality at factory direct prices. Free samples, full warranties and fast UK delivery.</p>",Factory Direct Flooring,,Engineered Wood,engineered-wood,TRUE,Title,Default Title,73990LOG,0,shopify,100,deny,manual,47.70,47.70,TRUE,TRUE,,,,Abbey Logum Engineered Wood Flooring 14mm x 190mm Smoke Grey Brushed Uv Oiled | Factory Direct Flooring,Buy Abbey Logum Engineered Wood Flooring 14mm x 190mm Smoke Grey Brushed Uv Oiled at Factory Direct Flooring — Engineered Wood at competitive prices. Free samples and UK delivery.,active
abbey-tautra-engineered-wood-flooring-14mm-x-190mm-light-golden-brushed-uv-oiled,Abbey Tautra Engineered Wood Flooring 14mm x 190mm Light Golden Brushed Uv Oiled,"<h2>Abbey Tautra Engineered Wood Flooring 14mm x 190mm Light Golden Brushed Uv Oiled</h2><p><strong>Abbey Tautra Engineered Wood Flooring 14mm x 190mm Light Golden Brushed Uv Oiled</strong> from Factory Direct Flooring in a beautiful <strong>Golden</strong> finish with a <strong>14mm</strong> thickness. Real wood surface with stable multi-layer core — authentic beauty. UFH compatible.</p>
<h3>Key Features</h3><ul><li>Real Wood Surface</li><li>Stable Multi-Layer Core</li><li>UFH Compatible</li><li>All Floor Levels</li><li>Click/Nail/Glue Options</li></ul>
<h3>Installation</h3><p>Floating click, nail or glue. UFH max 27°C. Acclimatise 48 hrs.</p>
<h3>Care</h3><p>Vacuum regularly. Wood cleaner on damp mop. No steam or excess water.</p>
<h3>Why Factory Direct Flooring?</h3><p>UK's trusted flooring specialist — premium quality at factory direct prices. Free samples, full warranties and fast UK delivery.</p>",Factory Direct Flooring,,Engineered Wood,engineered-wood,TRUE,Title,Default Title,73991TAU,0,shopify,100,deny,manual,47.99,47.99,TRUE,TRUE,,,,Abbey Tautra Engineered Wood Flooring 14mm x 190mm Light Golden Brushed Uv Oiled | Factory Direct Flooring,Buy Abbey Tautra Engineered Wood Flooring 14mm x 190mm Light Golden Brushed Uv Oiled at Factory Direct Flooring — Engineered Wood at competitive prices. Free samples and UK delivery.,active
abbey-mepkin-engineered-wood-flooring-14mm-x-190mm-linen-oak-brushed-matt-lacquer,Abbey Mepkin Engineered Wood Flooring 14mm x 190mm Linen Oak Brushed Matt Lacquer,"<h2>Abbey Mepkin Engineered Wood Flooring 14mm x 190mm Linen Oak Brushed Matt Lacquer</h2><p><strong>Abbey Mepkin Engineered Wood Flooring 14mm x 190mm Linen Oak Brushed Matt Lacquer</strong> from Factory Direct Flooring in a beautiful <strong>Oak</strong> finish with a <strong>14mm</strong> thickness. Real wood surface with stable multi-layer core — authentic beauty. UFH compatible.</p>
<h3>Key Features</h3><ul><li>Real Wood Surface</li><li>Stable Multi-Layer Core</li><li>UFH Compatible</li><li>All Floor Levels</li><li>Click/Nail/Glue Options</li></ul>
<h3>Installation</h3><p>Floating click, nail or glue. UFH max 27°C. Acclimatise 48 hrs.</p>
<h3>Care</h3><p>Vacuum regularly. Wood cleaner on damp mop. No steam or excess water.</p>
<h3>Why Factory Direct Flooring?</h3><p>UK's trusted flooring specialist — premium quality at factory direct prices. Free samples, full warranties and fast UK delivery.</p>",Factory Direct Flooring,,Engineered Wood,engineered-wood,TRUE,Title,Default Title,73992MEP,0,shopify,100,deny,manual,47.99,47.99,TRUE,TRUE,,,,Abbey Mepkin Engineered Wood Flooring 14mm x 190mm Linen Oak Brushed Matt Lacquer | Factory Direct Flooring,Buy Abbey Mepkin Engineered Wood Flooring 14mm x 190mm Linen Oak Brushed Matt Lacquer at Factory Direct Flooring — Engineered Wood at competitive prices. Free samples and UK delivery.,active
abbey-nolet-engineered-wood-flooring-14mm-x-190mm-smoke-white-oak-brushed-matt-lacquer,Abbey Nolet Engineered Wood Flooring 14mm x 125mm Smoke White Oak Brushed Matt Lacquer,"<h2>Abbey Nolet Engineered Wood Flooring 14mm x 125mm Smoke White Oak Brushed Matt Lacquer</h2><p><strong>Abbey Nolet Engineered Wood Flooring 14mm x 125mm Smoke White Oak Brushed Matt Lacquer</strong> from Factory Direct Flooring in a beautiful <strong>Oak</strong> finish with a <strong>14mm</strong> thickness. Real wood surface with stable multi-layer core — authentic beauty. UFH compatible.</p>
<h3>Key Features</h3><ul><li>Real Wood Surface</li><li>Stable Multi-Layer Core</li><li>UFH Compatible</li><li>All Floor Levels</li><li>Click/Nail/Glue Options</li></ul>
<h3>Installation</h3><p>Floating click, nail or glue. UFH max 27°C. Acclimatise 48 hrs.</p>
<h3>Care</h3><p>Vacuum regularly. Wood cleaner on damp mop. No steam or excess water.</p>
<h3>Why Factory Direct Flooring?</h3><p>UK's trusted flooring specialist — premium quality at factory direct prices. Free samples, full warranties and fast UK delivery.</p>",Factory Direct Flooring,,Engineered Wood,engineered-wood,TRUE,Title,Default Title,73999NOL,0,shopify,100,deny,manual,39.55,39.55,TRUE,TRUE,https://shadiikart-prog.github.io/product-scraper-demo/scrapers/output/images/00004_self_adhesive_14mm_angledge_profile_lifestyle_1.jpg,1,Abbey Nolet Engineered Wood Flooring 14mm x 125mm Smoke White Oak Brushed Matt Lacquer,Abbey Nolet Engineered Wood Flooring 14mm x 125mm Smoke White Oak Brushed Matt Lacquer | Factory Direct Flooring,Buy Abbey Nolet Engineered Wood Flooring 14mm x 125mm Smoke White Oak Brushed Matt Lacquer at Factory Direct Flooring — Engineered Wood at competitive prices. Free samples and UK delivery.,active
herringbone-parquet-engineered-wood-flooring-10mm-smoked-white-oak-brushed-matt-lacquer,Herringbone Parquet Engineered Wood Flooring 10mm Smoked White Oak Brushed Matt Lacquer,"<h2>Herringbone Parquet Engineered Wood Flooring 10mm Smoked White Oak Brushed Matt Lacquer</h2><p><strong>Herringbone Parquet Engineered Wood Flooring 10mm Smoked White Oak Brushed Matt Lacquer</strong> from Factory Direct Flooring in a beautiful <strong>Oak</strong> finish with a <strong>10mm</strong> thickness. Real wood surface with stable multi-layer core — authentic beauty. UFH compatible.</p>
<h3>Key Features</h3><ul><li>Real Wood Surface</li><li>Stable Multi-Layer Core</li><li>UFH Compatible</li><li>All Floor Levels</li><li>Click/Nail/Glue Options</li></ul>
<h3>Installation</h3><p>Floating click, nail or glue. UFH max 27°C. Acclimatise 48 hrs.</p>
<h3>Care</h3><p>Vacuum regularly. Wood cleaner on damp mop. No steam or excess water.</p>
<h3>Why Factory Direct Flooring?</h3><p>UK's trusted flooring specialist — premium quality at factory direct prices. Free samples, full warranties and fast UK delivery.</p>",Factory Direct Flooring,,Engineered Wood,engineered-wood,TRUE,Title,Default Title,74009SWO,0,shopify,100,deny,manual,35.99,35.99,TRUE,TRUE,,,,Herringbone Parquet Engineered Wood Flooring 10mm Smoked White Oak Brushed Matt Lacquer | Factory Direct Flooring,Buy Herringbone Parquet Engineered Wood Flooring 10mm Smoked White Oak Brushed Matt Lacquer at Factory Direct Flooring — Engineered Wood at competitive prices. Free samples and UK delivery.,active
herringbone-parquet-18mm-classic-oak-brushed-oiled-engineered,Herringbone Parquet 18mm Classic Oak Brushed Oiled Engineered,"<h2>Herringbone Parquet 18mm Classic Oak Brushed Oiled Engineered</h2><p><strong>Herringbone Parquet 18mm Classic Oak Brushed Oiled Engineered</strong> from Factory Direct Flooring in a beautiful <strong>Oak</strong> finish with a <strong>18mm</strong> thickness. Real wood surface with stable multi-layer core — authentic beauty. UFH compatible.</p>
<h3>Key Features</h3><ul><li>Real Wood Surface</li><li>Stable Multi-Layer Core</li><li>UFH Compatible</li><li>All Floor Levels</li><li>Click/Nail/Glue Options</li></ul>
<h3>Installation</h3><p>Floating click, nail or glue. UFH max 27°C. Acclimatise 48 hrs.</p>
<h3>Care</h3><p>Vacuum regularly. Wood cleaner on damp mop. No steam or excess water.</p>
<h3>Why Factory Direct Flooring?</h3><p>UK's trusted flooring specialist — premium quality at factory direct prices. Free samples, full warranties and fast UK delivery.</p>",Factory Direct Flooring,,Engineered Wood,engineered-wood,TRUE,Title,Default Title,H74075BO7,0,shopify,100,deny,manual,64.79,64.79,TRUE,TRUE,,,,Herringbone Parquet 18mm Classic Oak Brushed Oiled Engineered | Factory Direct Flooring,Buy Herringbone Parquet 18mm Classic Oak Brushed Oiled Engineered at Factory Direct Flooring — Engineered Wood at competitive prices. Free samples and UK delivery.,active
manor-althorpe-18mm-x-125mm-natural-lacquer-engineered-oak-flooring,Manor Althorpe 18mm x 125mm Natural Lacquer Engineered Oak Flooring,"<h2>Manor Althorpe 18mm x 125mm Natural Lacquer Engineered Oak Flooring</h2><p><strong>Manor Althorpe 18mm x 125mm Natural Lacquer Engineered Oak Flooring</strong> from Factory Direct Flooring in a beautiful <strong>Oak</strong> finish with a <strong>18mm</strong> thickness. Real wood surface with stable multi-layer core — authentic beauty. UFH compatible.</p>
<h3>Key Features</h3><ul><li>Real Wood Surface</li><li>Stable Multi-Layer Core</li><li>UFH Compatible</li><li>All Floor Levels</li><li>Click/Nail/Glue Options</li></ul>
<h3>Installation</h3><p>Floating click, nail or glue. UFH max 27°C. Acclimatise 48 hrs.</p>
<h3>Care</h3><p>Vacuum regularly. Wood cleaner on damp mop. No steam or excess water.</p>
<h3>Why Factory Direct Flooring?</h3><p>UK's trusted flooring specialist — premium quality at factory direct prices. Free samples, full warranties and fast UK delivery.</p>",Factory Direct Flooring,,Engineered Wood,engineered-wood,TRUE,Title,Default Title,74077ALT,0,shopify,100,deny,manual,50.39,50.39,TRUE,TRUE,,,,Manor Althorpe 18mm x 125mm Natural Lacquer Engineered Oak Flooring | Factory Direct Flooring,Buy Manor Althorpe 18mm x 125mm Natural Lacquer Engineered Oak Flooring at Factory Direct Flooring — Engineered Wood at competitive prices. Free samples and UK delivery.,active
manor-bramell-engineered-wood-flooring-18mm-x-125mm-nude-brushed-matt-lacquer,Manor Bramell Engineered Wood Flooring 18mm x 125mm Nude Brushed Matt Lacquer,"<h2>Manor Bramell Engineered Wood Flooring 18mm x 125mm Nude Brushed Matt Lacquer</h2><p><strong>Manor Bramell Engineered Wood Flooring 18mm x 125mm Nude Brushed Matt Lacquer</strong> from Factory Direct Flooring with a <strong>18mm</strong> thickness. Real wood surface with stable multi-layer core — authentic beauty. UFH compatible.</p>
<h3>Key Features</h3><ul><li>Real Wood Surface</li><li>Stable Multi-Layer Core</li><li>UFH Compatible</li><li>All Floor Levels</li><li>Click/Nail/Glue Options</li></ul>
<h3>Installation</h3><p>Floating click, nail or glue. UFH max 27°C. Acclimatise 48 hrs.</p>
<h3>Care</h3><p>Vacuum regularly. Wood cleaner on damp mop. No steam or excess water.</p>
<h3>Why Factory Direct Flooring?</h3><p>UK's trusted flooring specialist — premium quality at factory direct prices. Free samples, full warranties and fast UK delivery.</p>",Factory Direct Flooring,,Engineered Wood,engineered-wood,TRUE,Title,Default Title,74078BRA,0,shopify,100,deny,manual,53.99,53.99,TRUE,TRUE,,,,Manor Bramell Engineered Wood Flooring 18mm x 125mm Nude Brushed Matt Lacquer | Factory Direct Flooring,Buy Manor Bramell Engineered Wood Flooring 18mm x 125mm Nude Brushed Matt Lacquer at Factory Direct Flooring — Engineered Wood at competitive prices. Free samples and UK delivery.,active
manor-dunham-engineered-wood-flooring-18mm-x-125mm-golden-oak-brushed-matt-lacquer,Manor Dunham Engineered Wood Flooring 18mm x 125mm Golden Oak Brushed Matt Lacquer,"<h2>Manor Dunham Engineered Wood Flooring 18mm x 125mm Golden Oak Brushed Matt Lacquer</h2><p><strong>Manor Dunham Engineered Wood Flooring 18mm x 125mm Golden Oak Brushed Matt Lacquer</strong> from Factory Direct Flooring in a beautiful <strong>Oak</strong> finish with a <strong>18mm</strong> thickness. Real wood surface with stable multi-layer core — authentic beauty. UFH compatible.</p>
<h3>Key Features</h3><ul><li>Real Wood Surface</li><li>Stable Multi-Layer Core</li><li>UFH Compatible</li><li>All Floor Levels</li><li>Click/Nail/Glue Options</li></ul>
<h3>Installation</h3><p>Floating click, nail or glue. UFH max 27°C. Acclimatise 48 hrs.</p>
<h3>Care</h3><p>Vacuum regularly. Wood cleaner on damp mop. No steam or excess water.</p>
<h3>Why Factory Direct Flooring?</h3><p>UK's trusted flooring specialist — premium quality at factory direct prices. Free samples, full warranties and fast UK delivery.</p>",Factory Direct Flooring,,Engineered Wood,engineered-wood,TRUE,Title,Default Title,74079DUN,0,shopify,100,deny,manual,53.15,53.15,TRUE,TRUE,,,,Manor Dunham Engineered Wood Flooring 18mm x 125mm Golden Oak Brushed Matt Lacquer | Factory Direct Flooring,Buy Manor Dunham Engineered Wood Flooring 18mm x 125mm Golden Oak Brushed Matt Lacquer at Factory Direct Flooring — Engineered Wood at competitive prices. Free samples and UK delivery.,active
manor-houghton-engineered-wood-flooring-18mm-x-125mm-natural-brushed-oiled-oak,Manor Houghton Engineered Wood Flooring 18mm x 125mm Natural Brushed Oiled Oak,"<h2>Manor Houghton Engineered Wood Flooring 18mm x 125mm Natural Brushed Oiled Oak</h2><p><strong>Manor Houghton Engineered Wood Flooring 18mm x 125mm Natural Brushed Oiled Oak</strong> from Factory Direct Flooring in a beautiful <strong>Oak</strong> finish with a <strong>18mm</strong> thickness. Real wood surface with stable multi-layer core — authentic beauty. UFH compatible.</p>
<h3>Key Features</h3><ul><li>Real Wood Surface</li><li>Stable Multi-Layer Core</li><li>UFH Compatible</li><li>All Floor Levels</li><li>Click/Nail/Glue Options</li></ul>
<h3>Installation</h3><p>Floating click, nail or glue. UFH max 27°C. Acclimatise 48 hrs.</p>
<h3>Care</h3><p>Vacuum regularly. Wood cleaner on damp mop. No steam or excess water.</p>
<h3>Why Factory Direct Flooring?</h3><p>UK's trusted flooring specialist — premium quality at factory direct prices. Free samples, full warranties and fast UK delivery.</p>",Factory Direct Flooring,,Engineered Wood,engineered-wood,TRUE,Title,Default Title,74080HOU,0,shopify,100,deny,manual,53.99,53.99,TRUE,TRUE,,,,Manor Houghton Engineered Wood Flooring 18mm x 125mm Natural Brushed Oiled Oak | Factory Direct Flooring,Buy Manor Houghton Engineered Wood Flooring 18mm x 125mm Natural Brushed Oiled Oak at Factory Direct Flooring — Engineered Wood at competitive prices. Free samples and UK delivery.,active
manor-naworth-engineered-wood-flooring-18mm-x-125mm-golden-handscraped-lacquer,Manor Naworth Engineered Wood Flooring 18mm x 125mm Golden Handscraped Lacquer,"<h2>Manor Naworth Engineered Wood Flooring 18mm x 125mm Golden Handscraped Lacquer</h2><p><strong>Manor Naworth Engineered Wood Flooring 18mm x 125mm Golden Handscraped Lacquer</strong> from Factory Direct Flooring in a beautiful <strong>Golden</strong> finish with a <strong>18mm</strong> thickness. Real wood surface with stable multi-layer core — authentic beauty. UFH compatible.</p>
<h3>Key Features</h3><ul><li>Real Wood Surface</li><li>Stable Multi-Layer Core</li><li>UFH Compatible</li><li>All Floor Levels</li><li>Click/Nail/Glue Options</li></ul>
<h3>Installation</h3><p>Floating click, nail or glue. UFH max 27°C. Acclimatise 48 hrs.</p>
<h3>Care</h3><p>Vacuum regularly. Wood cleaner on damp mop. No steam or excess water.</p>
<h3>Why Factory Direct Flooring?</h3><p>UK's trusted flooring specialist — premium quality at factory direct prices. Free samples, full warranties and fast UK delivery.</p>",Factory Direct Flooring,,Engineered Wood,engineered-wood,TRUE,Title,Default Title,74081NAW,0,shopify,100,deny,manual,47.94,47.94,TRUE,TRUE,,,,Manor Naworth Engineered Wood Flooring 18mm x 125mm Golden Handscraped Lacquer | Factory Direct Flooring,Buy Manor Naworth Engineered Wood Flooring 18mm x 125mm Golden Handscraped Lacquer at Factory Direct Flooring — Engineered Wood at competitive prices. Free samples and UK delivery.,active
manor-corsham-engineered-wood-flooring-18mm-x-190mm-golden-brushed-oiled,Manor Corsham Engineered Wood Flooring 18mm x 190mm Golden Brushed Oiled,"<h2>Manor Corsham Engineered Wood Flooring 18mm x 190mm Golden Brushed Oiled</h2><p><strong>Manor Corsham Engineered Wood Flooring 18mm x 190mm Golden Brushed Oiled</strong> from Factory Direct Flooring in a beautiful <strong>Golden</strong> finish with a <strong>18mm</strong> thickness. Real wood surface with stable multi-layer core — authentic beauty. UFH compatible.</p>
<h3>Key Features</h3><ul><li>Real Wood Surface</li><li>Stable Multi-Layer Core</li><li>UFH Compatible</li><li>All Floor Levels</li><li>Click/Nail/Glue Options</li></ul>
<h3>Installation</h3><p>Floating click, nail or glue. UFH max 27°C. Acclimatise 48 hrs.</p>
<h3>Care</h3><p>Vacuum regularly. Wood cleaner on damp mop. No steam or excess water.</p>
<h3>Why Factory Direct Flooring?</h3><p>UK's trusted flooring specialist — premium quality at factory direct prices. Free samples, full warranties and fast UK delivery.</p>",Factory Direct Flooring,,Engineered Wood,engineered-wood,TRUE,Title,Default Title,74082COR,0,shopify,100,deny,manual,53.98,53.98,TRUE,TRUE,,,,Manor Corsham Engineered Wood Flooring 18mm x 190mm Golden Brushed Oiled | Factory Direct Flooring,Buy Manor Corsham Engineered Wood Flooring 18mm x 190mm Golden Brushed Oiled at Factory Direct Flooring — Engineered Wood at competitive prices. Free samples and UK delivery.,active
manor-elton-engineered-wood-flooring-18mm-x-190mm-natural-oak-brushed-oiled,Manor Elton Engineered Wood Flooring 18mm x 190mm Natural Oak Brushed Oiled,"<h2>Manor Elton Engineered Wood Flooring 18mm x 190mm Natural Oak Brushed Oiled</h2><p><strong>Manor Elton Engineered Wood Flooring 18mm x 190mm Natural Oak Brushed Oiled</strong> from Factory Direct Flooring in a beautiful <strong>Oak</strong> finish with a <strong>18mm</strong> thickness. Real wood surface with stable multi-layer core — authentic beauty. UFH compatible.</p>
<h3>Key Features</h3><ul><li>Real Wood Surface</li><li>Stable Multi-Layer Core</li><li>UFH Compatible</li><li>All Floor Levels</li><li>Click/Nail/Glue Options</li></ul>
<h3>Installation</h3><p>Floating click, nail or glue. UFH max 27°C. Acclimatise 48 hrs.</p>
<h3>Care</h3><p>Vacuum regularly. Wood cleaner on damp mop. No steam or excess water.</p>
<h3>Why Factory Direct Flooring?</h3><p>UK's trusted flooring specialist — premium quality at factory direct prices. Free samples, full warranties and fast UK delivery.</p>",Factory Direct Flooring,,Engineered Wood,engineered-wood,TRUE,Title,Default Title,74083ELT,0,shopify,100,deny,manual,53.98,53.98,TRUE,TRUE,,,,Manor Elton Engineered Wood Flooring 18mm x 190mm Natural Oak Brushed Oiled | Factory Direct Flooring,Buy Manor Elton Engineered Wood Flooring 18mm x 190mm Natural Oak Brushed Oiled at Factory Direct Flooring — Engineered Wood at competitive prices. Free samples and UK delivery.,active
manor-gunby-engineered-wood-flooring-18mm-x-190mm-natural-oak-brushed-matt-lacquered,Manor Gunby Engineered Wood Flooring 18mm x 190mm Natural Oak Brushed Matt Lacquered,"<h2>Manor Gunby Engineered Wood Flooring 18mm x 190mm Natural Oak Brushed Matt Lacquered</h2><p><strong>Manor Gunby Engineered Wood Flooring 18mm x 190mm Natural Oak Brushed Matt Lacquered</strong> from Factory Direct Flooring in a beautiful <strong>Oak</strong> finish with a <strong>18mm</strong> thickness. Real wood surface with stable multi-layer core — authentic beauty. UFH compatible.</p>
<h3>Key Features</h3><ul><li>Real Wood Surface</li><li>Stable Multi-Layer Core</li><li>UFH Compatible</li><li>All Floor Levels</li><li>Click/Nail/Glue Options</li></ul>
<h3>Installation</h3><p>Floating click, nail or glue. UFH max 27°C. Acclimatise 48 hrs.</p>
<h3>Care</h3><p>Vacuum regularly. Wood cleaner on damp mop. No steam or excess water.</p>
<h3>Why Factory Direct Flooring?</h3><p>UK's trusted flooring specialist — premium quality at factory direct prices. Free samples, full warranties and fast UK delivery.</p>",Factory Direct Flooring,,Engineered Wood,engineered-wood,TRUE,Title,Default Title,74084GUN,0,shopify,100,deny,manual,53.98,53.98,TRUE,TRUE,,,,Manor Gunby Engineered Wood Flooring 18mm x 190mm Natural Oak Brushed Matt Lacquered | Factory Direct Flooring,Buy Manor Gunby Engineered Wood Flooring 18mm x 190mm Natural Oak Brushed Matt Lacquered at Factory Direct Flooring — Engineered Wood at competitive prices. Free samples and UK delivery.,active
manor-kelham-engineered-wood-flooring-18mm-x-190mm-limed-white-brushed-matt-lacquered,Manor Kelham Engineered Wood Flooring 18mm x 190mm Limed White Brushed Matt Lacquered,"<h2>Manor Kelham Engineered Wood Flooring 18mm x 190mm Limed White Brushed Matt Lacquered</h2><p><strong>Manor Kelham Engineered Wood Flooring 18mm x 190mm Limed White Brushed Matt Lacquered</strong> from Factory Direct Flooring in a beautiful <strong>White</strong> finish with a <strong>18mm</strong> thickness. Real wood surface with stable multi-layer core — authentic beauty. UFH compatible.</p>
<h3>Key Features</h3><ul><li>Real Wood Surface</li><li>Stable Multi-Layer Core</li><li>UFH Compatible</li><li>All Floor Levels</li><li>Click/Nail/Glue Options</li></ul>
<h3>Installation</h3><p>Floating click, nail or glue. UFH max 27°C. Acclimatise 48 hrs.</p>
<h3>Care</h3><p>Vacuum regularly. Wood cleaner on damp mop. No steam or excess water.</p>
<h3>Why Factory Direct Flooring?</h3><p>UK's trusted flooring specialist — premium quality at factory direct prices. Free samples, full warranties and fast UK delivery.</p>",Factory Direct Flooring,,Engineered Wood,engineered-wood,TRUE,Title,Default Title,74085KEL,0,shopify,100,deny,manual,53.98,53.98,TRUE,TRUE,,,,Manor Kelham Engineered Wood Flooring 18mm x 190mm Limed White Brushed Matt Lacquered | Factory Direct Flooring,Buy Manor Kelham Engineered Wood Flooring 18mm x 190mm Limed White Brushed Matt Lacquered at Factory Direct Flooring — Engineered Wood at competitive prices. Free samples and UK delivery.,active
manor-lytham-engineered-wood-flooring-18mm-x190mm-nude-brushed-matt-lacquer,Manor Lytham Engineered Wood Flooring 18mm x190mm Nude Brushed Matt Lacquer,"<h2>Manor Lytham Engineered Wood Flooring 18mm x190mm Nude Brushed Matt Lacquer</h2><p><strong>Manor Lytham Engineered Wood Flooring 18mm x190mm Nude Brushed Matt Lacquer</strong> from Factory Direct Flooring with a <strong>18mm</strong> thickness. Real wood surface with stable multi-layer core — authentic beauty. UFH compatible.</p>
<h3>Key Features</h3><ul><li>Real Wood Surface</li><li>Stable Multi-Layer Core</li><li>UFH Compatible</li><li>All Floor Levels</li><li>Click/Nail/Glue Options</li></ul>
<h3>Installation</h3><p>Floating click, nail or glue. UFH max 27°C. Acclimatise 48 hrs.</p>
<h3>Care</h3><p>Vacuum regularly. Wood cleaner on damp mop. No steam or excess water.</p>
<h3>Why Factory Direct Flooring?</h3><p>UK's trusted flooring specialist — premium quality at factory direct prices. Free samples, full warranties and fast UK delivery.</p>",Factory Direct Flooring,,Engineered Wood,engineered-wood,TRUE,Title,Default Title,74086LYT,0,shopify,100,deny,manual,53.98,53.98,TRUE,TRUE,,,,Manor Lytham Engineered Wood Flooring 18mm x190mm Nude Brushed Matt Lacquer | Factory Direct Flooring,Buy Manor Lytham Engineered Wood Flooring 18mm x190mm Nude Brushed Matt Lacquer at Factory Direct Flooring — Engineered Wood at competitive prices. Free samples and UK delivery.,active
manor-otley-engineered-wood-flooring-18mm-x-190mm-natural-oak-blackline-brushed-matt-lac,Manor Otley Engineered Wood Flooring 18mm x 190mm Natural Oak Blackline Brushed Matt Lac,"<h2>Manor Otley Engineered Wood Flooring 18mm x 190mm Natural Oak Blackline Brushed Matt Lac</h2><p><strong>Manor Otley Engineered Wood Flooring 18mm x 190mm Natural Oak Blackline Brushed Matt Lac</strong> from Factory Direct Flooring in a beautiful <strong>Oak</strong> finish with a <strong>18mm</strong> thickness. Real wood surface with stable multi-layer core — authentic beauty. UFH compatible.</p>
<h3>Key Features</h3><ul><li>Real Wood Surface</li><li>Stable Multi-Layer Core</li><li>UFH Compatible</li><li>All Floor Levels</li><li>Click/Nail/Glue Options</li></ul>
<h3>Installation</h3><p>Floating click, nail or glue. UFH max 27°C. Acclimatise 48 hrs.</p>
<h3>Care</h3><p>Vacuum regularly. Wood cleaner on damp mop. No steam or excess water.</p>
<h3>Why Factory Direct Flooring?</h3><p>UK's trusted flooring specialist — premium quality at factory direct prices. Free samples, full warranties and fast UK delivery.</p>",Factory Direct Flooring,,Engineered Wood,engineered-wood,TRUE,Title,Default Title,74087OTL,0,shopify,100,deny,manual,53.98,53.98,TRUE,TRUE,,,,Manor Otley Engineered Wood Flooring 18mm x 190mm Natural Oak Blackline Brushed Matt Lac | Factory Direct Flooring,Buy Manor Otley Engineered Wood Flooring 18mm x 190mm Natural Oak Blackline Brushed Matt Lac at Factory Direct Flooring — Engineered Wood at competitive prices. Free samples and UK delivery.,active
loire-engineered-wood-flooring-15mm-x-190mm-natural-oak-distressed-wax-oil,Loire Engineered Wood Flooring 15mm x 190mm Natural Oak Distressed Wax Oil,"<h2>Loire Engineered Wood Flooring 15mm x 190mm Natural Oak Distressed Wax Oil</h2><p><strong>Loire Engineered Wood Flooring 15mm x 190mm Natural Oak Distressed Wax Oil</strong> from Factory Direct Flooring in a beautiful <strong>Oak</strong> finish with a <strong>15mm</strong> thickness. Real wood surface with stable multi-layer core — authentic beauty. UFH compatible.</p>
<h3>Key Features</h3><ul><li>Real Wood Surface</li><li>Stable Multi-Layer Core</li><li>UFH Compatible</li><li>All Floor Levels</li><li>Click/Nail/Glue Options</li></ul>
<h3>Installation</h3><p>Floating click, nail or glue. UFH max 27°C. Acclimatise 48 hrs.</p>
<h3>Care</h3><p>Vacuum regularly. Wood cleaner on damp mop. No steam or excess water.</p>
<h3>Why Factory Direct Flooring?</h3><p>UK's trusted flooring specialist — premium quality at factory direct prices. Free samples, full warranties and fast UK delivery.</p>",Factory Direct Flooring,,Engineered Wood,engineered-wood,TRUE,Title,Default Title,74089LON,0,shopify,100,deny,manual,59.99,59.99,TRUE,TRUE,,,,Loire Engineered Wood Flooring 15mm x 190mm Natural Oak Distressed Wax Oil | Factory Direct Flooring,Buy Loire Engineered Wood Flooring 15mm x 190mm Natural Oak Distressed Wax Oil at Factory Direct Flooring — Engineered Wood at competitive prices. Free samples and UK delivery.,active
loire-rich-oak-distressed-wax-oil-15mm-engineered,Loire Rich Oak Distressed Wax Oil 15mm Engineered,"<h2>Loire Rich Oak Distressed Wax Oil 15mm Engineered</h2><p><strong>Loire Rich Oak Distressed Wax Oil 15mm Engineered</strong> from Factory Direct Flooring in a beautiful <strong>Oak</strong> finish with a <strong>15mm</strong> thickness. Real wood surface with stable multi-layer core — authentic beauty. UFH compatible.</p>
<h3>Key Features</h3><ul><li>Real Wood Surface</li><li>Stable Multi-Layer Core</li><li>UFH Compatible</li><li>All Floor Levels</li><li>Click/Nail/Glue Options</li></ul>
<h3>Installation</h3><p>Floating click, nail or glue. UFH max 27°C. Acclimatise 48 hrs.</p>
<h3>Care</h3><p>Vacuum regularly. Wood cleaner on damp mop. No steam or excess water.</p>
<h3>Why Factory Direct Flooring?</h3><p>UK's trusted flooring specialist — premium quality at factory direct prices. Free samples, full warranties and fast UK delivery.</p>",Factory Direct Flooring,,Engineered Wood,engineered-wood,TRUE,Title,Default Title,74090LRO,0,shopify,100,deny,manual,59.99,59.99,TRUE,TRUE,,,,Loire Rich Oak Distressed Wax Oil 15mm Engineered | Factory Direct Flooring,Buy Loire Rich Oak Distressed Wax Oil 15mm Engineered at Factory Direct Flooring — Engineered Wood at competitive prices. Free samples and UK delivery.,active
loire-engineered-wood-flooring-golden-oak-distressed-wax-oil-15mm-x-190mm,Loire Engineered Wood Flooring Golden Oak Distressed Wax Oil 15mm x 190mm,"<h2>Loire Engineered Wood Flooring Golden Oak Distressed Wax Oil 15mm x 190mm</h2><p><strong>Loire Engineered Wood Flooring Golden Oak Distressed Wax Oil 15mm x 190mm</strong> from Factory Direct Flooring in a beautiful <strong>Oak</strong> finish with a <strong>15mm</strong> thickness. Real wood surface with stable multi-layer core — authentic beauty. UFH compatible.</p>
<h3>Key Features</h3><ul><li>Real Wood Surface</li><li>Stable Multi-Layer Core</li><li>UFH Compatible</li><li>All Floor Levels</li><li>Click/Nail/Glue Options</li></ul>
<h3>Installation</h3><p>Floating click, nail or glue. UFH max 27°C. Acclimatise 48 hrs.</p>
<h3>Care</h3><p>Vacuum regularly. Wood cleaner on damp mop. No steam or excess water.</p>
<h3>Why Factory Direct Flooring?</h3><p>UK's trusted flooring specialist — premium quality at factory direct prices. Free samples, full warranties and fast UK delivery.</p>",Factory Direct Flooring,,Engineered Wood,engineered-wood,TRUE,Title,Default Title,74091LGO,0,shopify,100,deny,manual,59.99,59.99,TRUE,TRUE,,,,Loire Engineered Wood Flooring Golden Oak Distressed Wax Oil 15mm x 190mm | Factory Direct Flooring,Buy Loire Engineered Wood Flooring Golden Oak Distressed Wax Oil 15mm x 190mm at Factory Direct Flooring — Engineered Wood at competitive prices. Free samples and UK delivery.,active
loire-engineered-wood-flooring-15mm-x-190mm-clear-oak-distressed-wax-oil,Loire Engineered Wood Flooring 15mm x 190mm Clear Oak Distressed Wax Oil,"<h2>Loire Engineered Wood Flooring 15mm x 190mm Clear Oak Distressed Wax Oil</h2><p><strong>Loire Engineered Wood Flooring 15mm x 190mm Clear Oak Distressed Wax Oil</strong> from Factory Direct Flooring in a beautiful <strong>Oak</strong> finish with a <strong>15mm</strong> thickness. Real wood surface with stable multi-layer core — authentic beauty. UFH compatible.</p>
<h3>Key Features</h3><ul><li>Real Wood Surface</li><li>Stable Multi-Layer Core</li><li>UFH Compatible</li><li>All Floor Levels</li><li>Click/Nail/Glue Options</li></ul>
<h3>Installation</h3><p>Floating click, nail or glue. UFH max 27°C. Acclimatise 48 hrs.</p>
<h3>Care</h3><p>Vacuum regularly. Wood cleaner on damp mop. No steam or excess water.</p>
<h3>Why Factory Direct Flooring?</h3><p>UK's trusted flooring specialist — premium quality at factory direct prices. Free samples, full warranties and fast UK delivery.</p>",Factory Direct Flooring,,Engineered Wood,engineered-wood,TRUE,Title,Default Title,74092CLO,0,shopify,100,deny,manual,52.64,52.64,TRUE,TRUE,,,,Loire Engineered Wood Flooring 15mm x 190mm Clear Oak Distressed Wax Oil | Factory Direct Flooring,Buy Loire Engineered Wood Flooring 15mm x 190mm Clear Oak Distressed Wax Oil at Factory Direct Flooring — Engineered Wood at competitive prices. Free samples and UK delivery.,active
herringbone-parquet-engineered-wood-flooring-18mm-natural-brushed-oiled,Herringbone Parquet Engineered Wood Flooring 18mm Natural Brushed Oiled,"<h2>Herringbone Parquet Engineered Wood Flooring 18mm Natural Brushed Oiled</h2><p><strong>Herringbone Parquet Engineered Wood Flooring 18mm Natural Brushed Oiled</strong> from Factory Direct Flooring in a beautiful <strong>Natural</strong> finish with a <strong>18mm</strong> thickness. Real wood surface with stable multi-layer core — authentic beauty. UFH compatible.</p>
<h3>Key Features</h3><ul><li>Real Wood Surface</li><li>Stable Multi-Layer Core</li><li>UFH Compatible</li><li>All Floor Levels</li><li>Click/Nail/Glue Options</li></ul>
<h3>Installation</h3><p>Floating click, nail or glue. UFH max 27°C. Acclimatise 48 hrs.</p>
<h3>Care</h3><p>Vacuum regularly. Wood cleaner on damp mop. No steam or excess water.</p>
<h3>Why Factory Direct Flooring?</h3><p>UK's trusted flooring specialist — premium quality at factory direct prices. Free samples, full warranties and fast UK delivery.</p>",Factory Direct Flooring,,Engineered Wood,engineered-wood,TRUE,Title,Default Title,74093BUL,0,shopify,100,deny,manual,64.79,64.79,TRUE,TRUE,,,,Herringbone Parquet Engineered Wood Flooring 18mm Natural Brushed Oiled | Factory Direct Flooring,Buy Herringbone Parquet Engineered Wood Flooring 18mm Natural Brushed Oiled at Factory Direct Flooring — Engineered Wood at competitive prices. Free samples and UK delivery.,active
herringbone-parquet-engineered-wood-flooring-18mm-natural-brushed-matt-lacquer,Herringbone Parquet Engineered Wood Flooring 18mm Natural Brushed Matt Lacquer,"<h2>Herringbone Parquet Engineered Wood Flooring 18mm Natural Brushed Matt Lacquer</h2><p><strong>Herringbone Parquet Engineered Wood Flooring 18mm Natural Brushed Matt Lacquer</strong> from Factory Direct Flooring in a beautiful <strong>Natural</strong> finish with a <strong>18mm</strong> thickness. Real wood surface with stable multi-layer core — authentic beauty. UFH compatible.</p>
<h3>Key Features</h3><ul><li>Real Wood Surface</li><li>Stable Multi-Layer Core</li><li>UFH Compatible</li><li>All Floor Levels</li><li>Click/Nail/Glue Options</li></ul>
<h3>Installation</h3><p>Floating click, nail or glue. UFH max 27°C. Acclimatise 48 hrs.</p>
<h3>Care</h3><p>Vacuum regularly. Wood cleaner on damp mop. No steam or excess water.</p>
<h3>Why Factory Direct Flooring?</h3><p>UK's trusted flooring specialist — premium quality at factory direct prices. Free samples, full warranties and fast UK delivery.</p>",Factory Direct Flooring,,Engineered Wood,engineered-wood,TRUE,Title,Default Title,74094BML,0,shopify,100,deny,manual,64.79,64.79,TRUE,TRUE,,,,Herringbone Parquet Engineered Wood Flooring 18mm Natural Brushed Matt Lacquer | Factory Direct Flooring,Buy Herringbone Parquet Engineered Wood Flooring 18mm Natural Brushed Matt Lacquer at Factory Direct Flooring — Engineered Wood at competitive prices. Free samples and UK delivery.,active
herringbone-parquet-18mm-engineered-wood-flooring-smoke-white-brushed-oiled,Herringbone Parquet 18mm Engineered Wood Flooring Smoke White Brushed Oiled,"<h2>Herringbone Parquet 18mm Engineered Wood Flooring Smoke White Brushed Oiled</h2><p><strong>Herringbone Parquet 18mm Engineered Wood Flooring Smoke White Brushed Oiled</strong> from Factory Direct Flooring in a beautiful <strong>White</strong> finish with a <strong>18mm</strong> thickness. Real wood surface with stable multi-layer core — authentic beauty. UFH compatible.</p>
<h3>Key Features</h3><ul><li>Real Wood Surface</li><li>Stable Multi-Layer Core</li><li>UFH Compatible</li><li>All Floor Levels</li><li>Click/Nail/Glue Options</li></ul>
<h3>Installation</h3><p>Floating click, nail or glue. UFH max 27°C. Acclimatise 48 hrs.</p>
<h3>Care</h3><p>Vacuum regularly. Wood cleaner on damp mop. No steam or excess water.</p>
<h3>Why Factory Direct Flooring?</h3><p>UK's trusted flooring specialist — premium quality at factory direct prices. Free samples, full warranties and fast UK delivery.</p>",Factory Direct Flooring,,Engineered Wood,engineered-wood,TRUE,Title,Default Title,74095SWB,0,shopify,100,deny,manual,64.79,64.79,TRUE,TRUE,,,,Herringbone Parquet 18mm Engineered Wood Flooring Smoke White Brushed Oiled | Factory Direct Flooring,Buy Herringbone Parquet 18mm Engineered Wood Flooring Smoke White Brushed Oiled at Factory Direct Flooring — Engineered Wood at competitive prices. Free samples and UK delivery.,active
herringbone-parquet-18mm-natural-blackline-brushed-matt-lacquered-engineered-flooring,Herringbone Parquet 18mm Natural Blackline Brushed Matt Lacquered Engineered Flooring,"<h2>Herringbone Parquet 18mm Natural Blackline Brushed Matt Lacquered Engineered Flooring</h2><p><strong>Herringbone Parquet 18mm Natural Blackline Brushed Matt Lacquered Engineered Flooring</strong> from Factory Direct Flooring in a beautiful <strong>Black</strong> finish with a <strong>18mm</strong> thickness. Real wood surface with stable multi-layer core — authentic beauty. UFH compatible.</p>
<h3>Key Features</h3><ul><li>Real Wood Surface</li><li>Stable Multi-Layer Core</li><li>UFH Compatible</li><li>All Floor Levels</li><li>Click/Nail/Glue Options</li></ul>
<h3>Installation</h3><p>Floating click, nail or glue. UFH max 27°C. Acclimatise 48 hrs.</p>
<h3>Care</h3><p>Vacuum regularly. Wood cleaner on damp mop. No steam or excess water.</p>
<h3>Why Factory Direct Flooring?</h3><p>UK's trusted flooring specialist — premium quality at factory direct prices. Free samples, full warranties and fast UK delivery.</p>",Factory Direct Flooring,,Engineered Wood,engineered-wood,TRUE,Title,Default Title,74096NBB,0,shopify,100,deny,manual,64.79,64.79,TRUE,TRUE,,,,Herringbone Parquet 18mm Natural Blackline Brushed Matt Lacquered Engineered Flooring | Factory Direct Flooring,Buy Herringbone Parquet 18mm Natural Blackline Brushed Matt Lacquered Engineered Flooring at Factory Direct Flooring — Engineered Wood at competitive prices. Free samples and UK delivery.,active
herringbone-parquet-engineered-wood-flooring-18mm-deep-brushed-white-oiled,Herringbone Parquet Engineered Wood Flooring 18mm Deep Brushed White Oiled,"<h2>Herringbone Parquet Engineered Wood Flooring 18mm Deep Brushed White Oiled</h2><p><strong>Herringbone Parquet Engineered Wood Flooring 18mm Deep Brushed White Oiled</strong> from Factory Direct Flooring in a beautiful <strong>White</strong> finish with a <strong>18mm</strong> thickness. Real wood surface with stable multi-layer core — authentic beauty. UFH compatible.</p>
<h3>Key Features</h3><ul><li>Real Wood Surface</li><li>Stable Multi-Layer Core</li><li>UFH Compatible</li><li>All Floor Levels</li><li>Click/Nail/Glue Options</li></ul>
<h3>Installation</h3><p>Floating click, nail or glue. UFH max 27°C. Acclimatise 48 hrs.</p>
<h3>Care</h3><p>Vacuum regularly. Wood cleaner on damp mop. No steam or excess water.</p>
<h3>Why Factory Direct Flooring?</h3><p>UK's trusted flooring specialist — premium quality at factory direct prices. Free samples, full warranties and fast UK delivery.</p>",Factory Direct Flooring,,Engineered Wood,engineered-wood,TRUE,Title,Default Title,74097DBW,0,shopify,100,deny,manual,64.79,64.79,TRUE,TRUE,,,,Herringbone Parquet Engineered Wood Flooring 18mm Deep Brushed White Oiled | Factory Direct Flooring,Buy Herringbone Parquet Engineered Wood Flooring 18mm Deep Brushed White Oiled at Factory Direct Flooring — Engineered Wood at competitive prices. Free samples and UK delivery.,active
herringbone-parquet-engineered-wood-flooring-18mm-nude-brushed-matt-lacquered,Herringbone Parquet Engineered Wood Flooring 18mm Nude Brushed Matt Lacquered,"<h2>Herringbone Parquet Engineered Wood Flooring 18mm Nude Brushed Matt Lacquered</h2><p><strong>Herringbone Parquet Engineered Wood Flooring 18mm Nude Brushed Matt Lacquered</strong> from Factory Direct Flooring with a <strong>18mm</strong> thickness. Real wood surface with stable multi-layer core — authentic beauty. UFH compatible.</p>
<h3>Key Features</h3><ul><li>Real Wood Surface</li><li>Stable Multi-Layer Core</li><li>UFH Compatible</li><li>All Floor Levels</li><li>Click/Nail/Glue Options</li></ul>
<h3>Installation</h3><p>Floating click, nail or glue. UFH max 27°C. Acclimatise 48 hrs.</p>
<h3>Care</h3><p>Vacuum regularly. Wood cleaner on damp mop. No steam or excess water.</p>
<h3>Why Factory Direct Flooring?</h3><p>UK's trusted flooring specialist — premium quality at factory direct prices. Free samples, full warranties and fast UK delivery.</p>",Factory Direct Flooring,,Engineered Wood,engineered-wood,TRUE,Title,Default Title,74098NBL,0,shopify,100,deny,manual,64.79,64.79,TRUE,TRUE,,,,Herringbone Parquet Engineered Wood Flooring 18mm Nude Brushed Matt Lacquered | Factory Direct Flooring,Buy Herringbone Parquet Engineered Wood Flooring 18mm Nude Brushed Matt Lacquered at Factory Direct Flooring — Engineered Wood at competitive prices. Free samples and UK delivery.,active
herringbone-parquet-engineered-wood-flooring-18mm-warm-harvest-brushed-oiled,Herringbone Parquet Engineered Wood Flooring 18mm Warm Harvest Brushed Oiled,"<h2>Herringbone Parquet Engineered Wood Flooring 18mm Warm Harvest Brushed Oiled</h2><p><strong>Herringbone Parquet Engineered Wood Flooring 18mm Warm Harvest Brushed Oiled</strong> from Factory Direct Flooring with a <strong>18mm</strong> thickness. Real wood surface with stable multi-layer core — authentic beauty. UFH compatible.</p>
<h3>Key Features</h3><ul><li>Real Wood Surface</li><li>Stable Multi-Layer Core</li><li>UFH Compatible</li><li>All Floor Levels</li><li>Click/Nail/Glue Options</li></ul>
<h3>Installation</h3><p>Floating click, nail or glue. UFH max 27°C. Acclimatise 48 hrs.</p>
<h3>Care</h3><p>Vacuum regularly. Wood cleaner on damp mop. No steam or excess water.</p>
<h3>Why Factory Direct Flooring?</h3><p>UK's trusted flooring specialist — premium quality at factory direct prices. Free samples, full warranties and fast UK delivery.</p>",Factory Direct Flooring,,Engineered Wood,engineered-wood,TRUE,Title,Default Title,74099HBO,0,shopify,100,deny,manual,64.79,64.79,TRUE,TRUE,,,,Herringbone Parquet Engineered Wood Flooring 18mm Warm Harvest Brushed Oiled | Factory Direct Flooring,Buy Herringbone Parquet Engineered Wood Flooring 18mm Warm Harvest Brushed Oiled at Factory Direct Flooring — Engineered Wood at competitive prices. Free samples and UK delivery.,active
abbey-audley-engineered-wood-flooring-oak-14mm-x-165mm-brushed-oiled,Abbey Audley Engineered Wood Flooring Oak 14mm x 165mm Brushed Oiled,"<h2>Abbey Audley Engineered Wood Flooring Oak 14mm x 165mm Brushed Oiled</h2><p><strong>Abbey Audley Engineered Wood Flooring Oak 14mm x 165mm Brushed Oiled</strong> from Factory Direct Flooring in a beautiful <strong>Oak</strong> finish with a <strong>14mm</strong> thickness. Real wood surface with stable multi-layer core — authentic beauty. UFH compatible.</p>
<h3>Key Features</h3><ul><li>Real Wood Surface</li><li>Stable Multi-Layer Core</li><li>UFH Compatible</li><li>All Floor Levels</li><li>Click/Nail/Glue Options</li></ul>
<h3>Installation</h3><p>Floating click, nail or glue. UFH max 27°C. Acclimatise 48 hrs.</p>
<h3>Care</h3><p>Vacuum regularly. Wood cleaner on damp mop. No steam or excess water.</p>
<h3>Why Factory Direct Flooring?</h3><p>UK's trusted flooring specialist — premium quality at factory direct prices. Free samples, full warranties and fast UK delivery.</p>",Factory Direct Flooring,,Engineered Wood,engineered-wood,TRUE,Title,Default Title,74100AUD,0,shopify,100,deny,manual,39.36,39.36,TRUE,TRUE,,,,Abbey Audley Engineered Wood Flooring Oak 14mm x 165mm Brushed Oiled | Factory Direct Flooring,Buy Abbey Audley Engineered Wood Flooring Oak 14mm x 165mm Brushed Oiled at Factory Direct Flooring — Engineered Wood at competitive prices. Free samples and UK delivery.,active
abbey-danson-nude-oak-14mm-x-165mm-brushed-matt-lacquered-engineered-wood-flooring,Abbey Danson Nude Oak 14mm x 165mm Brushed Matt Lacquered Engineered Wood Flooring,"<h2>Abbey Danson Nude Oak 14mm x 165mm Brushed Matt Lacquered Engineered Wood Flooring</h2><p><strong>Abbey Danson Nude Oak 14mm x 165mm Brushed Matt Lacquered Engineered Wood Flooring</strong> from Factory Direct Flooring in a beautiful <strong>Oak</strong> finish with a <strong>14mm</strong> thickness. Real wood surface with stable multi-layer core — authentic beauty. UFH compatible.</p>
<h3>Key Features</h3><ul><li>Real Wood Surface</li><li>Stable Multi-Layer Core</li><li>UFH Compatible</li><li>All Floor Levels</li><li>Click/Nail/Glue Options</li></ul>
<h3>Installation</h3><p>Floating click, nail or glue. UFH max 27°C. Acclimatise 48 hrs.</p>
<h3>Care</h3><p>Vacuum regularly. Wood cleaner on damp mop. No steam or excess water.</p>
<h3>Why Factory Direct Flooring?</h3><p>UK's trusted flooring specialist — premium quality at factory direct prices. Free samples, full warranties and fast UK delivery.</p>",Factory Direct Flooring,,Engineered Wood,engineered-wood,TRUE,Title,Default Title,74101DAN,0,shopify,100,deny,manual,38.14,38.14,TRUE,TRUE,,,,Abbey Danson Nude Oak 14mm x 165mm Brushed Matt Lacquered Engineered Wood Flooring | Factory Direct Flooring,Buy Abbey Danson Nude Oak 14mm x 165mm Brushed Matt Lacquered Engineered Wood Flooring at Factory Direct Flooring — Engineered Wood at competitive prices. Free samples and UK delivery.,active
abbey-standen-oak-golden-engineered-flooring-14mm-x-165mm-brushed-matt-lacquered,Abbey Standen Oak Golden Engineered Flooring 14mm x 165mm Brushed Matt Lacquered,"<h2>Abbey Standen Oak Golden Engineered Flooring 14mm x 165mm Brushed Matt Lacquered</h2><p><strong>Abbey Standen Oak Golden Engineered Flooring 14mm x 165mm Brushed Matt Lacquered</strong> from Factory Direct Flooring in a beautiful <strong>Oak</strong> finish with a <strong>14mm</strong> thickness. Real wood surface with stable multi-layer core — authentic beauty. UFH compatible.</p>
<h3>Key Features</h3><ul><li>Real Wood Surface</li><li>Stable Multi-Layer Core</li><li>UFH Compatible</li><li>All Floor Levels</li><li>Click/Nail/Glue Options</li></ul>
<h3>Installation</h3><p>Floating click, nail or glue. UFH max 27°C. Acclimatise 48 hrs.</p>
<h3>Care</h3><p>Vacuum regularly. Wood cleaner on damp mop. No steam or excess water.</p>
<h3>Why Factory Direct Flooring?</h3><p>UK's trusted flooring specialist — premium quality at factory direct prices. Free samples, full warranties and fast UK delivery.</p>",Factory Direct Flooring,,Engineered Wood,engineered-wood,TRUE,Title,Default Title,74102STA,0,shopify,100,deny,manual,38.14,38.14,TRUE,TRUE,,,,Abbey Standen Oak Golden Engineered Flooring 14mm x 165mm Brushed Matt Lacquered | Factory Direct Flooring,Buy Abbey Standen Oak Golden Engineered Flooring 14mm x 165mm Brushed Matt Lacquered at Factory Direct Flooring — Engineered Wood at competitive prices. Free samples and UK delivery.,active
herringbone-parquet-engineered-wood-flooring-14mm-essential-oak-brushed-lacquer,Herringbone Parquet Engineered Wood Flooring 14mm Essential Oak Brushed Lacquer,"<h2>Herringbone Parquet Engineered Wood Flooring 14mm Essential Oak Brushed Lacquer</h2><p><strong>Herringbone Parquet Engineered Wood Flooring 14mm Essential Oak Brushed Lacquer</strong> from Factory Direct Flooring in a beautiful <strong>Oak</strong> finish with a <strong>14mm</strong> thickness. Real wood surface with stable multi-layer core — authentic beauty. UFH compatible.</p>
<h3>Key Features</h3><ul><li>Real Wood Surface</li><li>Stable Multi-Layer Core</li><li>UFH Compatible</li><li>All Floor Levels</li><li>Click/Nail/Glue Options</li></ul>
<h3>Installation</h3><p>Floating click, nail or glue. UFH max 27°C. Acclimatise 48 hrs.</p>
<h3>Care</h3><p>Vacuum regularly. Wood cleaner on damp mop. No steam or excess water.</p>
<h3>Why Factory Direct Flooring?</h3><p>UK's trusted flooring specialist — premium quality at factory direct prices. Free samples, full warranties and fast UK delivery.</p>",Factory Direct Flooring,,Engineered Wood,engineered-wood,TRUE,Title,Default Title,74161OBL,0,shopify,100,deny,manual,49.18,49.18,TRUE,TRUE,,,,Herringbone Parquet Engineered Wood Flooring 14mm Essential Oak Brushed Lacquer | Factory Direct Flooring,Buy Herringbone Parquet Engineered Wood Flooring 14mm Essential Oak Brushed Lacquer at Factory Direct Flooring — Engineered Wood at competitive prices. Free samples and UK delivery.,active
herringbone-parquet-engineered-wood-flooring-14mm-stripped-oak-brushed-oiled,Herringbone Parquet Engineered Wood Flooring 14mm Stripped Oak Brushed Oiled,"<h2>Herringbone Parquet Engineered Wood Flooring 14mm Stripped Oak Brushed Oiled</h2><p><strong>Herringbone Parquet Engineered Wood Flooring 14mm Stripped Oak Brushed Oiled</strong> from Factory Direct Flooring in a beautiful <strong>Oak</strong> finish with a <strong>14mm</strong> thickness. Real wood surface with stable multi-layer core — authentic beauty. UFH compatible.</p>
<h3>Key Features</h3><ul><li>Real Wood Surface</li><li>Stable Multi-Layer Core</li><li>UFH Compatible</li><li>All Floor Levels</li><li>Click/Nail/Glue Options</li></ul>
<h3>Installation</h3><p>Floating click, nail or glue. UFH max 27°C. Acclimatise 48 hrs.</p>
<h3>Care</h3><p>Vacuum regularly. Wood cleaner on damp mop. No steam or excess water.</p>
<h3>Why Factory Direct Flooring?</h3><p>UK's trusted flooring specialist — premium quality at factory direct prices. Free samples, full warranties and fast UK delivery.</p>",Factory Direct Flooring,,Engineered Wood,engineered-wood,TRUE,Title,Default Title,74162OBO,0,shopify,100,deny,manual,49.18,49.18,TRUE,TRUE,,,,Herringbone Parquet Engineered Wood Flooring 14mm Stripped Oak Brushed Oiled | Factory Direct Flooring,Buy Herringbone Parquet Engineered Wood Flooring 14mm Stripped Oak Brushed Oiled at Factory Direct Flooring — Engineered Wood at competitive prices. Free samples and UK delivery.,active
herringbone-parquet-engineered-wood-flooring-14mm-ambergrain-oak-brushed-lacquer,Herringbone Parquet Engineered Wood Flooring 14mm Ambergrain Oak Brushed Lacquer,"<h2>Herringbone Parquet Engineered Wood Flooring 14mm Ambergrain Oak Brushed Lacquer</h2><p><strong>Herringbone Parquet Engineered Wood Flooring 14mm Ambergrain Oak Brushed Lacquer</strong> from Factory Direct Flooring in a beautiful <strong>Oak</strong> finish with a <strong>14mm</strong> thickness. Real wood surface with stable multi-layer core — authentic beauty. UFH compatible.</p>
<h3>Key Features</h3><ul><li>Real Wood Surface</li><li>Stable Multi-Layer Core</li><li>UFH Compatible</li><li>All Floor Levels</li><li>Click/Nail/Glue Options</li></ul>
<h3>Installation</h3><p>Floating click, nail or glue. UFH max 27°C. Acclimatise 48 hrs.</p>
<h3>Care</h3><p>Vacuum regularly. Wood cleaner on damp mop. No steam or excess water.</p>
<h3>Why Factory Direct Flooring?</h3><p>UK's trusted flooring specialist — premium quality at factory direct prices. Free samples, full warranties and fast UK delivery.</p>",Factory Direct Flooring,,Engineered Wood,engineered-wood,TRUE,Title,Default Title,74163AOB,0,shopify,100,deny,manual,49.18,49.18,TRUE,TRUE,,,,Herringbone Parquet Engineered Wood Flooring 14mm Ambergrain Oak Brushed Lacquer | Factory Direct Flooring,Buy Herringbone Parquet Engineered Wood Flooring 14mm Ambergrain Oak Brushed Lacquer at Factory Direct Flooring — Engineered Wood at competitive prices. Free samples and UK delivery.,active
herringbone-parquet-engineered-wood-flooring-14mm-genuine-smoke-grey-oak-brushed-oiled,Herringbone Parquet Engineered Wood Flooring 14mm Genuine Smoke Grey Oak Brushed Oiled,"<h2>Herringbone Parquet Engineered Wood Flooring 14mm Genuine Smoke Grey Oak Brushed Oiled</h2><p><strong>Herringbone Parquet Engineered Wood Flooring 14mm Genuine Smoke Grey Oak Brushed Oiled</strong> from Factory Direct Flooring in a beautiful <strong>Oak</strong> finish with a <strong>14mm</strong> thickness. Real wood surface with stable multi-layer core — authentic beauty. UFH compatible.</p>
<h3>Key Features</h3><ul><li>Real Wood Surface</li><li>Stable Multi-Layer Core</li><li>UFH Compatible</li><li>All Floor Levels</li><li>Click/Nail/Glue Options</li></ul>
<h3>Installation</h3><p>Floating click, nail or glue. UFH max 27°C. Acclimatise 48 hrs.</p>
<h3>Care</h3><p>Vacuum regularly. Wood cleaner on damp mop. No steam or excess water.</p>
<h3>Why Factory Direct Flooring?</h3><p>UK's trusted flooring specialist — premium quality at factory direct prices. Free samples, full warranties and fast UK delivery.</p>",Factory Direct Flooring,,Engineered Wood,engineered-wood,TRUE,Title,Default Title,74164GSG,0,shopify,100,deny,manual,49.18,49.18,TRUE,TRUE,,,,Herringbone Parquet Engineered Wood Flooring 14mm Genuine Smoke Grey Oak Brushed Oiled | Factory Direct Flooring,Buy Herringbone Parquet Engineered Wood Flooring 14mm Genuine Smoke Grey Oak Brushed Oiled at Factory Direct Flooring — Engineered Wood at competitive prices. Free samples and UK delivery.,active
herringbone-parquet-engineered-wood-flooring-12mm-natural-oak-brushed-uv-oiled,Herringbone Parquet Engineered Wood Flooring 12mm Natural Oak Brushed UV Oiled,"<h2>Herringbone Parquet Engineered Wood Flooring 12mm Natural Oak Brushed UV Oiled</h2><p><strong>Herringbone Parquet Engineered Wood Flooring 12mm Natural Oak Brushed UV Oiled</strong> from Factory Direct Flooring in a beautiful <strong>Oak</strong> finish with a <strong>12mm</strong> thickness. Real wood surface with stable multi-layer core — authentic beauty. UFH compatible.</p>
<h3>Key Features</h3><ul><li>Real Wood Surface</li><li>Stable Multi-Layer Core</li><li>UFH Compatible</li><li>All Floor Levels</li><li>Click/Nail/Glue Options</li></ul>
<h3>Installation</h3><p>Floating click, nail or glue. UFH max 27°C. Acclimatise 48 hrs.</p>
<h3>Care</h3><p>Vacuum regularly. Wood cleaner on damp mop. No steam or excess water.</p>
<h3>Why Factory Direct Flooring?</h3><p>UK's trusted flooring specialist — premium quality at factory direct prices. Free samples, full warranties and fast UK delivery.</p>",Factory Direct Flooring,,Engineered Wood,engineered-wood,TRUE,Title,Default Title,74167H,0,shopify,100,deny,manual,38.38,38.38,TRUE,TRUE,,,,Herringbone Parquet Engineered Wood Flooring 12mm Natural Oak Brushed UV Oiled | Factory Direct Flooring,Buy Herringbone Parquet Engineered Wood Flooring 12mm Natural Oak Brushed UV Oiled at Factory Direct Flooring — Engineered Wood at competitive prices. Free samples and UK delivery.,active
herringbone-parquet-engineered-wood-flooring-12mm-double-smoked-brushed-lacquer,Herringbone Parquet Engineered Wood Flooring 12mm Double Smoked Brushed Lacquer,"<h2>Herringbone Parquet Engineered Wood Flooring 12mm Double Smoked Brushed Lacquer</h2><p><strong>Herringbone Parquet Engineered Wood Flooring 12mm Double Smoked Brushed Lacquer</strong> from Factory Direct Flooring in a beautiful <strong>Smoked</strong> finish with a <strong>12mm</strong> thickness. Real wood surface with stable multi-layer core — authentic beauty. UFH compatible.</p>
<h3>Key Features</h3><ul><li>Real Wood Surface</li><li>Stable Multi-Layer Core</li><li>UFH Compatible</li><li>All Floor Levels</li><li>Click/Nail/Glue Options</li></ul>
<h3>Installation</h3><p>Floating click, nail or glue. UFH max 27°C. Acclimatise 48 hrs.</p>
<h3>Care</h3><p>Vacuum regularly. Wood cleaner on damp mop. No steam or excess water.</p>
<h3>Why Factory Direct Flooring?</h3><p>UK's trusted flooring specialist — premium quality at factory direct prices. Free samples, full warranties and fast UK delivery.</p>",Factory Direct Flooring,,Engineered Wood,engineered-wood,TRUE,Title,Default Title,74168H,0,shopify,100,deny,manual,39.59,39.59,TRUE,TRUE,,,,Herringbone Parquet Engineered Wood Flooring 12mm Double Smoked Brushed Lacquer | Factory Direct Flooring,Buy Herringbone Parquet Engineered Wood Flooring 12mm Double Smoked Brushed Lacquer at Factory Direct Flooring — Engineered Wood at competitive prices. Free samples and UK delivery.,active
herringbone-parquet-engineered-wood-flooring-12mm-smoked-brushed-lacquer,Herringbone Parquet Engineered Wood Flooring 12mm Smoked Brushed Lacquer,"<h2>Herringbone Parquet Engineered Wood Flooring 12mm Smoked Brushed Lacquer</h2><p><strong>Herringbone Parquet Engineered Wood Flooring 12mm Smoked Brushed Lacquer</strong> from Factory Direct Flooring in a beautiful <strong>Smoked</strong> finish with a <strong>12mm</strong> thickness. Real wood surface with stable multi-layer core — authentic beauty. UFH compatible.</p>
<h3>Key Features</h3><ul><li>Real Wood Surface</li><li>Stable Multi-Layer Core</li><li>UFH Compatible</li><li>All Floor Levels</li><li>Click/Nail/Glue Options</li></ul>
<h3>Installation</h3><p>Floating click, nail or glue. UFH max 27°C. Acclimatise 48 hrs.</p>
<h3>Care</h3><p>Vacuum regularly. Wood cleaner on damp mop. No steam or excess water.</p>
<h3>Why Factory Direct Flooring?</h3><p>UK's trusted flooring specialist — premium quality at factory direct prices. Free samples, full warranties and fast UK delivery.</p>",Factory Direct Flooring,,Engineered Wood,engineered-wood,TRUE,Title,Default Title,74169H,0,shopify,100,deny,manual,39.59,39.59,TRUE,TRUE,,,,Herringbone Parquet Engineered Wood Flooring 12mm Smoked Brushed Lacquer | Factory Direct Flooring,Buy Herringbone Parquet Engineered Wood Flooring 12mm Smoked Brushed Lacquer at Factory Direct Flooring — Engineered Wood at competitive prices. Free samples and UK delivery.,active
herringbone-parquet-engineered-wood-flooring-12mm-essence-oak-matt-lacquer,Herringbone Parquet Engineered Wood Flooring 12mm Essence Oak Matt Lacquer,"<h2>Herringbone Parquet Engineered Wood Flooring 12mm Essence Oak Matt Lacquer</h2><p><strong>Herringbone Parquet Engineered Wood Flooring 12mm Essence Oak Matt Lacquer</strong> from Factory Direct Flooring in a beautiful <strong>Oak</strong> finish with a <strong>12mm</strong> thickness. Real wood surface with stable multi-layer core — authentic beauty. UFH compatible.</p>
<h3>Key Features</h3><ul><li>Real Wood Surface</li><li>Stable Multi-Layer Core</li><li>UFH Compatible</li><li>All Floor Levels</li><li>Click/Nail/Glue Options</li></ul>
<h3>Installation</h3><p>Floating click, nail or glue. UFH max 27°C. Acclimatise 48 hrs.</p>
<h3>Care</h3><p>Vacuum regularly. Wood cleaner on damp mop. No steam or excess water.</p>
<h3>Why Factory Direct Flooring?</h3><p>UK's trusted flooring specialist — premium quality at factory direct prices. Free samples, full warranties and fast UK delivery.</p>",Factory Direct Flooring,,Engineered Wood,engineered-wood,TRUE,Title,Default Title,74170H,0,shopify,100,deny,manual,38.38,38.38,TRUE,TRUE,,,,Herringbone Parquet Engineered Wood Flooring 12mm Essence Oak Matt Lacquer | Factory Direct Flooring,Buy Herringbone Parquet Engineered Wood Flooring 12mm Essence Oak Matt Lacquer at Factory Direct Flooring — Engineered Wood at competitive prices. Free samples and UK delivery.,active
abbey-riverstone-engineered-wood-flooring-10mm-x-125mm-natural-brushed-lacquer-flooring,Abbey Riverstone Engineered Wood Flooring 10mm x 125mm Natural Brushed Lacquer Flooring,"<h2>Abbey Riverstone Engineered Wood Flooring 10mm x 125mm Natural Brushed Lacquer Flooring</h2><p><strong>Abbey Riverstone Engineered Wood Flooring 10mm x 125mm Natural Brushed Lacquer Flooring</strong> from Factory Direct Flooring in a beautiful <strong>Natural</strong> finish with a <strong>10mm</strong> thickness. Real wood surface with stable multi-layer core — authentic beauty. UFH compatible.</p>
<h3>Key Features</h3><ul><li>Real Wood Surface</li><li>Stable Multi-Layer Core</li><li>UFH Compatible</li><li>All Floor Levels</li><li>Click/Nail/Glue Options</li></ul>
<h3>Installation</h3><p>Floating click, nail or glue. UFH max 27°C. Acclimatise 48 hrs.</p>
<h3>Care</h3><p>Vacuum regularly. Wood cleaner on damp mop. No steam or excess water.</p>
<h3>Why Factory Direct Flooring?</h3><p>UK's trusted flooring specialist — premium quality at factory direct prices. Free samples, full warranties and fast UK delivery.</p>",Factory Direct Flooring,,Engineered Wood,engineered-wood,TRUE,Title,Default Title,74171P,0,shopify,100,deny,manual,32.39,32.39,TRUE,TRUE,,,,Abbey Riverstone Engineered Wood Flooring 10mm x 125mm Natural Brushed Lacquer Flooring | Factory Direct Flooring,Buy Abbey Riverstone Engineered Wood Flooring 10mm x 125mm Natural Brushed Lacquer Flooring at Factory Direct Flooring — Engineered Wood at competitive prices. Free samples and UK delivery.,active
abbey-cinder-engineered-wood-flooring-10mm-x-125mm-double-smoked-brushed-lacquer-flooring,Abbey Cinder Engineered Wood Flooring 10mm x 125mm Double Smoked Brushed Lacquer Flooring,"<h2>Abbey Cinder Engineered Wood Flooring 10mm x 125mm Double Smoked Brushed Lacquer Flooring</h2><p><strong>Abbey Cinder Engineered Wood Flooring 10mm x 125mm Double Smoked Brushed Lacquer Flooring</strong> from Factory Direct Flooring in a beautiful <strong>Smoked</strong> finish with a <strong>10mm</strong> thickness. Real wood surface with stable multi-layer core — authentic beauty. UFH compatible.</p>
<h3>Key Features</h3><ul><li>Real Wood Surface</li><li>Stable Multi-Layer Core</li><li>UFH Compatible</li><li>All Floor Levels</li><li>Click/Nail/Glue Options</li></ul>
<h3>Installation</h3><p>Floating click, nail or glue. UFH max 27°C. Acclimatise 48 hrs.</p>
<h3>Care</h3><p>Vacuum regularly. Wood cleaner on damp mop. No steam or excess water.</p>
<h3>Why Factory Direct Flooring?</h3><p>UK's trusted flooring specialist — premium quality at factory direct prices. Free samples, full warranties and fast UK delivery.</p>",Factory Direct Flooring,,Engineered Wood,engineered-wood,TRUE,Title,Default Title,74172P,0,shopify,100,deny,manual,32.39,32.39,TRUE,TRUE,,,,Abbey Cinder Engineered Wood Flooring 10mm x 125mm Double Smoked Brushed Lacquer Flooring | Factory Direct Flooring,Buy Abbey Cinder Engineered Wood Flooring 10mm x 125mm Double Smoked Brushed Lacquer Flooring at Factory Direct Flooring — Engineered Wood at competitive prices. Free samples and UK delivery.,active
herringbone-parquet-distressed-engineered-wood-flooring-15mm-double-smoked-hard-wax-oiled,Herringbone Parquet Distressed Engineered Wood Flooring 15mm Double Smoked Hard Wax Oiled,"<h2>Herringbone Parquet Distressed Engineered Wood Flooring 15mm Double Smoked Hard Wax Oiled</h2><p><strong>Herringbone Parquet Distressed Engineered Wood Flooring 15mm Double Smoked Hard Wax Oiled</strong> from Factory Direct Flooring in a beautiful <strong>Smoked</strong> finish with a <strong>15mm</strong> thickness. Real wood surface with stable multi-layer core — authentic beauty. UFH compatible.</p>
<h3>Key Features</h3><ul><li>Real Wood Surface</li><li>Stable Multi-Layer Core</li><li>UFH Compatible</li><li>All Floor Levels</li><li>Click/Nail/Glue Options</li></ul>
<h3>Installation</h3><p>Floating click, nail or glue. UFH max 27°C. Acclimatise 48 hrs.</p>
<h3>Care</h3><p>Vacuum regularly. Wood cleaner on damp mop. No steam or excess water.</p>
<h3>Why Factory Direct Flooring?</h3><p>UK's trusted flooring specialist — premium quality at factory direct prices. Free samples, full warranties and fast UK delivery.</p>",Factory Direct Flooring,,Engineered Wood,engineered-wood,TRUE,Title,Default Title,74173H,0,shopify,100,deny,manual,59.99,59.99,TRUE,TRUE,,,,Herringbone Parquet Distressed Engineered Wood Flooring 15mm Double Smoked Hard Wax Oiled | Factory Direct Flooring,Buy Herringbone Parquet Distressed Engineered Wood Flooring 15mm Double Smoked Hard Wax Oiled at Factory Direct Flooring — Engineered Wood at competitive prices. Free samples and UK delivery.,active
herringbone-parquet-engineered-wood-flooring-15mm-rich-oak-hard-wax-oiled,Herringbone Parquet Engineered Wood Flooring 15mm Rich Oak Hard Wax Oiled,"<h2>Herringbone Parquet Engineered Wood Flooring 15mm Rich Oak Hard Wax Oiled</h2><p><strong>Herringbone Parquet Engineered Wood Flooring 15mm Rich Oak Hard Wax Oiled</strong> from Factory Direct Flooring in a beautiful <strong>Oak</strong> finish with a <strong>15mm</strong> thickness. Real wood surface with stable multi-layer core — authentic beauty. UFH compatible.</p>
<h3>Key Features</h3><ul><li>Real Wood Surface</li><li>Stable Multi-Layer Core</li><li>UFH Compatible</li><li>All Floor Levels</li><li>Click/Nail/Glue Options</li></ul>
<h3>Installation</h3><p>Floating click, nail or glue. UFH max 27°C. Acclimatise 48 hrs.</p>
<h3>Care</h3><p>Vacuum regularly. Wood cleaner on damp mop. No steam or excess water.</p>
<h3>Why Factory Direct Flooring?</h3><p>UK's trusted flooring specialist — premium quality at factory direct prices. Free samples, full warranties and fast UK delivery.</p>",Factory Direct Flooring,,Engineered Wood,engineered-wood,TRUE,Title,Default Title,74174H,0,shopify,100,deny,manual,59.99,59.99,TRUE,TRUE,,,,Herringbone Parquet Engineered Wood Flooring 15mm Rich Oak Hard Wax Oiled | Factory Direct Flooring,Buy Herringbone Parquet Engineered Wood Flooring 15mm Rich Oak Hard Wax Oiled at Factory Direct Flooring — Engineered Wood at competitive prices. Free samples and UK delivery.,active
loire-engineered-wood-flooring-15mm-x-190mm-dark-distressed-wax-oiled,Loire Engineered Wood Flooring 15mm x 190mm Dark Distressed Wax Oiled,"<h2>Loire Engineered Wood Flooring 15mm x 190mm Dark Distressed Wax Oiled</h2><p><strong>Loire Engineered Wood Flooring 15mm x 190mm Dark Distressed Wax Oiled</strong> from Factory Direct Flooring with a <strong>15mm</strong> thickness. Real wood surface with stable multi-layer core — authentic beauty. UFH compatible.</p>
<h3>Key Features</h3><ul><li>Real Wood Surface</li><li>Stable Multi-Layer Core</li><li>UFH Compatible</li><li>All Floor Levels</li><li>Click/Nail/Glue Options</li></ul>
<h3>Installation</h3><p>Floating click, nail or glue. UFH max 27°C. Acclimatise 48 hrs.</p>
<h3>Care</h3><p>Vacuum regularly. Wood cleaner on damp mop. No steam or excess water.</p>
<h3>Why Factory Direct Flooring?</h3><p>UK's trusted flooring specialist — premium quality at factory direct prices. Free samples, full warranties and fast UK delivery.</p>",Factory Direct Flooring,,Engineered Wood,engineered-wood,TRUE,Title,Default Title,74190DDW,0,shopify,100,deny,manual,59.99,59.99,TRUE,TRUE,,,,Loire Engineered Wood Flooring 15mm x 190mm Dark Distressed Wax Oiled | Factory Direct Flooring,Buy Loire Engineered Wood Flooring 15mm x 190mm Dark Distressed Wax Oiled at Factory Direct Flooring — Engineered Wood at competitive prices. Free samples and UK delivery.,active
prestige-laminate-flooring-white-oak-8mm-v-groove-3201,Prestige Laminate Flooring White Oak 8mm V-Groove 3201,"<h2>Prestige Laminate Flooring White Oak 8mm V-Groove 3201</h2><p><strong>Prestige Laminate Flooring White Oak 8mm V-Groove 3201</strong> from Factory Direct Flooring in a beautiful <strong>Oak</strong> finish with a <strong>8mm</strong> thickness. Authentic wood or stone look — scratch-resistant and easy to fit.</p>
<h3>Key Features</h3><ul><li>HD Surface Layer</li><li>AC-Rated Scratch Resistance</li><li>Easy Click Fit</li><li>V-Groove Edges</li><li>Low Maintenance</li></ul>
<h3>Installation</h3><p>Click-lock floating. 10mm expansion gap. Quality underlay required.</p>
<h3>Care</h3><p>Vacuum with soft brush. Well-wrung damp mop. No steam cleaners.</p>
<h3>Why Factory Direct Flooring?</h3><p>UK's trusted flooring specialist — premium quality at factory direct prices. Free samples, full warranties and fast UK delivery.</p>",Factory Direct Flooring,,Laminate,laminate,TRUE,Title,Default Title,33934-FC49,0,shopify,100,deny,manual,16.79,16.79,TRUE,TRUE,,,,Prestige Laminate Flooring White Oak 8mm V-Groove 3201 | Factory Direct Flooring,Buy Prestige Laminate Flooring White Oak 8mm V-Groove 3201 at Factory Direct Flooring — Laminate at competitive prices. Free samples and UK delivery.,active
prestige-plus-laminate-flooring-12mm-arbor-oak-ac5-click-3570,Prestige Plus Laminate Flooring 12mm Arbor Oak AC5 Click 3570,"<h2>Prestige Plus Laminate Flooring 12mm Arbor Oak AC5 Click 3570</h2><p><strong>Prestige Plus Laminate Flooring 12mm Arbor Oak AC5 Click 3570</strong> from Factory Direct Flooring in a beautiful <strong>Oak</strong> finish with a <strong>12mm</strong> thickness. Authentic wood or stone look — scratch-resistant and easy to fit.</p>
<h3>Key Features</h3><ul><li>HD Surface Layer</li><li>AC-Rated Scratch Resistance</li><li>Easy Click Fit</li><li>V-Groove Edges</li><li>Low Maintenance</li></ul>
<h3>Installation</h3><p>Click-lock floating. 10mm expansion gap. Quality underlay required.</p>
<h3>Care</h3><p>Vacuum with soft brush. Well-wrung damp mop. No steam cleaners.</p>
<h3>Why Factory Direct Flooring?</h3><p>UK's trusted flooring specialist — premium quality at factory direct prices. Free samples, full warranties and fast UK delivery.</p>",Factory Direct Flooring,,Laminate,laminate,TRUE,Title,Default Title,33935,0,shopify,100,deny,manual,20.98,20.98,TRUE,TRUE,,,,Prestige Plus Laminate Flooring 12mm Arbor Oak AC5 Click 3570 | Factory Direct Flooring,Buy Prestige Plus Laminate Flooring 12mm Arbor Oak AC5 Click 3570 at Factory Direct Flooring — Laminate at competitive prices. Free samples and UK delivery.,active
prestige-oak-grey-8mm-v-groove-laminate-flooring-4175,Prestige Oak Grey 8mm V-Groove Laminate Flooring 4175,"<h2>Prestige Oak Grey 8mm V-Groove Laminate Flooring 4175</h2><p><strong>Prestige Oak Grey 8mm V-Groove Laminate Flooring 4175</strong> from Factory Direct Flooring in a beautiful <strong>Oak</strong> finish with a <strong>8mm</strong> thickness. Authentic wood or stone look — scratch-resistant and easy to fit.</p>
<h3>Key Features</h3><ul><li>HD Surface Layer</li><li>AC-Rated Scratch Resistance</li><li>Easy Click Fit</li><li>V-Groove Edges</li><li>Low Maintenance</li></ul>
<h3>Installation</h3><p>Click-lock floating. 10mm expansion gap. Quality underlay required.</p>
<h3>Care</h3><p>Vacuum with soft brush. Well-wrung damp mop. No steam cleaners.</p>
<h3>Why Factory Direct Flooring?</h3><p>UK's trusted flooring specialist — premium quality at factory direct prices. Free samples, full warranties and fast UK delivery.</p>",Factory Direct Flooring,,Laminate,laminate,TRUE,Title,Default Title,62832-FC54,0,shopify,100,deny,manual,16.79,16.79,TRUE,TRUE,,,,Prestige Oak Grey 8mm V-Groove Laminate Flooring 4175 | Factory Direct Flooring,Buy Prestige Oak Grey 8mm V-Groove Laminate Flooring 4175 at Factory Direct Flooring — Laminate at competitive prices. Free samples and UK delivery.,active
prestige-laminate-flooring-8mm-dark-summer-oak-v-groove-3901,Prestige Laminate Flooring 8mm Dark Summer Oak V-Groove 3901,"<h2>Prestige Laminate Flooring 8mm Dark Summer Oak V-Groove 3901</h2><p><strong>Prestige Laminate Flooring 8mm Dark Summer Oak V-Groove 3901</strong> from Factory Direct Flooring in a beautiful <strong>Oak</strong> finish with a <strong>8mm</strong> thickness. Authentic wood or stone look — scratch-resistant and easy to fit.</p>
<h3>Key Features</h3><ul><li>HD Surface Layer</li><li>AC-Rated Scratch Resistance</li><li>Easy Click Fit</li><li>V-Groove Edges</li><li>Low Maintenance</li></ul>
<h3>Installation</h3><p>Click-lock floating. 10mm expansion gap. Quality underlay required.</p>
<h3>Care</h3><p>Vacuum with soft brush. Well-wrung damp mop. No steam cleaners.</p>
<h3>Why Factory Direct Flooring?</h3><p>UK's trusted flooring specialist — premium quality at factory direct prices. Free samples, full warranties and fast UK delivery.</p>",Factory Direct Flooring,,Laminate,laminate,TRUE,Title,Default Title,63026-FC45,0,shopify,100,deny,manual,16.79,16.79,TRUE,TRUE,,,,Prestige Laminate Flooring 8mm Dark Summer Oak V-Groove 3901 | Factory Direct Flooring,Buy Prestige Laminate Flooring 8mm Dark Summer Oak V-Groove 3901 at Factory Direct Flooring — Laminate at competitive prices. Free samples and UK delivery.,active
prestige-laminate-flooring-classic-white-oak-6mm-3201,Prestige Laminate Flooring Classic White Oak 6mm 3201,"<h2>Prestige Laminate Flooring Classic White Oak 6mm 3201</h2><p><strong>Prestige Laminate Flooring Classic White Oak 6mm 3201</strong> from Factory Direct Flooring in a beautiful <strong>Oak</strong> finish with a <strong>6mm</strong> thickness. Authentic wood or stone look — scratch-resistant and easy to fit.</p>
<h3>Key Features</h3><ul><li>HD Surface Layer</li><li>AC-Rated Scratch Resistance</li><li>Easy Click Fit</li><li>V-Groove Edges</li><li>Low Maintenance</li></ul>
<h3>Installation</h3><p>Click-lock floating. 10mm expansion gap. Quality underlay required.</p>
<h3>Care</h3><p>Vacuum with soft brush. Well-wrung damp mop. No steam cleaners.</p>
<h3>Why Factory Direct Flooring?</h3><p>UK's trusted flooring specialist — premium quality at factory direct prices. Free samples, full warranties and fast UK delivery.</p>",Factory Direct Flooring,,Laminate,laminate,TRUE,Title,Default Title,63056-FC49,0,shopify,100,deny,manual,11.99,11.99,TRUE,TRUE,,,,Prestige Laminate Flooring Classic White Oak 6mm 3201 | Factory Direct Flooring,Buy Prestige Laminate Flooring Classic White Oak 6mm 3201 at Factory Direct Flooring — Laminate at competitive prices. Free samples and UK delivery.,active
prestige-laminate-flooring-8mm-grey-oak-light-v-groove-3126,Prestige Laminate Flooring 8mm Grey Oak Light V-Groove 3126,"<h2>Prestige Laminate Flooring 8mm Grey Oak Light V-Groove 3126</h2><p><strong>Prestige Laminate Flooring 8mm Grey Oak Light V-Groove 3126</strong> from Factory Direct Flooring in a beautiful <strong>Oak</strong> finish with a <strong>8mm</strong> thickness. Authentic wood or stone look — scratch-resistant and easy to fit.</p>
<h3>Key Features</h3><ul><li>HD Surface Layer</li><li>AC-Rated Scratch Resistance</li><li>Easy Click Fit</li><li>V-Groove Edges</li><li>Low Maintenance</li></ul>
<h3>Installation</h3><p>Click-lock floating. 10mm expansion gap. Quality underlay required.</p>
<h3>Care</h3><p>Vacuum with soft brush. Well-wrung damp mop. No steam cleaners.</p>
<h3>Why Factory Direct Flooring?</h3><p>UK's trusted flooring specialist — premium quality at factory direct prices. Free samples, full warranties and fast UK delivery.</p>",Factory Direct Flooring,,Laminate,laminate,TRUE,Title,Default Title,63025-FC70,0,shopify,100,deny,manual,16.79,16.79,TRUE,TRUE,,,,Prestige Laminate Flooring 8mm Grey Oak Light V-Groove 3126 | Factory Direct Flooring,Buy Prestige Laminate Flooring 8mm Grey Oak Light V-Groove 3126 at Factory Direct Flooring — Laminate at competitive prices. Free samples and UK delivery.,active
prestige-laminate-flooring-classic-6mm-oak-light-grey-3904,Prestige Laminate Flooring Classic 6mm Oak Light Grey 3904,"<h2>Prestige Laminate Flooring Classic 6mm Oak Light Grey 3904</h2><p><strong>Prestige Laminate Flooring Classic 6mm Oak Light Grey 3904</strong> from Factory Direct Flooring in a beautiful <strong>Oak</strong> finish with a <strong>6mm</strong> thickness. Authentic wood or stone look — scratch-resistant and easy to fit.</p>
<h3>Key Features</h3><ul><li>HD Surface Layer</li><li>AC-Rated Scratch Resistance</li><li>Easy Click Fit</li><li>V-Groove Edges</li><li>Low Maintenance</li></ul>
<h3>Installation</h3><p>Click-lock floating. 10mm expansion gap. Quality underlay required.</p>
<h3>Care</h3><p>Vacuum with soft brush. Well-wrung damp mop. No steam cleaners.</p>
<h3>Why Factory Direct Flooring?</h3><p>UK's trusted flooring specialist — premium quality at factory direct prices. Free samples, full warranties and fast UK delivery.</p>",Factory Direct Flooring,,Laminate,laminate,TRUE,Title,Default Title,62974-FC70,0,shopify,100,deny,manual,11.99,11.99,TRUE,TRUE,,,,Prestige Laminate Flooring Classic 6mm Oak Light Grey 3904 | Factory Direct Flooring,Buy Prestige Laminate Flooring Classic 6mm Oak Light Grey 3904 at Factory Direct Flooring — Laminate at competitive prices. Free samples and UK delivery.,active
prestige-plus-laminate-flooring-12mm-soft-oak-grey-ac5-3571,Prestige Plus Laminate Flooring 12mm Soft Oak Grey AC5 3571,"<h2>Prestige Plus Laminate Flooring 12mm Soft Oak Grey AC5 3571</h2><p><strong>Prestige Plus Laminate Flooring 12mm Soft Oak Grey AC5 3571</strong> from Factory Direct Flooring in a beautiful <strong>Oak</strong> finish with a <strong>12mm</strong> thickness. Authentic wood or stone look — scratch-resistant and easy to fit.</p>
<h3>Key Features</h3><ul><li>HD Surface Layer</li><li>AC-Rated Scratch Resistance</li><li>Easy Click Fit</li><li>V-Groove Edges</li><li>Low Maintenance</li></ul>
<h3>Installation</h3><p>Click-lock floating. 10mm expansion gap. Quality underlay required.</p>
<h3>Care</h3><p>Vacuum with soft brush. Well-wrung damp mop. No steam cleaners.</p>
<h3>Why Factory Direct Flooring?</h3><p>UK's trusted flooring specialist — premium quality at factory direct prices. Free samples, full warranties and fast UK delivery.</p>",Factory Direct Flooring,,Laminate,laminate,TRUE,Title,Default Title,64600-FC70,0,shopify,100,deny,manual,23.99,23.99,TRUE,TRUE,,,,Prestige Plus Laminate Flooring 12mm Soft Oak Grey AC5 3571 | Factory Direct Flooring,Buy Prestige Plus Laminate Flooring 12mm Soft Oak Grey AC5 3571 at Factory Direct Flooring — Laminate at competitive prices. Free samples and UK delivery.,active
prestige-plus-laminate-flooring-12mm-arbor-grey-oak-ac5-click-3572,Prestige Plus Laminate Flooring 12mm Arbor Grey Oak AC5 Click 3572,"<h2>Prestige Plus Laminate Flooring 12mm Arbor Grey Oak AC5 Click 3572</h2><p><strong>Prestige Plus Laminate Flooring 12mm Arbor Grey Oak AC5 Click 3572</strong> from Factory Direct Flooring in a beautiful <strong>Oak</strong> finish with a <strong>12mm</strong> thickness. Authentic wood or stone look — scratch-resistant and easy to fit.</p>
<h3>Key Features</h3><ul><li>HD Surface Layer</li><li>AC-Rated Scratch Resistance</li><li>Easy Click Fit</li><li>V-Groove Edges</li><li>Low Maintenance</li></ul>
<h3>Installation</h3><p>Click-lock floating. 10mm expansion gap. Quality underlay required.</p>
<h3>Care</h3><p>Vacuum with soft brush. Well-wrung damp mop. No steam cleaners.</p>
<h3>Why Factory Direct Flooring?</h3><p>UK's trusted flooring specialist — premium quality at factory direct prices. Free samples, full warranties and fast UK delivery.</p>",Factory Direct Flooring,,Laminate,laminate,TRUE,Title,Default Title,64601-FC54,0,shopify,100,deny,manual,23.99,23.99,TRUE,TRUE,,,,Prestige Plus Laminate Flooring 12mm Arbor Grey Oak AC5 Click 3572 | Factory Direct Flooring,Buy Prestige Plus Laminate Flooring 12mm Arbor Grey Oak AC5 Click 3572 at Factory Direct Flooring — Laminate at competitive prices. Free samples and UK delivery.,active
prestige-plus-12mm-soft-light-grey-oak-ac5-click-laminate-flooring-2800,Prestige Plus 12mm Soft Light Grey Oak AC5 Click Laminate Flooring 2800,"<h2>Prestige Plus 12mm Soft Light Grey Oak AC5 Click Laminate Flooring 2800</h2><p><strong>Prestige Plus 12mm Soft Light Grey Oak AC5 Click Laminate Flooring 2800</strong> from Factory Direct Flooring in a beautiful <strong>Oak</strong> finish with a <strong>12mm</strong> thickness. Authentic wood or stone look — scratch-resistant and easy to fit.</p>
<h3>Key Features</h3><ul><li>HD Surface Layer</li><li>AC-Rated Scratch Resistance</li><li>Easy Click Fit</li><li>V-Groove Edges</li><li>Low Maintenance</li></ul>
<h3>Installation</h3><p>Click-lock floating. 10mm expansion gap. Quality underlay required.</p>
<h3>Care</h3><p>Vacuum with soft brush. Well-wrung damp mop. No steam cleaners.</p>
<h3>Why Factory Direct Flooring?</h3><p>UK's trusted flooring specialist — premium quality at factory direct prices. Free samples, full warranties and fast UK delivery.</p>",Factory Direct Flooring,,Laminate,laminate,TRUE,Title,Default Title,64604-FC70,0,shopify,100,deny,manual,23.99,23.99,TRUE,TRUE,,,,Prestige Plus 12mm Soft Light Grey Oak AC5 Click Laminate Flooring 2800 | Factory Direct Flooring,Buy Prestige Plus 12mm Soft Light Grey Oak AC5 Click Laminate Flooring 2800 at Factory Direct Flooring — Laminate at competitive prices. Free samples and UK delivery.,active
prestige-laminate-flooring-classic-6mm-misty-grey-oak-3126,Prestige Laminate Flooring Classic 6mm Misty Grey Oak 3126,"<h2>Prestige Laminate Flooring Classic 6mm Misty Grey Oak 3126</h2><p><strong>Prestige Laminate Flooring Classic 6mm Misty Grey Oak 3126</strong> from Factory Direct Flooring in a beautiful <strong>Oak</strong> finish with a <strong>6mm</strong> thickness. Authentic wood or stone look — scratch-resistant and easy to fit.</p>
<h3>Key Features</h3><ul><li>HD Surface Layer</li><li>AC-Rated Scratch Resistance</li><li>Easy Click Fit</li><li>V-Groove Edges</li><li>Low Maintenance</li></ul>
<h3>Installation</h3><p>Click-lock floating. 10mm expansion gap. Quality underlay required.</p>
<h3>Care</h3><p>Vacuum with soft brush. Well-wrung damp mop. No steam cleaners.</p>
<h3>Why Factory Direct Flooring?</h3><p>UK's trusted flooring specialist — premium quality at factory direct prices. Free samples, full warranties and fast UK delivery.</p>",Factory Direct Flooring,,Laminate,laminate,TRUE,Title,Default Title,64611-FC70,0,shopify,100,deny,manual,11.99,11.99,TRUE,TRUE,,,,Prestige Laminate Flooring Classic 6mm Misty Grey Oak 3126 | Factory Direct Flooring,Buy Prestige Laminate Flooring Classic 6mm Misty Grey Oak 3126 at Factory Direct Flooring — Laminate at competitive prices. Free samples and UK delivery.,active
prestige-natur-oak-7mm-v-groove-click-laminate-flooring-3903,Prestige Natur Oak 7mm V-Groove Click Laminate Flooring 3903,"<h2>Prestige Natur Oak 7mm V-Groove Click Laminate Flooring 3903</h2><p><strong>Prestige Natur Oak 7mm V-Groove Click Laminate Flooring 3903</strong> from Factory Direct Flooring in a beautiful <strong>Oak</strong> finish with a <strong>7mm</strong> thickness. Authentic wood or stone look — scratch-resistant and easy to fit.</p>
<h3>Key Features</h3><ul><li>HD Surface Layer</li><li>AC-Rated Scratch Resistance</li><li>Easy Click Fit</li><li>V-Groove Edges</li><li>Low Maintenance</li></ul>
<h3>Installation</h3><p>Click-lock floating. 10mm expansion gap. Quality underlay required.</p>
<h3>Care</h3><p>Vacuum with soft brush. Well-wrung damp mop. No steam cleaners.</p>
<h3>Why Factory Direct Flooring?</h3><p>UK's trusted flooring specialist — premium quality at factory direct prices. Free samples, full warranties and fast UK delivery.</p>",Factory Direct Flooring,,Laminate,laminate,TRUE,Title,Default Title,64612-FC45,0,shopify,100,deny,manual,13.19,13.19,TRUE,TRUE,,,,Prestige Natur Oak 7mm V-Groove Click Laminate Flooring 3903 | Factory Direct Flooring,Buy Prestige Natur Oak 7mm V-Groove Click Laminate Flooring 3903 at Factory Direct Flooring — Laminate at competitive prices. Free samples and UK delivery.,active
prestige-century-oak-grey-7mm-v-groove-click-laminate-flooring-4175,Prestige Century Oak Grey 7mm V-Groove Click Laminate Flooring 4175,"<h2>Prestige Century Oak Grey 7mm V-Groove Click Laminate Flooring 4175</h2><p><strong>Prestige Century Oak Grey 7mm V-Groove Click Laminate Flooring 4175</strong> from Factory Direct Flooring in a beautiful <strong>Oak</strong> finish with a <strong>7mm</strong> thickness. Authentic wood or stone look — scratch-resistant and easy to fit.</p>
<h3>Key Features</h3><ul><li>HD Surface Layer</li><li>AC-Rated Scratch Resistance</li><li>Easy Click Fit</li><li>V-Groove Edges</li><li>Low Maintenance</li></ul>
<h3>Installation</h3><p>Click-lock floating. 10mm expansion gap. Quality underlay required.</p>
<h3>Care</h3><p>Vacuum with soft brush. Well-wrung damp mop. No steam cleaners.</p>
<h3>Why Factory Direct Flooring?</h3><p>UK's trusted flooring specialist — premium quality at factory direct prices. Free samples, full warranties and fast UK delivery.</p>",Factory Direct Flooring,,Laminate,laminate,TRUE,Title,Default Title,64613-FC54,0,shopify,100,deny,manual,13.19,13.19,TRUE,TRUE,,,,Prestige Century Oak Grey 7mm V-Groove Click Laminate Flooring 4175 | Factory Direct Flooring,Buy Prestige Century Oak Grey 7mm V-Groove Click Laminate Flooring 4175 at Factory Direct Flooring — Laminate at competitive prices. Free samples and UK delivery.,active
prestige-pale-oak-7mm-v-groove-click-laminate-flooring-4176,Prestige Pale Oak 7mm V-Groove Click Laminate Flooring 4176,"<h2>Prestige Pale Oak 7mm V-Groove Click Laminate Flooring 4176</h2><p><strong>Prestige Pale Oak 7mm V-Groove Click Laminate Flooring 4176</strong> from Factory Direct Flooring in a beautiful <strong>Oak</strong> finish with a <strong>7mm</strong> thickness. Authentic wood or stone look — scratch-resistant and easy to fit.</p>
<h3>Key Features</h3><ul><li>HD Surface Layer</li><li>AC-Rated Scratch Resistance</li><li>Easy Click Fit</li><li>V-Groove Edges</li><li>Low Maintenance</li></ul>
<h3>Installation</h3><p>Click-lock floating. 10mm expansion gap. Quality underlay required.</p>
<h3>Care</h3><p>Vacuum with soft brush. Well-wrung damp mop. No steam cleaners.</p>
<h3>Why Factory Direct Flooring?</h3><p>UK's trusted flooring specialist — premium quality at factory direct prices. Free samples, full warranties and fast UK delivery.</p>",Factory Direct Flooring,,Laminate,laminate,TRUE,Title,Default Title,64614-FC45,0,shopify,100,deny,manual,13.19,13.19,TRUE,TRUE,,,,Prestige Pale Oak 7mm V-Groove Click Laminate Flooring 4176 | Factory Direct Flooring,Buy Prestige Pale Oak 7mm V-Groove Click Laminate Flooring 4176 at Factory Direct Flooring — Laminate at competitive prices. Free samples and UK delivery.,active
prestige-beige-oak-7mm-v-groove-click-laminate-flooring-3902,Prestige Beige Oak 7mm V-Groove Click Laminate Flooring 3902,"<h2>Prestige Beige Oak 7mm V-Groove Click Laminate Flooring 3902</h2><p><strong>Prestige Beige Oak 7mm V-Groove Click Laminate Flooring 3902</strong> from Factory Direct Flooring in a beautiful <strong>Oak</strong> finish with a <strong>7mm</strong> thickness. Authentic wood or stone look — scratch-resistant and easy to fit.</p>
<h3>Key Features</h3><ul><li>HD Surface Layer</li><li>AC-Rated Scratch Resistance</li><li>Easy Click Fit</li><li>V-Groove Edges</li><li>Low Maintenance</li></ul>
<h3>Installation</h3><p>Click-lock floating. 10mm expansion gap. Quality underlay required.</p>
<h3>Care</h3><p>Vacuum with soft brush. Well-wrung damp mop. No steam cleaners.</p>
<h3>Why Factory Direct Flooring?</h3><p>UK's trusted flooring specialist — premium quality at factory direct prices. Free samples, full warranties and fast UK delivery.</p>",Factory Direct Flooring,,Laminate,laminate,TRUE,Title,Default Title,64615-FC33,0,shopify,100,deny,manual,13.19,13.19,TRUE,TRUE,,,,Prestige Beige Oak 7mm V-Groove Click Laminate Flooring 3902 | Factory Direct Flooring,Buy Prestige Beige Oak 7mm V-Groove Click Laminate Flooring 3902 at Factory Direct Flooring — Laminate at competitive prices. Free samples and UK delivery.,active
prestige-oak-grey-7mm-v-groove-click-laminate-flooring-3126,Prestige Oak Grey 7mm V-Groove Click Laminate Flooring 3126,"<h2>Prestige Oak Grey 7mm V-Groove Click Laminate Flooring 3126</h2><p><strong>Prestige Oak Grey 7mm V-Groove Click Laminate Flooring 3126</strong> from Factory Direct Flooring in a beautiful <strong>Oak</strong> finish with a <strong>7mm</strong> thickness. Authentic wood or stone look — scratch-resistant and easy to fit.</p>
<h3>Key Features</h3><ul><li>HD Surface Layer</li><li>AC-Rated Scratch Resistance</li><li>Easy Click Fit</li><li>V-Groove Edges</li><li>Low Maintenance</li></ul>
<h3>Installation</h3><p>Click-lock floating. 10mm expansion gap. Quality underlay required.</p>
<h3>Care</h3><p>Vacuum with soft brush. Well-wrung damp mop. No steam cleaners.</p>
<h3>Why Factory Direct Flooring?</h3><p>UK's trusted flooring specialist — premium quality at factory direct prices. Free samples, full warranties and fast UK delivery.</p>",Factory Direct Flooring,,Laminate,laminate,TRUE,Title,Default Title,64616-FC70,0,shopify,100,deny,manual,13.19,13.19,TRUE,TRUE,,,,Prestige Oak Grey 7mm V-Groove Click Laminate Flooring 3126 | Factory Direct Flooring,Buy Prestige Oak Grey 7mm V-Groove Click Laminate Flooring 3126 at Factory Direct Flooring — Laminate at competitive prices. Free samples and UK delivery.,active
prestige-herringbone-laminate-flooring-frosted-oak-8mm-3516,Prestige Herringbone Laminate Flooring Frosted Oak 8mm 3516,"<h2>Prestige Herringbone Laminate Flooring Frosted Oak 8mm 3516</h2><p><strong>Prestige Herringbone Laminate Flooring Frosted Oak 8mm 3516</strong> from Factory Direct Flooring in a beautiful <strong>Oak</strong> finish with a <strong>8mm</strong> thickness. Authentic wood or stone look — scratch-resistant and easy to fit.</p>
<h3>Key Features</h3><ul><li>HD Surface Layer</li><li>AC-Rated Scratch Resistance</li><li>Easy Click Fit</li><li>V-Groove Edges</li><li>Low Maintenance</li></ul>
<h3>Installation</h3><p>Click-lock floating. 10mm expansion gap. Quality underlay required.</p>
<h3>Care</h3><p>Vacuum with soft brush. Well-wrung damp mop. No steam cleaners.</p>
<h3>Why Factory Direct Flooring?</h3><p>UK's trusted flooring specialist — premium quality at factory direct prices. Free samples, full warranties and fast UK delivery.</p>",Factory Direct Flooring,,Laminate,laminate,TRUE,Title,Default Title,67266-FC70,0,shopify,100,deny,manual,25.19,25.19,TRUE,TRUE,,,,Prestige Herringbone Laminate Flooring Frosted Oak 8mm 3516 | Factory Direct Flooring,Buy Prestige Herringbone Laminate Flooring Frosted Oak 8mm 3516 at Factory Direct Flooring — Laminate at competitive prices. Free samples and UK delivery.,active
prestige-herringbone-laminate-flooring-faded-oak-8mm-3678,Prestige Herringbone Laminate flooring Faded Oak 8mm 3678,"<h2>Prestige Herringbone Laminate flooring Faded Oak 8mm 3678</h2><p><strong>Prestige Herringbone Laminate flooring Faded Oak 8mm 3678</strong> from Factory Direct Flooring in a beautiful <strong>Oak</strong> finish with a <strong>8mm</strong> thickness. Authentic wood or stone look — scratch-resistant and easy to fit.</p>
<h3>Key Features</h3><ul><li>HD Surface Layer</li><li>AC-Rated Scratch Resistance</li><li>Easy Click Fit</li><li>V-Groove Edges</li><li>Low Maintenance</li></ul>
<h3>Installation</h3><p>Click-lock floating. 10mm expansion gap. Quality underlay required.</p>
<h3>Care</h3><p>Vacuum with soft brush. Well-wrung damp mop. No steam cleaners.</p>
<h3>Why Factory Direct Flooring?</h3><p>UK's trusted flooring specialist — premium quality at factory direct prices. Free samples, full warranties and fast UK delivery.</p>",Factory Direct Flooring,,Laminate,laminate,TRUE,Title,Default Title,67268-FC33,0,shopify,100,deny,manual,25.19,25.19,TRUE,TRUE,,,,Prestige Herringbone Laminate flooring Faded Oak 8mm 3678 | Factory Direct Flooring,Buy Prestige Herringbone Laminate flooring Faded Oak 8mm 3678 at Factory Direct Flooring — Laminate at competitive prices. Free samples and UK delivery.,active
prestige-herringbone-laminate-flooring-ambient-oak-8mm-3766,Prestige Herringbone Laminate Flooring Ambient Oak 8mm 3766,"<h2>Prestige Herringbone Laminate Flooring Ambient Oak 8mm 3766</h2><p><strong>Prestige Herringbone Laminate Flooring Ambient Oak 8mm 3766</strong> from Factory Direct Flooring in a beautiful <strong>Oak</strong> finish with a <strong>8mm</strong> thickness. Authentic wood or stone look — scratch-resistant and easy to fit.</p>
<h3>Key Features</h3><ul><li>HD Surface Layer</li><li>AC-Rated Scratch Resistance</li><li>Easy Click Fit</li><li>V-Groove Edges</li><li>Low Maintenance</li></ul>
<h3>Installation</h3><p>Click-lock floating. 10mm expansion gap. Quality underlay required.</p>
<h3>Care</h3><p>Vacuum with soft brush. Well-wrung damp mop. No steam cleaners.</p>
<h3>Why Factory Direct Flooring?</h3><p>UK's trusted flooring specialist — premium quality at factory direct prices. Free samples, full warranties and fast UK delivery.</p>",Factory Direct Flooring,,Laminate,laminate,TRUE,Title,Default Title,67269-FC45,0,shopify,100,deny,manual,25.19,25.19,TRUE,TRUE,,,,Prestige Herringbone Laminate Flooring Ambient Oak 8mm 3766 | Factory Direct Flooring,Buy Prestige Herringbone Laminate Flooring Ambient Oak 8mm 3766 at Factory Direct Flooring — Laminate at competitive prices. Free samples and UK delivery.,active
prestige-herringbone-laminate-flooring-smokey-oak-8mm-3860,Prestige Herringbone Laminate Flooring Smokey Oak 8mm 3860,"<h2>Prestige Herringbone Laminate Flooring Smokey Oak 8mm 3860</h2><p><strong>Prestige Herringbone Laminate Flooring Smokey Oak 8mm 3860</strong> from Factory Direct Flooring in a beautiful <strong>Oak</strong> finish with a <strong>8mm</strong> thickness. Authentic wood or stone look — scratch-resistant and easy to fit.</p>
<h3>Key Features</h3><ul><li>HD Surface Layer</li><li>AC-Rated Scratch Resistance</li><li>Easy Click Fit</li><li>V-Groove Edges</li><li>Low Maintenance</li></ul>
<h3>Installation</h3><p>Click-lock floating. 10mm expansion gap. Quality underlay required.</p>
<h3>Care</h3><p>Vacuum with soft brush. Well-wrung damp mop. No steam cleaners.</p>
<h3>Why Factory Direct Flooring?</h3><p>UK's trusted flooring specialist — premium quality at factory direct prices. Free samples, full warranties and fast UK delivery.</p>",Factory Direct Flooring,,Laminate,laminate,TRUE,Title,Default Title,67270-FC46,0,shopify,100,deny,manual,25.19,25.19,TRUE,TRUE,,,,Prestige Herringbone Laminate Flooring Smokey Oak 8mm 3860 | Factory Direct Flooring,Buy Prestige Herringbone Laminate Flooring Smokey Oak 8mm 3860 at Factory Direct Flooring — Laminate at competitive prices. Free samples and UK delivery.,active
prestige-herringbone-laminate-flooring-classic-natural-oak-8mm-3861,Prestige Herringbone Laminate flooring Classic Natural Oak 8mm 3861,"<h2>Prestige Herringbone Laminate flooring Classic Natural Oak 8mm 3861</h2><p><strong>Prestige Herringbone Laminate flooring Classic Natural Oak 8mm 3861</strong> from Factory Direct Flooring in a beautiful <strong>Oak</strong> finish with a <strong>8mm</strong> thickness. Authentic wood or stone look — scratch-resistant and easy to fit.</p>
<h3>Key Features</h3><ul><li>HD Surface Layer</li><li>AC-Rated Scratch Resistance</li><li>Easy Click Fit</li><li>V-Groove Edges</li><li>Low Maintenance</li></ul>
<h3>Installation</h3><p>Click-lock floating. 10mm expansion gap. Quality underlay required.</p>
<h3>Care</h3><p>Vacuum with soft brush. Well-wrung damp mop. No steam cleaners.</p>
<h3>Why Factory Direct Flooring?</h3><p>UK's trusted flooring specialist — premium quality at factory direct prices. Free samples, full warranties and fast UK delivery.</p>",Factory Direct Flooring,,Laminate,laminate,TRUE,Title,Default Title,67271,0,shopify,100,deny,manual,22.78,22.78,TRUE,TRUE,,,,Prestige Herringbone Laminate flooring Classic Natural Oak 8mm 3861 | Factory Direct Flooring,Buy Prestige Herringbone Laminate flooring Classic Natural Oak 8mm 3861 at Factory Direct Flooring — Laminate at competitive prices. Free samples and UK delivery.,active
prestige-herringbone-laminate-flooring-tobacco-light-8mm-4764,Prestige Herringbone Laminate Flooring Tobacco Light 8mm 4764,"<h2>Prestige Herringbone Laminate Flooring Tobacco Light 8mm 4764</h2><p><strong>Prestige Herringbone Laminate Flooring Tobacco Light 8mm 4764</strong> from Factory Direct Flooring with a <strong>8mm</strong> thickness. Authentic wood or stone look — scratch-resistant and easy to fit.</p>
<h3>Key Features</h3><ul><li>HD Surface Layer</li><li>AC-Rated Scratch Resistance</li><li>Easy Click Fit</li><li>V-Groove Edges</li><li>Low Maintenance</li></ul>
<h3>Installation</h3><p>Click-lock floating. 10mm expansion gap. Quality underlay required.</p>
<h3>Care</h3><p>Vacuum with soft brush. Well-wrung damp mop. No steam cleaners.</p>
<h3>Why Factory Direct Flooring?</h3><p>UK's trusted flooring specialist — premium quality at factory direct prices. Free samples, full warranties and fast UK delivery.</p>",Factory Direct Flooring,,Laminate,laminate,TRUE,Title,Default Title,67273-FC15,0,shopify,100,deny,manual,25.19,25.19,TRUE,TRUE,,,,Prestige Herringbone Laminate Flooring Tobacco Light 8mm 4764 | Factory Direct Flooring,Buy Prestige Herringbone Laminate Flooring Tobacco Light 8mm 4764 at Factory Direct Flooring — Laminate at competitive prices. Free samples and UK delivery.,active
prestige-herringbone-laminate-flooring-coffee-oak-8mm-4766,Prestige Herringbone Laminate Flooring Coffee Oak 8mm 4766,"<h2>Prestige Herringbone Laminate Flooring Coffee Oak 8mm 4766</h2><p><strong>Prestige Herringbone Laminate Flooring Coffee Oak 8mm 4766</strong> from Factory Direct Flooring in a beautiful <strong>Oak</strong> finish with a <strong>8mm</strong> thickness. Authentic wood or stone look — scratch-resistant and easy to fit.</p>
<h3>Key Features</h3><ul><li>HD Surface Layer</li><li>AC-Rated Scratch Resistance</li><li>Easy Click Fit</li><li>V-Groove Edges</li><li>Low Maintenance</li></ul>
<h3>Installation</h3><p>Click-lock floating. 10mm expansion gap. Quality underlay required.</p>
<h3>Care</h3><p>Vacuum with soft brush. Well-wrung damp mop. No steam cleaners.</p>
<h3>Why Factory Direct Flooring?</h3><p>UK's trusted flooring specialist — premium quality at factory direct prices. Free samples, full warranties and fast UK delivery.</p>",Factory Direct Flooring,,Laminate,laminate,TRUE,Title,Default Title,67274-FC47,0,shopify,100,deny,manual,25.19,25.19,TRUE,TRUE,,,,Prestige Herringbone Laminate Flooring Coffee Oak 8mm 4766 | Factory Direct Flooring,Buy Prestige Herringbone Laminate Flooring Coffee Oak 8mm 4766 at Factory Direct Flooring — Laminate at competitive prices. Free samples and UK delivery.,active
embrace-pro-laminate-flooring-d3597-timeless-oak-ac5,Embrace Pro Laminate Flooring D3597 Timeless Oak AC5,"<h2>Embrace Pro Laminate Flooring D3597 Timeless Oak AC5</h2><p><strong>Embrace Pro Laminate Flooring D3597 Timeless Oak AC5</strong> from Factory Direct Flooring in a beautiful <strong>Oak</strong> finish. Authentic wood or stone look — scratch-resistant and easy to fit.</p>
<h3>Key Features</h3><ul><li>HD Surface Layer</li><li>AC-Rated Scratch Resistance</li><li>Easy Click Fit</li><li>V-Groove Edges</li><li>Low Maintenance</li></ul>
<h3>Installation</h3><p>Click-lock floating. 10mm expansion gap. Quality underlay required.</p>
<h3>Care</h3><p>Vacuum with soft brush. Well-wrung damp mop. No steam cleaners.</p>
<h3>Why Factory Direct Flooring?</h3><p>UK's trusted flooring specialist — premium quality at factory direct prices. Free samples, full warranties and fast UK delivery.</p>",Factory Direct Flooring,,Laminate,laminate,TRUE,Title,Default Title,67334-FC49,0,shopify,100,deny,manual,21.59,21.59,TRUE,TRUE,,,,Embrace Pro Laminate Flooring D3597 Timeless Oak AC5 | Factory Direct Flooring,Buy Embrace Pro Laminate Flooring D3597 Timeless Oak AC5 at Factory Direct Flooring — Laminate at competitive prices. Free samples and UK delivery.,active
embrace-pro-laminate-flooring-4766-pettersson-oak-ac5,Embrace Pro Laminate Flooring 4766 Pettersson Oak AC5,"<h2>Embrace Pro Laminate Flooring 4766 Pettersson Oak AC5</h2><p><strong>Embrace Pro Laminate Flooring 4766 Pettersson Oak AC5</strong> from Factory Direct Flooring in a beautiful <strong>Oak</strong> finish. Authentic wood or stone look — scratch-resistant and easy to fit.</p>
<h3>Key Features</h3><ul><li>HD Surface Layer</li><li>AC-Rated Scratch Resistance</li><li>Easy Click Fit</li><li>V-Groove Edges</li><li>Low Maintenance</li></ul>
<h3>Installation</h3><p>Click-lock floating. 10mm expansion gap. Quality underlay required.</p>
<h3>Care</h3><p>Vacuum with soft brush. Well-wrung damp mop. No steam cleaners.</p>
<h3>Why Factory Direct Flooring?</h3><p>UK's trusted flooring specialist — premium quality at factory direct prices. Free samples, full warranties and fast UK delivery.</p>",Factory Direct Flooring,,Laminate,laminate,TRUE,Title,Default Title,67335-FC47,0,shopify,100,deny,manual,21.59,21.59,TRUE,TRUE,,,,Embrace Pro Laminate Flooring 4766 Pettersson Oak AC5 | Factory Direct Flooring,Buy Embrace Pro Laminate Flooring 4766 Pettersson Oak AC5 at Factory Direct Flooring — Laminate at competitive prices. Free samples and UK delivery.,active
embrace-pro-laminate-flooring-3662-montmelo-oak-ac5,Embrace Pro Laminate Flooring 3662 Montmelo Oak AC5,"<h2>Embrace Pro Laminate Flooring 3662 Montmelo Oak AC5</h2><p><strong>Embrace Pro Laminate Flooring 3662 Montmelo Oak AC5</strong> from Factory Direct Flooring in a beautiful <strong>Oak</strong> finish. Authentic wood or stone look — scratch-resistant and easy to fit.</p>
<h3>Key Features</h3><ul><li>HD Surface Layer</li><li>AC-Rated Scratch Resistance</li><li>Easy Click Fit</li><li>V-Groove Edges</li><li>Low Maintenance</li></ul>
<h3>Installation</h3><p>Click-lock floating. 10mm expansion gap. Quality underlay required.</p>
<h3>Care</h3><p>Vacuum with soft brush. Well-wrung damp mop. No steam cleaners.</p>
<h3>Why Factory Direct Flooring?</h3><p>UK's trusted flooring specialist — premium quality at factory direct prices. Free samples, full warranties and fast UK delivery.</p>",Factory Direct Flooring,,Laminate,laminate,TRUE,Title,Default Title,67336-FC70,0,shopify,100,deny,manual,21.59,21.59,TRUE,TRUE,,,,Embrace Pro Laminate Flooring 3662 Montmelo Oak AC5 | Factory Direct Flooring,Buy Embrace Pro Laminate Flooring 3662 Montmelo Oak AC5 at Factory Direct Flooring — Laminate at competitive prices. Free samples and UK delivery.,active
embrace-pro-laminate-flooring-3668-oak-dezent-ac5,Embrace Pro Laminate Flooring 3668 Oak Dezent AC5,"<h2>Embrace Pro Laminate Flooring 3668 Oak Dezent AC5</h2><p><strong>Embrace Pro Laminate Flooring 3668 Oak Dezent AC5</strong> from Factory Direct Flooring in a beautiful <strong>Oak</strong> finish. Authentic wood or stone look — scratch-resistant and easy to fit.</p>
<h3>Key Features</h3><ul><li>HD Surface Layer</li><li>AC-Rated Scratch Resistance</li><li>Easy Click Fit</li><li>V-Groove Edges</li><li>Low Maintenance</li></ul>
<h3>Installation</h3><p>Click-lock floating. 10mm expansion gap. Quality underlay required.</p>
<h3>Care</h3><p>Vacuum with soft brush. Well-wrung damp mop. No steam cleaners.</p>
<h3>Why Factory Direct Flooring?</h3><p>UK's trusted flooring specialist — premium quality at factory direct prices. Free samples, full warranties and fast UK delivery.</p>",Factory Direct Flooring,,Laminate,laminate,TRUE,Title,Default Title,67338-FC15,0,shopify,100,deny,manual,21.59,21.59,TRUE,TRUE,,,,Embrace Pro Laminate Flooring 3668 Oak Dezent AC5 | Factory Direct Flooring,Buy Embrace Pro Laminate Flooring 3668 Oak Dezent AC5 at Factory Direct Flooring — Laminate at competitive prices. Free samples and UK delivery.,active
embrace-pro-laminate-flooring-3239-presti-oak-white-ac5,Embrace Pro Laminate Flooring 3239 Presti Oak White AC5,"<h2>Embrace Pro Laminate Flooring 3239 Presti Oak White AC5</h2><p><strong>Embrace Pro Laminate Flooring 3239 Presti Oak White AC5</strong> from Factory Direct Flooring in a beautiful <strong>Oak</strong> finish. Authentic wood or stone look — scratch-resistant and easy to fit.</p>
<h3>Key Features</h3><ul><li>HD Surface Layer</li><li>AC-Rated Scratch Resistance</li><li>Easy Click Fit</li><li>V-Groove Edges</li><li>Low Maintenance</li></ul>
<h3>Installation</h3><p>Click-lock floating. 10mm expansion gap. Quality underlay required.</p>
<h3>Care</h3><p>Vacuum with soft brush. Well-wrung damp mop. No steam cleaners.</p>
<h3>Why Factory Direct Flooring?</h3><p>UK's trusted flooring specialist — premium quality at factory direct prices. Free samples, full warranties and fast UK delivery.</p>",Factory Direct Flooring,,Laminate,laminate,TRUE,Title,Default Title,67340-FC70,0,shopify,100,deny,manual,21.59,21.59,TRUE,TRUE,,,,Embrace Pro Laminate Flooring 3239 Presti Oak White AC5 | Factory Direct Flooring,Buy Embrace Pro Laminate Flooring 3239 Presti Oak White AC5 at Factory Direct Flooring — Laminate at competitive prices. Free samples and UK delivery.,active
prestige-laminate-flooring-7mm-dusky-grey-oak-3532,Prestige Laminate Flooring 7mm Dusky Grey Oak 3532,"<h2>Prestige Laminate Flooring 7mm Dusky Grey Oak 3532</h2><p><strong>Prestige Laminate Flooring 7mm Dusky Grey Oak 3532</strong> from Factory Direct Flooring in a beautiful <strong>Oak</strong> finish with a <strong>7mm</strong> thickness. Authentic wood or stone look — scratch-resistant and easy to fit.</p>
<h3>Key Features</h3><ul><li>HD Surface Layer</li><li>AC-Rated Scratch Resistance</li><li>Easy Click Fit</li><li>V-Groove Edges</li><li>Low Maintenance</li></ul>
<h3>Installation</h3><p>Click-lock floating. 10mm expansion gap. Quality underlay required.</p>
<h3>Care</h3><p>Vacuum with soft brush. Well-wrung damp mop. No steam cleaners.</p>
<h3>Why Factory Direct Flooring?</h3><p>UK's trusted flooring specialist — premium quality at factory direct prices. Free samples, full warranties and fast UK delivery.</p>",Factory Direct Flooring,,Laminate,laminate,TRUE,Title,Default Title,69129,0,shopify,100,deny,manual,11.98,11.98,TRUE,TRUE,,,,Prestige Laminate Flooring 7mm Dusky Grey Oak 3532 | Factory Direct Flooring,Buy Prestige Laminate Flooring 7mm Dusky Grey Oak 3532 at Factory Direct Flooring — Laminate at competitive prices. Free samples and UK delivery.,active
prestige-laminate-flooring-7mm-spirit-oak-nature-3125,Prestige Laminate Flooring 7mm Spirit Oak Nature 3125,"<h2>Prestige Laminate Flooring 7mm Spirit Oak Nature 3125</h2><p><strong>Prestige Laminate Flooring 7mm Spirit Oak Nature 3125</strong> from Factory Direct Flooring in a beautiful <strong>Oak</strong> finish with a <strong>7mm</strong> thickness. Authentic wood or stone look — scratch-resistant and easy to fit.</p>
<h3>Key Features</h3><ul><li>HD Surface Layer</li><li>AC-Rated Scratch Resistance</li><li>Easy Click Fit</li><li>V-Groove Edges</li><li>Low Maintenance</li></ul>
<h3>Installation</h3><p>Click-lock floating. 10mm expansion gap. Quality underlay required.</p>
<h3>Care</h3><p>Vacuum with soft brush. Well-wrung damp mop. No steam cleaners.</p>
<h3>Why Factory Direct Flooring?</h3><p>UK's trusted flooring specialist — premium quality at factory direct prices. Free samples, full warranties and fast UK delivery.</p>",Factory Direct Flooring,,Laminate,laminate,TRUE,Title,Default Title,69573-FC45,0,shopify,100,deny,manual,15.59,15.59,TRUE,TRUE,,,,Prestige Laminate Flooring 7mm Spirit Oak Nature 3125 | Factory Direct Flooring,Buy Prestige Laminate Flooring 7mm Spirit Oak Nature 3125 at Factory Direct Flooring — Laminate at competitive prices. Free samples and UK delivery.,active
prestige-herringbone-laminate-flooring-iris-oak-8mm-3773,Prestige Herringbone Laminate Flooring Iris Oak 8mm 3773,"<h2>Prestige Herringbone Laminate Flooring Iris Oak 8mm 3773</h2><p><strong>Prestige Herringbone Laminate Flooring Iris Oak 8mm 3773</strong> from Factory Direct Flooring in a beautiful <strong>Oak</strong> finish with a <strong>8mm</strong> thickness. Authentic wood or stone look — scratch-resistant and easy to fit.</p>
<h3>Key Features</h3><ul><li>HD Surface Layer</li><li>AC-Rated Scratch Resistance</li><li>Easy Click Fit</li><li>V-Groove Edges</li><li>Low Maintenance</li></ul>
<h3>Installation</h3><p>Click-lock floating. 10mm expansion gap. Quality underlay required.</p>
<h3>Care</h3><p>Vacuum with soft brush. Well-wrung damp mop. No steam cleaners.</p>
<h3>Why Factory Direct Flooring?</h3><p>UK's trusted flooring specialist — premium quality at factory direct prices. Free samples, full warranties and fast UK delivery.</p>",Factory Direct Flooring,,Laminate,laminate,TRUE,Title,Default Title,69577,0,shopify,100,deny,manual,22.78,22.78,TRUE,TRUE,,,,Prestige Herringbone Laminate Flooring Iris Oak 8mm 3773 | Factory Direct Flooring,Buy Prestige Herringbone Laminate Flooring Iris Oak 8mm 3773 at Factory Direct Flooring — Laminate at competitive prices. Free samples and UK delivery.,active
prestige-herringbone-laminate-flooring-charcoal-8mm-6010,Prestige Herringbone Laminate Flooring Charcoal 8mm 6010,"<h2>Prestige Herringbone Laminate Flooring Charcoal 8mm 6010</h2><p><strong>Prestige Herringbone Laminate Flooring Charcoal 8mm 6010</strong> from Factory Direct Flooring with a <strong>8mm</strong> thickness. Authentic wood or stone look — scratch-resistant and easy to fit.</p>
<h3>Key Features</h3><ul><li>HD Surface Layer</li><li>AC-Rated Scratch Resistance</li><li>Easy Click Fit</li><li>V-Groove Edges</li><li>Low Maintenance</li></ul>
<h3>Installation</h3><p>Click-lock floating. 10mm expansion gap. Quality underlay required.</p>
<h3>Care</h3><p>Vacuum with soft brush. Well-wrung damp mop. No steam cleaners.</p>
<h3>Why Factory Direct Flooring?</h3><p>UK's trusted flooring specialist — premium quality at factory direct prices. Free samples, full warranties and fast UK delivery.</p>",Factory Direct Flooring,,Laminate,laminate,TRUE,Title,Default Title,69578,0,shopify,100,deny,manual,22.78,22.78,TRUE,TRUE,,,,Prestige Herringbone Laminate Flooring Charcoal 8mm 6010 | Factory Direct Flooring,Buy Prestige Herringbone Laminate Flooring Charcoal 8mm 6010 at Factory Direct Flooring — Laminate at competitive prices. Free samples and UK delivery.,active
embrace-pro-laminate-flooring-6010-night-sky-ac5,Embrace Pro Laminate Flooring 6010 Night Sky AC5,"<h2>Embrace Pro Laminate Flooring 6010 Night Sky AC5</h2><p><strong>Embrace Pro Laminate Flooring 6010 Night Sky AC5</strong> from Factory Direct Flooring. Authentic wood or stone look — scratch-resistant and easy to fit.</p>
<h3>Key Features</h3><ul><li>HD Surface Layer</li><li>AC-Rated Scratch Resistance</li><li>Easy Click Fit</li><li>V-Groove Edges</li><li>Low Maintenance</li></ul>
<h3>Installation</h3><p>Click-lock floating. 10mm expansion gap. Quality underlay required.</p>
<h3>Care</h3><p>Vacuum with soft brush. Well-wrung damp mop. No steam cleaners.</p>
<h3>Why Factory Direct Flooring?</h3><p>UK's trusted flooring specialist — premium quality at factory direct prices. Free samples, full warranties and fast UK delivery.</p>",Factory Direct Flooring,,Laminate,laminate,TRUE,Title,Default Title,69579,0,shopify,100,deny,manual,19.15,19.15,TRUE,TRUE,,,,Embrace Pro Laminate Flooring 6010 Night Sky AC5 | Factory Direct Flooring,Buy Embrace Pro Laminate Flooring 6010 Night Sky AC5 at Factory Direct Flooring — Laminate at competitive prices. Free samples and UK delivery.,active
prestige-plus-laminate-flooring-12mm-phoenix-oak-ac5-0032,Prestige Plus Laminate Flooring 12mm Phoenix Oak AC5 0032,"<h2>Prestige Plus Laminate Flooring 12mm Phoenix Oak AC5 0032</h2><p><strong>Prestige Plus Laminate Flooring 12mm Phoenix Oak AC5 0032</strong> from Factory Direct Flooring in a beautiful <strong>Oak</strong> finish with a <strong>12mm</strong> thickness. Authentic wood or stone look — scratch-resistant and easy to fit.</p>
<h3>Key Features</h3><ul><li>HD Surface Layer</li><li>AC-Rated Scratch Resistance</li><li>Easy Click Fit</li><li>V-Groove Edges</li><li>Low Maintenance</li></ul>
<h3>Installation</h3><p>Click-lock floating. 10mm expansion gap. Quality underlay required.</p>
<h3>Care</h3><p>Vacuum with soft brush. Well-wrung damp mop. No steam cleaners.</p>
<h3>Why Factory Direct Flooring?</h3><p>UK's trusted flooring specialist — premium quality at factory direct prices. Free samples, full warranties and fast UK delivery.</p>",Factory Direct Flooring,,Laminate,laminate,TRUE,Title,Default Title,71628-FC65,0,shopify,100,deny,manual,26.39,26.39,TRUE,TRUE,,,,Prestige Plus Laminate Flooring 12mm Phoenix Oak AC5 0032 | Factory Direct Flooring,Buy Prestige Plus Laminate Flooring 12mm Phoenix Oak AC5 0032 at Factory Direct Flooring — Laminate at competitive prices. Free samples and UK delivery.,active
prestige-laminate-flooring-7mm-harvest-0142,Prestige Laminate Flooring 7mm Harvest 0142,"<h2>Prestige Laminate Flooring 7mm Harvest 0142</h2><p><strong>Prestige Laminate Flooring 7mm Harvest 0142</strong> from Factory Direct Flooring with a <strong>7mm</strong> thickness. Authentic wood or stone look — scratch-resistant and easy to fit.</p>
<h3>Key Features</h3><ul><li>HD Surface Layer</li><li>AC-Rated Scratch Resistance</li><li>Easy Click Fit</li><li>V-Groove Edges</li><li>Low Maintenance</li></ul>
<h3>Installation</h3><p>Click-lock floating. 10mm expansion gap. Quality underlay required.</p>
<h3>Care</h3><p>Vacuum with soft brush. Well-wrung damp mop. No steam cleaners.</p>
<h3>Why Factory Direct Flooring?</h3><p>UK's trusted flooring specialist — premium quality at factory direct prices. Free samples, full warranties and fast UK delivery.</p>",Factory Direct Flooring,,Laminate,laminate,TRUE,Title,Default Title,71631-FC45,0,shopify,100,deny,manual,13.19,13.19,TRUE,TRUE,,,,Prestige Laminate Flooring 7mm Harvest 0142 | Factory Direct Flooring,Buy Prestige Laminate Flooring 7mm Harvest 0142 at Factory Direct Flooring — Laminate at competitive prices. Free samples and UK delivery.,active
embrace-herringbone-laminate-flooring-10mm-tricat-oak-6018,Embrace Herringbone Laminate Flooring 10mm Tricat Oak 6018,"<h2>Embrace Herringbone Laminate Flooring 10mm Tricat Oak 6018</h2><p><strong>Embrace Herringbone Laminate Flooring 10mm Tricat Oak 6018</strong> from Factory Direct Flooring in a beautiful <strong>Oak</strong> finish with a <strong>10mm</strong> thickness. Authentic wood or stone look — scratch-resistant and easy to fit.</p>
<h3>Key Features</h3><ul><li>HD Surface Layer</li><li>AC-Rated Scratch Resistance</li><li>Easy Click Fit</li><li>V-Groove Edges</li><li>Low Maintenance</li></ul>
<h3>Installation</h3><p>Click-lock floating. 10mm expansion gap. Quality underlay required.</p>
<h3>Care</h3><p>Vacuum with soft brush. Well-wrung damp mop. No steam cleaners.</p>
<h3>Why Factory Direct Flooring?</h3><p>UK's trusted flooring specialist — premium quality at factory direct prices. Free samples, full warranties and fast UK delivery.</p>",Factory Direct Flooring,,Laminate,laminate,TRUE,Title,Default Title,71657,0,shopify,100,deny,manual,23.67,23.67,TRUE,TRUE,,,,Embrace Herringbone Laminate Flooring 10mm Tricat Oak 6018 | Factory Direct Flooring,Buy Embrace Herringbone Laminate Flooring 10mm Tricat Oak 6018 at Factory Direct Flooring — Laminate at competitive prices. Free samples and UK delivery.,active
embrace-pro-laminate-flooring-10mm-nimbus-grey-oak-3572,Embrace Pro Laminate Flooring 10mm Nimbus Grey Oak 3572,"<h2>Embrace Pro Laminate Flooring 10mm Nimbus Grey Oak 3572</h2><p><strong>Embrace Pro Laminate Flooring 10mm Nimbus Grey Oak 3572</strong> from Factory Direct Flooring in a beautiful <strong>Oak</strong> finish with a <strong>10mm</strong> thickness. Authentic wood or stone look — scratch-resistant and easy to fit.</p>
<h3>Key Features</h3><ul><li>HD Surface Layer</li><li>AC-Rated Scratch Resistance</li><li>Easy Click Fit</li><li>V-Groove Edges</li><li>Low Maintenance</li></ul>
<h3>Installation</h3><p>Click-lock floating. 10mm expansion gap. Quality underlay required.</p>
<h3>Care</h3><p>Vacuum with soft brush. Well-wrung damp mop. No steam cleaners.</p>
<h3>Why Factory Direct Flooring?</h3><p>UK's trusted flooring specialist — premium quality at factory direct prices. Free samples, full warranties and fast UK delivery.</p>",Factory Direct Flooring,,Laminate,laminate,TRUE,Title,Default Title,71946-FC54,0,shopify,100,deny,manual,21.59,21.59,TRUE,TRUE,,,,Embrace Pro Laminate Flooring 10mm Nimbus Grey Oak 3572 | Factory Direct Flooring,Buy Embrace Pro Laminate Flooring 10mm Nimbus Grey Oak 3572 at Factory Direct Flooring — Laminate at competitive prices. Free samples and UK delivery.,active
embrace-pro-laminate-flooring-10mm-frayed-oak-4754,Embrace Pro Laminate Flooring 10mm Frayed Oak 4754,"<h2>Embrace Pro Laminate Flooring 10mm Frayed Oak 4754</h2><p><strong>Embrace Pro Laminate Flooring 10mm Frayed Oak 4754</strong> from Factory Direct Flooring in a beautiful <strong>Oak</strong> finish with a <strong>10mm</strong> thickness. Authentic wood or stone look — scratch-resistant and easy to fit.</p>
<h3>Key Features</h3><ul><li>HD Surface Layer</li><li>AC-Rated Scratch Resistance</li><li>Easy Click Fit</li><li>V-Groove Edges</li><li>Low Maintenance</li></ul>
<h3>Installation</h3><p>Click-lock floating. 10mm expansion gap. Quality underlay required.</p>
<h3>Care</h3><p>Vacuum with soft brush. Well-wrung damp mop. No steam cleaners.</p>
<h3>Why Factory Direct Flooring?</h3><p>UK's trusted flooring specialist — premium quality at factory direct prices. Free samples, full warranties and fast UK delivery.</p>",Factory Direct Flooring,,Laminate,laminate,TRUE,Title,Default Title,71970,0,shopify,100,deny,manual,19.15,19.15,TRUE,TRUE,,,,Embrace Pro Laminate Flooring 10mm Frayed Oak 4754 | Factory Direct Flooring,Buy Embrace Pro Laminate Flooring 10mm Frayed Oak 4754 at Factory Direct Flooring — Laminate at competitive prices. Free samples and UK delivery.,active
prestige-laminate-flooring-8mm-lucca-walnut-3070,Prestige Laminate Flooring 8mm Lucca Walnut 3070,"<h2>Prestige Laminate Flooring 8mm Lucca Walnut 3070</h2><p><strong>Prestige Laminate Flooring 8mm Lucca Walnut 3070</strong> from Factory Direct Flooring in a beautiful <strong>Walnut</strong> finish with a <strong>8mm</strong> thickness. Authentic wood or stone look — scratch-resistant and easy to fit.</p>
<h3>Key Features</h3><ul><li>HD Surface Layer</li><li>AC-Rated Scratch Resistance</li><li>Easy Click Fit</li><li>V-Groove Edges</li><li>Low Maintenance</li></ul>
<h3>Installation</h3><p>Click-lock floating. 10mm expansion gap. Quality underlay required.</p>
<h3>Care</h3><p>Vacuum with soft brush. Well-wrung damp mop. No steam cleaners.</p>
<h3>Why Factory Direct Flooring?</h3><p>UK's trusted flooring specialist — premium quality at factory direct prices. Free samples, full warranties and fast UK delivery.</p>",Factory Direct Flooring,,Laminate,laminate,TRUE,Title,Default Title,71948-FC47,0,shopify,100,deny,manual,19.19,19.19,TRUE,TRUE,,,,Prestige Laminate Flooring 8mm Lucca Walnut 3070 | Factory Direct Flooring,Buy Prestige Laminate Flooring 8mm Lucca Walnut 3070 at Factory Direct Flooring — Laminate at competitive prices. Free samples and UK delivery.,active
prestige-laminate-flooring-8mm-refined-oak-8114,Prestige Laminate Flooring 8mm Refined Oak 8114,"<h2>Prestige Laminate Flooring 8mm Refined Oak 8114</h2><p><strong>Prestige Laminate Flooring 8mm Refined Oak 8114</strong> from Factory Direct Flooring in a beautiful <strong>Oak</strong> finish with a <strong>8mm</strong> thickness. Authentic wood or stone look — scratch-resistant and easy to fit.</p>
<h3>Key Features</h3><ul><li>HD Surface Layer</li><li>AC-Rated Scratch Resistance</li><li>Easy Click Fit</li><li>V-Groove Edges</li><li>Low Maintenance</li></ul>
<h3>Installation</h3><p>Click-lock floating. 10mm expansion gap. Quality underlay required.</p>
<h3>Care</h3><p>Vacuum with soft brush. Well-wrung damp mop. No steam cleaners.</p>
<h3>Why Factory Direct Flooring?</h3><p>UK's trusted flooring specialist — premium quality at factory direct prices. Free samples, full warranties and fast UK delivery.</p>",Factory Direct Flooring,,Laminate,laminate,TRUE,Title,Default Title,73851-FC33,0,shopify,100,deny,manual,19.19,19.19,TRUE,TRUE,,,,Prestige Laminate Flooring 8mm Refined Oak 8114 | Factory Direct Flooring,Buy Prestige Laminate Flooring 8mm Refined Oak 8114 at Factory Direct Flooring — Laminate at competitive prices. Free samples and UK delivery.,draft
prestige-laminate-flooring-8mm-champagne-oak-821,Prestige Laminate Flooring 8mm Champagne Oak 821,"<h2>Prestige Laminate Flooring 8mm Champagne Oak 821</h2><p><strong>Prestige Laminate Flooring 8mm Champagne Oak 821</strong> from Factory Direct Flooring in a beautiful <strong>Oak</strong> finish with a <strong>8mm</strong> thickness. Authentic wood or stone look — scratch-resistant and easy to fit.</p>
<h3>Key Features</h3><ul><li>HD Surface Layer</li><li>AC-Rated Scratch Resistance</li><li>Easy Click Fit</li><li>V-Groove Edges</li><li>Low Maintenance</li></ul>
<h3>Installation</h3><p>Click-lock floating. 10mm expansion gap. Quality underlay required.</p>
<h3>Care</h3><p>Vacuum with soft brush. Well-wrung damp mop. No steam cleaners.</p>
<h3>Why Factory Direct Flooring?</h3><p>UK's trusted flooring specialist — premium quality at factory direct prices. Free samples, full warranties and fast UK delivery.</p>",Factory Direct Flooring,,Laminate,laminate,TRUE,Title,Default Title,73853-FC33,0,shopify,100,deny,manual,19.19,19.19,TRUE,TRUE,,,,Prestige Laminate Flooring 8mm Champagne Oak 821 | Factory Direct Flooring,Buy Prestige Laminate Flooring 8mm Champagne Oak 821 at Factory Direct Flooring — Laminate at competitive prices. Free samples and UK delivery.,active
prestige-laminate-flooring-8mm-michigan-oak-826,Prestige Laminate Flooring 8mm Michigan Oak 826,"<h2>Prestige Laminate Flooring 8mm Michigan Oak 826</h2><p><strong>Prestige Laminate Flooring 8mm Michigan Oak 826</strong> from Factory Direct Flooring in a beautiful <strong>Oak</strong> finish with a <strong>8mm</strong> thickness. Authentic wood or stone look — scratch-resistant and easy to fit.</p>
<h3>Key Features</h3><ul><li>HD Surface Layer</li><li>AC-Rated Scratch Resistance</li><li>Easy Click Fit</li><li>V-Groove Edges</li><li>Low Maintenance</li></ul>
<h3>Installation</h3><p>Click-lock floating. 10mm expansion gap. Quality underlay required.</p>
<h3>Care</h3><p>Vacuum with soft brush. Well-wrung damp mop. No steam cleaners.</p>
<h3>Why Factory Direct Flooring?</h3><p>UK's trusted flooring specialist — premium quality at factory direct prices. Free samples, full warranties and fast UK delivery.</p>",Factory Direct Flooring,,Laminate,laminate,TRUE,Title,Default Title,73856-FC68,0,shopify,100,deny,manual,19.19,19.19,TRUE,TRUE,,,,Prestige Laminate Flooring 8mm Michigan Oak 826 | Factory Direct Flooring,Buy Prestige Laminate Flooring 8mm Michigan Oak 826 at Factory Direct Flooring — Laminate at competitive prices. Free samples and UK delivery.,active
embrace-xl-laminate-flooring-10mm-palisade-oak-1032,Embrace XL Laminate Flooring 10mm Palisade Oak 1032,"<h2>Embrace XL Laminate Flooring 10mm Palisade Oak 1032</h2><p><strong>Embrace XL Laminate Flooring 10mm Palisade Oak 1032</strong> from Factory Direct Flooring in a beautiful <strong>Oak</strong> finish with a <strong>10mm</strong> thickness. Authentic wood or stone look — scratch-resistant and easy to fit.</p>
<h3>Key Features</h3><ul><li>HD Surface Layer</li><li>AC-Rated Scratch Resistance</li><li>Easy Click Fit</li><li>V-Groove Edges</li><li>Low Maintenance</li></ul>
<h3>Installation</h3><p>Click-lock floating. 10mm expansion gap. Quality underlay required.</p>
<h3>Care</h3><p>Vacuum with soft brush. Well-wrung damp mop. No steam cleaners.</p>
<h3>Why Factory Direct Flooring?</h3><p>UK's trusted flooring specialist — premium quality at factory direct prices. Free samples, full warranties and fast UK delivery.</p>",Factory Direct Flooring,,Laminate,laminate,TRUE,Title,Default Title,73864-FC49,0,shopify,100,deny,manual,31.19,31.19,TRUE,TRUE,,,,Embrace XL Laminate Flooring 10mm Palisade Oak 1032 | Factory Direct Flooring,Buy Embrace XL Laminate Flooring 10mm Palisade Oak 1032 at Factory Direct Flooring — Laminate at competitive prices. Free samples and UK delivery.,active
embrace-xl-laminate-flooring-10mm-sierra-oak-0772,Embrace XL Laminate Flooring 10mm Sierra Oak 0772,"<h2>Embrace XL Laminate Flooring 10mm Sierra Oak 0772</h2><p><strong>Embrace XL Laminate Flooring 10mm Sierra Oak 0772</strong> from Factory Direct Flooring in a beautiful <strong>Oak</strong> finish with a <strong>10mm</strong> thickness. Authentic wood or stone look — scratch-resistant and easy to fit.</p>
<h3>Key Features</h3><ul><li>HD Surface Layer</li><li>AC-Rated Scratch Resistance</li><li>Easy Click Fit</li><li>V-Groove Edges</li><li>Low Maintenance</li></ul>
<h3>Installation</h3><p>Click-lock floating. 10mm expansion gap. Quality underlay required.</p>
<h3>Care</h3><p>Vacuum with soft brush. Well-wrung damp mop. No steam cleaners.</p>
<h3>Why Factory Direct Flooring?</h3><p>UK's trusted flooring specialist — premium quality at factory direct prices. Free samples, full warranties and fast UK delivery.</p>",Factory Direct Flooring,,Laminate,laminate,TRUE,Title,Default Title,73865-FC33,0,shopify,100,deny,manual,31.19,31.19,TRUE,TRUE,,,,Embrace XL Laminate Flooring 10mm Sierra Oak 0772 | Factory Direct Flooring,Buy Embrace XL Laminate Flooring 10mm Sierra Oak 0772 at Factory Direct Flooring — Laminate at competitive prices. Free samples and UK delivery.,active
embrace-xl-laminate-flooring-10mm-classic-oak-1008,Embrace XL Laminate Flooring 10mm Classic Oak 1008,"<h2>Embrace XL Laminate Flooring 10mm Classic Oak 1008</h2><p><strong>Embrace XL Laminate Flooring 10mm Classic Oak 1008</strong> from Factory Direct Flooring in a beautiful <strong>Oak</strong> finish with a <strong>10mm</strong> thickness. Authentic wood or stone look — scratch-resistant and easy to fit.</p>
<h3>Key Features</h3><ul><li>HD Surface Layer</li><li>AC-Rated Scratch Resistance</li><li>Easy Click Fit</li><li>V-Groove Edges</li><li>Low Maintenance</li></ul>
<h3>Installation</h3><p>Click-lock floating. 10mm expansion gap. Quality underlay required.</p>
<h3>Care</h3><p>Vacuum with soft brush. Well-wrung damp mop. No steam cleaners.</p>
<h3>Why Factory Direct Flooring?</h3><p>UK's trusted flooring specialist — premium quality at factory direct prices. Free samples, full warranties and fast UK delivery.</p>",Factory Direct Flooring,,Laminate,laminate,TRUE,Title,Default Title,73875-FC15,0,shopify,100,deny,manual,31.19,31.19,TRUE,TRUE,,,,Embrace XL Laminate Flooring 10mm Classic Oak 1008 | Factory Direct Flooring,Buy Embrace XL Laminate Flooring 10mm Classic Oak 1008 at Factory Direct Flooring — Laminate at competitive prices. Free samples and UK delivery.,active
embrace-pro-laminate-flooring-bruges-oak-ac5-0792,Embrace Pro Laminate Flooring Bruges Oak AC5 0792,"<h2>Embrace Pro Laminate Flooring Bruges Oak AC5 0792</h2><p><strong>Embrace Pro Laminate Flooring Bruges Oak AC5 0792</strong> from Factory Direct Flooring in a beautiful <strong>Oak</strong> finish. Authentic wood or stone look — scratch-resistant and easy to fit.</p>
<h3>Key Features</h3><ul><li>HD Surface Layer</li><li>AC-Rated Scratch Resistance</li><li>Easy Click Fit</li><li>V-Groove Edges</li><li>Low Maintenance</li></ul>
<h3>Installation</h3><p>Click-lock floating. 10mm expansion gap. Quality underlay required.</p>
<h3>Care</h3><p>Vacuum with soft brush. Well-wrung damp mop. No steam cleaners.</p>
<h3>Why Factory Direct Flooring?</h3><p>UK's trusted flooring specialist — premium quality at factory direct prices. Free samples, full warranties and fast UK delivery.</p>",Factory Direct Flooring,,Laminate,laminate,TRUE,Title,Default Title,73876-FC15,0,shopify,100,deny,manual,21.59,21.59,TRUE,TRUE,,,,Embrace Pro Laminate Flooring Bruges Oak AC5 0792 | Factory Direct Flooring,Buy Embrace Pro Laminate Flooring Bruges Oak AC5 0792 at Factory Direct Flooring — Laminate at competitive prices. Free samples and UK delivery.,active
embrace-herringbone-laminate-flooring-windsor-oak-10mm-1001,Embrace Herringbone Laminate Flooring Windsor Oak 10mm 1001,"<h2>Embrace Herringbone Laminate Flooring Windsor Oak 10mm 1001</h2><p><strong>Embrace Herringbone Laminate Flooring Windsor Oak 10mm 1001</strong> from Factory Direct Flooring in a beautiful <strong>Oak</strong> finish with a <strong>10mm</strong> thickness. Authentic wood or stone look — scratch-resistant and easy to fit.</p>
<h3>Key Features</h3><ul><li>HD Surface Layer</li><li>AC-Rated Scratch Resistance</li><li>Easy Click Fit</li><li>V-Groove Edges</li><li>Low Maintenance</li></ul>
<h3>Installation</h3><p>Click-lock floating. 10mm expansion gap. Quality underlay required.</p>
<h3>Care</h3><p>Vacuum with soft brush. Well-wrung damp mop. No steam cleaners.</p>
<h3>Why Factory Direct Flooring?</h3><p>UK's trusted flooring specialist — premium quality at factory direct prices. Free samples, full warranties and fast UK delivery.</p>",Factory Direct Flooring,,Laminate,laminate,TRUE,Title,Default Title,73880-FC45,0,shopify,100,deny,manual,31.19,31.19,TRUE,TRUE,,,,Embrace Herringbone Laminate Flooring Windsor Oak 10mm 1001 | Factory Direct Flooring,Buy Embrace Herringbone Laminate Flooring Windsor Oak 10mm 1001 at Factory Direct Flooring — Laminate at competitive prices. Free samples and UK delivery.,active
embrace-herringbone-laminate-flooring-midnight-oak-12mm,Embrace Herringbone Laminate Flooring Midnight Oak 12mm,"<h2>Embrace Herringbone Laminate Flooring Midnight Oak 12mm</h2><p><strong>Embrace Herringbone Laminate Flooring Midnight Oak 12mm</strong> from Factory Direct Flooring in a beautiful <strong>Oak</strong> finish with a <strong>12mm</strong> thickness. Authentic wood or stone look — scratch-resistant and easy to fit.</p>
<h3>Key Features</h3><ul><li>HD Surface Layer</li><li>AC-Rated Scratch Resistance</li><li>Easy Click Fit</li><li>V-Groove Edges</li><li>Low Maintenance</li></ul>
<h3>Installation</h3><p>Click-lock floating. 10mm expansion gap. Quality underlay required.</p>
<h3>Care</h3><p>Vacuum with soft brush. Well-wrung damp mop. No steam cleaners.</p>
<h3>Why Factory Direct Flooring?</h3><p>UK's trusted flooring specialist — premium quality at factory direct prices. Free samples, full warranties and fast UK delivery.</p>",Factory Direct Flooring,,Laminate,laminate,TRUE,Title,Default Title,73983-R379,0,shopify,100,deny,manual,26.38,26.38,TRUE,TRUE,,,,Embrace Herringbone Laminate Flooring Midnight Oak 12mm | Factory Direct Flooring,Buy Embrace Herringbone Laminate Flooring Midnight Oak 12mm at Factory Direct Flooring — Laminate at competitive prices. Free samples and UK delivery.,active
embrace-herringbone-laminate-flooring-century-oak-12mm,Embrace Herringbone Laminate Flooring Century Oak 12mm,"<h2>Embrace Herringbone Laminate Flooring Century Oak 12mm</h2><p><strong>Embrace Herringbone Laminate Flooring Century Oak 12mm</strong> from Factory Direct Flooring in a beautiful <strong>Oak</strong> finish with a <strong>12mm</strong> thickness. Authentic wood or stone look — scratch-resistant and easy to fit.</p>
<h3>Key Features</h3><ul><li>HD Surface Layer</li><li>AC-Rated Scratch Resistance</li><li>Easy Click Fit</li><li>V-Groove Edges</li><li>Low Maintenance</li></ul>
<h3>Installation</h3><p>Click-lock floating. 10mm expansion gap. Quality underlay required.</p>
<h3>Care</h3><p>Vacuum with soft brush. Well-wrung damp mop. No steam cleaners.</p>
<h3>Why Factory Direct Flooring?</h3><p>UK's trusted flooring specialist — premium quality at factory direct prices. Free samples, full warranties and fast UK delivery.</p>",Factory Direct Flooring,,Laminate,laminate,TRUE,Title,Default Title,73984-2006,0,shopify,100,deny,manual,26.38,26.38,TRUE,TRUE,,,,Embrace Herringbone Laminate Flooring Century Oak 12mm | Factory Direct Flooring,Buy Embrace Herringbone Laminate Flooring Century Oak 12mm at Factory Direct Flooring — Laminate at competitive prices. Free samples and UK delivery.,active
embrace-herringbone-laminate-flooring-walnut-12mm,Embrace Herringbone Laminate Flooring Walnut 12mm,"<h2>Embrace Herringbone Laminate Flooring Walnut 12mm</h2><p><strong>Embrace Herringbone Laminate Flooring Walnut 12mm</strong> from Factory Direct Flooring in a beautiful <strong>Walnut</strong> finish with a <strong>12mm</strong> thickness. Authentic wood or stone look — scratch-resistant and easy to fit.</p>
<h3>Key Features</h3><ul><li>HD Surface Layer</li><li>AC-Rated Scratch Resistance</li><li>Easy Click Fit</li><li>V-Groove Edges</li><li>Low Maintenance</li></ul>
<h3>Installation</h3><p>Click-lock floating. 10mm expansion gap. Quality underlay required.</p>
<h3>Care</h3><p>Vacuum with soft brush. Well-wrung damp mop. No steam cleaners.</p>
<h3>Why Factory Direct Flooring?</h3><p>UK's trusted flooring specialist — premium quality at factory direct prices. Free samples, full warranties and fast UK delivery.</p>",Factory Direct Flooring,,Laminate,laminate,TRUE,Title,Default Title,73985-90758,0,shopify,100,deny,manual,26.38,26.38,TRUE,TRUE,,,,Embrace Herringbone Laminate Flooring Walnut 12mm | Factory Direct Flooring,Buy Embrace Herringbone Laminate Flooring Walnut 12mm at Factory Direct Flooring — Laminate at competitive prices. Free samples and UK delivery.,active
embrace-herringbone-royal-oak-12mm-laminate,Embrace Herringbone Royal Oak 12mm Laminate,"<h2>Embrace Herringbone Royal Oak 12mm Laminate</h2><p><strong>Embrace Herringbone Royal Oak 12mm Laminate</strong> from Factory Direct Flooring in a beautiful <strong>Oak</strong> finish with a <strong>12mm</strong> thickness. Authentic wood or stone look — scratch-resistant and easy to fit.</p>
<h3>Key Features</h3><ul><li>HD Surface Layer</li><li>AC-Rated Scratch Resistance</li><li>Easy Click Fit</li><li>V-Groove Edges</li><li>Low Maintenance</li></ul>
<h3>Installation</h3><p>Click-lock floating. 10mm expansion gap. Quality underlay required.</p>
<h3>Care</h3><p>Vacuum with soft brush. Well-wrung damp mop. No steam cleaners.</p>
<h3>Why Factory Direct Flooring?</h3><p>UK's trusted flooring specialist — premium quality at factory direct prices. Free samples, full warranties and fast UK delivery.</p>",Factory Direct Flooring,,Laminate,laminate,TRUE,Title,Default Title,73986-2607,0,shopify,100,deny,manual,26.38,26.38,TRUE,TRUE,,,,Embrace Herringbone Royal Oak 12mm Laminate | Factory Direct Flooring,Buy Embrace Herringbone Royal Oak 12mm Laminate at Factory Direct Flooring — Laminate at competitive prices. Free samples and UK delivery.,active
embrace-herringbone-limed-oak-12mm-laminate,Embrace Herringbone Limed Oak 12mm Laminate,"<h2>Embrace Herringbone Limed Oak 12mm Laminate</h2><p><strong>Embrace Herringbone Limed Oak 12mm Laminate</strong> from Factory Direct Flooring in a beautiful <strong>Oak</strong> finish with a <strong>12mm</strong> thickness. Authentic wood or stone look — scratch-resistant and easy to fit.</p>
<h3>Key Features</h3><ul><li>HD Surface Layer</li><li>AC-Rated Scratch Resistance</li><li>Easy Click Fit</li><li>V-Groove Edges</li><li>Low Maintenance</li></ul>
<h3>Installation</h3><p>Click-lock floating. 10mm expansion gap. Quality underlay required.</p>
<h3>Care</h3><p>Vacuum with soft brush. Well-wrung damp mop. No steam cleaners.</p>
<h3>Why Factory Direct Flooring?</h3><p>UK's trusted flooring specialist — premium quality at factory direct prices. Free samples, full warranties and fast UK delivery.</p>",Factory Direct Flooring,,Laminate,laminate,TRUE,Title,Default Title,73987-2609,0,shopify,100,deny,manual,26.38,26.38,TRUE,TRUE,,,,Embrace Herringbone Limed Oak 12mm Laminate | Factory Direct Flooring,Buy Embrace Herringbone Limed Oak 12mm Laminate at Factory Direct Flooring — Laminate at competitive prices. Free samples and UK delivery.,active
embrace-herringbone-laminate-flooring-washed-oak-12mm,Embrace Herringbone Laminate Flooring Washed Oak 12mm,"<h2>Embrace Herringbone Laminate Flooring Washed Oak 12mm</h2><p><strong>Embrace Herringbone Laminate Flooring Washed Oak 12mm</strong> from Factory Direct Flooring in a beautiful <strong>Oak</strong> finish with a <strong>12mm</strong> thickness. Authentic wood or stone look — scratch-resistant and easy to fit.</p>
<h3>Key Features</h3><ul><li>HD Surface Layer</li><li>AC-Rated Scratch Resistance</li><li>Easy Click Fit</li><li>V-Groove Edges</li><li>Low Maintenance</li></ul>
<h3>Installation</h3><p>Click-lock floating. 10mm expansion gap. Quality underlay required.</p>
<h3>Care</h3><p>Vacuum with soft brush. Well-wrung damp mop. No steam cleaners.</p>
<h3>Why Factory Direct Flooring?</h3><p>UK's trusted flooring specialist — premium quality at factory direct prices. Free samples, full warranties and fast UK delivery.</p>",Factory Direct Flooring,,Laminate,laminate,TRUE,Title,Default Title,73989-1051,0,shopify,100,deny,manual,26.38,26.38,TRUE,TRUE,,,,Embrace Herringbone Laminate Flooring Washed Oak 12mm | Factory Direct Flooring,Buy Embrace Herringbone Laminate Flooring Washed Oak 12mm at Factory Direct Flooring — Laminate at competitive prices. Free samples and UK delivery.,active
embrace-herringbone-laminate-flooring-traditional-oak-12mm,Embrace Herringbone Laminate Flooring Traditional Oak 12mm,"<h2>Embrace Herringbone Laminate Flooring Traditional Oak 12mm</h2><p><strong>Embrace Herringbone Laminate Flooring Traditional Oak 12mm</strong> from Factory Direct Flooring in a beautiful <strong>Oak</strong> finish with a <strong>12mm</strong> thickness. Authentic wood or stone look — scratch-resistant and easy to fit.</p>
<h3>Key Features</h3><ul><li>HD Surface Layer</li><li>AC-Rated Scratch Resistance</li><li>Easy Click Fit</li><li>V-Groove Edges</li><li>Low Maintenance</li></ul>
<h3>Installation</h3><p>Click-lock floating. 10mm expansion gap. Quality underlay required.</p>
<h3>Care</h3><p>Vacuum with soft brush. Well-wrung damp mop. No steam cleaners.</p>
<h3>Why Factory Direct Flooring?</h3><p>UK's trusted flooring specialist — premium quality at factory direct prices. Free samples, full warranties and fast UK delivery.</p>",Factory Direct Flooring,,Laminate,laminate,TRUE,Title,Default Title,73988-9234,0,shopify,100,deny,manual,26.38,26.38,TRUE,TRUE,,,,Embrace Herringbone Laminate Flooring Traditional Oak 12mm | Factory Direct Flooring,Buy Embrace Herringbone Laminate Flooring Traditional Oak 12mm at Factory Direct Flooring — Laminate at competitive prices. Free samples and UK delivery.,active
embrace-herringbone-laminate-flooring-cappuccino-oak-12mm,Embrace Herringbone Laminate Flooring Cappuccino Oak 12mm,"<h2>Embrace Herringbone Laminate Flooring Cappuccino Oak 12mm</h2><p><strong>Embrace Herringbone Laminate Flooring Cappuccino Oak 12mm</strong> from Factory Direct Flooring in a beautiful <strong>Oak</strong> finish with a <strong>12mm</strong> thickness. Authentic wood or stone look — scratch-resistant and easy to fit.</p>
<h3>Key Features</h3><ul><li>HD Surface Layer</li><li>AC-Rated Scratch Resistance</li><li>Easy Click Fit</li><li>V-Groove Edges</li><li>Low Maintenance</li></ul>
<h3>Installation</h3><p>Click-lock floating. 10mm expansion gap. Quality underlay required.</p>
<h3>Care</h3><p>Vacuum with soft brush. Well-wrung damp mop. No steam cleaners.</p>
<h3>Why Factory Direct Flooring?</h3><p>UK's trusted flooring specialist — premium quality at factory direct prices. Free samples, full warranties and fast UK delivery.</p>",Factory Direct Flooring,,Laminate,laminate,TRUE,Title,Default Title,73990-2610,0,shopify,100,deny,manual,26.38,26.38,TRUE,TRUE,,,,Embrace Herringbone Laminate Flooring Cappuccino Oak 12mm | Factory Direct Flooring,Buy Embrace Herringbone Laminate Flooring Cappuccino Oak 12mm at Factory Direct Flooring — Laminate at competitive prices. Free samples and UK delivery.,active
embrace-herringbone-laminate-flooring-smoked-oak-14mm-built-in-underlay,Embrace Herringbone Laminate Flooring Smoked Oak 14mm Built-in Underlay,"<h2>Embrace Herringbone Laminate Flooring Smoked Oak 14mm Built-in Underlay</h2><p><strong>Embrace Herringbone Laminate Flooring Smoked Oak 14mm Built-in Underlay</strong> from Factory Direct Flooring in a beautiful <strong>Oak</strong> finish with a <strong>14mm</strong> thickness. Authentic wood or stone look — scratch-resistant and easy to fit.</p>
<h3>Key Features</h3><ul><li>HD Surface Layer</li><li>AC-Rated Scratch Resistance</li><li>Easy Click Fit</li><li>V-Groove Edges</li><li>Low Maintenance</li></ul>
<h3>Installation</h3><p>Click-lock floating. 10mm expansion gap. Quality underlay required.</p>
<h3>Care</h3><p>Vacuum with soft brush. Well-wrung damp mop. No steam cleaners.</p>
<h3>Why Factory Direct Flooring?</h3><p>UK's trusted flooring specialist — premium quality at factory direct prices. Free samples, full warranties and fast UK delivery.</p>",Factory Direct Flooring,,Laminate,laminate,TRUE,Title,Default Title,74145H,0,shopify,100,deny,manual,29.99,29.99,TRUE,TRUE,,,,Embrace Herringbone Laminate Flooring Smoked Oak 14mm Built-in Underlay | Factory Direct Flooring,Buy Embrace Herringbone Laminate Flooring Smoked Oak 14mm Built-in Underlay at Factory Direct Flooring — Laminate at competitive prices. Free samples and UK delivery.,active
embrace-herringbone-laminate-flooring-arctic-beige-14mm-built-in-underlay,Embrace Herringbone Laminate Flooring Arctic Beige 14mm Built-in Underlay,"<h2>Embrace Herringbone Laminate Flooring Arctic Beige 14mm Built-in Underlay</h2><p><strong>Embrace Herringbone Laminate Flooring Arctic Beige 14mm Built-in Underlay</strong> from Factory Direct Flooring in a beautiful <strong>Beige</strong> finish with a <strong>14mm</strong> thickness. Authentic wood or stone look — scratch-resistant and easy to fit.</p>
<h3>Key Features</h3><ul><li>HD Surface Layer</li><li>AC-Rated Scratch Resistance</li><li>Easy Click Fit</li><li>V-Groove Edges</li><li>Low Maintenance</li></ul>
<h3>Installation</h3><p>Click-lock floating. 10mm expansion gap. Quality underlay required.</p>
<h3>Care</h3><p>Vacuum with soft brush. Well-wrung damp mop. No steam cleaners.</p>
<h3>Why Factory Direct Flooring?</h3><p>UK's trusted flooring specialist — premium quality at factory direct prices. Free samples, full warranties and fast UK delivery.</p>",Factory Direct Flooring,,Laminate,laminate,TRUE,Title,Default Title,74146H,0,shopify,100,deny,manual,29.99,29.99,TRUE,TRUE,,,,Embrace Herringbone Laminate Flooring Arctic Beige 14mm Built-in Underlay | Factory Direct Flooring,Buy Embrace Herringbone Laminate Flooring Arctic Beige 14mm Built-in Underlay at Factory Direct Flooring — Laminate at competitive prices. Free samples and UK delivery.,active
embrace-herringbone-polar-oak-14mm-laminate-flooring-built-in-underlay,Embrace Herringbone Polar Oak 14mm Laminate Flooring Built-in Underlay,"<h2>Embrace Herringbone Polar Oak 14mm Laminate Flooring Built-in Underlay</h2><p><strong>Embrace Herringbone Polar Oak 14mm Laminate Flooring Built-in Underlay</strong> from Factory Direct Flooring in a beautiful <strong>Oak</strong> finish with a <strong>14mm</strong> thickness. Authentic wood or stone look — scratch-resistant and easy to fit.</p>
<h3>Key Features</h3><ul><li>HD Surface Layer</li><li>AC-Rated Scratch Resistance</li><li>Easy Click Fit</li><li>V-Groove Edges</li><li>Low Maintenance</li></ul>
<h3>Installation</h3><p>Click-lock floating. 10mm expansion gap. Quality underlay required.</p>
<h3>Care</h3><p>Vacuum with soft brush. Well-wrung damp mop. No steam cleaners.</p>
<h3>Why Factory Direct Flooring?</h3><p>UK's trusted flooring specialist — premium quality at factory direct prices. Free samples, full warranties and fast UK delivery.</p>",Factory Direct Flooring,,Laminate,laminate,TRUE,Title,Default Title,74147H,0,shopify,100,deny,manual,29.99,29.99,TRUE,TRUE,,,,Embrace Herringbone Polar Oak 14mm Laminate Flooring Built-in Underlay | Factory Direct Flooring,Buy Embrace Herringbone Polar Oak 14mm Laminate Flooring Built-in Underlay at Factory Direct Flooring — Laminate at competitive prices. Free samples and UK delivery.,active
embrace-herringbone-laminate-flooring-crystal-oak-14mm-built-in-underlay,Embrace Herringbone Laminate Flooring Crystal Oak 14mm Built-in Underlay,"<h2>Embrace Herringbone Laminate Flooring Crystal Oak 14mm Built-in Underlay</h2><p><strong>Embrace Herringbone Laminate Flooring Crystal Oak 14mm Built-in Underlay</strong> from Factory Direct Flooring in a beautiful <strong>Oak</strong> finish with a <strong>14mm</strong> thickness. Authentic wood or stone look — scratch-resistant and easy to fit.</p>
<h3>Key Features</h3><ul><li>HD Surface Layer</li><li>AC-Rated Scratch Resistance</li><li>Easy Click Fit</li><li>V-Groove Edges</li><li>Low Maintenance</li></ul>
<h3>Installation</h3><p>Click-lock floating. 10mm expansion gap. Quality underlay required.</p>
<h3>Care</h3><p>Vacuum with soft brush. Well-wrung damp mop. No steam cleaners.</p>
<h3>Why Factory Direct Flooring?</h3><p>UK's trusted flooring specialist — premium quality at factory direct prices. Free samples, full warranties and fast UK delivery.</p>",Factory Direct Flooring,,Laminate,laminate,TRUE,Title,Default Title,74148H,0,shopify,100,deny,manual,29.99,29.99,TRUE,TRUE,,,,Embrace Herringbone Laminate Flooring Crystal Oak 14mm Built-in Underlay | Factory Direct Flooring,Buy Embrace Herringbone Laminate Flooring Crystal Oak 14mm Built-in Underlay at Factory Direct Flooring — Laminate at competitive prices. Free samples and UK delivery.,active
embrace-herringbone-laminate-flooring-farmhouse-oak-14mm-built-in-underlay,Embrace Herringbone Laminate Flooring Farmhouse Oak 14mm Built-in Underlay,"<h2>Embrace Herringbone Laminate Flooring Farmhouse Oak 14mm Built-in Underlay</h2><p><strong>Embrace Herringbone Laminate Flooring Farmhouse Oak 14mm Built-in Underlay</strong> from Factory Direct Flooring in a beautiful <strong>Oak</strong> finish with a <strong>14mm</strong> thickness. Authentic wood or stone look — scratch-resistant and easy to fit.</p>
<h3>Key Features</h3><ul><li>HD Surface Layer</li><li>AC-Rated Scratch Resistance</li><li>Easy Click Fit</li><li>V-Groove Edges</li><li>Low Maintenance</li></ul>
<h3>Installation</h3><p>Click-lock floating. 10mm expansion gap. Quality underlay required.</p>
<h3>Care</h3><p>Vacuum with soft brush. Well-wrung damp mop. No steam cleaners.</p>
<h3>Why Factory Direct Flooring?</h3><p>UK's trusted flooring specialist — premium quality at factory direct prices. Free samples, full warranties and fast UK delivery.</p>",Factory Direct Flooring,,Laminate,laminate,TRUE,Title,Default Title,74149H,0,shopify,100,deny,manual,29.99,29.99,TRUE,TRUE,,,,Embrace Herringbone Laminate Flooring Farmhouse Oak 14mm Built-in Underlay | Factory Direct Flooring,Buy Embrace Herringbone Laminate Flooring Farmhouse Oak 14mm Built-in Underlay at Factory Direct Flooring — Laminate at competitive prices. Free samples and UK delivery.,active
embrace-herringbone-laminate-flooring-woodland-oak-14mm-built-in-underlay,Embrace Herringbone Laminate Flooring Woodland Oak 14mm Built-in Underlay,"<h2>Embrace Herringbone Laminate Flooring Woodland Oak 14mm Built-in Underlay</h2><p><strong>Embrace Herringbone Laminate Flooring Woodland Oak 14mm Built-in Underlay</strong> from Factory Direct Flooring in a beautiful <strong>Oak</strong> finish with a <strong>14mm</strong> thickness. Authentic wood or stone look — scratch-resistant and easy to fit.</p>
<h3>Key Features</h3><ul><li>HD Surface Layer</li><li>AC-Rated Scratch Resistance</li><li>Easy Click Fit</li><li>V-Groove Edges</li><li>Low Maintenance</li></ul>
<h3>Installation</h3><p>Click-lock floating. 10mm expansion gap. Quality underlay required.</p>
<h3>Care</h3><p>Vacuum with soft brush. Well-wrung damp mop. No steam cleaners.</p>
<h3>Why Factory Direct Flooring?</h3><p>UK's trusted flooring specialist — premium quality at factory direct prices. Free samples, full warranties and fast UK delivery.</p>",Factory Direct Flooring,,Laminate,laminate,TRUE,Title,Default Title,74150H,0,shopify,100,deny,manual,29.99,29.99,TRUE,TRUE,,,,Embrace Herringbone Laminate Flooring Woodland Oak 14mm Built-in Underlay | Factory Direct Flooring,Buy Embrace Herringbone Laminate Flooring Woodland Oak 14mm Built-in Underlay at Factory Direct Flooring — Laminate at competitive prices. Free samples and UK delivery.,active
embrace-pro-laminate-flooring-14mm-smoked-oak-ac5-built-in-underlay,Embrace Pro Laminate Flooring 14mm Smoked Oak AC5 Built-in Underlay,"<h2>Embrace Pro Laminate Flooring 14mm Smoked Oak AC5 Built-in Underlay</h2><p><strong>Embrace Pro Laminate Flooring 14mm Smoked Oak AC5 Built-in Underlay</strong> from Factory Direct Flooring in a beautiful <strong>Oak</strong> finish with a <strong>14mm</strong> thickness. Authentic wood or stone look — scratch-resistant and easy to fit.</p>
<h3>Key Features</h3><ul><li>HD Surface Layer</li><li>AC-Rated Scratch Resistance</li><li>Easy Click Fit</li><li>V-Groove Edges</li><li>Low Maintenance</li></ul>
<h3>Installation</h3><p>Click-lock floating. 10mm expansion gap. Quality underlay required.</p>
<h3>Care</h3><p>Vacuum with soft brush. Well-wrung damp mop. No steam cleaners.</p>
<h3>Why Factory Direct Flooring?</h3><p>UK's trusted flooring specialist — premium quality at factory direct prices. Free samples, full warranties and fast UK delivery.</p>",Factory Direct Flooring,,Laminate,laminate,TRUE,Title,Default Title,74151P,0,shopify,100,deny,manual,23.97,23.97,TRUE,TRUE,https://shadiikart-prog.github.io/product-scraper-demo/scrapers/output/images/00005_epoxy_damp_proof_membrane_ewa9_lifestyle_1_1.jpg,1,Embrace Pro Laminate Flooring 14mm Smoked Oak AC5 Built-in Underlay,Embrace Pro Laminate Flooring 14mm Smoked Oak AC5 Built-in Underlay | Factory Direct Flooring,Buy Embrace Pro Laminate Flooring 14mm Smoked Oak AC5 Built-in Underlay at Factory Direct Flooring — Laminate at competitive prices. Free samples and UK delivery.,active
embrace-pro-laminate-flooring-14mm-smoked-oak-ac5-built-in-underlay,,,,,,,,,,,,,,,,,,,,https://shadiikart-prog.github.io/product-scraper-demo/scrapers/output/images/00006_flooring-expansion-profile-metal-ewa40-silver-and-gold.jpg,2,Embrace Pro Laminate Flooring 14mm Smoked Oak AC5 Built-in Underlay,,,
embrace-pro-laminate-flooring-14mm-arctic-beige-ac5-built-in-underlay,Embrace Pro Laminate Flooring 14mm Arctic Beige AC5 Built-in Underlay,"<h2>Embrace Pro Laminate Flooring 14mm Arctic Beige AC5 Built-in Underlay</h2><p><strong>Embrace Pro Laminate Flooring 14mm Arctic Beige AC5 Built-in Underlay</strong> from Factory Direct Flooring in a beautiful <strong>Beige</strong> finish with a <strong>14mm</strong> thickness. Authentic wood or stone look — scratch-resistant and easy to fit.</p>
<h3>Key Features</h3><ul><li>HD Surface Layer</li><li>AC-Rated Scratch Resistance</li><li>Easy Click Fit</li><li>V-Groove Edges</li><li>Low Maintenance</li></ul>
<h3>Installation</h3><p>Click-lock floating. 10mm expansion gap. Quality underlay required.</p>
<h3>Care</h3><p>Vacuum with soft brush. Well-wrung damp mop. No steam cleaners.</p>
<h3>Why Factory Direct Flooring?</h3><p>UK's trusted flooring specialist — premium quality at factory direct prices. Free samples, full warranties and fast UK delivery.</p>",Factory Direct Flooring,,Laminate,laminate,TRUE,Title,Default Title,74152P,0,shopify,100,deny,manual,23.97,23.97,TRUE,TRUE,,,,Embrace Pro Laminate Flooring 14mm Arctic Beige AC5 Built-in Underlay | Factory Direct Flooring,Buy Embrace Pro Laminate Flooring 14mm Arctic Beige AC5 Built-in Underlay at Factory Direct Flooring — Laminate at competitive prices. Free samples and UK delivery.,active
embrace-pro-laminate-flooring-14mm-polar-oak-ac5-built-in-underlay,Embrace Pro Laminate Flooring 14mm Polar Oak AC5 Built-in Underlay,"<h2>Embrace Pro Laminate Flooring 14mm Polar Oak AC5 Built-in Underlay</h2><p><strong>Embrace Pro Laminate Flooring 14mm Polar Oak AC5 Built-in Underlay</strong> from Factory Direct Flooring in a beautiful <strong>Oak</strong> finish with a <strong>14mm</strong> thickness. Authentic wood or stone look — scratch-resistant and easy to fit.</p>
<h3>Key Features</h3><ul><li>HD Surface Layer</li><li>AC-Rated Scratch Resistance</li><li>Easy Click Fit</li><li>V-Groove Edges</li><li>Low Maintenance</li></ul>
<h3>Installation</h3><p>Click-lock floating. 10mm expansion gap. Quality underlay required.</p>
<h3>Care</h3><p>Vacuum with soft brush. Well-wrung damp mop. No steam cleaners.</p>
<h3>Why Factory Direct Flooring?</h3><p>UK's trusted flooring specialist — premium quality at factory direct prices. Free samples, full warranties and fast UK delivery.</p>",Factory Direct Flooring,,Laminate,laminate,TRUE,Title,Default Title,74153P,0,shopify,100,deny,manual,23.97,23.97,TRUE,TRUE,,,,Embrace Pro Laminate Flooring 14mm Polar Oak AC5 Built-in Underlay | Factory Direct Flooring,Buy Embrace Pro Laminate Flooring 14mm Polar Oak AC5 Built-in Underlay at Factory Direct Flooring — Laminate at competitive prices. Free samples and UK delivery.,active
embrace-pro-laminate-flooring-14mm-crystal-oak-ac5-built-in-underlay,Embrace Pro Laminate Flooring 14mm Crystal Oak AC5 Built-in Underlay,"<h2>Embrace Pro Laminate Flooring 14mm Crystal Oak AC5 Built-in Underlay</h2><p><strong>Embrace Pro Laminate Flooring 14mm Crystal Oak AC5 Built-in Underlay</strong> from Factory Direct Flooring in a beautiful <strong>Oak</strong> finish with a <strong>14mm</strong> thickness. Authentic wood or stone look — scratch-resistant and easy to fit.</p>
<h3>Key Features</h3><ul><li>HD Surface Layer</li><li>AC-Rated Scratch Resistance</li><li>Easy Click Fit</li><li>V-Groove Edges</li><li>Low Maintenance</li></ul>
<h3>Installation</h3><p>Click-lock floating. 10mm expansion gap. Quality underlay required.</p>
<h3>Care</h3><p>Vacuum with soft brush. Well-wrung damp mop. No steam cleaners.</p>
<h3>Why Factory Direct Flooring?</h3><p>UK's trusted flooring specialist — premium quality at factory direct prices. Free samples, full warranties and fast UK delivery.</p>",Factory Direct Flooring,,Laminate,laminate,TRUE,Title,Default Title,74154P,0,shopify,100,deny,manual,23.97,23.97,TRUE,TRUE,,,,Embrace Pro Laminate Flooring 14mm Crystal Oak AC5 Built-in Underlay | Factory Direct Flooring,Buy Embrace Pro Laminate Flooring 14mm Crystal Oak AC5 Built-in Underlay at Factory Direct Flooring — Laminate at competitive prices. Free samples and UK delivery.,active
embrace-pro-laminate-flooring-14mm-farmhouse-oak-ac5-built-in-underlay,Embrace Pro Laminate Flooring 14mm Farmhouse Oak AC5 Built-in Underlay,"<h2>Embrace Pro Laminate Flooring 14mm Farmhouse Oak AC5 Built-in Underlay</h2><p><strong>Embrace Pro Laminate Flooring 14mm Farmhouse Oak AC5 Built-in Underlay</strong> from Factory Direct Flooring in a beautiful <strong>Oak</strong> finish with a <strong>14mm</strong> thickness. Authentic wood or stone look — scratch-resistant and easy to fit.</p>
<h3>Key Features</h3><ul><li>HD Surface Layer</li><li>AC-Rated Scratch Resistance</li><li>Easy Click Fit</li><li>V-Groove Edges</li><li>Low Maintenance</li></ul>
<h3>Installation</h3><p>Click-lock floating. 10mm expansion gap. Quality underlay required.</p>
<h3>Care</h3><p>Vacuum with soft brush. Well-wrung damp mop. No steam cleaners.</p>
<h3>Why Factory Direct Flooring?</h3><p>UK's trusted flooring specialist — premium quality at factory direct prices. Free samples, full warranties and fast UK delivery.</p>",Factory Direct Flooring,,Laminate,laminate,TRUE,Title,Default Title,74155P,0,shopify,100,deny,manual,23.97,23.97,TRUE,TRUE,,,,Embrace Pro Laminate Flooring 14mm Farmhouse Oak AC5 Built-in Underlay | Factory Direct Flooring,Buy Embrace Pro Laminate Flooring 14mm Farmhouse Oak AC5 Built-in Underlay at Factory Direct Flooring — Laminate at competitive prices. Free samples and UK delivery.,active
embrace-pro-laminate-flooring-14mm-woodland-oak-ac5-built-in-underlay,Embrace Pro Laminate Flooring 14mm Woodland Oak AC5 Built-in Underlay,"<h2>Embrace Pro Laminate Flooring 14mm Woodland Oak AC5 Built-in Underlay</h2><p><strong>Embrace Pro Laminate Flooring 14mm Woodland Oak AC5 Built-in Underlay</strong> from Factory Direct Flooring in a beautiful <strong>Oak</strong> finish with a <strong>14mm</strong> thickness. Authentic wood or stone look — scratch-resistant and easy to fit.</p>
<h3>Key Features</h3><ul><li>HD Surface Layer</li><li>AC-Rated Scratch Resistance</li><li>Easy Click Fit</li><li>V-Groove Edges</li><li>Low Maintenance</li></ul>
<h3>Installation</h3><p>Click-lock floating. 10mm expansion gap. Quality underlay required.</p>
<h3>Care</h3><p>Vacuum with soft brush. Well-wrung damp mop. No steam cleaners.</p>
<h3>Why Factory Direct Flooring?</h3><p>UK's trusted flooring specialist — premium quality at factory direct prices. Free samples, full warranties and fast UK delivery.</p>",Factory Direct Flooring,,Laminate,laminate,TRUE,Title,Default Title,74156P,0,shopify,100,deny,manual,23.97,23.97,TRUE,TRUE,,,,Embrace Pro Laminate Flooring 14mm Woodland Oak AC5 Built-in Underlay | Factory Direct Flooring,Buy Embrace Pro Laminate Flooring 14mm Woodland Oak AC5 Built-in Underlay at Factory Direct Flooring — Laminate at competitive prices. Free samples and UK delivery.,active
chic-parquet-dry-back-lvt-herringbone-flooring-outland,Chic Parquet Dry Back Lvt Herringbone Flooring Outland,"<h2>Chic Parquet Dry Back Lvt Herringbone Flooring Outland</h2><p><strong>Chic Parquet Dry Back Lvt Herringbone Flooring Outland</strong> from Factory Direct Flooring. 100% waterproof luxury vinyl — hyper-realistic designs for every room.</p>
<h3>Key Features</h3><ul><li>100% Waterproof</li><li>Commercial Wear Layer</li><li>Hyper-Realistic Surface</li><li>Warmer Than Tile</li><li>UFH Compatible</li></ul>
<h3>Installation</h3><p>Click-lock, loose-lay or glue. Clean dry flat subfloor.</p>
<h3>Care</h3><p>Vacuum to remove grit. Warm water + LVT cleaner. No abrasives.</p>
<h3>Why Factory Direct Flooring?</h3><p>UK's trusted flooring specialist — premium quality at factory direct prices. Free samples, full warranties and fast UK delivery.</p>",Factory Direct Flooring,,LVT,lvt,TRUE,Title,Default Title,73662ST,0,shopify,100,deny,manual,22.78,22.78,TRUE,TRUE,,,,Chic Parquet Dry Back Lvt Herringbone Flooring Outland | Factory Direct Flooring,Buy Chic Parquet Dry Back Lvt Herringbone Flooring Outland at Factory Direct Flooring — LVT at competitive prices. Free samples and UK delivery.,active
aqua-plank-ultra-cottage-oak-click-vinyl-floor,Aqua Plank Ultra Cottage Oak Click Vinyl Floor,"<h2>Aqua Plank Ultra Cottage Oak Click Vinyl Floor</h2><p><strong>Aqua Plank Ultra Cottage Oak Click Vinyl Floor</strong> from Factory Direct Flooring in a beautiful <strong>Oak</strong> finish. 100% waterproof luxury vinyl — hyper-realistic designs for every room.</p>
<h3>Key Features</h3><ul><li>100% Waterproof</li><li>Commercial Wear Layer</li><li>Hyper-Realistic Surface</li><li>Warmer Than Tile</li><li>UFH Compatible</li></ul>
<h3>Installation</h3><p>Click-lock, loose-lay or glue. Clean dry flat subfloor.</p>
<h3>Care</h3><p>Vacuum to remove grit. Warm water + LVT cleaner. No abrasives.</p>
<h3>Why Factory Direct Flooring?</h3><p>UK's trusted flooring specialist — premium quality at factory direct prices. Free samples, full warranties and fast UK delivery.</p>",Factory Direct Flooring,,LVT,lvt,TRUE,Title,Default Title,AUL73877,0,shopify,100,deny,manual,29.99,29.99,TRUE,TRUE,,,,Aqua Plank Ultra Cottage Oak Click Vinyl Floor | Factory Direct Flooring,Buy Aqua Plank Ultra Cottage Oak Click Vinyl Floor at Factory Direct Flooring — LVT at competitive prices. Free samples and UK delivery.,active
hyper-loc-elderflower-h049-click-vinyl,Hyper Loc Elderflower H049 Click Vinyl,"<h2>Hyper Loc Elderflower H049 Click Vinyl</h2><p><strong>Hyper Loc Elderflower H049 Click Vinyl</strong> from Factory Direct Flooring. 100% waterproof luxury vinyl — hyper-realistic designs for every room.</p>
<h3>Key Features</h3><ul><li>100% Waterproof</li><li>Commercial Wear Layer</li><li>Hyper-Realistic Surface</li><li>Warmer Than Tile</li><li>UFH Compatible</li></ul>
<h3>Installation</h3><p>Click-lock, loose-lay or glue. Clean dry flat subfloor.</p>
<h3>Care</h3><p>Vacuum to remove grit. Warm water + LVT cleaner. No abrasives.</p>
<h3>Why Factory Direct Flooring?</h3><p>UK's trusted flooring specialist — premium quality at factory direct prices. Free samples, full warranties and fast UK delivery.</p>",Factory Direct Flooring,,LVT,lvt,TRUE,Title,Default Title,933WL049,0,shopify,100,deny,manual,34.50,34.50,TRUE,TRUE,,,,Hyper Loc Elderflower H049 Click Vinyl | Factory Direct Flooring,Buy Hyper Loc Elderflower H049 Click Vinyl at Factory Direct Flooring — LVT at competitive prices. Free samples and UK delivery.,active
hyper-loc-glazed-oak-h050-click-vinyl,Hyper Loc Glazed Oak H050 Click Vinyl,"<h2>Hyper Loc Glazed Oak H050 Click Vinyl</h2><p><strong>Hyper Loc Glazed Oak H050 Click Vinyl</strong> from Factory Direct Flooring in a beautiful <strong>Oak</strong> finish. 100% waterproof luxury vinyl — hyper-realistic designs for every room.</p>
<h3>Key Features</h3><ul><li>100% Waterproof</li><li>Commercial Wear Layer</li><li>Hyper-Realistic Surface</li><li>Warmer Than Tile</li><li>UFH Compatible</li></ul>
<h3>Installation</h3><p>Click-lock, loose-lay or glue. Clean dry flat subfloor.</p>
<h3>Care</h3><p>Vacuum to remove grit. Warm water + LVT cleaner. No abrasives.</p>
<h3>Why Factory Direct Flooring?</h3><p>UK's trusted flooring specialist — premium quality at factory direct prices. Free samples, full warranties and fast UK delivery.</p>",Factory Direct Flooring,,LVT,lvt,TRUE,Title,Default Title,934WL050,0,shopify,100,deny,manual,34.50,34.50,TRUE,TRUE,,,,Hyper Loc Glazed Oak H050 Click Vinyl | Factory Direct Flooring,Buy Hyper Loc Glazed Oak H050 Click Vinyl at Factory Direct Flooring — LVT at competitive prices. Free samples and UK delivery.,active
hyper-loc-natural-oak-h051-click-vinyl,Hyper Loc Natural Oak H051 Click Vinyl,"<h2>Hyper Loc Natural Oak H051 Click Vinyl</h2><p><strong>Hyper Loc Natural Oak H051 Click Vinyl</strong> from Factory Direct Flooring in a beautiful <strong>Oak</strong> finish. 100% waterproof luxury vinyl — hyper-realistic designs for every room.</p>
<h3>Key Features</h3><ul><li>100% Waterproof</li><li>Commercial Wear Layer</li><li>Hyper-Realistic Surface</li><li>Warmer Than Tile</li><li>UFH Compatible</li></ul>
<h3>Installation</h3><p>Click-lock, loose-lay or glue. Clean dry flat subfloor.</p>
<h3>Care</h3><p>Vacuum to remove grit. Warm water + LVT cleaner. No abrasives.</p>
<h3>Why Factory Direct Flooring?</h3><p>UK's trusted flooring specialist — premium quality at factory direct prices. Free samples, full warranties and fast UK delivery.</p>",Factory Direct Flooring,,LVT,lvt,TRUE,Title,Default Title,935WL051,0,shopify,100,deny,manual,34.50,34.50,TRUE,TRUE,,,,Hyper Loc Natural Oak H051 Click Vinyl | Factory Direct Flooring,Buy Hyper Loc Natural Oak H051 Click Vinyl at Factory Direct Flooring — LVT at competitive prices. Free samples and UK delivery.,active
hyper-loc-toffee-oak-h052-click-vinyl,Hyper Loc Toffee Oak H052 Click Vinyl,"<h2>Hyper Loc Toffee Oak H052 Click Vinyl</h2><p><strong>Hyper Loc Toffee Oak H052 Click Vinyl</strong> from Factory Direct Flooring in a beautiful <strong>Oak</strong> finish. 100% waterproof luxury vinyl — hyper-realistic designs for every room.</p>
<h3>Key Features</h3><ul><li>100% Waterproof</li><li>Commercial Wear Layer</li><li>Hyper-Realistic Surface</li><li>Warmer Than Tile</li><li>UFH Compatible</li></ul>
<h3>Installation</h3><p>Click-lock, loose-lay or glue. Clean dry flat subfloor.</p>
<h3>Care</h3><p>Vacuum to remove grit. Warm water + LVT cleaner. No abrasives.</p>
<h3>Why Factory Direct Flooring?</h3><p>UK's trusted flooring specialist — premium quality at factory direct prices. Free samples, full warranties and fast UK delivery.</p>",Factory Direct Flooring,,LVT,lvt,TRUE,Title,Default Title,936WL052,0,shopify,100,deny,manual,34.50,34.50,TRUE,TRUE,,,,Hyper Loc Toffee Oak H052 Click Vinyl | Factory Direct Flooring,Buy Hyper Loc Toffee Oak H052 Click Vinyl at Factory Direct Flooring — LVT at competitive prices. Free samples and UK delivery.,active
hyper-loc-roasted-oak-h053-click-vinyl,Hyper Loc Roasted Oak H053 Click Vinyl,"<h2>Hyper Loc Roasted Oak H053 Click Vinyl</h2><p><strong>Hyper Loc Roasted Oak H053 Click Vinyl</strong> from Factory Direct Flooring in a beautiful <strong>Oak</strong> finish. 100% waterproof luxury vinyl — hyper-realistic designs for every room.</p>
<h3>Key Features</h3><ul><li>100% Waterproof</li><li>Commercial Wear Layer</li><li>Hyper-Realistic Surface</li><li>Warmer Than Tile</li><li>UFH Compatible</li></ul>
<h3>Installation</h3><p>Click-lock, loose-lay or glue. Clean dry flat subfloor.</p>
<h3>Care</h3><p>Vacuum to remove grit. Warm water + LVT cleaner. No abrasives.</p>
<h3>Why Factory Direct Flooring?</h3><p>UK's trusted flooring specialist — premium quality at factory direct prices. Free samples, full warranties and fast UK delivery.</p>",Factory Direct Flooring,,LVT,lvt,TRUE,Title,Default Title,937WL053,0,shopify,100,deny,manual,34.50,34.50,TRUE,TRUE,,,,Hyper Loc Roasted Oak H053 Click Vinyl | Factory Direct Flooring,Buy Hyper Loc Roasted Oak H053 Click Vinyl at Factory Direct Flooring — LVT at competitive prices. Free samples and UK delivery.,active
hyper-loc-matt-smoked-oak-h054-click-vinyl,Hyper Loc Matt Smoked Oak H054 Click Vinyl,"<h2>Hyper Loc Matt Smoked Oak H054 Click Vinyl</h2><p><strong>Hyper Loc Matt Smoked Oak H054 Click Vinyl</strong> from Factory Direct Flooring in a beautiful <strong>Oak</strong> finish. 100% waterproof luxury vinyl — hyper-realistic designs for every room.</p>
<h3>Key Features</h3><ul><li>100% Waterproof</li><li>Commercial Wear Layer</li><li>Hyper-Realistic Surface</li><li>Warmer Than Tile</li><li>UFH Compatible</li></ul>
<h3>Installation</h3><p>Click-lock, loose-lay or glue. Clean dry flat subfloor.</p>
<h3>Care</h3><p>Vacuum to remove grit. Warm water + LVT cleaner. No abrasives.</p>
<h3>Why Factory Direct Flooring?</h3><p>UK's trusted flooring specialist — premium quality at factory direct prices. Free samples, full warranties and fast UK delivery.</p>",Factory Direct Flooring,,LVT,lvt,TRUE,Title,Default Title,938WL054,0,shopify,100,deny,manual,34.50,34.50,TRUE,TRUE,,,,Hyper Loc Matt Smoked Oak H054 Click Vinyl | Factory Direct Flooring,Buy Hyper Loc Matt Smoked Oak H054 Click Vinyl at Factory Direct Flooring — LVT at competitive prices. Free samples and UK delivery.,active
chic-parquet-dry-back-lvt-herringbone-flooring-harbour,Chic Parquet Dry Back Lvt Herringbone Flooring Harbour,"<h2>Chic Parquet Dry Back Lvt Herringbone Flooring Harbour</h2><p><strong>Chic Parquet Dry Back Lvt Herringbone Flooring Harbour</strong> from Factory Direct Flooring. 100% waterproof luxury vinyl — hyper-realistic designs for every room.</p>
<h3>Key Features</h3><ul><li>100% Waterproof</li><li>Commercial Wear Layer</li><li>Hyper-Realistic Surface</li><li>Warmer Than Tile</li><li>UFH Compatible</li></ul>
<h3>Installation</h3><p>Click-lock, loose-lay or glue. Clean dry flat subfloor.</p>
<h3>Care</h3><p>Vacuum to remove grit. Warm water + LVT cleaner. No abrasives.</p>
<h3>Why Factory Direct Flooring?</h3><p>UK's trusted flooring specialist — premium quality at factory direct prices. Free samples, full warranties and fast UK delivery.</p>",Factory Direct Flooring,,LVT,lvt,TRUE,Title,Default Title,73939ST,0,shopify,100,deny,manual,22.76,22.76,TRUE,TRUE,,,,Chic Parquet Dry Back Lvt Herringbone Flooring Harbour | Factory Direct Flooring,Buy Chic Parquet Dry Back Lvt Herringbone Flooring Harbour at Factory Direct Flooring — LVT at competitive prices. Free samples and UK delivery.,active
aqua-plank-natural-oak-click-vinyl-flooring,Aqua Plank Natural Oak Click Vinyl Flooring,"<h2>Aqua Plank Natural Oak Click Vinyl Flooring</h2><p><strong>Aqua Plank Natural Oak Click Vinyl Flooring</strong> from Factory Direct Flooring in a beautiful <strong>Oak</strong> finish. 100% waterproof luxury vinyl — hyper-realistic designs for every room.</p>
<h3>Key Features</h3><ul><li>100% Waterproof</li><li>Commercial Wear Layer</li><li>Hyper-Realistic Surface</li><li>Warmer Than Tile</li><li>UFH Compatible</li></ul>
<h3>Installation</h3><p>Click-lock, loose-lay or glue. Clean dry flat subfloor.</p>
<h3>Care</h3><p>Vacuum to remove grit. Warm water + LVT cleaner. No abrasives.</p>
<h3>Why Factory Direct Flooring?</h3><p>UK's trusted flooring specialist — premium quality at factory direct prices. Free samples, full warranties and fast UK delivery.</p>",Factory Direct Flooring,,LVT,lvt,TRUE,Title,Default Title,AP73941N,0,shopify,100,deny,manual,25.18,25.18,TRUE,TRUE,,,,Aqua Plank Natural Oak Click Vinyl Flooring | Factory Direct Flooring,Buy Aqua Plank Natural Oak Click Vinyl Flooring at Factory Direct Flooring — LVT at competitive prices. Free samples and UK delivery.,draft
aqua-plank-colorado-oak-click-vinyl-flooring,Aqua Plank Colorado Oak Click Vinyl Flooring,"<h2>Aqua Plank Colorado Oak Click Vinyl Flooring</h2><p><strong>Aqua Plank Colorado Oak Click Vinyl Flooring</strong> from Factory Direct Flooring in a beautiful <strong>Oak</strong> finish. 100% waterproof luxury vinyl — hyper-realistic designs for every room.</p>
<h3>Key Features</h3><ul><li>100% Waterproof</li><li>Commercial Wear Layer</li><li>Hyper-Realistic Surface</li><li>Warmer Than Tile</li><li>UFH Compatible</li></ul>
<h3>Installation</h3><p>Click-lock, loose-lay or glue. Clean dry flat subfloor.</p>
<h3>Care</h3><p>Vacuum to remove grit. Warm water + LVT cleaner. No abrasives.</p>
<h3>Why Factory Direct Flooring?</h3><p>UK's trusted flooring specialist — premium quality at factory direct prices. Free samples, full warranties and fast UK delivery.</p>",Factory Direct Flooring,,LVT,lvt,TRUE,Title,Default Title,AP73943N,0,shopify,100,deny,manual,25.18,25.18,TRUE,TRUE,,,,Aqua Plank Colorado Oak Click Vinyl Flooring | Factory Direct Flooring,Buy Aqua Plank Colorado Oak Click Vinyl Flooring at Factory Direct Flooring — LVT at competitive prices. Free samples and UK delivery.,active
aqua-plank-lumber-oak-click-vinyl-flooring,Aqua Plank Lumber Oak Click Vinyl Flooring,"<h2>Aqua Plank Lumber Oak Click Vinyl Flooring</h2><p><strong>Aqua Plank Lumber Oak Click Vinyl Flooring</strong> from Factory Direct Flooring in a beautiful <strong>Oak</strong> finish. 100% waterproof luxury vinyl — hyper-realistic designs for every room.</p>
<h3>Key Features</h3><ul><li>100% Waterproof</li><li>Commercial Wear Layer</li><li>Hyper-Realistic Surface</li><li>Warmer Than Tile</li><li>UFH Compatible</li></ul>
<h3>Installation</h3><p>Click-lock, loose-lay or glue. Clean dry flat subfloor.</p>
<h3>Care</h3><p>Vacuum to remove grit. Warm water + LVT cleaner. No abrasives.</p>
<h3>Why Factory Direct Flooring?</h3><p>UK's trusted flooring specialist — premium quality at factory direct prices. Free samples, full warranties and fast UK delivery.</p>",Factory Direct Flooring,,LVT,lvt,TRUE,Title,Default Title,AP73944N,0,shopify,100,deny,manual,25.18,25.18,TRUE,TRUE,,,,Aqua Plank Lumber Oak Click Vinyl Flooring | Factory Direct Flooring,Buy Aqua Plank Lumber Oak Click Vinyl Flooring at Factory Direct Flooring — LVT at competitive prices. Free samples and UK delivery.,active
chic-parquet-lvt-flooring-dry-back-oak-haze-8001,Chic Parquet LVT Flooring Dry Back Oak Haze 8001,"<h2>Chic Parquet LVT Flooring Dry Back Oak Haze 8001</h2><p><strong>Chic Parquet LVT Flooring Dry Back Oak Haze 8001</strong> from Factory Direct Flooring in a beautiful <strong>Oak</strong> finish. 100% waterproof luxury vinyl — hyper-realistic designs for every room.</p>
<h3>Key Features</h3><ul><li>100% Waterproof</li><li>Commercial Wear Layer</li><li>Hyper-Realistic Surface</li><li>Warmer Than Tile</li><li>UFH Compatible</li></ul>
<h3>Installation</h3><p>Click-lock, loose-lay or glue. Clean dry flat subfloor.</p>
<h3>Care</h3><p>Vacuum to remove grit. Warm water + LVT cleaner. No abrasives.</p>
<h3>Why Factory Direct Flooring?</h3><p>UK's trusted flooring specialist — premium quality at factory direct prices. Free samples, full warranties and fast UK delivery.</p>",Factory Direct Flooring,,LVT,lvt,TRUE,Title,Default Title,73951-8001,0,shopify,100,deny,manual,22.79,22.79,TRUE,TRUE,,,,Chic Parquet LVT Flooring Dry Back Oak Haze 8001 | Factory Direct Flooring,Buy Chic Parquet LVT Flooring Dry Back Oak Haze 8001 at Factory Direct Flooring — LVT at competitive prices. Free samples and UK delivery.,active
chic-parquet-lvt-flooring-dry-back-oak-nature-8002,Chic Parquet LVT Flooring Dry Back Oak Nature 8002,"<h2>Chic Parquet LVT Flooring Dry Back Oak Nature 8002</h2><p><strong>Chic Parquet LVT Flooring Dry Back Oak Nature 8002</strong> from Factory Direct Flooring in a beautiful <strong>Oak</strong> finish. 100% waterproof luxury vinyl — hyper-realistic designs for every room.</p>
<h3>Key Features</h3><ul><li>100% Waterproof</li><li>Commercial Wear Layer</li><li>Hyper-Realistic Surface</li><li>Warmer Than Tile</li><li>UFH Compatible</li></ul>
<h3>Installation</h3><p>Click-lock, loose-lay or glue. Clean dry flat subfloor.</p>
<h3>Care</h3><p>Vacuum to remove grit. Warm water + LVT cleaner. No abrasives.</p>
<h3>Why Factory Direct Flooring?</h3><p>UK's trusted flooring specialist — premium quality at factory direct prices. Free samples, full warranties and fast UK delivery.</p>",Factory Direct Flooring,,LVT,lvt,TRUE,Title,Default Title,73952-8002,0,shopify,100,deny,manual,22.79,22.79,TRUE,TRUE,,,,Chic Parquet LVT Flooring Dry Back Oak Nature 8002 | Factory Direct Flooring,Buy Chic Parquet LVT Flooring Dry Back Oak Nature 8002 at Factory Direct Flooring — LVT at competitive prices. Free samples and UK delivery.,active
chic-parquet-lvt-flooring-dry-back-light-walnut-8003,Chic Parquet LVT Flooring Dry Back Light Walnut 8003,"<h2>Chic Parquet LVT Flooring Dry Back Light Walnut 8003</h2><p><strong>Chic Parquet LVT Flooring Dry Back Light Walnut 8003</strong> from Factory Direct Flooring in a beautiful <strong>Walnut</strong> finish. 100% waterproof luxury vinyl — hyper-realistic designs for every room.</p>
<h3>Key Features</h3><ul><li>100% Waterproof</li><li>Commercial Wear Layer</li><li>Hyper-Realistic Surface</li><li>Warmer Than Tile</li><li>UFH Compatible</li></ul>
<h3>Installation</h3><p>Click-lock, loose-lay or glue. Clean dry flat subfloor.</p>
<h3>Care</h3><p>Vacuum to remove grit. Warm water + LVT cleaner. No abrasives.</p>
<h3>Why Factory Direct Flooring?</h3><p>UK's trusted flooring specialist — premium quality at factory direct prices. Free samples, full warranties and fast UK delivery.</p>",Factory Direct Flooring,,LVT,lvt,TRUE,Title,Default Title,73953-8003,0,shopify,100,deny,manual,22.79,22.79,TRUE,TRUE,,,,Chic Parquet LVT Flooring Dry Back Light Walnut 8003 | Factory Direct Flooring,Buy Chic Parquet LVT Flooring Dry Back Light Walnut 8003 at Factory Direct Flooring — LVT at competitive prices. Free samples and UK delivery.,active
chic-parquet-lvt-flooring-dry-back-oak-diverse-8004,Chic Parquet LVT Flooring Dry Back Oak Diverse 8004,"<h2>Chic Parquet LVT Flooring Dry Back Oak Diverse 8004</h2><p><strong>Chic Parquet LVT Flooring Dry Back Oak Diverse 8004</strong> from Factory Direct Flooring in a beautiful <strong>Oak</strong> finish. 100% waterproof luxury vinyl — hyper-realistic designs for every room.</p>
<h3>Key Features</h3><ul><li>100% Waterproof</li><li>Commercial Wear Layer</li><li>Hyper-Realistic Surface</li><li>Warmer Than Tile</li><li>UFH Compatible</li></ul>
<h3>Installation</h3><p>Click-lock, loose-lay or glue. Clean dry flat subfloor.</p>
<h3>Care</h3><p>Vacuum to remove grit. Warm water + LVT cleaner. No abrasives.</p>
<h3>Why Factory Direct Flooring?</h3><p>UK's trusted flooring specialist — premium quality at factory direct prices. Free samples, full warranties and fast UK delivery.</p>",Factory Direct Flooring,,LVT,lvt,TRUE,Title,Default Title,73954-8004,0,shopify,100,deny,manual,22.79,22.79,TRUE,TRUE,,,,Chic Parquet LVT Flooring Dry Back Oak Diverse 8004 | Factory Direct Flooring,Buy Chic Parquet LVT Flooring Dry Back Oak Diverse 8004 at Factory Direct Flooring — LVT at competitive prices. Free samples and UK delivery.,active
chic-parquet-lvt-flooring-dry-back-oak-limed-8005,Chic Parquet LVT Flooring Dry Back Oak Limed 8005,"<h2>Chic Parquet LVT Flooring Dry Back Oak Limed 8005</h2><p><strong>Chic Parquet LVT Flooring Dry Back Oak Limed 8005</strong> from Factory Direct Flooring in a beautiful <strong>Oak</strong> finish. 100% waterproof luxury vinyl — hyper-realistic designs for every room.</p>
<h3>Key Features</h3><ul><li>100% Waterproof</li><li>Commercial Wear Layer</li><li>Hyper-Realistic Surface</li><li>Warmer Than Tile</li><li>UFH Compatible</li></ul>
<h3>Installation</h3><p>Click-lock, loose-lay or glue. Clean dry flat subfloor.</p>
<h3>Care</h3><p>Vacuum to remove grit. Warm water + LVT cleaner. No abrasives.</p>
<h3>Why Factory Direct Flooring?</h3><p>UK's trusted flooring specialist — premium quality at factory direct prices. Free samples, full warranties and fast UK delivery.</p>",Factory Direct Flooring,,LVT,lvt,TRUE,Title,Default Title,73955-8005,0,shopify,100,deny,manual,22.79,22.79,TRUE,TRUE,,,,Chic Parquet LVT Flooring Dry Back Oak Limed 8005 | Factory Direct Flooring,Buy Chic Parquet LVT Flooring Dry Back Oak Limed 8005 at Factory Direct Flooring — LVT at competitive prices. Free samples and UK delivery.,active
chic-parquet-lvt-dry-back-flooring-driftwood-8006,Chic Parquet LVT Dry Back Flooring Driftwood 8006,"<h2>Chic Parquet LVT Dry Back Flooring Driftwood 8006</h2><p><strong>Chic Parquet LVT Dry Back Flooring Driftwood 8006</strong> from Factory Direct Flooring. 100% waterproof luxury vinyl — hyper-realistic designs for every room.</p>
<h3>Key Features</h3><ul><li>100% Waterproof</li><li>Commercial Wear Layer</li><li>Hyper-Realistic Surface</li><li>Warmer Than Tile</li><li>UFH Compatible</li></ul>
<h3>Installation</h3><p>Click-lock, loose-lay or glue. Clean dry flat subfloor.</p>
<h3>Care</h3><p>Vacuum to remove grit. Warm water + LVT cleaner. No abrasives.</p>
<h3>Why Factory Direct Flooring?</h3><p>UK's trusted flooring specialist — premium quality at factory direct prices. Free samples, full warranties and fast UK delivery.</p>",Factory Direct Flooring,,LVT,lvt,TRUE,Title,Default Title,73956-8006,0,shopify,100,deny,manual,22.79,22.79,TRUE,TRUE,,,,Chic Parquet LVT Dry Back Flooring Driftwood 8006 | Factory Direct Flooring,Buy Chic Parquet LVT Dry Back Flooring Driftwood 8006 at Factory Direct Flooring — LVT at competitive prices. Free samples and UK delivery.,active
chic-parquet-lvt-flooring-dry-back-oak-grey-8007,Chic Parquet LVT Flooring Dry Back Oak Grey 8007,"<h2>Chic Parquet LVT Flooring Dry Back Oak Grey 8007</h2><p><strong>Chic Parquet LVT Flooring Dry Back Oak Grey 8007</strong> from Factory Direct Flooring in a beautiful <strong>Oak</strong> finish. 100% waterproof luxury vinyl — hyper-realistic designs for every room.</p>
<h3>Key Features</h3><ul><li>100% Waterproof</li><li>Commercial Wear Layer</li><li>Hyper-Realistic Surface</li><li>Warmer Than Tile</li><li>UFH Compatible</li></ul>
<h3>Installation</h3><p>Click-lock, loose-lay or glue. Clean dry flat subfloor.</p>
<h3>Care</h3><p>Vacuum to remove grit. Warm water + LVT cleaner. No abrasives.</p>
<h3>Why Factory Direct Flooring?</h3><p>UK's trusted flooring specialist — premium quality at factory direct prices. Free samples, full warranties and fast UK delivery.</p>",Factory Direct Flooring,,LVT,lvt,TRUE,Title,Default Title,73957-8007,0,shopify,100,deny,manual,22.79,22.79,TRUE,TRUE,,,,Chic Parquet LVT Flooring Dry Back Oak Grey 8007 | Factory Direct Flooring,Buy Chic Parquet LVT Flooring Dry Back Oak Grey 8007 at Factory Direct Flooring — LVT at competitive prices. Free samples and UK delivery.,active
chic-parquet-lvt-flooring-dry-back-pale-oak-8008,Chic Parquet LVT Flooring Dry Back Pale Oak 8008,"<h2>Chic Parquet LVT Flooring Dry Back Pale Oak 8008</h2><p><strong>Chic Parquet LVT Flooring Dry Back Pale Oak 8008</strong> from Factory Direct Flooring in a beautiful <strong>Oak</strong> finish. 100% waterproof luxury vinyl — hyper-realistic designs for every room.</p>
<h3>Key Features</h3><ul><li>100% Waterproof</li><li>Commercial Wear Layer</li><li>Hyper-Realistic Surface</li><li>Warmer Than Tile</li><li>UFH Compatible</li></ul>
<h3>Installation</h3><p>Click-lock, loose-lay or glue. Clean dry flat subfloor.</p>
<h3>Care</h3><p>Vacuum to remove grit. Warm water + LVT cleaner. No abrasives.</p>
<h3>Why Factory Direct Flooring?</h3><p>UK's trusted flooring specialist — premium quality at factory direct prices. Free samples, full warranties and fast UK delivery.</p>",Factory Direct Flooring,,LVT,lvt,TRUE,Title,Default Title,73958-8008,0,shopify,100,deny,manual,22.79,22.79,TRUE,TRUE,,,,Chic Parquet LVT Flooring Dry Back Pale Oak 8008 | Factory Direct Flooring,Buy Chic Parquet LVT Flooring Dry Back Pale Oak 8008 at Factory Direct Flooring — LVT at competitive prices. Free samples and UK delivery.,active
engrave-oak-haze-luxury-vinyl-flooring-plank-7001,Engrave Oak Haze Luxury Vinyl Flooring Plank 7001,"<h2>Engrave Oak Haze Luxury Vinyl Flooring Plank 7001</h2><p><strong>Engrave Oak Haze Luxury Vinyl Flooring Plank 7001</strong> from Factory Direct Flooring in a beautiful <strong>Oak</strong> finish. 100% waterproof luxury vinyl — hyper-realistic designs for every room.</p>
<h3>Key Features</h3><ul><li>100% Waterproof</li><li>Commercial Wear Layer</li><li>Hyper-Realistic Surface</li><li>Warmer Than Tile</li><li>UFH Compatible</li></ul>
<h3>Installation</h3><p>Click-lock, loose-lay or glue. Clean dry flat subfloor.</p>
<h3>Care</h3><p>Vacuum to remove grit. Warm water + LVT cleaner. No abrasives.</p>
<h3>Why Factory Direct Flooring?</h3><p>UK's trusted flooring specialist — premium quality at factory direct prices. Free samples, full warranties and fast UK delivery.</p>",Factory Direct Flooring,,LVT,lvt,TRUE,Title,Default Title,73959-7001,0,shopify,100,deny,manual,20.39,20.39,TRUE,TRUE,,,,Engrave Oak Haze Luxury Vinyl Flooring Plank 7001 | Factory Direct Flooring,Buy Engrave Oak Haze Luxury Vinyl Flooring Plank 7001 at Factory Direct Flooring — LVT at competitive prices. Free samples and UK delivery.,active
engrave-oak-nature-luxury-vinyl-flooring-plank-7002,Engrave Oak Nature Luxury Vinyl Flooring Plank 7002,"<h2>Engrave Oak Nature Luxury Vinyl Flooring Plank 7002</h2><p><strong>Engrave Oak Nature Luxury Vinyl Flooring Plank 7002</strong> from Factory Direct Flooring in a beautiful <strong>Oak</strong> finish. 100% waterproof luxury vinyl — hyper-realistic designs for every room.</p>
<h3>Key Features</h3><ul><li>100% Waterproof</li><li>Commercial Wear Layer</li><li>Hyper-Realistic Surface</li><li>Warmer Than Tile</li><li>UFH Compatible</li></ul>
<h3>Installation</h3><p>Click-lock, loose-lay or glue. Clean dry flat subfloor.</p>
<h3>Care</h3><p>Vacuum to remove grit. Warm water + LVT cleaner. No abrasives.</p>
<h3>Why Factory Direct Flooring?</h3><p>UK's trusted flooring specialist — premium quality at factory direct prices. Free samples, full warranties and fast UK delivery.</p>",Factory Direct Flooring,,LVT,lvt,TRUE,Title,Default Title,73960-7002,0,shopify,100,deny,manual,20.39,20.39,TRUE,TRUE,,,,Engrave Oak Nature Luxury Vinyl Flooring Plank 7002 | Factory Direct Flooring,Buy Engrave Oak Nature Luxury Vinyl Flooring Plank 7002 at Factory Direct Flooring — LVT at competitive prices. Free samples and UK delivery.,active
engrave-light-walnut-luxury-vinyl-flooring-plank-7003,Engrave Light Walnut Luxury Vinyl Flooring Plank 7003,"<h2>Engrave Light Walnut Luxury Vinyl Flooring Plank 7003</h2><p><strong>Engrave Light Walnut Luxury Vinyl Flooring Plank 7003</strong> from Factory Direct Flooring in a beautiful <strong>Walnut</strong> finish. 100% waterproof luxury vinyl — hyper-realistic designs for every room.</p>
<h3>Key Features</h3><ul><li>100% Waterproof</li><li>Commercial Wear Layer</li><li>Hyper-Realistic Surface</li><li>Warmer Than Tile</li><li>UFH Compatible</li></ul>
<h3>Installation</h3><p>Click-lock, loose-lay or glue. Clean dry flat subfloor.</p>
<h3>Care</h3><p>Vacuum to remove grit. Warm water + LVT cleaner. No abrasives.</p>
<h3>Why Factory Direct Flooring?</h3><p>UK's trusted flooring specialist — premium quality at factory direct prices. Free samples, full warranties and fast UK delivery.</p>",Factory Direct Flooring,,LVT,lvt,TRUE,Title,Default Title,73961-7003,0,shopify,100,deny,manual,20.39,20.39,TRUE,TRUE,,,,Engrave Light Walnut Luxury Vinyl Flooring Plank 7003 | Factory Direct Flooring,Buy Engrave Light Walnut Luxury Vinyl Flooring Plank 7003 at Factory Direct Flooring — LVT at competitive prices. Free samples and UK delivery.,active
engrave-oak-diverse-luxury-vinyl-flooring-plank-7004,Engrave Oak Diverse Luxury Vinyl Flooring Plank 7004,"<h2>Engrave Oak Diverse Luxury Vinyl Flooring Plank 7004</h2><p><strong>Engrave Oak Diverse Luxury Vinyl Flooring Plank 7004</strong> from Factory Direct Flooring in a beautiful <strong>Oak</strong> finish. 100% waterproof luxury vinyl — hyper-realistic designs for every room.</p>
<h3>Key Features</h3><ul><li>100% Waterproof</li><li>Commercial Wear Layer</li><li>Hyper-Realistic Surface</li><li>Warmer Than Tile</li><li>UFH Compatible</li></ul>
<h3>Installation</h3><p>Click-lock, loose-lay or glue. Clean dry flat subfloor.</p>
<h3>Care</h3><p>Vacuum to remove grit. Warm water + LVT cleaner. No abrasives.</p>
<h3>Why Factory Direct Flooring?</h3><p>UK's trusted flooring specialist — premium quality at factory direct prices. Free samples, full warranties and fast UK delivery.</p>",Factory Direct Flooring,,LVT,lvt,TRUE,Title,Default Title,73962-7004,0,shopify,100,deny,manual,20.39,20.39,TRUE,TRUE,,,,Engrave Oak Diverse Luxury Vinyl Flooring Plank 7004 | Factory Direct Flooring,Buy Engrave Oak Diverse Luxury Vinyl Flooring Plank 7004 at Factory Direct Flooring — LVT at competitive prices. Free samples and UK delivery.,active
engrave-oak-limed-luxury-vinyl-flooring-plank-7005,Engrave Oak Limed Luxury Vinyl Flooring Plank 7005,"<h2>Engrave Oak Limed Luxury Vinyl Flooring Plank 7005</h2><p><strong>Engrave Oak Limed Luxury Vinyl Flooring Plank 7005</strong> from Factory Direct Flooring in a beautiful <strong>Oak</strong> finish. 100% waterproof luxury vinyl — hyper-realistic designs for every room.</p>
<h3>Key Features</h3><ul><li>100% Waterproof</li><li>Commercial Wear Layer</li><li>Hyper-Realistic Surface</li><li>Warmer Than Tile</li><li>UFH Compatible</li></ul>
<h3>Installation</h3><p>Click-lock, loose-lay or glue. Clean dry flat subfloor.</p>
<h3>Care</h3><p>Vacuum to remove grit. Warm water + LVT cleaner. No abrasives.</p>
<h3>Why Factory Direct Flooring?</h3><p>UK's trusted flooring specialist — premium quality at factory direct prices. Free samples, full warranties and fast UK delivery.</p>",Factory Direct Flooring,,LVT,lvt,TRUE,Title,Default Title,73963-7005,0,shopify,100,deny,manual,20.39,20.39,TRUE,TRUE,,,,Engrave Oak Limed Luxury Vinyl Flooring Plank 7005 | Factory Direct Flooring,Buy Engrave Oak Limed Luxury Vinyl Flooring Plank 7005 at Factory Direct Flooring — LVT at competitive prices. Free samples and UK delivery.,active
engrave-driftwood-luxury-vinyl-flooring-plank-7006,Engrave Driftwood Luxury Vinyl Flooring Plank 7006,"<h2>Engrave Driftwood Luxury Vinyl Flooring Plank 7006</h2><p><strong>Engrave Driftwood Luxury Vinyl Flooring Plank 7006</strong> from Factory Direct Flooring. 100% waterproof luxury vinyl — hyper-realistic designs for every room.</p>
<h3>Key Features</h3><ul><li>100% Waterproof</li><li>Commercial Wear Layer</li><li>Hyper-Realistic Surface</li><li>Warmer Than Tile</li><li>UFH Compatible</li></ul>
<h3>Installation</h3><p>Click-lock, loose-lay or glue. Clean dry flat subfloor.</p>
<h3>Care</h3><p>Vacuum to remove grit. Warm water + LVT cleaner. No abrasives.</p>
<h3>Why Factory Direct Flooring?</h3><p>UK's trusted flooring specialist — premium quality at factory direct prices. Free samples, full warranties and fast UK delivery.</p>",Factory Direct Flooring,,LVT,lvt,TRUE,Title,Default Title,73964-7006,0,shopify,100,deny,manual,20.39,20.39,TRUE,TRUE,,,,Engrave Driftwood Luxury Vinyl Flooring Plank 7006 | Factory Direct Flooring,Buy Engrave Driftwood Luxury Vinyl Flooring Plank 7006 at Factory Direct Flooring — LVT at competitive prices. Free samples and UK delivery.,active
engrave-oak-grey-luxury-vinyl-flooring-plank-7007,Engrave Oak Grey Luxury Vinyl Flooring Plank 7007,"<h2>Engrave Oak Grey Luxury Vinyl Flooring Plank 7007</h2><p><strong>Engrave Oak Grey Luxury Vinyl Flooring Plank 7007</strong> from Factory Direct Flooring in a beautiful <strong>Oak</strong> finish. 100% waterproof luxury vinyl — hyper-realistic designs for every room.</p>
<h3>Key Features</h3><ul><li>100% Waterproof</li><li>Commercial Wear Layer</li><li>Hyper-Realistic Surface</li><li>Warmer Than Tile</li><li>UFH Compatible</li></ul>
<h3>Installation</h3><p>Click-lock, loose-lay or glue. Clean dry flat subfloor.</p>
<h3>Care</h3><p>Vacuum to remove grit. Warm water + LVT cleaner. No abrasives.</p>
<h3>Why Factory Direct Flooring?</h3><p>UK's trusted flooring specialist — premium quality at factory direct prices. Free samples, full warranties and fast UK delivery.</p>",Factory Direct Flooring,,LVT,lvt,TRUE,Title,Default Title,73965-7007,0,shopify,100,deny,manual,20.39,20.39,TRUE,TRUE,,,,Engrave Oak Grey Luxury Vinyl Flooring Plank 7007 | Factory Direct Flooring,Buy Engrave Oak Grey Luxury Vinyl Flooring Plank 7007 at Factory Direct Flooring — LVT at competitive prices. Free samples and UK delivery.,active
engrave-pale-oak-luxury-vinyl-flooring-plank-7008,Engrave Pale Oak Luxury Vinyl Flooring Plank 7008,"<h2>Engrave Pale Oak Luxury Vinyl Flooring Plank 7008</h2><p><strong>Engrave Pale Oak Luxury Vinyl Flooring Plank 7008</strong> from Factory Direct Flooring in a beautiful <strong>Oak</strong> finish. 100% waterproof luxury vinyl — hyper-realistic designs for every room.</p>
<h3>Key Features</h3><ul><li>100% Waterproof</li><li>Commercial Wear Layer</li><li>Hyper-Realistic Surface</li><li>Warmer Than Tile</li><li>UFH Compatible</li></ul>
<h3>Installation</h3><p>Click-lock, loose-lay or glue. Clean dry flat subfloor.</p>
<h3>Care</h3><p>Vacuum to remove grit. Warm water + LVT cleaner. No abrasives.</p>
<h3>Why Factory Direct Flooring?</h3><p>UK's trusted flooring specialist — premium quality at factory direct prices. Free samples, full warranties and fast UK delivery.</p>",Factory Direct Flooring,,LVT,lvt,TRUE,Title,Default Title,73965-7008,0,shopify,100,deny,manual,20.39,20.39,TRUE,TRUE,,,,Engrave Pale Oak Luxury Vinyl Flooring Plank 7008 | Factory Direct Flooring,Buy Engrave Pale Oak Luxury Vinyl Flooring Plank 7008 at Factory Direct Flooring — LVT at competitive prices. Free samples and UK delivery.,active
chic-parquet-mini-lvt-flooring-dry-back-blackjack-oak-229,Chic Parquet Mini LVT Flooring Dry Back Blackjack Oak 229,"<h2>Chic Parquet Mini LVT Flooring Dry Back Blackjack Oak 229</h2><p><strong>Chic Parquet Mini LVT Flooring Dry Back Blackjack Oak 229</strong> from Factory Direct Flooring in a beautiful <strong>Oak</strong> finish. 100% waterproof luxury vinyl — hyper-realistic designs for every room.</p>
<h3>Key Features</h3><ul><li>100% Waterproof</li><li>Commercial Wear Layer</li><li>Hyper-Realistic Surface</li><li>Warmer Than Tile</li><li>UFH Compatible</li></ul>
<h3>Installation</h3><p>Click-lock, loose-lay or glue. Clean dry flat subfloor.</p>
<h3>Care</h3><p>Vacuum to remove grit. Warm water + LVT cleaner. No abrasives.</p>
<h3>Why Factory Direct Flooring?</h3><p>UK's trusted flooring specialist — premium quality at factory direct prices. Free samples, full warranties and fast UK delivery.</p>",Factory Direct Flooring,,LVT,lvt,TRUE,Title,Default Title,73967-22229,0,shopify,100,deny,manual,31.19,31.19,TRUE,TRUE,,,,Chic Parquet Mini LVT Flooring Dry Back Blackjack Oak 229 | Factory Direct Flooring,Buy Chic Parquet Mini LVT Flooring Dry Back Blackjack Oak 229 at Factory Direct Flooring — LVT at competitive prices. Free samples and UK delivery.,active
chic-parquet-mini-lvt-flooring-dry-back-country-oak-991,Chic Parquet Mini LVT Flooring Dry Back Country Oak 991,"<h2>Chic Parquet Mini LVT Flooring Dry Back Country Oak 991</h2><p><strong>Chic Parquet Mini LVT Flooring Dry Back Country Oak 991</strong> from Factory Direct Flooring in a beautiful <strong>Oak</strong> finish. 100% waterproof luxury vinyl — hyper-realistic designs for every room.</p>
<h3>Key Features</h3><ul><li>100% Waterproof</li><li>Commercial Wear Layer</li><li>Hyper-Realistic Surface</li><li>Warmer Than Tile</li><li>UFH Compatible</li></ul>
<h3>Installation</h3><p>Click-lock, loose-lay or glue. Clean dry flat subfloor.</p>
<h3>Care</h3><p>Vacuum to remove grit. Warm water + LVT cleaner. No abrasives.</p>
<h3>Why Factory Direct Flooring?</h3><p>UK's trusted flooring specialist — premium quality at factory direct prices. Free samples, full warranties and fast UK delivery.</p>",Factory Direct Flooring,,LVT,lvt,TRUE,Title,Default Title,73968-54991,0,shopify,100,deny,manual,23.99,23.99,TRUE,TRUE,,,,Chic Parquet Mini LVT Flooring Dry Back Country Oak 991 | Factory Direct Flooring,Buy Chic Parquet Mini LVT Flooring Dry Back Country Oak 991 at Factory Direct Flooring — LVT at competitive prices. Free samples and UK delivery.,active
chic-parquet-mini-lvt-flooring-dry-back-country-oak-852,Chic Parquet Mini LVT Flooring Dry Back Country Oak 852,"<h2>Chic Parquet Mini LVT Flooring Dry Back Country Oak 852</h2><p><strong>Chic Parquet Mini LVT Flooring Dry Back Country Oak 852</strong> from Factory Direct Flooring in a beautiful <strong>Oak</strong> finish. 100% waterproof luxury vinyl — hyper-realistic designs for every room.</p>
<h3>Key Features</h3><ul><li>100% Waterproof</li><li>Commercial Wear Layer</li><li>Hyper-Realistic Surface</li><li>Warmer Than Tile</li><li>UFH Compatible</li></ul>
<h3>Installation</h3><p>Click-lock, loose-lay or glue. Clean dry flat subfloor.</p>
<h3>Care</h3><p>Vacuum to remove grit. Warm water + LVT cleaner. No abrasives.</p>
<h3>Why Factory Direct Flooring?</h3><p>UK's trusted flooring specialist — premium quality at factory direct prices. Free samples, full warranties and fast UK delivery.</p>",Factory Direct Flooring,,LVT,lvt,TRUE,Title,Default Title,73969-54852,0,shopify,100,deny,manual,31.19,31.19,TRUE,TRUE,,,,Chic Parquet Mini LVT Flooring Dry Back Country Oak 852 | Factory Direct Flooring,Buy Chic Parquet Mini LVT Flooring Dry Back Country Oak 852 at Factory Direct Flooring — LVT at competitive prices. Free samples and UK delivery.,active
chic-parquet-mini-lvt-flooring-dry-back-sierra-oak-346,Chic Parquet Mini LVT Flooring Dry Back Sierra Oak 346,"<h2>Chic Parquet Mini LVT Flooring Dry Back Sierra Oak 346</h2><p><strong>Chic Parquet Mini LVT Flooring Dry Back Sierra Oak 346</strong> from Factory Direct Flooring in a beautiful <strong>Oak</strong> finish. 100% waterproof luxury vinyl — hyper-realistic designs for every room.</p>
<h3>Key Features</h3><ul><li>100% Waterproof</li><li>Commercial Wear Layer</li><li>Hyper-Realistic Surface</li><li>Warmer Than Tile</li><li>UFH Compatible</li></ul>
<h3>Installation</h3><p>Click-lock, loose-lay or glue. Clean dry flat subfloor.</p>
<h3>Care</h3><p>Vacuum to remove grit. Warm water + LVT cleaner. No abrasives.</p>
<h3>Why Factory Direct Flooring?</h3><p>UK's trusted flooring specialist — premium quality at factory direct prices. Free samples, full warranties and fast UK delivery.</p>",Factory Direct Flooring,,LVT,lvt,TRUE,Title,Default Title,73971-58346,0,shopify,100,deny,manual,27.35,27.35,TRUE,TRUE,,,,Chic Parquet Mini LVT Flooring Dry Back Sierra Oak 346 | Factory Direct Flooring,Buy Chic Parquet Mini LVT Flooring Dry Back Sierra Oak 346 at Factory Direct Flooring — LVT at competitive prices. Free samples and UK delivery.,active
aqua-plank-pure-oak-herringbone-click-vinyl,Aqua Plank Pure Oak Herringbone Click Vinyl,"<h2>Aqua Plank Pure Oak Herringbone Click Vinyl</h2><p><strong>Aqua Plank Pure Oak Herringbone Click Vinyl</strong> from Factory Direct Flooring in a beautiful <strong>Oak</strong> finish. 100% waterproof luxury vinyl — hyper-realistic designs for every room.</p>
<h3>Key Features</h3><ul><li>100% Waterproof</li><li>Commercial Wear Layer</li><li>Hyper-Realistic Surface</li><li>Warmer Than Tile</li><li>UFH Compatible</li></ul>
<h3>Installation</h3><p>Click-lock, loose-lay or glue. Clean dry flat subfloor.</p>
<h3>Care</h3><p>Vacuum to remove grit. Warm water + LVT cleaner. No abrasives.</p>
<h3>Why Factory Direct Flooring?</h3><p>UK's trusted flooring specialist — premium quality at factory direct prices. Free samples, full warranties and fast UK delivery.</p>",Factory Direct Flooring,,LVT,lvt,TRUE,Title,Default Title,AP73979H,0,shopify,100,deny,manual,29.98,29.98,TRUE,TRUE,,,,Aqua Plank Pure Oak Herringbone Click Vinyl | Factory Direct Flooring,Buy Aqua Plank Pure Oak Herringbone Click Vinyl at Factory Direct Flooring — LVT at competitive prices. Free samples and UK delivery.,active
aqua-plank-columbian-oak-herringbone-click-vinyl,Aqua Plank Columbian Oak Herringbone Click Vinyl,"<h2>Aqua Plank Columbian Oak Herringbone Click Vinyl</h2><p><strong>Aqua Plank Columbian Oak Herringbone Click Vinyl</strong> from Factory Direct Flooring in a beautiful <strong>Oak</strong> finish. 100% waterproof luxury vinyl — hyper-realistic designs for every room.</p>
<h3>Key Features</h3><ul><li>100% Waterproof</li><li>Commercial Wear Layer</li><li>Hyper-Realistic Surface</li><li>Warmer Than Tile</li><li>UFH Compatible</li></ul>
<h3>Installation</h3><p>Click-lock, loose-lay or glue. Clean dry flat subfloor.</p>
<h3>Care</h3><p>Vacuum to remove grit. Warm water + LVT cleaner. No abrasives.</p>
<h3>Why Factory Direct Flooring?</h3><p>UK's trusted flooring specialist — premium quality at factory direct prices. Free samples, full warranties and fast UK delivery.</p>",Factory Direct Flooring,,LVT,lvt,TRUE,Title,Default Title,AP73980H,0,shopify,100,deny,manual,29.98,29.98,TRUE,TRUE,,,,Aqua Plank Columbian Oak Herringbone Click Vinyl | Factory Direct Flooring,Buy Aqua Plank Columbian Oak Herringbone Click Vinyl at Factory Direct Flooring — LVT at competitive prices. Free samples and UK delivery.,active
aqua-plank-pendosa-oak-herringbone-click-vinyl,Aqua Plank Pendosa Oak Herringbone Click Vinyl,"<h2>Aqua Plank Pendosa Oak Herringbone Click Vinyl</h2><p><strong>Aqua Plank Pendosa Oak Herringbone Click Vinyl</strong> from Factory Direct Flooring in a beautiful <strong>Oak</strong> finish. 100% waterproof luxury vinyl — hyper-realistic designs for every room.</p>
<h3>Key Features</h3><ul><li>100% Waterproof</li><li>Commercial Wear Layer</li><li>Hyper-Realistic Surface</li><li>Warmer Than Tile</li><li>UFH Compatible</li></ul>
<h3>Installation</h3><p>Click-lock, loose-lay or glue. Clean dry flat subfloor.</p>
<h3>Care</h3><p>Vacuum to remove grit. Warm water + LVT cleaner. No abrasives.</p>
<h3>Why Factory Direct Flooring?</h3><p>UK's trusted flooring specialist — premium quality at factory direct prices. Free samples, full warranties and fast UK delivery.</p>",Factory Direct Flooring,,LVT,lvt,TRUE,Title,Default Title,AP73981H,0,shopify,100,deny,manual,29.98,29.98,TRUE,TRUE,,,,Aqua Plank Pendosa Oak Herringbone Click Vinyl | Factory Direct Flooring,Buy Aqua Plank Pendosa Oak Herringbone Click Vinyl at Factory Direct Flooring — LVT at competitive prices. Free samples and UK delivery.,active
aqua-plank-nature-oak-herringbone-click-vinyl,Aqua Plank Nature Oak Herringbone Click Vinyl,"<h2>Aqua Plank Nature Oak Herringbone Click Vinyl</h2><p><strong>Aqua Plank Nature Oak Herringbone Click Vinyl</strong> from Factory Direct Flooring in a beautiful <strong>Oak</strong> finish. 100% waterproof luxury vinyl — hyper-realistic designs for every room.</p>
<h3>Key Features</h3><ul><li>100% Waterproof</li><li>Commercial Wear Layer</li><li>Hyper-Realistic Surface</li><li>Warmer Than Tile</li><li>UFH Compatible</li></ul>
<h3>Installation</h3><p>Click-lock, loose-lay or glue. Clean dry flat subfloor.</p>
<h3>Care</h3><p>Vacuum to remove grit. Warm water + LVT cleaner. No abrasives.</p>
<h3>Why Factory Direct Flooring?</h3><p>UK's trusted flooring specialist — premium quality at factory direct prices. Free samples, full warranties and fast UK delivery.</p>",Factory Direct Flooring,,LVT,lvt,TRUE,Title,Default Title,AP73982H,0,shopify,100,deny,manual,29.98,29.98,TRUE,TRUE,,,,Aqua Plank Nature Oak Herringbone Click Vinyl | Factory Direct Flooring,Buy Aqua Plank Nature Oak Herringbone Click Vinyl at Factory Direct Flooring — LVT at competitive prices. Free samples and UK delivery.,active
aqua-plank-white-antique-oak-click-vinyl,Aqua Plank White Antique Oak Click Vinyl,"<h2>Aqua Plank White Antique Oak Click Vinyl</h2><p><strong>Aqua Plank White Antique Oak Click Vinyl</strong> from Factory Direct Flooring in a beautiful <strong>Oak</strong> finish. 100% waterproof luxury vinyl — hyper-realistic designs for every room.</p>
<h3>Key Features</h3><ul><li>100% Waterproof</li><li>Commercial Wear Layer</li><li>Hyper-Realistic Surface</li><li>Warmer Than Tile</li><li>UFH Compatible</li></ul>
<h3>Installation</h3><p>Click-lock, loose-lay or glue. Clean dry flat subfloor.</p>
<h3>Care</h3><p>Vacuum to remove grit. Warm water + LVT cleaner. No abrasives.</p>
<h3>Why Factory Direct Flooring?</h3><p>UK's trusted flooring specialist — premium quality at factory direct prices. Free samples, full warranties and fast UK delivery.</p>",Factory Direct Flooring,,LVT,lvt,TRUE,Title,Default Title,AP73994N,0,shopify,100,deny,manual,25.09,25.09,TRUE,TRUE,,,,Aqua Plank White Antique Oak Click Vinyl | Factory Direct Flooring,Buy Aqua Plank White Antique Oak Click Vinyl at Factory Direct Flooring — LVT at competitive prices. Free samples and UK delivery.,active
aqua-plank-thimble-oak-click-vinyl-flooring,Aqua Plank Thimble Oak Click Vinyl Flooring,"<h2>Aqua Plank Thimble Oak Click Vinyl Flooring</h2><p><strong>Aqua Plank Thimble Oak Click Vinyl Flooring</strong> from Factory Direct Flooring in a beautiful <strong>Oak</strong> finish. 100% waterproof luxury vinyl — hyper-realistic designs for every room.</p>
<h3>Key Features</h3><ul><li>100% Waterproof</li><li>Commercial Wear Layer</li><li>Hyper-Realistic Surface</li><li>Warmer Than Tile</li><li>UFH Compatible</li></ul>
<h3>Installation</h3><p>Click-lock, loose-lay or glue. Clean dry flat subfloor.</p>
<h3>Care</h3><p>Vacuum to remove grit. Warm water + LVT cleaner. No abrasives.</p>
<h3>Why Factory Direct Flooring?</h3><p>UK's trusted flooring specialist — premium quality at factory direct prices. Free samples, full warranties and fast UK delivery.</p>",Factory Direct Flooring,,LVT,lvt,TRUE,Title,Default Title,AP73995N,0,shopify,100,deny,manual,25.18,25.18,TRUE,TRUE,,,,Aqua Plank Thimble Oak Click Vinyl Flooring | Factory Direct Flooring,Buy Aqua Plank Thimble Oak Click Vinyl Flooring at Factory Direct Flooring — LVT at competitive prices. Free samples and UK delivery.,active
aqua-plank-stove-oak-click-vinyl-flooring,Aqua Plank Stove Oak Click Vinyl Flooring,"<h2>Aqua Plank Stove Oak Click Vinyl Flooring</h2><p><strong>Aqua Plank Stove Oak Click Vinyl Flooring</strong> from Factory Direct Flooring in a beautiful <strong>Oak</strong> finish. 100% waterproof luxury vinyl — hyper-realistic designs for every room.</p>
<h3>Key Features</h3><ul><li>100% Waterproof</li><li>Commercial Wear Layer</li><li>Hyper-Realistic Surface</li><li>Warmer Than Tile</li><li>UFH Compatible</li></ul>
<h3>Installation</h3><p>Click-lock, loose-lay or glue. Clean dry flat subfloor.</p>
<h3>Care</h3><p>Vacuum to remove grit. Warm water + LVT cleaner. No abrasives.</p>
<h3>Why Factory Direct Flooring?</h3><p>UK's trusted flooring specialist — premium quality at factory direct prices. Free samples, full warranties and fast UK delivery.</p>",Factory Direct Flooring,,LVT,lvt,TRUE,Title,Default Title,AP73997N,0,shopify,100,deny,manual,25.18,25.18,TRUE,TRUE,,,,Aqua Plank Stove Oak Click Vinyl Flooring | Factory Direct Flooring,Buy Aqua Plank Stove Oak Click Vinyl Flooring at Factory Direct Flooring — LVT at competitive prices. Free samples and UK delivery.,active
aqua-plank-kansas-oak-click-vinyl-flooring,Aqua Plank Kansas Oak Click Vinyl Flooring,"<h2>Aqua Plank Kansas Oak Click Vinyl Flooring</h2><p><strong>Aqua Plank Kansas Oak Click Vinyl Flooring</strong> from Factory Direct Flooring in a beautiful <strong>Oak</strong> finish. 100% waterproof luxury vinyl — hyper-realistic designs for every room.</p>
<h3>Key Features</h3><ul><li>100% Waterproof</li><li>Commercial Wear Layer</li><li>Hyper-Realistic Surface</li><li>Warmer Than Tile</li><li>UFH Compatible</li></ul>
<h3>Installation</h3><p>Click-lock, loose-lay or glue. Clean dry flat subfloor.</p>
<h3>Care</h3><p>Vacuum to remove grit. Warm water + LVT cleaner. No abrasives.</p>
<h3>Why Factory Direct Flooring?</h3><p>UK's trusted flooring specialist — premium quality at factory direct prices. Free samples, full warranties and fast UK delivery.</p>",Factory Direct Flooring,,LVT,lvt,TRUE,Title,Default Title,AP73998N,0,shopify,100,deny,manual,25.18,25.18,TRUE,TRUE,,,,Aqua Plank Kansas Oak Click Vinyl Flooring | Factory Direct Flooring,Buy Aqua Plank Kansas Oak Click Vinyl Flooring at Factory Direct Flooring — LVT at competitive prices. Free samples and UK delivery.,active
aqua-plank-metal-oak-click-vinyl-flooring,Aqua Plank Metal Oak Click Vinyl Flooring,"<h2>Aqua Plank Metal Oak Click Vinyl Flooring</h2><p><strong>Aqua Plank Metal Oak Click Vinyl Flooring</strong> from Factory Direct Flooring in a beautiful <strong>Oak</strong> finish. 100% waterproof luxury vinyl — hyper-realistic designs for every room.</p>
<h3>Key Features</h3><ul><li>100% Waterproof</li><li>Commercial Wear Layer</li><li>Hyper-Realistic Surface</li><li>Warmer Than Tile</li><li>UFH Compatible</li></ul>
<h3>Installation</h3><p>Click-lock, loose-lay or glue. Clean dry flat subfloor.</p>
<h3>Care</h3><p>Vacuum to remove grit. Warm water + LVT cleaner. No abrasives.</p>
<h3>Why Factory Direct Flooring?</h3><p>UK's trusted flooring specialist — premium quality at factory direct prices. Free samples, full warranties and fast UK delivery.</p>",Factory Direct Flooring,,LVT,lvt,TRUE,Title,Default Title,AP74000N,0,shopify,100,deny,manual,25.18,25.18,TRUE,TRUE,,,,Aqua Plank Metal Oak Click Vinyl Flooring | Factory Direct Flooring,Buy Aqua Plank Metal Oak Click Vinyl Flooring at Factory Direct Flooring — LVT at competitive prices. Free samples and UK delivery.,active
aqua-plank-putty-grey-oak-click-vinyl-flooring,Aqua Plank Putty Grey Oak Click Vinyl Flooring,"<h2>Aqua Plank Putty Grey Oak Click Vinyl Flooring</h2><p><strong>Aqua Plank Putty Grey Oak Click Vinyl Flooring</strong> from Factory Direct Flooring in a beautiful <strong>Oak</strong> finish. 100% waterproof luxury vinyl — hyper-realistic designs for every room.</p>
<h3>Key Features</h3><ul><li>100% Waterproof</li><li>Commercial Wear Layer</li><li>Hyper-Realistic Surface</li><li>Warmer Than Tile</li><li>UFH Compatible</li></ul>
<h3>Installation</h3><p>Click-lock, loose-lay or glue. Clean dry flat subfloor.</p>
<h3>Care</h3><p>Vacuum to remove grit. Warm water + LVT cleaner. No abrasives.</p>
<h3>Why Factory Direct Flooring?</h3><p>UK's trusted flooring specialist — premium quality at factory direct prices. Free samples, full warranties and fast UK delivery.</p>",Factory Direct Flooring,,LVT,lvt,TRUE,Title,Default Title,AP74001N,0,shopify,100,deny,manual,25.18,25.18,TRUE,TRUE,,,,Aqua Plank Putty Grey Oak Click Vinyl Flooring | Factory Direct Flooring,Buy Aqua Plank Putty Grey Oak Click Vinyl Flooring at Factory Direct Flooring — LVT at competitive prices. Free samples and UK delivery.,active
aqua-plank-shale-grey-oak-click-vinyl-flooring,Aqua Plank Shale Grey Oak Click Vinyl Flooring,"<h2>Aqua Plank Shale Grey Oak Click Vinyl Flooring</h2><p><strong>Aqua Plank Shale Grey Oak Click Vinyl Flooring</strong> from Factory Direct Flooring in a beautiful <strong>Oak</strong> finish. 100% waterproof luxury vinyl — hyper-realistic designs for every room.</p>
<h3>Key Features</h3><ul><li>100% Waterproof</li><li>Commercial Wear Layer</li><li>Hyper-Realistic Surface</li><li>Warmer Than Tile</li><li>UFH Compatible</li></ul>
<h3>Installation</h3><p>Click-lock, loose-lay or glue. Clean dry flat subfloor.</p>
<h3>Care</h3><p>Vacuum to remove grit. Warm water + LVT cleaner. No abrasives.</p>
<h3>Why Factory Direct Flooring?</h3><p>UK's trusted flooring specialist — premium quality at factory direct prices. Free samples, full warranties and fast UK delivery.</p>",Factory Direct Flooring,,LVT,lvt,TRUE,Title,Default Title,AP74002N,0,shopify,100,deny,manual,25.18,25.18,TRUE,TRUE,,,,Aqua Plank Shale Grey Oak Click Vinyl Flooring | Factory Direct Flooring,Buy Aqua Plank Shale Grey Oak Click Vinyl Flooring at Factory Direct Flooring — LVT at competitive prices. Free samples and UK delivery.,active
aqua-plank-ravine-grey-herringbone-click-vinyl-flooring,Aqua Plank Ravine Grey Herringbone Click Vinyl Flooring,"<h2>Aqua Plank Ravine Grey Herringbone Click Vinyl Flooring</h2><p><strong>Aqua Plank Ravine Grey Herringbone Click Vinyl Flooring</strong> from Factory Direct Flooring in a beautiful <strong>Grey</strong> finish. 100% waterproof luxury vinyl — hyper-realistic designs for every room.</p>
<h3>Key Features</h3><ul><li>100% Waterproof</li><li>Commercial Wear Layer</li><li>Hyper-Realistic Surface</li><li>Warmer Than Tile</li><li>UFH Compatible</li></ul>
<h3>Installation</h3><p>Click-lock, loose-lay or glue. Clean dry flat subfloor.</p>
<h3>Care</h3><p>Vacuum to remove grit. Warm water + LVT cleaner. No abrasives.</p>
<h3>Why Factory Direct Flooring?</h3><p>UK's trusted flooring specialist — premium quality at factory direct prices. Free samples, full warranties and fast UK delivery.</p>",Factory Direct Flooring,,LVT,lvt,TRUE,Title,Default Title,AP74003H,0,shopify,100,deny,manual,29.98,29.98,TRUE,TRUE,,,,Aqua Plank Ravine Grey Herringbone Click Vinyl Flooring | Factory Direct Flooring,Buy Aqua Plank Ravine Grey Herringbone Click Vinyl Flooring at Factory Direct Flooring — LVT at competitive prices. Free samples and UK delivery.,active
aqua-plank-ingot-grey-herringbone-click-vinyl-flooring,Aqua Plank Ingot Grey Herringbone Click Vinyl Flooring,"<h2>Aqua Plank Ingot Grey Herringbone Click Vinyl Flooring</h2><p><strong>Aqua Plank Ingot Grey Herringbone Click Vinyl Flooring</strong> from Factory Direct Flooring in a beautiful <strong>Grey</strong> finish. 100% waterproof luxury vinyl — hyper-realistic designs for every room.</p>
<h3>Key Features</h3><ul><li>100% Waterproof</li><li>Commercial Wear Layer</li><li>Hyper-Realistic Surface</li><li>Warmer Than Tile</li><li>UFH Compatible</li></ul>
<h3>Installation</h3><p>Click-lock, loose-lay or glue. Clean dry flat subfloor.</p>
<h3>Care</h3><p>Vacuum to remove grit. Warm water + LVT cleaner. No abrasives.</p>
<h3>Why Factory Direct Flooring?</h3><p>UK's trusted flooring specialist — premium quality at factory direct prices. Free samples, full warranties and fast UK delivery.</p>",Factory Direct Flooring,,LVT,lvt,TRUE,Title,Default Title,AP74004H,0,shopify,100,deny,manual,29.98,29.98,TRUE,TRUE,,,,Aqua Plank Ingot Grey Herringbone Click Vinyl Flooring | Factory Direct Flooring,Buy Aqua Plank Ingot Grey Herringbone Click Vinyl Flooring at Factory Direct Flooring — LVT at competitive prices. Free samples and UK delivery.,active
aqua-plank-live-oak-herringbone-click-vinyl-flooring,Aqua Plank Live Oak Herringbone Click Vinyl Flooring,"<h2>Aqua Plank Live Oak Herringbone Click Vinyl Flooring</h2><p><strong>Aqua Plank Live Oak Herringbone Click Vinyl Flooring</strong> from Factory Direct Flooring in a beautiful <strong>Oak</strong> finish. 100% waterproof luxury vinyl — hyper-realistic designs for every room.</p>
<h3>Key Features</h3><ul><li>100% Waterproof</li><li>Commercial Wear Layer</li><li>Hyper-Realistic Surface</li><li>Warmer Than Tile</li><li>UFH Compatible</li></ul>
<h3>Installation</h3><p>Click-lock, loose-lay or glue. Clean dry flat subfloor.</p>
<h3>Care</h3><p>Vacuum to remove grit. Warm water + LVT cleaner. No abrasives.</p>
<h3>Why Factory Direct Flooring?</h3><p>UK's trusted flooring specialist — premium quality at factory direct prices. Free samples, full warranties and fast UK delivery.</p>",Factory Direct Flooring,,LVT,lvt,TRUE,Title,Default Title,AP74005H,0,shopify,100,deny,manual,29.98,29.98,TRUE,TRUE,,,,Aqua Plank Live Oak Herringbone Click Vinyl Flooring | Factory Direct Flooring,Buy Aqua Plank Live Oak Herringbone Click Vinyl Flooring at Factory Direct Flooring — LVT at competitive prices. Free samples and UK delivery.,active
aqua-plank-shingle-oak-herringbone-click-vinyl-flooring,Aqua Plank Shingle Oak Herringbone Click Vinyl Flooring,"<h2>Aqua Plank Shingle Oak Herringbone Click Vinyl Flooring</h2><p><strong>Aqua Plank Shingle Oak Herringbone Click Vinyl Flooring</strong> from Factory Direct Flooring in a beautiful <strong>Oak</strong> finish. 100% waterproof luxury vinyl — hyper-realistic designs for every room.</p>
<h3>Key Features</h3><ul><li>100% Waterproof</li><li>Commercial Wear Layer</li><li>Hyper-Realistic Surface</li><li>Warmer Than Tile</li><li>UFH Compatible</li></ul>
<h3>Installation</h3><p>Click-lock, loose-lay or glue. Clean dry flat subfloor.</p>
<h3>Care</h3><p>Vacuum to remove grit. Warm water + LVT cleaner. No abrasives.</p>
<h3>Why Factory Direct Flooring?</h3><p>UK's trusted flooring specialist — premium quality at factory direct prices. Free samples, full warranties and fast UK delivery.</p>",Factory Direct Flooring,,LVT,lvt,TRUE,Title,Default Title,AP74006H,0,shopify,100,deny,manual,29.98,29.98,TRUE,TRUE,,,,Aqua Plank Shingle Oak Herringbone Click Vinyl Flooring | Factory Direct Flooring,Buy Aqua Plank Shingle Oak Herringbone Click Vinyl Flooring at Factory Direct Flooring — LVT at competitive prices. Free samples and UK delivery.,active
aqua-plank-bisque-oak-click-vinyl-flooring,Aqua Plank Bisque Oak Click Vinyl Flooring,"<h2>Aqua Plank Bisque Oak Click Vinyl Flooring</h2><p><strong>Aqua Plank Bisque Oak Click Vinyl Flooring</strong> from Factory Direct Flooring in a beautiful <strong>Oak</strong> finish. 100% waterproof luxury vinyl — hyper-realistic designs for every room.</p>
<h3>Key Features</h3><ul><li>100% Waterproof</li><li>Commercial Wear Layer</li><li>Hyper-Realistic Surface</li><li>Warmer Than Tile</li><li>UFH Compatible</li></ul>
<h3>Installation</h3><p>Click-lock, loose-lay or glue. Clean dry flat subfloor.</p>
<h3>Care</h3><p>Vacuum to remove grit. Warm water + LVT cleaner. No abrasives.</p>
<h3>Why Factory Direct Flooring?</h3><p>UK's trusted flooring specialist — premium quality at factory direct prices. Free samples, full warranties and fast UK delivery.</p>",Factory Direct Flooring,,LVT,lvt,TRUE,Title,Default Title,AP74055N,0,shopify,100,deny,manual,23.97,23.97,TRUE,TRUE,,,,Aqua Plank Bisque Oak Click Vinyl Flooring | Factory Direct Flooring,Buy Aqua Plank Bisque Oak Click Vinyl Flooring at Factory Direct Flooring — LVT at competitive prices. Free samples and UK delivery.,active
aqua-plank-savanna-oak-click-vinyl-flooring,Aqua Plank Savanna Oak Click Vinyl Flooring,"<h2>Aqua Plank Savanna Oak Click Vinyl Flooring</h2><p><strong>Aqua Plank Savanna Oak Click Vinyl Flooring</strong> from Factory Direct Flooring in a beautiful <strong>Oak</strong> finish. 100% waterproof luxury vinyl — hyper-realistic designs for every room.</p>
<h3>Key Features</h3><ul><li>100% Waterproof</li><li>Commercial Wear Layer</li><li>Hyper-Realistic Surface</li><li>Warmer Than Tile</li><li>UFH Compatible</li></ul>
<h3>Installation</h3><p>Click-lock, loose-lay or glue. Clean dry flat subfloor.</p>
<h3>Care</h3><p>Vacuum to remove grit. Warm water + LVT cleaner. No abrasives.</p>
<h3>Why Factory Direct Flooring?</h3><p>UK's trusted flooring specialist — premium quality at factory direct prices. Free samples, full warranties and fast UK delivery.</p>",Factory Direct Flooring,,LVT,lvt,TRUE,Title,Default Title,AP74056N,0,shopify,100,deny,manual,23.97,23.97,TRUE,TRUE,,,,Aqua Plank Savanna Oak Click Vinyl Flooring | Factory Direct Flooring,Buy Aqua Plank Savanna Oak Click Vinyl Flooring at Factory Direct Flooring — LVT at competitive prices. Free samples and UK delivery.,active
aqua-plank-saddle-oak-click-vinyl-flooring,Aqua Plank Saddle Oak Click Vinyl Flooring,"<h2>Aqua Plank Saddle Oak Click Vinyl Flooring</h2><p><strong>Aqua Plank Saddle Oak Click Vinyl Flooring</strong> from Factory Direct Flooring in a beautiful <strong>Oak</strong> finish. 100% waterproof luxury vinyl — hyper-realistic designs for every room.</p>
<h3>Key Features</h3><ul><li>100% Waterproof</li><li>Commercial Wear Layer</li><li>Hyper-Realistic Surface</li><li>Warmer Than Tile</li><li>UFH Compatible</li></ul>
<h3>Installation</h3><p>Click-lock, loose-lay or glue. Clean dry flat subfloor.</p>
<h3>Care</h3><p>Vacuum to remove grit. Warm water + LVT cleaner. No abrasives.</p>
<h3>Why Factory Direct Flooring?</h3><p>UK's trusted flooring specialist — premium quality at factory direct prices. Free samples, full warranties and fast UK delivery.</p>",Factory Direct Flooring,,LVT,lvt,TRUE,Title,Default Title,AP74059N,0,shopify,100,deny,manual,23.97,23.97,TRUE,TRUE,,,,Aqua Plank Saddle Oak Click Vinyl Flooring | Factory Direct Flooring,Buy Aqua Plank Saddle Oak Click Vinyl Flooring at Factory Direct Flooring — LVT at competitive prices. Free samples and UK delivery.,active
aqua-plank-mercury-grey-click-vinyl-flooring,Aqua Plank Mercury Grey Click Vinyl Flooring,"<h2>Aqua Plank Mercury Grey Click Vinyl Flooring</h2><p><strong>Aqua Plank Mercury Grey Click Vinyl Flooring</strong> from Factory Direct Flooring in a beautiful <strong>Grey</strong> finish. 100% waterproof luxury vinyl — hyper-realistic designs for every room.</p>
<h3>Key Features</h3><ul><li>100% Waterproof</li><li>Commercial Wear Layer</li><li>Hyper-Realistic Surface</li><li>Warmer Than Tile</li><li>UFH Compatible</li></ul>
<h3>Installation</h3><p>Click-lock, loose-lay or glue. Clean dry flat subfloor.</p>
<h3>Care</h3><p>Vacuum to remove grit. Warm water + LVT cleaner. No abrasives.</p>
<h3>Why Factory Direct Flooring?</h3><p>UK's trusted flooring specialist — premium quality at factory direct prices. Free samples, full warranties and fast UK delivery.</p>",Factory Direct Flooring,,LVT,lvt,TRUE,Title,Default Title,AP74060N,0,shopify,100,deny,manual,23.97,23.97,TRUE,TRUE,,,,Aqua Plank Mercury Grey Click Vinyl Flooring | Factory Direct Flooring,Buy Aqua Plank Mercury Grey Click Vinyl Flooring at Factory Direct Flooring — LVT at competitive prices. Free samples and UK delivery.,active
aqua-plank-ultra-greige-click-vinyl-flooring,Aqua Plank Ultra Greige Click Vinyl Flooring,"<h2>Aqua Plank Ultra Greige Click Vinyl Flooring</h2><p><strong>Aqua Plank Ultra Greige Click Vinyl Flooring</strong> from Factory Direct Flooring. 100% waterproof luxury vinyl — hyper-realistic designs for every room.</p>
<h3>Key Features</h3><ul><li>100% Waterproof</li><li>Commercial Wear Layer</li><li>Hyper-Realistic Surface</li><li>Warmer Than Tile</li><li>UFH Compatible</li></ul>
<h3>Installation</h3><p>Click-lock, loose-lay or glue. Clean dry flat subfloor.</p>
<h3>Care</h3><p>Vacuum to remove grit. Warm water + LVT cleaner. No abrasives.</p>
<h3>Why Factory Direct Flooring?</h3><p>UK's trusted flooring specialist — premium quality at factory direct prices. Free samples, full warranties and fast UK delivery.</p>",Factory Direct Flooring,,LVT,lvt,TRUE,Title,Default Title,UL74104,0,shopify,100,deny,manual,31.18,31.18,TRUE,TRUE,,,,Aqua Plank Ultra Greige Click Vinyl Flooring | Factory Direct Flooring,Buy Aqua Plank Ultra Greige Click Vinyl Flooring at Factory Direct Flooring — LVT at competitive prices. Free samples and UK delivery.,active
aqua-plank-ultra-heritage-oak-click-vinyl-flooring,Aqua Plank Ultra Heritage Oak Click Vinyl Flooring,"<h2>Aqua Plank Ultra Heritage Oak Click Vinyl Flooring</h2><p><strong>Aqua Plank Ultra Heritage Oak Click Vinyl Flooring</strong> from Factory Direct Flooring in a beautiful <strong>Oak</strong> finish. 100% waterproof luxury vinyl — hyper-realistic designs for every room.</p>
<h3>Key Features</h3><ul><li>100% Waterproof</li><li>Commercial Wear Layer</li><li>Hyper-Realistic Surface</li><li>Warmer Than Tile</li><li>UFH Compatible</li></ul>
<h3>Installation</h3><p>Click-lock, loose-lay or glue. Clean dry flat subfloor.</p>
<h3>Care</h3><p>Vacuum to remove grit. Warm water + LVT cleaner. No abrasives.</p>
<h3>Why Factory Direct Flooring?</h3><p>UK's trusted flooring specialist — premium quality at factory direct prices. Free samples, full warranties and fast UK delivery.</p>",Factory Direct Flooring,,LVT,lvt,TRUE,Title,Default Title,UL74105,0,shopify,100,deny,manual,31.18,31.18,TRUE,TRUE,,,,Aqua Plank Ultra Heritage Oak Click Vinyl Flooring | Factory Direct Flooring,Buy Aqua Plank Ultra Heritage Oak Click Vinyl Flooring at Factory Direct Flooring — LVT at competitive prices. Free samples and UK delivery.,active
aqua-plank-ultra-sand-dune-click-vinyl-flooring,Aqua Plank Ultra Sand Dune Click Vinyl Flooring,"<h2>Aqua Plank Ultra Sand Dune Click Vinyl Flooring</h2><p><strong>Aqua Plank Ultra Sand Dune Click Vinyl Flooring</strong> from Factory Direct Flooring. 100% waterproof luxury vinyl — hyper-realistic designs for every room.</p>
<h3>Key Features</h3><ul><li>100% Waterproof</li><li>Commercial Wear Layer</li><li>Hyper-Realistic Surface</li><li>Warmer Than Tile</li><li>UFH Compatible</li></ul>
<h3>Installation</h3><p>Click-lock, loose-lay or glue. Clean dry flat subfloor.</p>
<h3>Care</h3><p>Vacuum to remove grit. Warm water + LVT cleaner. No abrasives.</p>
<h3>Why Factory Direct Flooring?</h3><p>UK's trusted flooring specialist — premium quality at factory direct prices. Free samples, full warranties and fast UK delivery.</p>",Factory Direct Flooring,,LVT,lvt,TRUE,Title,Default Title,UL74106,0,shopify,100,deny,manual,31.18,31.18,TRUE,TRUE,,,,Aqua Plank Ultra Sand Dune Click Vinyl Flooring | Factory Direct Flooring,Buy Aqua Plank Ultra Sand Dune Click Vinyl Flooring at Factory Direct Flooring — LVT at competitive prices. Free samples and UK delivery.,active
aqua-plank-ultra-navada-oak-click-vinyl-flooring,Aqua Plank Ultra Navada Oak Click Vinyl Flooring,"<h2>Aqua Plank Ultra Navada Oak Click Vinyl Flooring</h2><p><strong>Aqua Plank Ultra Navada Oak Click Vinyl Flooring</strong> from Factory Direct Flooring in a beautiful <strong>Oak</strong> finish. 100% waterproof luxury vinyl — hyper-realistic designs for every room.</p>
<h3>Key Features</h3><ul><li>100% Waterproof</li><li>Commercial Wear Layer</li><li>Hyper-Realistic Surface</li><li>Warmer Than Tile</li><li>UFH Compatible</li></ul>
<h3>Installation</h3><p>Click-lock, loose-lay or glue. Clean dry flat subfloor.</p>
<h3>Care</h3><p>Vacuum to remove grit. Warm water + LVT cleaner. No abrasives.</p>
<h3>Why Factory Direct Flooring?</h3><p>UK's trusted flooring specialist — premium quality at factory direct prices. Free samples, full warranties and fast UK delivery.</p>",Factory Direct Flooring,,LVT,lvt,TRUE,Title,Default Title,UL74107,0,shopify,100,deny,manual,31.18,31.18,TRUE,TRUE,,,,Aqua Plank Ultra Navada Oak Click Vinyl Flooring | Factory Direct Flooring,Buy Aqua Plank Ultra Navada Oak Click Vinyl Flooring at Factory Direct Flooring — LVT at competitive prices. Free samples and UK delivery.,active
aqua-plank-ultra-southern-oak-click-vinyl-flooring,Aqua Plank Ultra Southern Oak Click Vinyl Flooring,"<h2>Aqua Plank Ultra Southern Oak Click Vinyl Flooring</h2><p><strong>Aqua Plank Ultra Southern Oak Click Vinyl Flooring</strong> from Factory Direct Flooring in a beautiful <strong>Oak</strong> finish. 100% waterproof luxury vinyl — hyper-realistic designs for every room.</p>
<h3>Key Features</h3><ul><li>100% Waterproof</li><li>Commercial Wear Layer</li><li>Hyper-Realistic Surface</li><li>Warmer Than Tile</li><li>UFH Compatible</li></ul>
<h3>Installation</h3><p>Click-lock, loose-lay or glue. Clean dry flat subfloor.</p>
<h3>Care</h3><p>Vacuum to remove grit. Warm water + LVT cleaner. No abrasives.</p>
<h3>Why Factory Direct Flooring?</h3><p>UK's trusted flooring specialist — premium quality at factory direct prices. Free samples, full warranties and fast UK delivery.</p>",Factory Direct Flooring,,LVT,lvt,TRUE,Title,Default Title,UL74108,0,shopify,100,deny,manual,31.18,31.18,TRUE,TRUE,,,,Aqua Plank Ultra Southern Oak Click Vinyl Flooring | Factory Direct Flooring,Buy Aqua Plank Ultra Southern Oak Click Vinyl Flooring at Factory Direct Flooring — LVT at competitive prices. Free samples and UK delivery.,active
aqua-plank-ultra-northern-oak-click-vinyl-flooring,Aqua Plank Ultra Northern Oak Click Vinyl Flooring,"<h2>Aqua Plank Ultra Northern Oak Click Vinyl Flooring</h2><p><strong>Aqua Plank Ultra Northern Oak Click Vinyl Flooring</strong> from Factory Direct Flooring in a beautiful <strong>Oak</strong> finish. 100% waterproof luxury vinyl — hyper-realistic designs for every room.</p>
<h3>Key Features</h3><ul><li>100% Waterproof</li><li>Commercial Wear Layer</li><li>Hyper-Realistic Surface</li><li>Warmer Than Tile</li><li>UFH Compatible</li></ul>
<h3>Installation</h3><p>Click-lock, loose-lay or glue. Clean dry flat subfloor.</p>
<h3>Care</h3><p>Vacuum to remove grit. Warm water + LVT cleaner. No abrasives.</p>
<h3>Why Factory Direct Flooring?</h3><p>UK's trusted flooring specialist — premium quality at factory direct prices. Free samples, full warranties and fast UK delivery.</p>",Factory Direct Flooring,,LVT,lvt,TRUE,Title,Default Title,UL74109,0,shopify,100,deny,manual,31.18,31.18,TRUE,TRUE,,,,Aqua Plank Ultra Northern Oak Click Vinyl Flooring | Factory Direct Flooring,Buy Aqua Plank Ultra Northern Oak Click Vinyl Flooring at Factory Direct Flooring — LVT at competitive prices. Free samples and UK delivery.,active
aqua-plank-hazel-oak-herringbone-click-vinyl,Aqua Plank Hazel Oak Herringbone Click Vinyl,"<h2>Aqua Plank Hazel Oak Herringbone Click Vinyl</h2><p><strong>Aqua Plank Hazel Oak Herringbone Click Vinyl</strong> from Factory Direct Flooring in a beautiful <strong>Oak</strong> finish. 100% waterproof luxury vinyl — hyper-realistic designs for every room.</p>
<h3>Key Features</h3><ul><li>100% Waterproof</li><li>Commercial Wear Layer</li><li>Hyper-Realistic Surface</li><li>Warmer Than Tile</li><li>UFH Compatible</li></ul>
<h3>Installation</h3><p>Click-lock, loose-lay or glue. Clean dry flat subfloor.</p>
<h3>Care</h3><p>Vacuum to remove grit. Warm water + LVT cleaner. No abrasives.</p>
<h3>Why Factory Direct Flooring?</h3><p>UK's trusted flooring specialist — premium quality at factory direct prices. Free samples, full warranties and fast UK delivery.</p>",Factory Direct Flooring,,LVT,lvt,TRUE,Title,Default Title,AP74159H,0,shopify,100,deny,manual,29.98,29.98,TRUE,TRUE,,,,Aqua Plank Hazel Oak Herringbone Click Vinyl | Factory Direct Flooring,Buy Aqua Plank Hazel Oak Herringbone Click Vinyl at Factory Direct Flooring — LVT at competitive prices. Free samples and UK delivery.,active
ultrafelt-vinyl-flooring-battle-oak-parquet,Ultrafelt Vinyl Flooring Battle Oak Parquet,"<h2>Ultrafelt Vinyl Flooring Battle Oak Parquet</h2><p><strong>Ultrafelt Vinyl Flooring Battle Oak Parquet</strong> from Factory Direct Flooring in a beautiful <strong>Oak</strong> finish. Iconic herringbone pattern — timeless elegance in wood and LVT.</p>
<h3>Key Features</h3><ul><li>Iconic 45° Pattern</li><li>Creates Space</li><li>Wood &amp; LVT Options</li><li>Unique Character</li><li>Suits All Rooms</li></ul>
<h3>Installation</h3><p>Mark centre line and 45° carefully. Professional fitting recommended.</p>
<h3>Care</h3><p>Wood type: wood cleaner. LVT type: warm water + LVT cleaner.</p>
<h3>Why Factory Direct Flooring?</h3><p>UK's trusted flooring specialist — premium quality at factory direct prices. Free samples, full warranties and fast UK delivery.</p>",Factory Direct Flooring,,Herringbone,herringbone,TRUE,Title,Default Title,67892ST,0,shopify,100,deny,manual,17.87,17.87,TRUE,TRUE,,,,Ultrafelt Vinyl Flooring Battle Oak Parquet | Factory Direct Flooring,Buy Ultrafelt Vinyl Flooring Battle Oak Parquet at Factory Direct Flooring — Herringbone at competitive prices. Free samples and UK delivery.,active
ultrafelt-vinyl-flooring-natural-oak-parquet,Ultrafelt Vinyl Flooring Natural Oak Parquet,"<h2>Ultrafelt Vinyl Flooring Natural Oak Parquet</h2><p><strong>Ultrafelt Vinyl Flooring Natural Oak Parquet</strong> from Factory Direct Flooring in a beautiful <strong>Oak</strong> finish. Iconic herringbone pattern — timeless elegance in wood and LVT.</p>
<h3>Key Features</h3><ul><li>Iconic 45° Pattern</li><li>Creates Space</li><li>Wood &amp; LVT Options</li><li>Unique Character</li><li>Suits All Rooms</li></ul>
<h3>Installation</h3><p>Mark centre line and 45° carefully. Professional fitting recommended.</p>
<h3>Care</h3><p>Wood type: wood cleaner. LVT type: warm water + LVT cleaner.</p>
<h3>Why Factory Direct Flooring?</h3><p>UK's trusted flooring specialist — premium quality at factory direct prices. Free samples, full warranties and fast UK delivery.</p>",Factory Direct Flooring,,Herringbone,herringbone,TRUE,Title,Default Title,67893ST,0,shopify,100,deny,manual,17.87,17.87,TRUE,TRUE,,,,Ultrafelt Vinyl Flooring Natural Oak Parquet | Factory Direct Flooring,Buy Ultrafelt Vinyl Flooring Natural Oak Parquet at Factory Direct Flooring — Herringbone at competitive prices. Free samples and UK delivery.,active
texstep-herringbone-natural-162m-felt-back,Texstep Herringbone Natural 162M Felt Back,"<h2>Texstep Herringbone Natural 162M Felt Back</h2><p><strong>Texstep Herringbone Natural 162M Felt Back</strong> from Factory Direct Flooring in a beautiful <strong>Natural</strong> finish. Iconic herringbone pattern — timeless elegance in wood and LVT.</p>
<h3>Key Features</h3><ul><li>Iconic 45° Pattern</li><li>Creates Space</li><li>Wood &amp; LVT Options</li><li>Unique Character</li><li>Suits All Rooms</li></ul>
<h3>Installation</h3><p>Mark centre line and 45° carefully. Professional fitting recommended.</p>
<h3>Care</h3><p>Wood type: wood cleaner. LVT type: warm water + LVT cleaner.</p>
<h3>Why Factory Direct Flooring?</h3><p>UK's trusted flooring specialist — premium quality at factory direct prices. Free samples, full warranties and fast UK delivery.</p>",Factory Direct Flooring,,Herringbone,herringbone,TRUE,Title,Default Title,69502ST,0,shopify,100,deny,manual,14.03,14.03,TRUE,TRUE,,,,Texstep Herringbone Natural 162M Felt Back | Factory Direct Flooring,Buy Texstep Herringbone Natural 162M Felt Back at Factory Direct Flooring — Herringbone at competitive prices. Free samples and UK delivery.,active
ecostep-vinyl-flooring-herringbone-oak-medium-666d,Ecostep Vinyl Flooring Herringbone Oak Medium 666D,"<h2>Ecostep Vinyl Flooring Herringbone Oak Medium 666D</h2><p><strong>Ecostep Vinyl Flooring Herringbone Oak Medium 666D</strong> from Factory Direct Flooring in a beautiful <strong>Oak</strong> finish. Iconic herringbone pattern — timeless elegance in wood and LVT.</p>
<h3>Key Features</h3><ul><li>Iconic 45° Pattern</li><li>Creates Space</li><li>Wood &amp; LVT Options</li><li>Unique Character</li><li>Suits All Rooms</li></ul>
<h3>Installation</h3><p>Mark centre line and 45° carefully. Professional fitting recommended.</p>
<h3>Care</h3><p>Wood type: wood cleaner. LVT type: warm water + LVT cleaner.</p>
<h3>Why Factory Direct Flooring?</h3><p>UK's trusted flooring specialist — premium quality at factory direct prices. Free samples, full warranties and fast UK delivery.</p>",Factory Direct Flooring,,Herringbone,herringbone,TRUE,Title,Default Title,73835ST,0,shopify,100,deny,manual,10.79,10.79,TRUE,TRUE,,,,Ecostep Vinyl Flooring Herringbone Oak Medium 666D | Factory Direct Flooring,Buy Ecostep Vinyl Flooring Herringbone Oak Medium 666D at Factory Direct Flooring — Herringbone at competitive prices. Free samples and UK delivery.,active
ecostep-vinyl-flooring-parquet-alaska-581,Ecostep Vinyl Flooring Parquet Alaska 581,"<h2>Ecostep Vinyl Flooring Parquet Alaska 581</h2><p><strong>Ecostep Vinyl Flooring Parquet Alaska 581</strong> from Factory Direct Flooring. Iconic herringbone pattern — timeless elegance in wood and LVT.</p>
<h3>Key Features</h3><ul><li>Iconic 45° Pattern</li><li>Creates Space</li><li>Wood &amp; LVT Options</li><li>Unique Character</li><li>Suits All Rooms</li></ul>
<h3>Installation</h3><p>Mark centre line and 45° carefully. Professional fitting recommended.</p>
<h3>Care</h3><p>Wood type: wood cleaner. LVT type: warm water + LVT cleaner.</p>
<h3>Why Factory Direct Flooring?</h3><p>UK's trusted flooring specialist — premium quality at factory direct prices. Free samples, full warranties and fast UK delivery.</p>",Factory Direct Flooring,,Herringbone,herringbone,TRUE,Title,Default Title,74030ST,0,shopify,100,deny,manual,11.51,11.51,TRUE,TRUE,,,,Ecostep Vinyl Flooring Parquet Alaska 581 | Factory Direct Flooring,Buy Ecostep Vinyl Flooring Parquet Alaska 581 at Factory Direct Flooring — Herringbone at competitive prices. Free samples and UK delivery.,active
ecostep-vinyl-flooring-parquet-natural-533,Ecostep Vinyl Flooring Parquet Natural 533,"<h2>Ecostep Vinyl Flooring Parquet Natural 533</h2><p><strong>Ecostep Vinyl Flooring Parquet Natural 533</strong> from Factory Direct Flooring in a beautiful <strong>Natural</strong> finish. Iconic herringbone pattern — timeless elegance in wood and LVT.</p>
<h3>Key Features</h3><ul><li>Iconic 45° Pattern</li><li>Creates Space</li><li>Wood &amp; LVT Options</li><li>Unique Character</li><li>Suits All Rooms</li></ul>
<h3>Installation</h3><p>Mark centre line and 45° carefully. Professional fitting recommended.</p>
<h3>Care</h3><p>Wood type: wood cleaner. LVT type: warm water + LVT cleaner.</p>
<h3>Why Factory Direct Flooring?</h3><p>UK's trusted flooring specialist — premium quality at factory direct prices. Free samples, full warranties and fast UK delivery.</p>",Factory Direct Flooring,,Herringbone,herringbone,TRUE,Title,Default Title,74017ST,0,shopify,100,deny,manual,11.99,11.99,TRUE,TRUE,,,,Ecostep Vinyl Flooring Parquet Natural 533 | Factory Direct Flooring,Buy Ecostep Vinyl Flooring Parquet Natural 533 at Factory Direct Flooring — Herringbone at competitive prices. Free samples and UK delivery.,active
ultrafelt-vinyl-flooring-fallow-oak-236m-parquet,Ultrafelt Vinyl Flooring Fallow Oak 236M Parquet,"<h2>Ultrafelt Vinyl Flooring Fallow Oak 236M Parquet</h2><p><strong>Ultrafelt Vinyl Flooring Fallow Oak 236M Parquet</strong> from Factory Direct Flooring in a beautiful <strong>Oak</strong> finish. Iconic herringbone pattern — timeless elegance in wood and LVT.</p>
<h3>Key Features</h3><ul><li>Iconic 45° Pattern</li><li>Creates Space</li><li>Wood &amp; LVT Options</li><li>Unique Character</li><li>Suits All Rooms</li></ul>
<h3>Installation</h3><p>Mark centre line and 45° carefully. Professional fitting recommended.</p>
<h3>Care</h3><p>Wood type: wood cleaner. LVT type: warm water + LVT cleaner.</p>
<h3>Why Factory Direct Flooring?</h3><p>UK's trusted flooring specialist — premium quality at factory direct prices. Free samples, full warranties and fast UK delivery.</p>",Factory Direct Flooring,,Herringbone,herringbone,TRUE,Title,Default Title,74124ST,0,shopify,100,deny,manual,17.87,17.87,TRUE,TRUE,,,,Ultrafelt Vinyl Flooring Fallow Oak 236M Parquet | Factory Direct Flooring,Buy Ultrafelt Vinyl Flooring Fallow Oak 236M Parquet at Factory Direct Flooring — Herringbone at competitive prices. Free samples and UK delivery.,active
safety-flooring-plus-earth-brown-2014,Safety Flooring Plus Earth Brown 2014,"<h2>Safety Flooring Plus Earth Brown 2014</h2><p><strong>Safety Flooring Plus Earth Brown 2014</strong> from Factory Direct Flooring in a beautiful <strong>Brown</strong> finish. Fully waterproof premium vinyl — ideal for kitchens, bathrooms and busy areas.</p>
<h3>Key Features</h3><ul><li>Fully Waterproof</li><li>Tough Wear Surface</li><li>Cushioned &amp; Quiet</li><li>Easy to Clean</li><li>Realistic HD Designs</li></ul>
<h3>Installation</h3><p>Loose-laid, adhered or click-lock. Clean dry smooth subfloor.</p>
<h3>Care</h3><p>Sweep and mop with warm water + mild cleaner.</p>
<h3>Why Factory Direct Flooring?</h3><p>UK's trusted flooring specialist — premium quality at factory direct prices. Free samples, full warranties and fast UK delivery.</p>",Factory Direct Flooring,,Vinyl,vinyl,TRUE,Title,Default Title,31386,0,shopify,100,deny,manual,29.18,29.18,TRUE,TRUE,,,,Safety Flooring Plus Earth Brown 2014 | Factory Direct Flooring,Buy Safety Flooring Plus Earth Brown 2014 at Factory Direct Flooring — Vinyl at competitive prices. Free samples and UK delivery.,active
safety-flooring-plus-black-2010,Safety Flooring Plus Black 2010,"<h2>Safety Flooring Plus Black 2010</h2><p><strong>Safety Flooring Plus Black 2010</strong> from Factory Direct Flooring in a beautiful <strong>Black</strong> finish. Fully waterproof premium vinyl — ideal for kitchens, bathrooms and busy areas.</p>
<h3>Key Features</h3><ul><li>Fully Waterproof</li><li>Tough Wear Surface</li><li>Cushioned &amp; Quiet</li><li>Easy to Clean</li><li>Realistic HD Designs</li></ul>
<h3>Installation</h3><p>Loose-laid, adhered or click-lock. Clean dry smooth subfloor.</p>
<h3>Care</h3><p>Sweep and mop with warm water + mild cleaner.</p>
<h3>Why Factory Direct Flooring?</h3><p>UK's trusted flooring specialist — premium quality at factory direct prices. Free samples, full warranties and fast UK delivery.</p>",Factory Direct Flooring,,Vinyl,vinyl,TRUE,Title,Default Title,31395,0,shopify,100,deny,manual,29.18,29.18,TRUE,TRUE,,,,Safety Flooring Plus Black 2010 | Factory Direct Flooring,Buy Safety Flooring Plus Black 2010 at Factory Direct Flooring — Vinyl at competitive prices. Free samples and UK delivery.,active
safety-flooring-plus-blood-red-2012,Safety Flooring Plus Blood Red 2012,"<h2>Safety Flooring Plus Blood Red 2012</h2><p><strong>Safety Flooring Plus Blood Red 2012</strong> from Factory Direct Flooring. Fully waterproof premium vinyl — ideal for kitchens, bathrooms and busy areas.</p>
<h3>Key Features</h3><ul><li>Fully Waterproof</li><li>Tough Wear Surface</li><li>Cushioned &amp; Quiet</li><li>Easy to Clean</li><li>Realistic HD Designs</li></ul>
<h3>Installation</h3><p>Loose-laid, adhered or click-lock. Clean dry smooth subfloor.</p>
<h3>Care</h3><p>Sweep and mop with warm water + mild cleaner.</p>
<h3>Why Factory Direct Flooring?</h3><p>UK's trusted flooring specialist — premium quality at factory direct prices. Free samples, full warranties and fast UK delivery.</p>",Factory Direct Flooring,,Vinyl,vinyl,TRUE,Title,Default Title,31347,0,shopify,100,deny,manual,29.18,29.18,TRUE,TRUE,,,,Safety Flooring Plus Blood Red 2012 | Factory Direct Flooring,Buy Safety Flooring Plus Blood Red 2012 at Factory Direct Flooring — Vinyl at competitive prices. Free samples and UK delivery.,active
polysafe-standard-elmwood-heavy-duty-safety-flooring,Polysafe Standard Elmwood Heavy Duty Safety Flooring,"<h2>Polysafe Standard Elmwood Heavy Duty Safety Flooring</h2><p><strong>Polysafe Standard Elmwood Heavy Duty Safety Flooring</strong> from Factory Direct Flooring. Fully waterproof premium vinyl — ideal for kitchens, bathrooms and busy areas.</p>
<h3>Key Features</h3><ul><li>Fully Waterproof</li><li>Tough Wear Surface</li><li>Cushioned &amp; Quiet</li><li>Easy to Clean</li><li>Realistic HD Designs</li></ul>
<h3>Installation</h3><p>Loose-laid, adhered or click-lock. Clean dry smooth subfloor.</p>
<h3>Care</h3><p>Sweep and mop with warm water + mild cleaner.</p>
<h3>Why Factory Direct Flooring?</h3><p>UK's trusted flooring specialist — premium quality at factory direct prices. Free samples, full warranties and fast UK delivery.</p>",Factory Direct Flooring,,Vinyl,vinyl,TRUE,Title,Default Title,31363,0,shopify,100,deny,manual,34.54,34.54,TRUE,TRUE,,,,Polysafe Standard Elmwood Heavy Duty Safety Flooring | Factory Direct Flooring,Buy Polysafe Standard Elmwood Heavy Duty Safety Flooring at Factory Direct Flooring — Vinyl at competitive prices. Free samples and UK delivery.,active
polysafe-standard-ash-grey-heavy-duty-safety-flooring,Polysafe Standard Ash Grey Heavy Duty Safety Flooring,"<h2>Polysafe Standard Ash Grey Heavy Duty Safety Flooring</h2><p><strong>Polysafe Standard Ash Grey Heavy Duty Safety Flooring</strong> from Factory Direct Flooring in a beautiful <strong>Ash</strong> finish. Fully waterproof premium vinyl — ideal for kitchens, bathrooms and busy areas.</p>
<h3>Key Features</h3><ul><li>Fully Waterproof</li><li>Tough Wear Surface</li><li>Cushioned &amp; Quiet</li><li>Easy to Clean</li><li>Realistic HD Designs</li></ul>
<h3>Installation</h3><p>Loose-laid, adhered or click-lock. Clean dry smooth subfloor.</p>
<h3>Care</h3><p>Sweep and mop with warm water + mild cleaner.</p>
<h3>Why Factory Direct Flooring?</h3><p>UK's trusted flooring specialist — premium quality at factory direct prices. Free samples, full warranties and fast UK delivery.</p>",Factory Direct Flooring,,Vinyl,vinyl,TRUE,Title,Default Title,31369,0,shopify,100,deny,manual,34.54,34.54,TRUE,TRUE,,,,Polysafe Standard Ash Grey Heavy Duty Safety Flooring | Factory Direct Flooring,Buy Polysafe Standard Ash Grey Heavy Duty Safety Flooring at Factory Direct Flooring — Vinyl at competitive prices. Free samples and UK delivery.,active
polysafe-standard-cool-aqua-heavy-duty-safety-flooring,Polysafe Standard Cool Aqua Heavy Duty Safety Flooring,"<h2>Polysafe Standard Cool Aqua Heavy Duty Safety Flooring</h2><p><strong>Polysafe Standard Cool Aqua Heavy Duty Safety Flooring</strong> from Factory Direct Flooring. Fully waterproof premium vinyl — ideal for kitchens, bathrooms and busy areas.</p>
<h3>Key Features</h3><ul><li>Fully Waterproof</li><li>Tough Wear Surface</li><li>Cushioned &amp; Quiet</li><li>Easy to Clean</li><li>Realistic HD Designs</li></ul>
<h3>Installation</h3><p>Loose-laid, adhered or click-lock. Clean dry smooth subfloor.</p>
<h3>Care</h3><p>Sweep and mop with warm water + mild cleaner.</p>
<h3>Why Factory Direct Flooring?</h3><p>UK's trusted flooring specialist — premium quality at factory direct prices. Free samples, full warranties and fast UK delivery.</p>",Factory Direct Flooring,,Vinyl,vinyl,TRUE,Title,Default Title,31370,0,shopify,100,deny,manual,34.54,34.54,TRUE,TRUE,,,,Polysafe Standard Cool Aqua Heavy Duty Safety Flooring | Factory Direct Flooring,Buy Polysafe Standard Cool Aqua Heavy Duty Safety Flooring at Factory Direct Flooring — Vinyl at competitive prices. Free samples and UK delivery.,active
polysafe-standard-storm-blue-heavy-duty-safety-flooring,Polysafe Standard Storm Blue Heavy Duty Safety Flooring,"<h2>Polysafe Standard Storm Blue Heavy Duty Safety Flooring</h2><p><strong>Polysafe Standard Storm Blue Heavy Duty Safety Flooring</strong> from Factory Direct Flooring. Fully waterproof premium vinyl — ideal for kitchens, bathrooms and busy areas.</p>
<h3>Key Features</h3><ul><li>Fully Waterproof</li><li>Tough Wear Surface</li><li>Cushioned &amp; Quiet</li><li>Easy to Clean</li><li>Realistic HD Designs</li></ul>
<h3>Installation</h3><p>Loose-laid, adhered or click-lock. Clean dry smooth subfloor.</p>
<h3>Care</h3><p>Sweep and mop with warm water + mild cleaner.</p>
<h3>Why Factory Direct Flooring?</h3><p>UK's trusted flooring specialist — premium quality at factory direct prices. Free samples, full warranties and fast UK delivery.</p>",Factory Direct Flooring,,Vinyl,vinyl,TRUE,Title,Default Title,31371,0,shopify,100,deny,manual,34.54,34.54,TRUE,TRUE,,,,Polysafe Standard Storm Blue Heavy Duty Safety Flooring | Factory Direct Flooring,Buy Polysafe Standard Storm Blue Heavy Duty Safety Flooring at Factory Direct Flooring — Vinyl at competitive prices. Free samples and UK delivery.,active
polysafe-standard-autumn-beige-heavy-duty-safety-flooring,Polysafe Standard Autumn Beige Heavy Duty Safety Flooring,"<h2>Polysafe Standard Autumn Beige Heavy Duty Safety Flooring</h2><p><strong>Polysafe Standard Autumn Beige Heavy Duty Safety Flooring</strong> from Factory Direct Flooring in a beautiful <strong>Beige</strong> finish. Fully waterproof premium vinyl — ideal for kitchens, bathrooms and busy areas.</p>
<h3>Key Features</h3><ul><li>Fully Waterproof</li><li>Tough Wear Surface</li><li>Cushioned &amp; Quiet</li><li>Easy to Clean</li><li>Realistic HD Designs</li></ul>
<h3>Installation</h3><p>Loose-laid, adhered or click-lock. Clean dry smooth subfloor.</p>
<h3>Care</h3><p>Sweep and mop with warm water + mild cleaner.</p>
<h3>Why Factory Direct Flooring?</h3><p>UK's trusted flooring specialist — premium quality at factory direct prices. Free samples, full warranties and fast UK delivery.</p>",Factory Direct Flooring,,Vinyl,vinyl,TRUE,Title,Default Title,31372,0,shopify,100,deny,manual,34.54,34.54,TRUE,TRUE,,,,Polysafe Standard Autumn Beige Heavy Duty Safety Flooring | Factory Direct Flooring,Buy Polysafe Standard Autumn Beige Heavy Duty Safety Flooring at Factory Direct Flooring — Vinyl at competitive prices. Free samples and UK delivery.,active
polysafe-standard-silver-birch-heavy-duty-safety-flooring,Polysafe Standard Silver Birch Heavy Duty Safety Flooring,"<h2>Polysafe Standard Silver Birch Heavy Duty Safety Flooring</h2><p><strong>Polysafe Standard Silver Birch Heavy Duty Safety Flooring</strong> from Factory Direct Flooring in a beautiful <strong>Birch</strong> finish. Fully waterproof premium vinyl — ideal for kitchens, bathrooms and busy areas.</p>
<h3>Key Features</h3><ul><li>Fully Waterproof</li><li>Tough Wear Surface</li><li>Cushioned &amp; Quiet</li><li>Easy to Clean</li><li>Realistic HD Designs</li></ul>
<h3>Installation</h3><p>Loose-laid, adhered or click-lock. Clean dry smooth subfloor.</p>
<h3>Care</h3><p>Sweep and mop with warm water + mild cleaner.</p>
<h3>Why Factory Direct Flooring?</h3><p>UK's trusted flooring specialist — premium quality at factory direct prices. Free samples, full warranties and fast UK delivery.</p>",Factory Direct Flooring,,Vinyl,vinyl,TRUE,Title,Default Title,31373,0,shopify,100,deny,manual,34.54,34.54,TRUE,TRUE,,,,Polysafe Standard Silver Birch Heavy Duty Safety Flooring | Factory Direct Flooring,Buy Polysafe Standard Silver Birch Heavy Duty Safety Flooring at Factory Direct Flooring — Vinyl at competitive prices. Free samples and UK delivery.,active
polysafe-standard-cedar-blue-heavy-duty-safety-flooring,Polysafe Standard Cedar Blue Heavy Duty Safety Flooring,"<h2>Polysafe Standard Cedar Blue Heavy Duty Safety Flooring</h2><p><strong>Polysafe Standard Cedar Blue Heavy Duty Safety Flooring</strong> from Factory Direct Flooring. Fully waterproof premium vinyl — ideal for kitchens, bathrooms and busy areas.</p>
<h3>Key Features</h3><ul><li>Fully Waterproof</li><li>Tough Wear Surface</li><li>Cushioned &amp; Quiet</li><li>Easy to Clean</li><li>Realistic HD Designs</li></ul>
<h3>Installation</h3><p>Loose-laid, adhered or click-lock. Clean dry smooth subfloor.</p>
<h3>Care</h3><p>Sweep and mop with warm water + mild cleaner.</p>
<h3>Why Factory Direct Flooring?</h3><p>UK's trusted flooring specialist — premium quality at factory direct prices. Free samples, full warranties and fast UK delivery.</p>",Factory Direct Flooring,,Vinyl,vinyl,TRUE,Title,Default Title,31374,0,shopify,100,deny,manual,34.54,34.54,TRUE,TRUE,,,,Polysafe Standard Cedar Blue Heavy Duty Safety Flooring | Factory Direct Flooring,Buy Polysafe Standard Cedar Blue Heavy Duty Safety Flooring at Factory Direct Flooring — Vinyl at competitive prices. Free samples and UK delivery.,active
polysafe-standard-alpine-green-heavy-duty-safety-flooring,Polysafe Standard Alpine Green Heavy Duty Safety Flooring,"<h2>Polysafe Standard Alpine Green Heavy Duty Safety Flooring</h2><p><strong>Polysafe Standard Alpine Green Heavy Duty Safety Flooring</strong> from Factory Direct Flooring in a beautiful <strong>Pine</strong> finish. Fully waterproof premium vinyl — ideal for kitchens, bathrooms and busy areas.</p>
<h3>Key Features</h3><ul><li>Fully Waterproof</li><li>Tough Wear Surface</li><li>Cushioned &amp; Quiet</li><li>Easy to Clean</li><li>Realistic HD Designs</li></ul>
<h3>Installation</h3><p>Loose-laid, adhered or click-lock. Clean dry smooth subfloor.</p>
<h3>Care</h3><p>Sweep and mop with warm water + mild cleaner.</p>
<h3>Why Factory Direct Flooring?</h3><p>UK's trusted flooring specialist — premium quality at factory direct prices. Free samples, full warranties and fast UK delivery.</p>",Factory Direct Flooring,,Vinyl,vinyl,TRUE,Title,Default Title,31377,0,shopify,100,deny,manual,34.54,34.54,TRUE,TRUE,,,,Polysafe Standard Alpine Green Heavy Duty Safety Flooring | Factory Direct Flooring,Buy Polysafe Standard Alpine Green Heavy Duty Safety Flooring at Factory Direct Flooring — Vinyl at competitive prices. Free samples and UK delivery.,active
polysafe-standard-arctic-blue-heavy-duty-safety-flooring,Polysafe Standard Arctic Blue Heavy Duty Safety Flooring,"<h2>Polysafe Standard Arctic Blue Heavy Duty Safety Flooring</h2><p><strong>Polysafe Standard Arctic Blue Heavy Duty Safety Flooring</strong> from Factory Direct Flooring. Fully waterproof premium vinyl — ideal for kitchens, bathrooms and busy areas.</p>
<h3>Key Features</h3><ul><li>Fully Waterproof</li><li>Tough Wear Surface</li><li>Cushioned &amp; Quiet</li><li>Easy to Clean</li><li>Realistic HD Designs</li></ul>
<h3>Installation</h3><p>Loose-laid, adhered or click-lock. Clean dry smooth subfloor.</p>
<h3>Care</h3><p>Sweep and mop with warm water + mild cleaner.</p>
<h3>Why Factory Direct Flooring?</h3><p>UK's trusted flooring specialist — premium quality at factory direct prices. Free samples, full warranties and fast UK delivery.</p>",Factory Direct Flooring,,Vinyl,vinyl,TRUE,Title,Default Title,31378,0,shopify,100,deny,manual,34.54,34.54,TRUE,TRUE,,,,Polysafe Standard Arctic Blue Heavy Duty Safety Flooring | Factory Direct Flooring,Buy Polysafe Standard Arctic Blue Heavy Duty Safety Flooring at Factory Direct Flooring — Vinyl at competitive prices. Free samples and UK delivery.,active
polysafe-standard-redwood-heavy-duty-safety-flooring,Polysafe Standard Redwood Heavy Duty Safety Flooring,"<h2>Polysafe Standard Redwood Heavy Duty Safety Flooring</h2><p><strong>Polysafe Standard Redwood Heavy Duty Safety Flooring</strong> from Factory Direct Flooring. Fully waterproof premium vinyl — ideal for kitchens, bathrooms and busy areas.</p>
<h3>Key Features</h3><ul><li>Fully Waterproof</li><li>Tough Wear Surface</li><li>Cushioned &amp; Quiet</li><li>Easy to Clean</li><li>Realistic HD Designs</li></ul>
<h3>Installation</h3><p>Loose-laid, adhered or click-lock. Clean dry smooth subfloor.</p>
<h3>Care</h3><p>Sweep and mop with warm water + mild cleaner.</p>
<h3>Why Factory Direct Flooring?</h3><p>UK's trusted flooring specialist — premium quality at factory direct prices. Free samples, full warranties and fast UK delivery.</p>",Factory Direct Flooring,,Vinyl,vinyl,TRUE,Title,Default Title,31381,0,shopify,100,deny,manual,34.54,34.54,TRUE,TRUE,,,,Polysafe Standard Redwood Heavy Duty Safety Flooring | Factory Direct Flooring,Buy Polysafe Standard Redwood Heavy Duty Safety Flooring at Factory Direct Flooring — Vinyl at competitive prices. Free samples and UK delivery.,active
polysafe-standard-twilight-heavy-duty-safety-flooring,Polysafe Standard Twilight Heavy Duty Safety Flooring,"<h2>Polysafe Standard Twilight Heavy Duty Safety Flooring</h2><p><strong>Polysafe Standard Twilight Heavy Duty Safety Flooring</strong> from Factory Direct Flooring. Fully waterproof premium vinyl — ideal for kitchens, bathrooms and busy areas.</p>
<h3>Key Features</h3><ul><li>Fully Waterproof</li><li>Tough Wear Surface</li><li>Cushioned &amp; Quiet</li><li>Easy to Clean</li><li>Realistic HD Designs</li></ul>
<h3>Installation</h3><p>Loose-laid, adhered or click-lock. Clean dry smooth subfloor.</p>
<h3>Care</h3><p>Sweep and mop with warm water + mild cleaner.</p>
<h3>Why Factory Direct Flooring?</h3><p>UK's trusted flooring specialist — premium quality at factory direct prices. Free samples, full warranties and fast UK delivery.</p>",Factory Direct Flooring,,Vinyl,vinyl,TRUE,Title,Default Title,31382,0,shopify,100,deny,manual,34.54,34.54,TRUE,TRUE,,,,Polysafe Standard Twilight Heavy Duty Safety Flooring | Factory Direct Flooring,Buy Polysafe Standard Twilight Heavy Duty Safety Flooring at Factory Direct Flooring — Vinyl at competitive prices. Free samples and UK delivery.,active
polysafe-standard-black-walnut-heavy-duty-safety-flooring,Polysafe Standard Black Walnut Heavy Duty Safety Flooring,"<h2>Polysafe Standard Black Walnut Heavy Duty Safety Flooring</h2><p><strong>Polysafe Standard Black Walnut Heavy Duty Safety Flooring</strong> from Factory Direct Flooring in a beautiful <strong>Walnut</strong> finish. Fully waterproof premium vinyl — ideal for kitchens, bathrooms and busy areas.</p>
<h3>Key Features</h3><ul><li>Fully Waterproof</li><li>Tough Wear Surface</li><li>Cushioned &amp; Quiet</li><li>Easy to Clean</li><li>Realistic HD Designs</li></ul>
<h3>Installation</h3><p>Loose-laid, adhered or click-lock. Clean dry smooth subfloor.</p>
<h3>Care</h3><p>Sweep and mop with warm water + mild cleaner.</p>
<h3>Why Factory Direct Flooring?</h3><p>UK's trusted flooring specialist — premium quality at factory direct prices. Free samples, full warranties and fast UK delivery.</p>",Factory Direct Flooring,,Vinyl,vinyl,TRUE,Title,Default Title,31383,0,shopify,100,deny,manual,34.54,34.54,TRUE,TRUE,,,,Polysafe Standard Black Walnut Heavy Duty Safety Flooring | Factory Direct Flooring,Buy Polysafe Standard Black Walnut Heavy Duty Safety Flooring at Factory Direct Flooring — Vinyl at competitive prices. Free samples and UK delivery.,active
safety-flooring-plus-light-beige-2001,Safety Flooring Plus Light Beige 2001,"<h2>Safety Flooring Plus Light Beige 2001</h2><p><strong>Safety Flooring Plus Light Beige 2001</strong> from Factory Direct Flooring in a beautiful <strong>Beige</strong> finish. Fully waterproof premium vinyl — ideal for kitchens, bathrooms and busy areas.</p>
<h3>Key Features</h3><ul><li>Fully Waterproof</li><li>Tough Wear Surface</li><li>Cushioned &amp; Quiet</li><li>Easy to Clean</li><li>Realistic HD Designs</li></ul>
<h3>Installation</h3><p>Loose-laid, adhered or click-lock. Clean dry smooth subfloor.</p>
<h3>Care</h3><p>Sweep and mop with warm water + mild cleaner.</p>
<h3>Why Factory Direct Flooring?</h3><p>UK's trusted flooring specialist — premium quality at factory direct prices. Free samples, full warranties and fast UK delivery.</p>",Factory Direct Flooring,,Vinyl,vinyl,TRUE,Title,Default Title,31384,0,shopify,100,deny,manual,29.18,29.18,TRUE,TRUE,,,,Safety Flooring Plus Light Beige 2001 | Factory Direct Flooring,Buy Safety Flooring Plus Light Beige 2001 at Factory Direct Flooring — Vinyl at competitive prices. Free samples and UK delivery.,active
safety-flooring-plus-light-grey-2004,Safety Flooring Plus Light Grey 2004,"<h2>Safety Flooring Plus Light Grey 2004</h2><p><strong>Safety Flooring Plus Light Grey 2004</strong> from Factory Direct Flooring in a beautiful <strong>Grey</strong> finish. Fully waterproof premium vinyl — ideal for kitchens, bathrooms and busy areas.</p>
<h3>Key Features</h3><ul><li>Fully Waterproof</li><li>Tough Wear Surface</li><li>Cushioned &amp; Quiet</li><li>Easy to Clean</li><li>Realistic HD Designs</li></ul>
<h3>Installation</h3><p>Loose-laid, adhered or click-lock. Clean dry smooth subfloor.</p>
<h3>Care</h3><p>Sweep and mop with warm water + mild cleaner.</p>
<h3>Why Factory Direct Flooring?</h3><p>UK's trusted flooring specialist — premium quality at factory direct prices. Free samples, full warranties and fast UK delivery.</p>",Factory Direct Flooring,,Vinyl,vinyl,TRUE,Title,Default Title,31387,0,shopify,100,deny,manual,29.18,29.18,TRUE,TRUE,,,,Safety Flooring Plus Light Grey 2004 | Factory Direct Flooring,Buy Safety Flooring Plus Light Grey 2004 at Factory Direct Flooring — Vinyl at competitive prices. Free samples and UK delivery.,active
safety-flooring-plus-dusky-blue-2005,Safety Flooring Plus Dusky Blue 2005,"<h2>Safety Flooring Plus Dusky Blue 2005</h2><p><strong>Safety Flooring Plus Dusky Blue 2005</strong> from Factory Direct Flooring. Fully waterproof premium vinyl — ideal for kitchens, bathrooms and busy areas.</p>
<h3>Key Features</h3><ul><li>Fully Waterproof</li><li>Tough Wear Surface</li><li>Cushioned &amp; Quiet</li><li>Easy to Clean</li><li>Realistic HD Designs</li></ul>
<h3>Installation</h3><p>Loose-laid, adhered or click-lock. Clean dry smooth subfloor.</p>
<h3>Care</h3><p>Sweep and mop with warm water + mild cleaner.</p>
<h3>Why Factory Direct Flooring?</h3><p>UK's trusted flooring specialist — premium quality at factory direct prices. Free samples, full warranties and fast UK delivery.</p>",Factory Direct Flooring,,Vinyl,vinyl,TRUE,Title,Default Title,31388,0,shopify,100,deny,manual,29.18,29.18,TRUE,TRUE,,,,Safety Flooring Plus Dusky Blue 2005 | Factory Direct Flooring,Buy Safety Flooring Plus Dusky Blue 2005 at Factory Direct Flooring — Vinyl at competitive prices. Free samples and UK delivery.,active
safety-flooring-plus-slate-grey-2006,Safety Flooring Plus Slate Grey 2006,"<h2>Safety Flooring Plus Slate Grey 2006</h2><p><strong>Safety Flooring Plus Slate Grey 2006</strong> from Factory Direct Flooring in a beautiful <strong>Grey</strong> finish. Fully waterproof premium vinyl — ideal for kitchens, bathrooms and busy areas.</p>
<h3>Key Features</h3><ul><li>Fully Waterproof</li><li>Tough Wear Surface</li><li>Cushioned &amp; Quiet</li><li>Easy to Clean</li><li>Realistic HD Designs</li></ul>
<h3>Installation</h3><p>Loose-laid, adhered or click-lock. Clean dry smooth subfloor.</p>
<h3>Care</h3><p>Sweep and mop with warm water + mild cleaner.</p>
<h3>Why Factory Direct Flooring?</h3><p>UK's trusted flooring specialist — premium quality at factory direct prices. Free samples, full warranties and fast UK delivery.</p>",Factory Direct Flooring,,Vinyl,vinyl,TRUE,Title,Default Title,31389,0,shopify,100,deny,manual,29.18,29.18,TRUE,TRUE,,,,Safety Flooring Plus Slate Grey 2006 | Factory Direct Flooring,Buy Safety Flooring Plus Slate Grey 2006 at Factory Direct Flooring — Vinyl at competitive prices. Free samples and UK delivery.,active
safety-flooring-plus-nearly-black-2009,Safety Flooring Plus Nearly Black 2009,"<h2>Safety Flooring Plus Nearly Black 2009</h2><p><strong>Safety Flooring Plus Nearly Black 2009</strong> from Factory Direct Flooring in a beautiful <strong>Black</strong> finish. Fully waterproof premium vinyl — ideal for kitchens, bathrooms and busy areas.</p>
<h3>Key Features</h3><ul><li>Fully Waterproof</li><li>Tough Wear Surface</li><li>Cushioned &amp; Quiet</li><li>Easy to Clean</li><li>Realistic HD Designs</li></ul>
<h3>Installation</h3><p>Loose-laid, adhered or click-lock. Clean dry smooth subfloor.</p>
<h3>Care</h3><p>Sweep and mop with warm water + mild cleaner.</p>
<h3>Why Factory Direct Flooring?</h3><p>UK's trusted flooring specialist — premium quality at factory direct prices. Free samples, full warranties and fast UK delivery.</p>",Factory Direct Flooring,,Vinyl,vinyl,TRUE,Title,Default Title,31394,0,shopify,100,deny,manual,29.18,29.18,TRUE,TRUE,,,,Safety Flooring Plus Nearly Black 2009 | Factory Direct Flooring,Buy Safety Flooring Plus Nearly Black 2009 at Factory Direct Flooring — Vinyl at competitive prices. Free samples and UK delivery.,active
polysafe-standard-nordic-grey-heavy-duty-safety-flooring,Polysafe Standard Nordic Grey Heavy Duty Safety Flooring,"<h2>Polysafe Standard Nordic Grey Heavy Duty Safety Flooring</h2><p><strong>Polysafe Standard Nordic Grey Heavy Duty Safety Flooring</strong> from Factory Direct Flooring in a beautiful <strong>Grey</strong> finish. Fully waterproof premium vinyl — ideal for kitchens, bathrooms and busy areas.</p>
<h3>Key Features</h3><ul><li>Fully Waterproof</li><li>Tough Wear Surface</li><li>Cushioned &amp; Quiet</li><li>Easy to Clean</li><li>Realistic HD Designs</li></ul>
<h3>Installation</h3><p>Loose-laid, adhered or click-lock. Clean dry smooth subfloor.</p>
<h3>Care</h3><p>Sweep and mop with warm water + mild cleaner.</p>
<h3>Why Factory Direct Flooring?</h3><p>UK's trusted flooring specialist — premium quality at factory direct prices. Free samples, full warranties and fast UK delivery.</p>",Factory Direct Flooring,,Vinyl,vinyl,TRUE,Title,Default Title,31379,0,shopify,100,deny,manual,34.54,34.54,TRUE,TRUE,,,,Polysafe Standard Nordic Grey Heavy Duty Safety Flooring | Factory Direct Flooring,Buy Polysafe Standard Nordic Grey Heavy Duty Safety Flooring at Factory Direct Flooring — Vinyl at competitive prices. Free samples and UK delivery.,active
contract-safe-vinyl-flooring-grey-690d-2mtr-wide,Contract Safe Vinyl Flooring Grey 690D 2mtr Wide,"<h2>Contract Safe Vinyl Flooring Grey 690D 2mtr Wide</h2><p><strong>Contract Safe Vinyl Flooring Grey 690D 2mtr Wide</strong> from Factory Direct Flooring in a beautiful <strong>Grey</strong> finish. Fully waterproof premium vinyl — ideal for kitchens, bathrooms and busy areas.</p>
<h3>Key Features</h3><ul><li>Fully Waterproof</li><li>Tough Wear Surface</li><li>Cushioned &amp; Quiet</li><li>Easy to Clean</li><li>Realistic HD Designs</li></ul>
<h3>Installation</h3><p>Loose-laid, adhered or click-lock. Clean dry smooth subfloor.</p>
<h3>Care</h3><p>Sweep and mop with warm water + mild cleaner.</p>
<h3>Why Factory Direct Flooring?</h3><p>UK's trusted flooring specialist — premium quality at factory direct prices. Free samples, full warranties and fast UK delivery.</p>",Factory Direct Flooring,,Vinyl,vinyl,TRUE,Title,Default Title,65812ST,0,shopify,100,deny,manual,19.07,19.07,TRUE,TRUE,,,,Contract Safe Vinyl Flooring Grey 690D 2mtr Wide | Factory Direct Flooring,Buy Contract Safe Vinyl Flooring Grey 690D 2mtr Wide at Factory Direct Flooring — Vinyl at competitive prices. Free samples and UK delivery.,active
contract-safe-vinyl-flooring-medium-grey-970m-2mtr-wide,Contract Safe Vinyl Flooring Medium Grey 970M 2mtr Wide,"<h2>Contract Safe Vinyl Flooring Medium Grey 970M 2mtr Wide</h2><p><strong>Contract Safe Vinyl Flooring Medium Grey 970M 2mtr Wide</strong> from Factory Direct Flooring in a beautiful <strong>Grey</strong> finish. Fully waterproof premium vinyl — ideal for kitchens, bathrooms and busy areas.</p>
<h3>Key Features</h3><ul><li>Fully Waterproof</li><li>Tough Wear Surface</li><li>Cushioned &amp; Quiet</li><li>Easy to Clean</li><li>Realistic HD Designs</li></ul>
<h3>Installation</h3><p>Loose-laid, adhered or click-lock. Clean dry smooth subfloor.</p>
<h3>Care</h3><p>Sweep and mop with warm water + mild cleaner.</p>
<h3>Why Factory Direct Flooring?</h3><p>UK's trusted flooring specialist — premium quality at factory direct prices. Free samples, full warranties and fast UK delivery.</p>",Factory Direct Flooring,,Vinyl,vinyl,TRUE,Title,Default Title,65813ST,0,shopify,100,deny,manual,19.07,19.07,TRUE,TRUE,,,,Contract Safe Vinyl Flooring Medium Grey 970M 2mtr Wide | Factory Direct Flooring,Buy Contract Safe Vinyl Flooring Medium Grey 970M 2mtr Wide at Factory Direct Flooring — Vinyl at competitive prices. Free samples and UK delivery.,active
contract-safe-vinyl-flooring-storm-grey-109s-2mtr-wide,Contract Safe Vinyl Flooring Storm Grey 109S 2mtr Wide,"<h2>Contract Safe Vinyl Flooring Storm Grey 109S 2mtr Wide</h2><p><strong>Contract Safe Vinyl Flooring Storm Grey 109S 2mtr Wide</strong> from Factory Direct Flooring in a beautiful <strong>Grey</strong> finish. Fully waterproof premium vinyl — ideal for kitchens, bathrooms and busy areas.</p>
<h3>Key Features</h3><ul><li>Fully Waterproof</li><li>Tough Wear Surface</li><li>Cushioned &amp; Quiet</li><li>Easy to Clean</li><li>Realistic HD Designs</li></ul>
<h3>Installation</h3><p>Loose-laid, adhered or click-lock. Clean dry smooth subfloor.</p>
<h3>Care</h3><p>Sweep and mop with warm water + mild cleaner.</p>
<h3>Why Factory Direct Flooring?</h3><p>UK's trusted flooring specialist — premium quality at factory direct prices. Free samples, full warranties and fast UK delivery.</p>",Factory Direct Flooring,,Vinyl,vinyl,TRUE,Title,Default Title,65934ST,0,shopify,100,deny,manual,19.07,19.07,TRUE,TRUE,,,,Contract Safe Vinyl Flooring Storm Grey 109S 2mtr Wide | Factory Direct Flooring,Buy Contract Safe Vinyl Flooring Storm Grey 109S 2mtr Wide at Factory Direct Flooring — Vinyl at competitive prices. Free samples and UK delivery.,active
plain-colours-solid-white-000s-vinyl-flooring,Plain Colours Solid White 000S Vinyl Flooring,"<h2>Plain Colours Solid White 000S Vinyl Flooring</h2><p><strong>Plain Colours Solid White 000S Vinyl Flooring</strong> from Factory Direct Flooring in a beautiful <strong>White</strong> finish. Fully waterproof premium vinyl — ideal for kitchens, bathrooms and busy areas.</p>
<h3>Key Features</h3><ul><li>Fully Waterproof</li><li>Tough Wear Surface</li><li>Cushioned &amp; Quiet</li><li>Easy to Clean</li><li>Realistic HD Designs</li></ul>
<h3>Installation</h3><p>Loose-laid, adhered or click-lock. Clean dry smooth subfloor.</p>
<h3>Care</h3><p>Sweep and mop with warm water + mild cleaner.</p>
<h3>Why Factory Direct Flooring?</h3><p>UK's trusted flooring specialist — premium quality at factory direct prices. Free samples, full warranties and fast UK delivery.</p>",Factory Direct Flooring,,Vinyl,vinyl,TRUE,Title,Default Title,67426ST,0,shopify,100,deny,manual,11.51,11.51,TRUE,TRUE,,,,Plain Colours Solid White 000S Vinyl Flooring | Factory Direct Flooring,Buy Plain Colours Solid White 000S Vinyl Flooring at Factory Direct Flooring — Vinyl at competitive prices. Free samples and UK delivery.,active
plain-colours-solid-grey-910m-vinyl-flooring,Plain Colours Solid Grey 910M Vinyl Flooring,"<h2>Plain Colours Solid Grey 910M Vinyl Flooring</h2><p><strong>Plain Colours Solid Grey 910M Vinyl Flooring</strong> from Factory Direct Flooring in a beautiful <strong>Grey</strong> finish. Fully waterproof premium vinyl — ideal for kitchens, bathrooms and busy areas.</p>
<h3>Key Features</h3><ul><li>Fully Waterproof</li><li>Tough Wear Surface</li><li>Cushioned &amp; Quiet</li><li>Easy to Clean</li><li>Realistic HD Designs</li></ul>
<h3>Installation</h3><p>Loose-laid, adhered or click-lock. Clean dry smooth subfloor.</p>
<h3>Care</h3><p>Sweep and mop with warm water + mild cleaner.</p>
<h3>Why Factory Direct Flooring?</h3><p>UK's trusted flooring specialist — premium quality at factory direct prices. Free samples, full warranties and fast UK delivery.</p>",Factory Direct Flooring,,Vinyl,vinyl,TRUE,Title,Default Title,67429ST,0,shopify,100,deny,manual,11.51,11.51,TRUE,TRUE,,,,Plain Colours Solid Grey 910M Vinyl Flooring | Factory Direct Flooring,Buy Plain Colours Solid Grey 910M Vinyl Flooring at Factory Direct Flooring — Vinyl at competitive prices. Free samples and UK delivery.,active
ultrafelt-vinyl-flooring-light-oak-plank,Ultrafelt Vinyl Flooring Light Oak Plank,"<h2>Ultrafelt Vinyl Flooring Light Oak Plank</h2><p><strong>Ultrafelt Vinyl Flooring Light Oak Plank</strong> from Factory Direct Flooring in a beautiful <strong>Oak</strong> finish. Fully waterproof premium vinyl — ideal for kitchens, bathrooms and busy areas.</p>
<h3>Key Features</h3><ul><li>Fully Waterproof</li><li>Tough Wear Surface</li><li>Cushioned &amp; Quiet</li><li>Easy to Clean</li><li>Realistic HD Designs</li></ul>
<h3>Installation</h3><p>Loose-laid, adhered or click-lock. Clean dry smooth subfloor.</p>
<h3>Care</h3><p>Sweep and mop with warm water + mild cleaner.</p>
<h3>Why Factory Direct Flooring?</h3><p>UK's trusted flooring specialist — premium quality at factory direct prices. Free samples, full warranties and fast UK delivery.</p>",Factory Direct Flooring,,Vinyl,vinyl,TRUE,Title,Default Title,67889ST,0,shopify,100,deny,manual,17.87,17.87,TRUE,TRUE,,,,Ultrafelt Vinyl Flooring Light Oak Plank | Factory Direct Flooring,Buy Ultrafelt Vinyl Flooring Light Oak Plank at Factory Direct Flooring — Vinyl at competitive prices. Free samples and UK delivery.,active
ultrafelt-vinyl-flooring-smoked-oak-plank,Ultrafelt Vinyl Flooring Smoked Oak Plank,"<h2>Ultrafelt Vinyl Flooring Smoked Oak Plank</h2><p><strong>Ultrafelt Vinyl Flooring Smoked Oak Plank</strong> from Factory Direct Flooring in a beautiful <strong>Oak</strong> finish. Fully waterproof premium vinyl — ideal for kitchens, bathrooms and busy areas.</p>
<h3>Key Features</h3><ul><li>Fully Waterproof</li><li>Tough Wear Surface</li><li>Cushioned &amp; Quiet</li><li>Easy to Clean</li><li>Realistic HD Designs</li></ul>
<h3>Installation</h3><p>Loose-laid, adhered or click-lock. Clean dry smooth subfloor.</p>
<h3>Care</h3><p>Sweep and mop with warm water + mild cleaner.</p>
<h3>Why Factory Direct Flooring?</h3><p>UK's trusted flooring specialist — premium quality at factory direct prices. Free samples, full warranties and fast UK delivery.</p>",Factory Direct Flooring,,Vinyl,vinyl,TRUE,Title,Default Title,67890ST,0,shopify,100,deny,manual,17.87,17.87,TRUE,TRUE,,,,Ultrafelt Vinyl Flooring Smoked Oak Plank | Factory Direct Flooring,Buy Ultrafelt Vinyl Flooring Smoked Oak Plank at Factory Direct Flooring — Vinyl at competitive prices. Free samples and UK delivery.,active
ultrafelt-vinyl-flooring-steel-grey-oak,Ultrafelt Vinyl Flooring Steel Grey Oak,"<h2>Ultrafelt Vinyl Flooring Steel Grey Oak</h2><p><strong>Ultrafelt Vinyl Flooring Steel Grey Oak</strong> from Factory Direct Flooring in a beautiful <strong>Oak</strong> finish. Fully waterproof premium vinyl — ideal for kitchens, bathrooms and busy areas.</p>
<h3>Key Features</h3><ul><li>Fully Waterproof</li><li>Tough Wear Surface</li><li>Cushioned &amp; Quiet</li><li>Easy to Clean</li><li>Realistic HD Designs</li></ul>
<h3>Installation</h3><p>Loose-laid, adhered or click-lock. Clean dry smooth subfloor.</p>
<h3>Care</h3><p>Sweep and mop with warm water + mild cleaner.</p>
<h3>Why Factory Direct Flooring?</h3><p>UK's trusted flooring specialist — premium quality at factory direct prices. Free samples, full warranties and fast UK delivery.</p>",Factory Direct Flooring,,Vinyl,vinyl,TRUE,Title,Default Title,67891ST,0,shopify,100,deny,manual,17.87,17.87,TRUE,TRUE,,,,Ultrafelt Vinyl Flooring Steel Grey Oak | Factory Direct Flooring,Buy Ultrafelt Vinyl Flooring Steel Grey Oak at Factory Direct Flooring — Vinyl at competitive prices. Free samples and UK delivery.,active
ultrafelt-vinyl-flooring-aged-parquet-oak,Ultrafelt Vinyl Flooring Aged Parquet Oak,"<h2>Ultrafelt Vinyl Flooring Aged Parquet Oak</h2><p><strong>Ultrafelt Vinyl Flooring Aged Parquet Oak</strong> from Factory Direct Flooring in a beautiful <strong>Oak</strong> finish. Fully waterproof premium vinyl — ideal for kitchens, bathrooms and busy areas.</p>
<h3>Key Features</h3><ul><li>Fully Waterproof</li><li>Tough Wear Surface</li><li>Cushioned &amp; Quiet</li><li>Easy to Clean</li><li>Realistic HD Designs</li></ul>
<h3>Installation</h3><p>Loose-laid, adhered or click-lock. Clean dry smooth subfloor.</p>
<h3>Care</h3><p>Sweep and mop with warm water + mild cleaner.</p>
<h3>Why Factory Direct Flooring?</h3><p>UK's trusted flooring specialist — premium quality at factory direct prices. Free samples, full warranties and fast UK delivery.</p>",Factory Direct Flooring,,Vinyl,vinyl,TRUE,Title,Default Title,67894ST,0,shopify,100,deny,manual,17.87,17.87,TRUE,TRUE,,,,Ultrafelt Vinyl Flooring Aged Parquet Oak | Factory Direct Flooring,Buy Ultrafelt Vinyl Flooring Aged Parquet Oak at Factory Direct Flooring — Vinyl at competitive prices. Free samples and UK delivery.,active
plain-colours-solid-black-999e-vinyl-flooring,Plain Colours Solid Black 999E Vinyl Flooring,"<h2>Plain Colours Solid Black 999E Vinyl Flooring</h2><p><strong>Plain Colours Solid Black 999E Vinyl Flooring</strong> from Factory Direct Flooring in a beautiful <strong>Black</strong> finish. Fully waterproof premium vinyl — ideal for kitchens, bathrooms and busy areas.</p>
<h3>Key Features</h3><ul><li>Fully Waterproof</li><li>Tough Wear Surface</li><li>Cushioned &amp; Quiet</li><li>Easy to Clean</li><li>Realistic HD Designs</li></ul>
<h3>Installation</h3><p>Loose-laid, adhered or click-lock. Clean dry smooth subfloor.</p>
<h3>Care</h3><p>Sweep and mop with warm water + mild cleaner.</p>
<h3>Why Factory Direct Flooring?</h3><p>UK's trusted flooring specialist — premium quality at factory direct prices. Free samples, full warranties and fast UK delivery.</p>",Factory Direct Flooring,,Vinyl,vinyl,TRUE,Title,Default Title,68135ST,0,shopify,100,deny,manual,11.51,11.51,TRUE,TRUE,,,,Plain Colours Solid Black 999E Vinyl Flooring | Factory Direct Flooring,Buy Plain Colours Solid Black 999E Vinyl Flooring at Factory Direct Flooring — Vinyl at competitive prices. Free samples and UK delivery.,active
plain-colours-solid-dark-grey-919d-vinyl-flooring,Plain Colours Solid Dark Grey 919D Vinyl Flooring,"<h2>Plain Colours Solid Dark Grey 919D Vinyl Flooring</h2><p><strong>Plain Colours Solid Dark Grey 919D Vinyl Flooring</strong> from Factory Direct Flooring in a beautiful <strong>Grey</strong> finish. Fully waterproof premium vinyl — ideal for kitchens, bathrooms and busy areas.</p>
<h3>Key Features</h3><ul><li>Fully Waterproof</li><li>Tough Wear Surface</li><li>Cushioned &amp; Quiet</li><li>Easy to Clean</li><li>Realistic HD Designs</li></ul>
<h3>Installation</h3><p>Loose-laid, adhered or click-lock. Clean dry smooth subfloor.</p>
<h3>Care</h3><p>Sweep and mop with warm water + mild cleaner.</p>
<h3>Why Factory Direct Flooring?</h3><p>UK's trusted flooring specialist — premium quality at factory direct prices. Free samples, full warranties and fast UK delivery.</p>",Factory Direct Flooring,,Vinyl,vinyl,TRUE,Title,Default Title,68196ST,0,shopify,100,deny,manual,11.51,11.51,TRUE,TRUE,,,,Plain Colours Solid Dark Grey 919D Vinyl Flooring | Factory Direct Flooring,Buy Plain Colours Solid Dark Grey 919D Vinyl Flooring at Factory Direct Flooring — Vinyl at competitive prices. Free samples and UK delivery.,active
ecostep-vinyl-flooring-black-white-019d,Ecostep Vinyl Flooring Black White 019D,"<h2>Ecostep Vinyl Flooring Black White 019D</h2><p><strong>Ecostep Vinyl Flooring Black White 019D</strong> from Factory Direct Flooring in a beautiful <strong>White</strong> finish. Fully waterproof premium vinyl — ideal for kitchens, bathrooms and busy areas.</p>
<h3>Key Features</h3><ul><li>Fully Waterproof</li><li>Tough Wear Surface</li><li>Cushioned &amp; Quiet</li><li>Easy to Clean</li><li>Realistic HD Designs</li></ul>
<h3>Installation</h3><p>Loose-laid, adhered or click-lock. Clean dry smooth subfloor.</p>
<h3>Care</h3><p>Sweep and mop with warm water + mild cleaner.</p>
<h3>Why Factory Direct Flooring?</h3><p>UK's trusted flooring specialist — premium quality at factory direct prices. Free samples, full warranties and fast UK delivery.</p>",Factory Direct Flooring,,Vinyl,vinyl,TRUE,Title,Default Title,69295ST,0,shopify,100,deny,manual,10.79,10.79,TRUE,TRUE,,,,Ecostep Vinyl Flooring Black White 019D | Factory Direct Flooring,Buy Ecostep Vinyl Flooring Black White 019D at Factory Direct Flooring — Vinyl at competitive prices. Free samples and UK delivery.,active
ecostep-vinyl-flooring-golden-oak-006m,Ecostep Vinyl Flooring Golden Oak 006M,"<h2>Ecostep Vinyl Flooring Golden Oak 006M</h2><p><strong>Ecostep Vinyl Flooring Golden Oak 006M</strong> from Factory Direct Flooring in a beautiful <strong>Oak</strong> finish. Fully waterproof premium vinyl — ideal for kitchens, bathrooms and busy areas.</p>
<h3>Key Features</h3><ul><li>Fully Waterproof</li><li>Tough Wear Surface</li><li>Cushioned &amp; Quiet</li><li>Easy to Clean</li><li>Realistic HD Designs</li></ul>
<h3>Installation</h3><p>Loose-laid, adhered or click-lock. Clean dry smooth subfloor.</p>
<h3>Care</h3><p>Sweep and mop with warm water + mild cleaner.</p>
<h3>Why Factory Direct Flooring?</h3><p>UK's trusted flooring specialist — premium quality at factory direct prices. Free samples, full warranties and fast UK delivery.</p>",Factory Direct Flooring,,Vinyl,vinyl,TRUE,Title,Default Title,69489ST,0,shopify,100,deny,manual,10.79,10.79,TRUE,TRUE,,,,Ecostep Vinyl Flooring Golden Oak 006M | Factory Direct Flooring,Buy Ecostep Vinyl Flooring Golden Oak 006M at Factory Direct Flooring — Vinyl at competitive prices. Free samples and UK delivery.,active
ecostep-vinyl-flooring-grey-chic-977m,Ecostep Vinyl Flooring Grey Chic 977M,"<h2>Ecostep Vinyl Flooring Grey Chic 977M</h2><p><strong>Ecostep Vinyl Flooring Grey Chic 977M</strong> from Factory Direct Flooring in a beautiful <strong>Grey</strong> finish. Fully waterproof premium vinyl — ideal for kitchens, bathrooms and busy areas.</p>
<h3>Key Features</h3><ul><li>Fully Waterproof</li><li>Tough Wear Surface</li><li>Cushioned &amp; Quiet</li><li>Easy to Clean</li><li>Realistic HD Designs</li></ul>
<h3>Installation</h3><p>Loose-laid, adhered or click-lock. Clean dry smooth subfloor.</p>
<h3>Care</h3><p>Sweep and mop with warm water + mild cleaner.</p>
<h3>Why Factory Direct Flooring?</h3><p>UK's trusted flooring specialist — premium quality at factory direct prices. Free samples, full warranties and fast UK delivery.</p>",Factory Direct Flooring,,Vinyl,vinyl,TRUE,Title,Default Title,69490ST,0,shopify,100,deny,manual,10.79,10.79,TRUE,TRUE,,,,Ecostep Vinyl Flooring Grey Chic 977M | Factory Direct Flooring,Buy Ecostep Vinyl Flooring Grey Chic 977M at Factory Direct Flooring — Vinyl at competitive prices. Free samples and UK delivery.,active
ecostep-vinyl-flooring-storm-grey-991m,Ecostep Vinyl Flooring Storm Grey 991M,"<h2>Ecostep Vinyl Flooring Storm Grey 991M</h2><p><strong>Ecostep Vinyl Flooring Storm Grey 991M</strong> from Factory Direct Flooring in a beautiful <strong>Grey</strong> finish. Fully waterproof premium vinyl — ideal for kitchens, bathrooms and busy areas.</p>
<h3>Key Features</h3><ul><li>Fully Waterproof</li><li>Tough Wear Surface</li><li>Cushioned &amp; Quiet</li><li>Easy to Clean</li><li>Realistic HD Designs</li></ul>
<h3>Installation</h3><p>Loose-laid, adhered or click-lock. Clean dry smooth subfloor.</p>
<h3>Care</h3><p>Sweep and mop with warm water + mild cleaner.</p>
<h3>Why Factory Direct Flooring?</h3><p>UK's trusted flooring specialist — premium quality at factory direct prices. Free samples, full warranties and fast UK delivery.</p>",Factory Direct Flooring,,Vinyl,vinyl,TRUE,Title,Default Title,69491ST,0,shopify,100,deny,manual,10.79,10.79,TRUE,TRUE,,,,Ecostep Vinyl Flooring Storm Grey 991M | Factory Direct Flooring,Buy Ecostep Vinyl Flooring Storm Grey 991M at Factory Direct Flooring — Vinyl at competitive prices. Free samples and UK delivery.,active
ecostep-vinyl-flooring-urban-slate-909e,Ecostep Vinyl Flooring Urban Slate 909E,"<h2>Ecostep Vinyl Flooring Urban Slate 909E</h2><p><strong>Ecostep Vinyl Flooring Urban Slate 909E</strong> from Factory Direct Flooring in a beautiful <strong>Slate</strong> finish. Fully waterproof premium vinyl — ideal for kitchens, bathrooms and busy areas.</p>
<h3>Key Features</h3><ul><li>Fully Waterproof</li><li>Tough Wear Surface</li><li>Cushioned &amp; Quiet</li><li>Easy to Clean</li><li>Realistic HD Designs</li></ul>
<h3>Installation</h3><p>Loose-laid, adhered or click-lock. Clean dry smooth subfloor.</p>
<h3>Care</h3><p>Sweep and mop with warm water + mild cleaner.</p>
<h3>Why Factory Direct Flooring?</h3><p>UK's trusted flooring specialist — premium quality at factory direct prices. Free samples, full warranties and fast UK delivery.</p>",Factory Direct Flooring,,Vinyl,vinyl,TRUE,Title,Default Title,69492ST,0,shopify,100,deny,manual,10.79,10.79,TRUE,TRUE,,,,Ecostep Vinyl Flooring Urban Slate 909E | Factory Direct Flooring,Buy Ecostep Vinyl Flooring Urban Slate 909E at Factory Direct Flooring — Vinyl at competitive prices. Free samples and UK delivery.,active
ecostep-vinyl-flooring-mist-white-009s,Ecostep Vinyl Flooring Mist White 009S,"<h2>Ecostep Vinyl Flooring Mist White 009S</h2><p><strong>Ecostep Vinyl Flooring Mist White 009S</strong> from Factory Direct Flooring in a beautiful <strong>White</strong> finish. Fully waterproof premium vinyl — ideal for kitchens, bathrooms and busy areas.</p>
<h3>Key Features</h3><ul><li>Fully Waterproof</li><li>Tough Wear Surface</li><li>Cushioned &amp; Quiet</li><li>Easy to Clean</li><li>Realistic HD Designs</li></ul>
<h3>Installation</h3><p>Loose-laid, adhered or click-lock. Clean dry smooth subfloor.</p>
<h3>Care</h3><p>Sweep and mop with warm water + mild cleaner.</p>
<h3>Why Factory Direct Flooring?</h3><p>UK's trusted flooring specialist — premium quality at factory direct prices. Free samples, full warranties and fast UK delivery.</p>",Factory Direct Flooring,,Vinyl,vinyl,TRUE,Title,Default Title,69493ST,0,shopify,100,deny,manual,10.79,10.79,TRUE,TRUE,,,,Ecostep Vinyl Flooring Mist White 009S | Factory Direct Flooring,Buy Ecostep Vinyl Flooring Mist White 009S at Factory Direct Flooring — Vinyl at competitive prices. Free samples and UK delivery.,active
ecostep-vinyl-flooring-lime-oak-949m,Ecostep Vinyl Flooring Lime Oak 949M,"<h2>Ecostep Vinyl Flooring Lime Oak 949M</h2><p><strong>Ecostep Vinyl Flooring Lime Oak 949M</strong> from Factory Direct Flooring in a beautiful <strong>Oak</strong> finish. Fully waterproof premium vinyl — ideal for kitchens, bathrooms and busy areas.</p>
<h3>Key Features</h3><ul><li>Fully Waterproof</li><li>Tough Wear Surface</li><li>Cushioned &amp; Quiet</li><li>Easy to Clean</li><li>Realistic HD Designs</li></ul>
<h3>Installation</h3><p>Loose-laid, adhered or click-lock. Clean dry smooth subfloor.</p>
<h3>Care</h3><p>Sweep and mop with warm water + mild cleaner.</p>
<h3>Why Factory Direct Flooring?</h3><p>UK's trusted flooring specialist — premium quality at factory direct prices. Free samples, full warranties and fast UK delivery.</p>",Factory Direct Flooring,,Vinyl,vinyl,TRUE,Title,Default Title,69494ST,0,shopify,100,deny,manual,10.79,10.79,TRUE,TRUE,,,,Ecostep Vinyl Flooring Lime Oak 949M | Factory Direct Flooring,Buy Ecostep Vinyl Flooring Lime Oak 949M at Factory Direct Flooring — Vinyl at competitive prices. Free samples and UK delivery.,active
ecostep-vinyl-flooring-oak-havanna-613m,Ecostep Vinyl Flooring Oak Havanna 613M,"<h2>Ecostep Vinyl Flooring Oak Havanna 613M</h2><p><strong>Ecostep Vinyl Flooring Oak Havanna 613M</strong> from Factory Direct Flooring in a beautiful <strong>Oak</strong> finish. Fully waterproof premium vinyl — ideal for kitchens, bathrooms and busy areas.</p>
<h3>Key Features</h3><ul><li>Fully Waterproof</li><li>Tough Wear Surface</li><li>Cushioned &amp; Quiet</li><li>Easy to Clean</li><li>Realistic HD Designs</li></ul>
<h3>Installation</h3><p>Loose-laid, adhered or click-lock. Clean dry smooth subfloor.</p>
<h3>Care</h3><p>Sweep and mop with warm water + mild cleaner.</p>
<h3>Why Factory Direct Flooring?</h3><p>UK's trusted flooring specialist — premium quality at factory direct prices. Free samples, full warranties and fast UK delivery.</p>",Factory Direct Flooring,,Vinyl,vinyl,TRUE,Title,Default Title,69495ST,0,shopify,100,deny,manual,10.79,10.79,TRUE,TRUE,,,,Ecostep Vinyl Flooring Oak Havanna 613M | Factory Direct Flooring,Buy Ecostep Vinyl Flooring Oak Havanna 613M at Factory Direct Flooring — Vinyl at competitive prices. Free samples and UK delivery.,active
ecostep-vinyl-flooring-rustic-oak-606m,Ecostep Vinyl Flooring Rustic Oak 606M,"<h2>Ecostep Vinyl Flooring Rustic Oak 606M</h2><p><strong>Ecostep Vinyl Flooring Rustic Oak 606M</strong> from Factory Direct Flooring in a beautiful <strong>Oak</strong> finish. Fully waterproof premium vinyl — ideal for kitchens, bathrooms and busy areas.</p>
<h3>Key Features</h3><ul><li>Fully Waterproof</li><li>Tough Wear Surface</li><li>Cushioned &amp; Quiet</li><li>Easy to Clean</li><li>Realistic HD Designs</li></ul>
<h3>Installation</h3><p>Loose-laid, adhered or click-lock. Clean dry smooth subfloor.</p>
<h3>Care</h3><p>Sweep and mop with warm water + mild cleaner.</p>
<h3>Why Factory Direct Flooring?</h3><p>UK's trusted flooring specialist — premium quality at factory direct prices. Free samples, full warranties and fast UK delivery.</p>",Factory Direct Flooring,,Vinyl,vinyl,TRUE,Title,Default Title,69496ST,0,shopify,100,deny,manual,10.79,10.79,TRUE,TRUE,,,,Ecostep Vinyl Flooring Rustic Oak 606M | Factory Direct Flooring,Buy Ecostep Vinyl Flooring Rustic Oak 606M at Factory Direct Flooring — Vinyl at competitive prices. Free samples and UK delivery.,active
texstep-real-oak-621l-felt-back,Texstep Real Oak 621L Felt Back,"<h2>Texstep Real Oak 621L Felt Back</h2><p><strong>Texstep Real Oak 621L Felt Back</strong> from Factory Direct Flooring in a beautiful <strong>Oak</strong> finish. Fully waterproof premium vinyl — ideal for kitchens, bathrooms and busy areas.</p>
<h3>Key Features</h3><ul><li>Fully Waterproof</li><li>Tough Wear Surface</li><li>Cushioned &amp; Quiet</li><li>Easy to Clean</li><li>Realistic HD Designs</li></ul>
<h3>Installation</h3><p>Loose-laid, adhered or click-lock. Clean dry smooth subfloor.</p>
<h3>Care</h3><p>Sweep and mop with warm water + mild cleaner.</p>
<h3>Why Factory Direct Flooring?</h3><p>UK's trusted flooring specialist — premium quality at factory direct prices. Free samples, full warranties and fast UK delivery.</p>",Factory Direct Flooring,,Vinyl,vinyl,TRUE,Title,Default Title,69500ST,0,shopify,100,deny,manual,14.03,14.03,TRUE,TRUE,,,,Texstep Real Oak 621L Felt Back | Factory Direct Flooring,Buy Texstep Real Oak 621L Felt Back at Factory Direct Flooring — Vinyl at competitive prices. Free samples and UK delivery.,active
texstep-pure-grey-960m-felt-back,Texstep Pure Grey 960M Felt Back,"<h2>Texstep Pure Grey 960M Felt Back</h2><p><strong>Texstep Pure Grey 960M Felt Back</strong> from Factory Direct Flooring in a beautiful <strong>Grey</strong> finish. Fully waterproof premium vinyl — ideal for kitchens, bathrooms and busy areas.</p>
<h3>Key Features</h3><ul><li>Fully Waterproof</li><li>Tough Wear Surface</li><li>Cushioned &amp; Quiet</li><li>Easy to Clean</li><li>Realistic HD Designs</li></ul>
<h3>Installation</h3><p>Loose-laid, adhered or click-lock. Clean dry smooth subfloor.</p>
<h3>Care</h3><p>Sweep and mop with warm water + mild cleaner.</p>
<h3>Why Factory Direct Flooring?</h3><p>UK's trusted flooring specialist — premium quality at factory direct prices. Free samples, full warranties and fast UK delivery.</p>",Factory Direct Flooring,,Vinyl,vinyl,TRUE,Title,Default Title,69506ST,0,shopify,100,deny,manual,14.03,14.03,TRUE,TRUE,,,,Texstep Pure Grey 960M Felt Back | Factory Direct Flooring,Buy Texstep Pure Grey 960M Felt Back at Factory Direct Flooring — Vinyl at competitive prices. Free samples and UK delivery.,active
texstep-cloud-oak-019s-felt-back,Texstep Cloud Oak 019S Felt Back,"<h2>Texstep Cloud Oak 019S Felt Back</h2><p><strong>Texstep Cloud Oak 019S Felt Back</strong> from Factory Direct Flooring in a beautiful <strong>Oak</strong> finish. Fully waterproof premium vinyl — ideal for kitchens, bathrooms and busy areas.</p>
<h3>Key Features</h3><ul><li>Fully Waterproof</li><li>Tough Wear Surface</li><li>Cushioned &amp; Quiet</li><li>Easy to Clean</li><li>Realistic HD Designs</li></ul>
<h3>Installation</h3><p>Loose-laid, adhered or click-lock. Clean dry smooth subfloor.</p>
<h3>Care</h3><p>Sweep and mop with warm water + mild cleaner.</p>
<h3>Why Factory Direct Flooring?</h3><p>UK's trusted flooring specialist — premium quality at factory direct prices. Free samples, full warranties and fast UK delivery.</p>",Factory Direct Flooring,,Vinyl,vinyl,TRUE,Title,Default Title,69507ST,0,shopify,100,deny,manual,14.03,14.03,TRUE,TRUE,,,,Texstep Cloud Oak 019S Felt Back | Factory Direct Flooring,Buy Texstep Cloud Oak 019S Felt Back at Factory Direct Flooring — Vinyl at competitive prices. Free samples and UK delivery.,active
texstep-white-haze-010l-felt-back,Texstep White Haze 010L Felt Back,"<h2>Texstep White Haze 010L Felt Back</h2><p><strong>Texstep White Haze 010L Felt Back</strong> from Factory Direct Flooring in a beautiful <strong>White</strong> finish. Fully waterproof premium vinyl — ideal for kitchens, bathrooms and busy areas.</p>
<h3>Key Features</h3><ul><li>Fully Waterproof</li><li>Tough Wear Surface</li><li>Cushioned &amp; Quiet</li><li>Easy to Clean</li><li>Realistic HD Designs</li></ul>
<h3>Installation</h3><p>Loose-laid, adhered or click-lock. Clean dry smooth subfloor.</p>
<h3>Care</h3><p>Sweep and mop with warm water + mild cleaner.</p>
<h3>Why Factory Direct Flooring?</h3><p>UK's trusted flooring specialist — premium quality at factory direct prices. Free samples, full warranties and fast UK delivery.</p>",Factory Direct Flooring,,Vinyl,vinyl,TRUE,Title,Default Title,69510ST,0,shopify,100,deny,manual,14.03,14.03,TRUE,TRUE,,,,Texstep White Haze 010L Felt Back | Factory Direct Flooring,Buy Texstep White Haze 010L Felt Back at Factory Direct Flooring — Vinyl at competitive prices. Free samples and UK delivery.,active
texstep-concrete-dark-996d-felt-back,Texstep Concrete Dark 996D Felt Back,"<h2>Texstep Concrete Dark 996D Felt Back</h2><p><strong>Texstep Concrete Dark 996D Felt Back</strong> from Factory Direct Flooring. Fully waterproof premium vinyl — ideal for kitchens, bathrooms and busy areas.</p>
<h3>Key Features</h3><ul><li>Fully Waterproof</li><li>Tough Wear Surface</li><li>Cushioned &amp; Quiet</li><li>Easy to Clean</li><li>Realistic HD Designs</li></ul>
<h3>Installation</h3><p>Loose-laid, adhered or click-lock. Clean dry smooth subfloor.</p>
<h3>Care</h3><p>Sweep and mop with warm water + mild cleaner.</p>
<h3>Why Factory Direct Flooring?</h3><p>UK's trusted flooring specialist — premium quality at factory direct prices. Free samples, full warranties and fast UK delivery.</p>",Factory Direct Flooring,,Vinyl,vinyl,TRUE,Title,Default Title,69512ST,0,shopify,100,deny,manual,14.03,14.03,TRUE,TRUE,,,,Texstep Concrete Dark 996D Felt Back | Factory Direct Flooring,Buy Texstep Concrete Dark 996D Felt Back at Factory Direct Flooring — Vinyl at competitive prices. Free samples and UK delivery.,active
texstep-concrete-light-979m-felt-back,Texstep Concrete Light 979M Felt Back,"<h2>Texstep Concrete Light 979M Felt Back</h2><p><strong>Texstep Concrete Light 979M Felt Back</strong> from Factory Direct Flooring. Fully waterproof premium vinyl — ideal for kitchens, bathrooms and busy areas.</p>
<h3>Key Features</h3><ul><li>Fully Waterproof</li><li>Tough Wear Surface</li><li>Cushioned &amp; Quiet</li><li>Easy to Clean</li><li>Realistic HD Designs</li></ul>
<h3>Installation</h3><p>Loose-laid, adhered or click-lock. Clean dry smooth subfloor.</p>
<h3>Care</h3><p>Sweep and mop with warm water + mild cleaner.</p>
<h3>Why Factory Direct Flooring?</h3><p>UK's trusted flooring specialist — premium quality at factory direct prices. Free samples, full warranties and fast UK delivery.</p>",Factory Direct Flooring,,Vinyl,vinyl,TRUE,Title,Default Title,69513ST,0,shopify,100,deny,manual,14.03,14.03,TRUE,TRUE,,,,Texstep Concrete Light 979M Felt Back | Factory Direct Flooring,Buy Texstep Concrete Light 979M Felt Back at Factory Direct Flooring — Vinyl at competitive prices. Free samples and UK delivery.,active
texstep-linen-mist-101s-felt-back,Texstep Linen Mist 101S Felt Back,"<h2>Texstep Linen Mist 101S Felt Back</h2><p><strong>Texstep Linen Mist 101S Felt Back</strong> from Factory Direct Flooring. Fully waterproof premium vinyl — ideal for kitchens, bathrooms and busy areas.</p>
<h3>Key Features</h3><ul><li>Fully Waterproof</li><li>Tough Wear Surface</li><li>Cushioned &amp; Quiet</li><li>Easy to Clean</li><li>Realistic HD Designs</li></ul>
<h3>Installation</h3><p>Loose-laid, adhered or click-lock. Clean dry smooth subfloor.</p>
<h3>Care</h3><p>Sweep and mop with warm water + mild cleaner.</p>
<h3>Why Factory Direct Flooring?</h3><p>UK's trusted flooring specialist — premium quality at factory direct prices. Free samples, full warranties and fast UK delivery.</p>",Factory Direct Flooring,,Vinyl,vinyl,TRUE,Title,Default Title,69514ST,0,shopify,100,deny,manual,14.03,14.03,TRUE,TRUE,,,,Texstep Linen Mist 101S Felt Back | Factory Direct Flooring,Buy Texstep Linen Mist 101S Felt Back at Factory Direct Flooring — Vinyl at competitive prices. Free samples and UK delivery.,active
smartstep-vinyl-flooring-felt-helsinki-536,Smartstep Vinyl Flooring Felt Helsinki 536,"<h2>Smartstep Vinyl Flooring Felt Helsinki 536</h2><p><strong>Smartstep Vinyl Flooring Felt Helsinki 536</strong> from Factory Direct Flooring. Fully waterproof premium vinyl — ideal for kitchens, bathrooms and busy areas.</p>
<h3>Key Features</h3><ul><li>Fully Waterproof</li><li>Tough Wear Surface</li><li>Cushioned &amp; Quiet</li><li>Easy to Clean</li><li>Realistic HD Designs</li></ul>
<h3>Installation</h3><p>Loose-laid, adhered or click-lock. Clean dry smooth subfloor.</p>
<h3>Care</h3><p>Sweep and mop with warm water + mild cleaner.</p>
<h3>Why Factory Direct Flooring?</h3><p>UK's trusted flooring specialist — premium quality at factory direct prices. Free samples, full warranties and fast UK delivery.</p>",Factory Direct Flooring,,Vinyl,vinyl,TRUE,Title,Default Title,72229ST,0,shopify,100,deny,manual,14.03,14.03,TRUE,TRUE,,,,Smartstep Vinyl Flooring Felt Helsinki 536 | Factory Direct Flooring,Buy Smartstep Vinyl Flooring Felt Helsinki 536 at Factory Direct Flooring — Vinyl at competitive prices. Free samples and UK delivery.,active
smartstep-vinyl-flooring-felt-helsinki-592,Smartstep Vinyl Flooring Felt Helsinki 592,"<h2>Smartstep Vinyl Flooring Felt Helsinki 592</h2><p><strong>Smartstep Vinyl Flooring Felt Helsinki 592</strong> from Factory Direct Flooring. Fully waterproof premium vinyl — ideal for kitchens, bathrooms and busy areas.</p>
<h3>Key Features</h3><ul><li>Fully Waterproof</li><li>Tough Wear Surface</li><li>Cushioned &amp; Quiet</li><li>Easy to Clean</li><li>Realistic HD Designs</li></ul>
<h3>Installation</h3><p>Loose-laid, adhered or click-lock. Clean dry smooth subfloor.</p>
<h3>Care</h3><p>Sweep and mop with warm water + mild cleaner.</p>
<h3>Why Factory Direct Flooring?</h3><p>UK's trusted flooring specialist — premium quality at factory direct prices. Free samples, full warranties and fast UK delivery.</p>",Factory Direct Flooring,,Vinyl,vinyl,TRUE,Title,Default Title,72230ST,0,shopify,100,deny,manual,14.03,14.03,TRUE,TRUE,,,,Smartstep Vinyl Flooring Felt Helsinki 592 | Factory Direct Flooring,Buy Smartstep Vinyl Flooring Felt Helsinki 592 at Factory Direct Flooring — Vinyl at competitive prices. Free samples and UK delivery.,active
smartstep-vinyl-flooring-felt-nimes-592,Smartstep Vinyl Flooring Felt Nimes 592,"<h2>Smartstep Vinyl Flooring Felt Nimes 592</h2><p><strong>Smartstep Vinyl Flooring Felt Nimes 592</strong> from Factory Direct Flooring. Fully waterproof premium vinyl — ideal for kitchens, bathrooms and busy areas.</p>
<h3>Key Features</h3><ul><li>Fully Waterproof</li><li>Tough Wear Surface</li><li>Cushioned &amp; Quiet</li><li>Easy to Clean</li><li>Realistic HD Designs</li></ul>
<h3>Installation</h3><p>Loose-laid, adhered or click-lock. Clean dry smooth subfloor.</p>
<h3>Care</h3><p>Sweep and mop with warm water + mild cleaner.</p>
<h3>Why Factory Direct Flooring?</h3><p>UK's trusted flooring specialist — premium quality at factory direct prices. Free samples, full warranties and fast UK delivery.</p>",Factory Direct Flooring,,Vinyl,vinyl,TRUE,Title,Default Title,72232ST,0,shopify,100,deny,manual,14.03,14.03,TRUE,TRUE,,,,Smartstep Vinyl Flooring Felt Nimes 592 | Factory Direct Flooring,Buy Smartstep Vinyl Flooring Felt Nimes 592 at Factory Direct Flooring — Vinyl at competitive prices. Free samples and UK delivery.,active
polysafe-standard-wild-mushroom-heavy-duty-safety-flooring,Polysafe Standard Wild Mushroom Heavy Duty Safety Flooring,"<h2>Polysafe Standard Wild Mushroom Heavy Duty Safety Flooring</h2><p><strong>Polysafe Standard Wild Mushroom Heavy Duty Safety Flooring</strong> from Factory Direct Flooring. Fully waterproof premium vinyl — ideal for kitchens, bathrooms and busy areas.</p>
<h3>Key Features</h3><ul><li>Fully Waterproof</li><li>Tough Wear Surface</li><li>Cushioned &amp; Quiet</li><li>Easy to Clean</li><li>Realistic HD Designs</li></ul>
<h3>Installation</h3><p>Loose-laid, adhered or click-lock. Clean dry smooth subfloor.</p>
<h3>Care</h3><p>Sweep and mop with warm water + mild cleaner.</p>
<h3>Why Factory Direct Flooring?</h3><p>UK's trusted flooring specialist — premium quality at factory direct prices. Free samples, full warranties and fast UK delivery.</p>",Factory Direct Flooring,,Vinyl,vinyl,TRUE,Title,Default Title,73631,0,shopify,100,deny,manual,34.54,34.54,TRUE,TRUE,,,,Polysafe Standard Wild Mushroom Heavy Duty Safety Flooring | Factory Direct Flooring,Buy Polysafe Standard Wild Mushroom Heavy Duty Safety Flooring at Factory Direct Flooring — Vinyl at competitive prices. Free samples and UK delivery.,active
polysafe-standard-taupe-heavy-duty-safety-flooring,Polysafe Standard Taupe Heavy Duty Safety Flooring,"<h2>Polysafe Standard Taupe Heavy Duty Safety Flooring</h2><p><strong>Polysafe Standard Taupe Heavy Duty Safety Flooring</strong> from Factory Direct Flooring. Fully waterproof premium vinyl — ideal for kitchens, bathrooms and busy areas.</p>
<h3>Key Features</h3><ul><li>Fully Waterproof</li><li>Tough Wear Surface</li><li>Cushioned &amp; Quiet</li><li>Easy to Clean</li><li>Realistic HD Designs</li></ul>
<h3>Installation</h3><p>Loose-laid, adhered or click-lock. Clean dry smooth subfloor.</p>
<h3>Care</h3><p>Sweep and mop with warm water + mild cleaner.</p>
<h3>Why Factory Direct Flooring?</h3><p>UK's trusted flooring specialist — premium quality at factory direct prices. Free samples, full warranties and fast UK delivery.</p>",Factory Direct Flooring,,Vinyl,vinyl,TRUE,Title,Default Title,73632,0,shopify,100,deny,manual,34.54,34.54,TRUE,TRUE,,,,Polysafe Standard Taupe Heavy Duty Safety Flooring | Factory Direct Flooring,Buy Polysafe Standard Taupe Heavy Duty Safety Flooring at Factory Direct Flooring — Vinyl at competitive prices. Free samples and UK delivery.,active
ecostep-vinyl-flooring-staple-oak-646e,Ecostep Vinyl Flooring Staple Oak 646E,"<h2>Ecostep Vinyl Flooring Staple Oak 646E</h2><p><strong>Ecostep Vinyl Flooring Staple Oak 646E</strong> from Factory Direct Flooring in a beautiful <strong>Oak</strong> finish. Fully waterproof premium vinyl — ideal for kitchens, bathrooms and busy areas.</p>
<h3>Key Features</h3><ul><li>Fully Waterproof</li><li>Tough Wear Surface</li><li>Cushioned &amp; Quiet</li><li>Easy to Clean</li><li>Realistic HD Designs</li></ul>
<h3>Installation</h3><p>Loose-laid, adhered or click-lock. Clean dry smooth subfloor.</p>
<h3>Care</h3><p>Sweep and mop with warm water + mild cleaner.</p>
<h3>Why Factory Direct Flooring?</h3><p>UK's trusted flooring specialist — premium quality at factory direct prices. Free samples, full warranties and fast UK delivery.</p>",Factory Direct Flooring,,Vinyl,vinyl,TRUE,Title,Default Title,73833ST,0,shopify,100,deny,manual,10.79,10.79,TRUE,TRUE,,,,Ecostep Vinyl Flooring Staple Oak 646E | Factory Direct Flooring,Buy Ecostep Vinyl Flooring Staple Oak 646E at Factory Direct Flooring — Vinyl at competitive prices. Free samples and UK delivery.,active
ecostep-vinyl-flooring-akoke-901l,Ecostep Vinyl Flooring Akoke 901L,"<h2>Ecostep Vinyl Flooring Akoke 901L</h2><p><strong>Ecostep Vinyl Flooring Akoke 901L</strong> from Factory Direct Flooring. Fully waterproof premium vinyl — ideal for kitchens, bathrooms and busy areas.</p>
<h3>Key Features</h3><ul><li>Fully Waterproof</li><li>Tough Wear Surface</li><li>Cushioned &amp; Quiet</li><li>Easy to Clean</li><li>Realistic HD Designs</li></ul>
<h3>Installation</h3><p>Loose-laid, adhered or click-lock. Clean dry smooth subfloor.</p>
<h3>Care</h3><p>Sweep and mop with warm water + mild cleaner.</p>
<h3>Why Factory Direct Flooring?</h3><p>UK's trusted flooring specialist — premium quality at factory direct prices. Free samples, full warranties and fast UK delivery.</p>",Factory Direct Flooring,,Vinyl,vinyl,TRUE,Title,Default Title,73836ST,0,shopify,100,deny,manual,10.79,10.79,TRUE,TRUE,,,,Ecostep Vinyl Flooring Akoke 901L | Factory Direct Flooring,Buy Ecostep Vinyl Flooring Akoke 901L at Factory Direct Flooring — Vinyl at competitive prices. Free samples and UK delivery.,active
ecostep-vinyl-flooring-darwen-990m,Ecostep Vinyl Flooring Darwen 990M,"<h2>Ecostep Vinyl Flooring Darwen 990M</h2><p><strong>Ecostep Vinyl Flooring Darwen 990M</strong> from Factory Direct Flooring. Fully waterproof premium vinyl — ideal for kitchens, bathrooms and busy areas.</p>
<h3>Key Features</h3><ul><li>Fully Waterproof</li><li>Tough Wear Surface</li><li>Cushioned &amp; Quiet</li><li>Easy to Clean</li><li>Realistic HD Designs</li></ul>
<h3>Installation</h3><p>Loose-laid, adhered or click-lock. Clean dry smooth subfloor.</p>
<h3>Care</h3><p>Sweep and mop with warm water + mild cleaner.</p>
<h3>Why Factory Direct Flooring?</h3><p>UK's trusted flooring specialist — premium quality at factory direct prices. Free samples, full warranties and fast UK delivery.</p>",Factory Direct Flooring,,Vinyl,vinyl,TRUE,Title,Default Title,73840ST,0,shopify,100,deny,manual,10.79,10.79,TRUE,TRUE,,,,Ecostep Vinyl Flooring Darwen 990M | Factory Direct Flooring,Buy Ecostep Vinyl Flooring Darwen 990M at Factory Direct Flooring — Vinyl at competitive prices. Free samples and UK delivery.,active
eprosafe-s34-silk-oak-commercial-vinyl,Eprosafe S34 Silk Oak Commercial Vinyl,"<h2>Eprosafe S34 Silk Oak Commercial Vinyl</h2><p><strong>Eprosafe S34 Silk Oak Commercial Vinyl</strong> from Factory Direct Flooring in a beautiful <strong>Oak</strong> finish. Fully waterproof premium vinyl — ideal for kitchens, bathrooms and busy areas.</p>
<h3>Key Features</h3><ul><li>Fully Waterproof</li><li>Tough Wear Surface</li><li>Cushioned &amp; Quiet</li><li>Easy to Clean</li><li>Realistic HD Designs</li></ul>
<h3>Installation</h3><p>Loose-laid, adhered or click-lock. Clean dry smooth subfloor.</p>
<h3>Care</h3><p>Sweep and mop with warm water + mild cleaner.</p>
<h3>Why Factory Direct Flooring?</h3><p>UK's trusted flooring specialist — premium quality at factory direct prices. Free samples, full warranties and fast UK delivery.</p>",Factory Direct Flooring,,Vinyl,vinyl,TRUE,Title,Default Title,73920ST,0,shopify,100,deny,manual,20.39,20.39,TRUE,TRUE,,,,Eprosafe S34 Silk Oak Commercial Vinyl | Factory Direct Flooring,Buy Eprosafe S34 Silk Oak Commercial Vinyl at Factory Direct Flooring — Vinyl at competitive prices. Free samples and UK delivery.,active
eprosafe-s91-plank-grey-commercial-vinyl,Eprosafe S91 Plank Grey Commercial Vinyl,"<h2>Eprosafe S91 Plank Grey Commercial Vinyl</h2><p><strong>Eprosafe S91 Plank Grey Commercial Vinyl</strong> from Factory Direct Flooring in a beautiful <strong>Grey</strong> finish. Fully waterproof premium vinyl — ideal for kitchens, bathrooms and busy areas.</p>
<h3>Key Features</h3><ul><li>Fully Waterproof</li><li>Tough Wear Surface</li><li>Cushioned &amp; Quiet</li><li>Easy to Clean</li><li>Realistic HD Designs</li></ul>
<h3>Installation</h3><p>Loose-laid, adhered or click-lock. Clean dry smooth subfloor.</p>
<h3>Care</h3><p>Sweep and mop with warm water + mild cleaner.</p>
<h3>Why Factory Direct Flooring?</h3><p>UK's trusted flooring specialist — premium quality at factory direct prices. Free samples, full warranties and fast UK delivery.</p>",Factory Direct Flooring,,Vinyl,vinyl,TRUE,Title,Default Title,73921ST,0,shopify,100,deny,manual,20.39,20.39,TRUE,TRUE,,,,Eprosafe S91 Plank Grey Commercial Vinyl | Factory Direct Flooring,Buy Eprosafe S91 Plank Grey Commercial Vinyl at Factory Direct Flooring — Vinyl at competitive prices. Free samples and UK delivery.,active
eprosafe-s50-oak-commercial-vinyl,Eprosafe S50 Oak Commercial Vinyl,"<h2>Eprosafe S50 Oak Commercial Vinyl</h2><p><strong>Eprosafe S50 Oak Commercial Vinyl</strong> from Factory Direct Flooring in a beautiful <strong>Oak</strong> finish. Fully waterproof premium vinyl — ideal for kitchens, bathrooms and busy areas.</p>
<h3>Key Features</h3><ul><li>Fully Waterproof</li><li>Tough Wear Surface</li><li>Cushioned &amp; Quiet</li><li>Easy to Clean</li><li>Realistic HD Designs</li></ul>
<h3>Installation</h3><p>Loose-laid, adhered or click-lock. Clean dry smooth subfloor.</p>
<h3>Care</h3><p>Sweep and mop with warm water + mild cleaner.</p>
<h3>Why Factory Direct Flooring?</h3><p>UK's trusted flooring specialist — premium quality at factory direct prices. Free samples, full warranties and fast UK delivery.</p>",Factory Direct Flooring,,Vinyl,vinyl,TRUE,Title,Default Title,73922ST,0,shopify,100,deny,manual,20.39,20.39,TRUE,TRUE,,,,Eprosafe S50 Oak Commercial Vinyl | Factory Direct Flooring,Buy Eprosafe S50 Oak Commercial Vinyl at Factory Direct Flooring — Vinyl at competitive prices. Free samples and UK delivery.,active
eprosafe-s95-concrete-dark-commercial-vinyl,Eprosafe S95 Concrete Dark Commercial Vinyl,"<h2>Eprosafe S95 Concrete Dark Commercial Vinyl</h2><p><strong>Eprosafe S95 Concrete Dark Commercial Vinyl</strong> from Factory Direct Flooring. Fully waterproof premium vinyl — ideal for kitchens, bathrooms and busy areas.</p>
<h3>Key Features</h3><ul><li>Fully Waterproof</li><li>Tough Wear Surface</li><li>Cushioned &amp; Quiet</li><li>Easy to Clean</li><li>Realistic HD Designs</li></ul>
<h3>Installation</h3><p>Loose-laid, adhered or click-lock. Clean dry smooth subfloor.</p>
<h3>Care</h3><p>Sweep and mop with warm water + mild cleaner.</p>
<h3>Why Factory Direct Flooring?</h3><p>UK's trusted flooring specialist — premium quality at factory direct prices. Free samples, full warranties and fast UK delivery.</p>",Factory Direct Flooring,,Vinyl,vinyl,TRUE,Title,Default Title,73923ST,0,shopify,100,deny,manual,20.39,20.39,TRUE,TRUE,,,,Eprosafe S95 Concrete Dark Commercial Vinyl | Factory Direct Flooring,Buy Eprosafe S95 Concrete Dark Commercial Vinyl at Factory Direct Flooring — Vinyl at competitive prices. Free samples and UK delivery.,active
eprosafe-s94-concrete-light-commercial-vinyl,Eprosafe S94 Concrete Light Commercial Vinyl,"<h2>Eprosafe S94 Concrete Light Commercial Vinyl</h2><p><strong>Eprosafe S94 Concrete Light Commercial Vinyl</strong> from Factory Direct Flooring. Fully waterproof premium vinyl — ideal for kitchens, bathrooms and busy areas.</p>
<h3>Key Features</h3><ul><li>Fully Waterproof</li><li>Tough Wear Surface</li><li>Cushioned &amp; Quiet</li><li>Easy to Clean</li><li>Realistic HD Designs</li></ul>
<h3>Installation</h3><p>Loose-laid, adhered or click-lock. Clean dry smooth subfloor.</p>
<h3>Care</h3><p>Sweep and mop with warm water + mild cleaner.</p>
<h3>Why Factory Direct Flooring?</h3><p>UK's trusted flooring specialist — premium quality at factory direct prices. Free samples, full warranties and fast UK delivery.</p>",Factory Direct Flooring,,Vinyl,vinyl,TRUE,Title,Default Title,73924ST,0,shopify,100,deny,manual,20.39,20.39,TRUE,TRUE,,,,Eprosafe S94 Concrete Light Commercial Vinyl | Factory Direct Flooring,Buy Eprosafe S94 Concrete Light Commercial Vinyl at Factory Direct Flooring — Vinyl at competitive prices. Free samples and UK delivery.,active
eprosafe-s31-earth-stone-commercial-vinyl,Eprosafe S31 Earth Stone Commercial Vinyl,"<h2>Eprosafe S31 Earth Stone Commercial Vinyl</h2><p><strong>Eprosafe S31 Earth Stone Commercial Vinyl</strong> from Factory Direct Flooring in a beautiful <strong>Stone</strong> finish. Fully waterproof premium vinyl — ideal for kitchens, bathrooms and busy areas.</p>
<h3>Key Features</h3><ul><li>Fully Waterproof</li><li>Tough Wear Surface</li><li>Cushioned &amp; Quiet</li><li>Easy to Clean</li><li>Realistic HD Designs</li></ul>
<h3>Installation</h3><p>Loose-laid, adhered or click-lock. Clean dry smooth subfloor.</p>
<h3>Care</h3><p>Sweep and mop with warm water + mild cleaner.</p>
<h3>Why Factory Direct Flooring?</h3><p>UK's trusted flooring specialist — premium quality at factory direct prices. Free samples, full warranties and fast UK delivery.</p>",Factory Direct Flooring,,Vinyl,vinyl,TRUE,Title,Default Title,73925ST,0,shopify,100,deny,manual,20.39,20.39,TRUE,TRUE,,,,Eprosafe S31 Earth Stone Commercial Vinyl | Factory Direct Flooring,Buy Eprosafe S31 Earth Stone Commercial Vinyl at Factory Direct Flooring — Vinyl at competitive prices. Free samples and UK delivery.,active
eprosafe-s91-white-stone-commercial-vinyl,Eprosafe S91 White Stone Commercial Vinyl,"<h2>Eprosafe S91 White Stone Commercial Vinyl</h2><p><strong>Eprosafe S91 White Stone Commercial Vinyl</strong> from Factory Direct Flooring in a beautiful <strong>White</strong> finish. Fully waterproof premium vinyl — ideal for kitchens, bathrooms and busy areas.</p>
<h3>Key Features</h3><ul><li>Fully Waterproof</li><li>Tough Wear Surface</li><li>Cushioned &amp; Quiet</li><li>Easy to Clean</li><li>Realistic HD Designs</li></ul>
<h3>Installation</h3><p>Loose-laid, adhered or click-lock. Clean dry smooth subfloor.</p>
<h3>Care</h3><p>Sweep and mop with warm water + mild cleaner.</p>
<h3>Why Factory Direct Flooring?</h3><p>UK's trusted flooring specialist — premium quality at factory direct prices. Free samples, full warranties and fast UK delivery.</p>",Factory Direct Flooring,,Vinyl,vinyl,TRUE,Title,Default Title,73926ST,0,shopify,100,deny,manual,20.39,20.39,TRUE,TRUE,,,,Eprosafe S91 White Stone Commercial Vinyl | Factory Direct Flooring,Buy Eprosafe S91 White Stone Commercial Vinyl at Factory Direct Flooring — Vinyl at competitive prices. Free samples and UK delivery.,active
eprosafe-s97-dark-stone-commercial-vinyl,Eprosafe S97 Dark Stone Commercial Vinyl,"<h2>Eprosafe S97 Dark Stone Commercial Vinyl</h2><p><strong>Eprosafe S97 Dark Stone Commercial Vinyl</strong> from Factory Direct Flooring in a beautiful <strong>Stone</strong> finish. Fully waterproof premium vinyl — ideal for kitchens, bathrooms and busy areas.</p>
<h3>Key Features</h3><ul><li>Fully Waterproof</li><li>Tough Wear Surface</li><li>Cushioned &amp; Quiet</li><li>Easy to Clean</li><li>Realistic HD Designs</li></ul>
<h3>Installation</h3><p>Loose-laid, adhered or click-lock. Clean dry smooth subfloor.</p>
<h3>Care</h3><p>Sweep and mop with warm water + mild cleaner.</p>
<h3>Why Factory Direct Flooring?</h3><p>UK's trusted flooring specialist — premium quality at factory direct prices. Free samples, full warranties and fast UK delivery.</p>",Factory Direct Flooring,,Vinyl,vinyl,TRUE,Title,Default Title,73927ST,0,shopify,100,deny,manual,20.39,20.39,TRUE,TRUE,,,,Eprosafe S97 Dark Stone Commercial Vinyl | Factory Direct Flooring,Buy Eprosafe S97 Dark Stone Commercial Vinyl at Factory Direct Flooring — Vinyl at competitive prices. Free samples and UK delivery.,active
eprosafe-s73-blue-stone-commercial-vinyl,Eprosafe S73 Blue Stone Commercial Vinyl,"<h2>Eprosafe S73 Blue Stone Commercial Vinyl</h2><p><strong>Eprosafe S73 Blue Stone Commercial Vinyl</strong> from Factory Direct Flooring in a beautiful <strong>Stone</strong> finish. Fully waterproof premium vinyl — ideal for kitchens, bathrooms and busy areas.</p>
<h3>Key Features</h3><ul><li>Fully Waterproof</li><li>Tough Wear Surface</li><li>Cushioned &amp; Quiet</li><li>Easy to Clean</li><li>Realistic HD Designs</li></ul>
<h3>Installation</h3><p>Loose-laid, adhered or click-lock. Clean dry smooth subfloor.</p>
<h3>Care</h3><p>Sweep and mop with warm water + mild cleaner.</p>
<h3>Why Factory Direct Flooring?</h3><p>UK's trusted flooring specialist — premium quality at factory direct prices. Free samples, full warranties and fast UK delivery.</p>",Factory Direct Flooring,,Vinyl,vinyl,TRUE,Title,Default Title,73928ST,0,shopify,100,deny,manual,20.39,20.39,TRUE,TRUE,,,,Eprosafe S73 Blue Stone Commercial Vinyl | Factory Direct Flooring,Buy Eprosafe S73 Blue Stone Commercial Vinyl at Factory Direct Flooring — Vinyl at competitive prices. Free samples and UK delivery.,active
eprosafe-s93-grey-stone-commercial-vinyl,Eprosafe S93 Grey Stone Commercial Vinyl,"<h2>Eprosafe S93 Grey Stone Commercial Vinyl</h2><p><strong>Eprosafe S93 Grey Stone Commercial Vinyl</strong> from Factory Direct Flooring in a beautiful <strong>Grey</strong> finish. Fully waterproof premium vinyl — ideal for kitchens, bathrooms and busy areas.</p>
<h3>Key Features</h3><ul><li>Fully Waterproof</li><li>Tough Wear Surface</li><li>Cushioned &amp; Quiet</li><li>Easy to Clean</li><li>Realistic HD Designs</li></ul>
<h3>Installation</h3><p>Loose-laid, adhered or click-lock. Clean dry smooth subfloor.</p>
<h3>Care</h3><p>Sweep and mop with warm water + mild cleaner.</p>
<h3>Why Factory Direct Flooring?</h3><p>UK's trusted flooring specialist — premium quality at factory direct prices. Free samples, full warranties and fast UK delivery.</p>",Factory Direct Flooring,,Vinyl,vinyl,TRUE,Title,Default Title,73929ST,0,shopify,100,deny,manual,20.39,20.39,TRUE,TRUE,,,,Eprosafe S93 Grey Stone Commercial Vinyl | Factory Direct Flooring,Buy Eprosafe S93 Grey Stone Commercial Vinyl at Factory Direct Flooring — Vinyl at competitive prices. Free samples and UK delivery.,active
eprosafe-s41-rustic-oak-commercial-vinyl,Eprosafe S41 Rustic Oak Commercial Vinyl,"<h2>Eprosafe S41 Rustic Oak Commercial Vinyl</h2><p><strong>Eprosafe S41 Rustic Oak Commercial Vinyl</strong> from Factory Direct Flooring in a beautiful <strong>Oak</strong> finish. Fully waterproof premium vinyl — ideal for kitchens, bathrooms and busy areas.</p>
<h3>Key Features</h3><ul><li>Fully Waterproof</li><li>Tough Wear Surface</li><li>Cushioned &amp; Quiet</li><li>Easy to Clean</li><li>Realistic HD Designs</li></ul>
<h3>Installation</h3><p>Loose-laid, adhered or click-lock. Clean dry smooth subfloor.</p>
<h3>Care</h3><p>Sweep and mop with warm water + mild cleaner.</p>
<h3>Why Factory Direct Flooring?</h3><p>UK's trusted flooring specialist — premium quality at factory direct prices. Free samples, full warranties and fast UK delivery.</p>",Factory Direct Flooring,,Vinyl,vinyl,TRUE,Title,Default Title,73930ST,0,shopify,100,deny,manual,20.39,20.39,TRUE,TRUE,,,,Eprosafe S41 Rustic Oak Commercial Vinyl | Factory Direct Flooring,Buy Eprosafe S41 Rustic Oak Commercial Vinyl at Factory Direct Flooring — Vinyl at competitive prices. Free samples and UK delivery.,active
ultrafelt-vinyl-flooring-concrete-grey-911m,Ultrafelt Vinyl Flooring Concrete Grey 911M,"<h2>Ultrafelt Vinyl Flooring Concrete Grey 911M</h2><p><strong>Ultrafelt Vinyl Flooring Concrete Grey 911M</strong> from Factory Direct Flooring in a beautiful <strong>Grey</strong> finish. Fully waterproof premium vinyl — ideal for kitchens, bathrooms and busy areas.</p>
<h3>Key Features</h3><ul><li>Fully Waterproof</li><li>Tough Wear Surface</li><li>Cushioned &amp; Quiet</li><li>Easy to Clean</li><li>Realistic HD Designs</li></ul>
<h3>Installation</h3><p>Loose-laid, adhered or click-lock. Clean dry smooth subfloor.</p>
<h3>Care</h3><p>Sweep and mop with warm water + mild cleaner.</p>
<h3>Why Factory Direct Flooring?</h3><p>UK's trusted flooring specialist — premium quality at factory direct prices. Free samples, full warranties and fast UK delivery.</p>",Factory Direct Flooring,,Vinyl,vinyl,TRUE,Title,Default Title,73973ST,0,shopify,100,deny,manual,17.87,17.87,TRUE,TRUE,,,,Ultrafelt Vinyl Flooring Concrete Grey 911M | Factory Direct Flooring,Buy Ultrafelt Vinyl Flooring Concrete Grey 911M at Factory Direct Flooring — Vinyl at competitive prices. Free samples and UK delivery.,active
ultrafelt-vinyl-flooring-dark-concrete-969d,Ultrafelt Vinyl Flooring Dark Concrete 969D,"<h2>Ultrafelt Vinyl Flooring Dark Concrete 969D</h2><p><strong>Ultrafelt Vinyl Flooring Dark Concrete 969D</strong> from Factory Direct Flooring. Fully waterproof premium vinyl — ideal for kitchens, bathrooms and busy areas.</p>
<h3>Key Features</h3><ul><li>Fully Waterproof</li><li>Tough Wear Surface</li><li>Cushioned &amp; Quiet</li><li>Easy to Clean</li><li>Realistic HD Designs</li></ul>
<h3>Installation</h3><p>Loose-laid, adhered or click-lock. Clean dry smooth subfloor.</p>
<h3>Care</h3><p>Sweep and mop with warm water + mild cleaner.</p>
<h3>Why Factory Direct Flooring?</h3><p>UK's trusted flooring specialist — premium quality at factory direct prices. Free samples, full warranties and fast UK delivery.</p>",Factory Direct Flooring,,Vinyl,vinyl,TRUE,Title,Default Title,73976ST,0,shopify,100,deny,manual,17.87,17.87,TRUE,TRUE,,,,Ultrafelt Vinyl Flooring Dark Concrete 969D | Factory Direct Flooring,Buy Ultrafelt Vinyl Flooring Dark Concrete 969D at Factory Direct Flooring — Vinyl at competitive prices. Free samples and UK delivery.,active
ecostep-vinyl-flooring-marble-s06,Ecostep Vinyl Flooring Marble S06,"<h2>Ecostep Vinyl Flooring Marble S06</h2><p><strong>Ecostep Vinyl Flooring Marble S06</strong> from Factory Direct Flooring in a beautiful <strong>Marble</strong> finish. Fully waterproof premium vinyl — ideal for kitchens, bathrooms and busy areas.</p>
<h3>Key Features</h3><ul><li>Fully Waterproof</li><li>Tough Wear Surface</li><li>Cushioned &amp; Quiet</li><li>Easy to Clean</li><li>Realistic HD Designs</li></ul>
<h3>Installation</h3><p>Loose-laid, adhered or click-lock. Clean dry smooth subfloor.</p>
<h3>Care</h3><p>Sweep and mop with warm water + mild cleaner.</p>
<h3>Why Factory Direct Flooring?</h3><p>UK's trusted flooring specialist — premium quality at factory direct prices. Free samples, full warranties and fast UK delivery.</p>",Factory Direct Flooring,,Vinyl,vinyl,TRUE,Title,Default Title,74011ST,0,shopify,100,deny,manual,11.51,11.51,TRUE,TRUE,,,,Ecostep Vinyl Flooring Marble S06 | Factory Direct Flooring,Buy Ecostep Vinyl Flooring Marble S06 at Factory Direct Flooring — Vinyl at competitive prices. Free samples and UK delivery.,active
ecostep-vinyl-flooring-dark-gravel-596,Ecostep Vinyl Flooring Dark Gravel 596,"<h2>Ecostep Vinyl Flooring Dark Gravel 596</h2><p><strong>Ecostep Vinyl Flooring Dark Gravel 596</strong> from Factory Direct Flooring. Fully waterproof premium vinyl — ideal for kitchens, bathrooms and busy areas.</p>
<h3>Key Features</h3><ul><li>Fully Waterproof</li><li>Tough Wear Surface</li><li>Cushioned &amp; Quiet</li><li>Easy to Clean</li><li>Realistic HD Designs</li></ul>
<h3>Installation</h3><p>Loose-laid, adhered or click-lock. Clean dry smooth subfloor.</p>
<h3>Care</h3><p>Sweep and mop with warm water + mild cleaner.</p>
<h3>Why Factory Direct Flooring?</h3><p>UK's trusted flooring specialist — premium quality at factory direct prices. Free samples, full warranties and fast UK delivery.</p>",Factory Direct Flooring,,Vinyl,vinyl,TRUE,Title,Default Title,74012ST,0,shopify,100,deny,manual,11.51,11.51,TRUE,TRUE,,,,Ecostep Vinyl Flooring Dark Gravel 596 | Factory Direct Flooring,Buy Ecostep Vinyl Flooring Dark Gravel 596 at Factory Direct Flooring — Vinyl at competitive prices. Free samples and UK delivery.,active
ecostep-vinyl-flooring-light-gravel-592,Ecostep Vinyl Flooring Light Gravel 592,"<h2>Ecostep Vinyl Flooring Light Gravel 592</h2><p><strong>Ecostep Vinyl Flooring Light Gravel 592</strong> from Factory Direct Flooring. Fully waterproof premium vinyl — ideal for kitchens, bathrooms and busy areas.</p>
<h3>Key Features</h3><ul><li>Fully Waterproof</li><li>Tough Wear Surface</li><li>Cushioned &amp; Quiet</li><li>Easy to Clean</li><li>Realistic HD Designs</li></ul>
<h3>Installation</h3><p>Loose-laid, adhered or click-lock. Clean dry smooth subfloor.</p>
<h3>Care</h3><p>Sweep and mop with warm water + mild cleaner.</p>
<h3>Why Factory Direct Flooring?</h3><p>UK's trusted flooring specialist — premium quality at factory direct prices. Free samples, full warranties and fast UK delivery.</p>",Factory Direct Flooring,,Vinyl,vinyl,TRUE,Title,Default Title,74013ST,0,shopify,100,deny,manual,11.51,11.51,TRUE,TRUE,,,,Ecostep Vinyl Flooring Light Gravel 592 | Factory Direct Flooring,Buy Ecostep Vinyl Flooring Light Gravel 592 at Factory Direct Flooring — Vinyl at competitive prices. Free samples and UK delivery.,active
ecostep-vinyl-flooring-stones-s05,Ecostep Vinyl Flooring Stones S05,"<h2>Ecostep Vinyl Flooring Stones S05</h2><p><strong>Ecostep Vinyl Flooring Stones S05</strong> from Factory Direct Flooring in a beautiful <strong>Stone</strong> finish. Fully waterproof premium vinyl — ideal for kitchens, bathrooms and busy areas.</p>
<h3>Key Features</h3><ul><li>Fully Waterproof</li><li>Tough Wear Surface</li><li>Cushioned &amp; Quiet</li><li>Easy to Clean</li><li>Realistic HD Designs</li></ul>
<h3>Installation</h3><p>Loose-laid, adhered or click-lock. Clean dry smooth subfloor.</p>
<h3>Care</h3><p>Sweep and mop with warm water + mild cleaner.</p>
<h3>Why Factory Direct Flooring?</h3><p>UK's trusted flooring specialist — premium quality at factory direct prices. Free samples, full warranties and fast UK delivery.</p>",Factory Direct Flooring,,Vinyl,vinyl,TRUE,Title,Default Title,74014ST,0,shopify,100,deny,manual,11.51,11.51,TRUE,TRUE,,,,Ecostep Vinyl Flooring Stones S05 | Factory Direct Flooring,Buy Ecostep Vinyl Flooring Stones S05 at Factory Direct Flooring — Vinyl at competitive prices. Free samples and UK delivery.,active
ecostep-vinyl-flooring-parquet-honey-536,Ecostep Vinyl Flooring Parquet Honey 536,"<h2>Ecostep Vinyl Flooring Parquet Honey 536</h2><p><strong>Ecostep Vinyl Flooring Parquet Honey 536</strong> from Factory Direct Flooring. Fully waterproof premium vinyl — ideal for kitchens, bathrooms and busy areas.</p>
<h3>Key Features</h3><ul><li>Fully Waterproof</li><li>Tough Wear Surface</li><li>Cushioned &amp; Quiet</li><li>Easy to Clean</li><li>Realistic HD Designs</li></ul>
<h3>Installation</h3><p>Loose-laid, adhered or click-lock. Clean dry smooth subfloor.</p>
<h3>Care</h3><p>Sweep and mop with warm water + mild cleaner.</p>
<h3>Why Factory Direct Flooring?</h3><p>UK's trusted flooring specialist — premium quality at factory direct prices. Free samples, full warranties and fast UK delivery.</p>",Factory Direct Flooring,,Vinyl,vinyl,TRUE,Title,Default Title,74015ST,0,shopify,100,deny,manual,11.99,11.99,TRUE,TRUE,,,,Ecostep Vinyl Flooring Parquet Honey 536 | Factory Direct Flooring,Buy Ecostep Vinyl Flooring Parquet Honey 536 at Factory Direct Flooring — Vinyl at competitive prices. Free samples and UK delivery.,active
ecostep-vinyl-flooring-parquet-original-555,Ecostep Vinyl Flooring Parquet Original 555,"<h2>Ecostep Vinyl Flooring Parquet Original 555</h2><p><strong>Ecostep Vinyl Flooring Parquet Original 555</strong> from Factory Direct Flooring. Fully waterproof premium vinyl — ideal for kitchens, bathrooms and busy areas.</p>
<h3>Key Features</h3><ul><li>Fully Waterproof</li><li>Tough Wear Surface</li><li>Cushioned &amp; Quiet</li><li>Easy to Clean</li><li>Realistic HD Designs</li></ul>
<h3>Installation</h3><p>Loose-laid, adhered or click-lock. Clean dry smooth subfloor.</p>
<h3>Care</h3><p>Sweep and mop with warm water + mild cleaner.</p>
<h3>Why Factory Direct Flooring?</h3><p>UK's trusted flooring specialist — premium quality at factory direct prices. Free samples, full warranties and fast UK delivery.</p>",Factory Direct Flooring,,Vinyl,vinyl,TRUE,Title,Default Title,74016ST,0,shopify,100,deny,manual,11.99,11.99,TRUE,TRUE,,,,Ecostep Vinyl Flooring Parquet Original 555 | Factory Direct Flooring,Buy Ecostep Vinyl Flooring Parquet Original 555 at Factory Direct Flooring — Vinyl at competitive prices. Free samples and UK delivery.,active
ecostep-vinyl-flooring-parquet-sintra-583,Ecostep Vinyl Flooring Parquet Sintra 583,"<h2>Ecostep Vinyl Flooring Parquet Sintra 583</h2><p><strong>Ecostep Vinyl Flooring Parquet Sintra 583</strong> from Factory Direct Flooring. Fully waterproof premium vinyl — ideal for kitchens, bathrooms and busy areas.</p>
<h3>Key Features</h3><ul><li>Fully Waterproof</li><li>Tough Wear Surface</li><li>Cushioned &amp; Quiet</li><li>Easy to Clean</li><li>Realistic HD Designs</li></ul>
<h3>Installation</h3><p>Loose-laid, adhered or click-lock. Clean dry smooth subfloor.</p>
<h3>Care</h3><p>Sweep and mop with warm water + mild cleaner.</p>
<h3>Why Factory Direct Flooring?</h3><p>UK's trusted flooring specialist — premium quality at factory direct prices. Free samples, full warranties and fast UK delivery.</p>",Factory Direct Flooring,,Vinyl,vinyl,TRUE,Title,Default Title,74018ST,0,shopify,100,deny,manual,11.51,11.51,TRUE,TRUE,,,,Ecostep Vinyl Flooring Parquet Sintra 583 | Factory Direct Flooring,Buy Ecostep Vinyl Flooring Parquet Sintra 583 at Factory Direct Flooring — Vinyl at competitive prices. Free samples and UK delivery.,active
ecostep-vinyl-flooring-chic-noblesse-92,Ecostep Vinyl Flooring Chic Noblesse 92,"<h2>Ecostep Vinyl Flooring Chic Noblesse 92</h2><p><strong>Ecostep Vinyl Flooring Chic Noblesse 92</strong> from Factory Direct Flooring. Fully waterproof premium vinyl — ideal for kitchens, bathrooms and busy areas.</p>
<h3>Key Features</h3><ul><li>Fully Waterproof</li><li>Tough Wear Surface</li><li>Cushioned &amp; Quiet</li><li>Easy to Clean</li><li>Realistic HD Designs</li></ul>
<h3>Installation</h3><p>Loose-laid, adhered or click-lock. Clean dry smooth subfloor.</p>
<h3>Care</h3><p>Sweep and mop with warm water + mild cleaner.</p>
<h3>Why Factory Direct Flooring?</h3><p>UK's trusted flooring specialist — premium quality at factory direct prices. Free samples, full warranties and fast UK delivery.</p>",Factory Direct Flooring,,Vinyl,vinyl,TRUE,Title,Default Title,74019ST,0,shopify,100,deny,manual,11.51,11.51,TRUE,TRUE,,,,Ecostep Vinyl Flooring Chic Noblesse 92 | Factory Direct Flooring,Buy Ecostep Vinyl Flooring Chic Noblesse 92 at Factory Direct Flooring — Vinyl at competitive prices. Free samples and UK delivery.,active
ecostep-vinyl-flooring-new-alba-793,Ecostep Vinyl Flooring New Alba 793,"<h2>Ecostep Vinyl Flooring New Alba 793</h2><p><strong>Ecostep Vinyl Flooring New Alba 793</strong> from Factory Direct Flooring. Fully waterproof premium vinyl — ideal for kitchens, bathrooms and busy areas.</p>
<h3>Key Features</h3><ul><li>Fully Waterproof</li><li>Tough Wear Surface</li><li>Cushioned &amp; Quiet</li><li>Easy to Clean</li><li>Realistic HD Designs</li></ul>
<h3>Installation</h3><p>Loose-laid, adhered or click-lock. Clean dry smooth subfloor.</p>
<h3>Care</h3><p>Sweep and mop with warm water + mild cleaner.</p>
<h3>Why Factory Direct Flooring?</h3><p>UK's trusted flooring specialist — premium quality at factory direct prices. Free samples, full warranties and fast UK delivery.</p>",Factory Direct Flooring,,Vinyl,vinyl,TRUE,Title,Default Title,74029ST,0,shopify,100,deny,manual,11.51,11.51,TRUE,TRUE,,,,Ecostep Vinyl Flooring New Alba 793 | Factory Direct Flooring,Buy Ecostep Vinyl Flooring New Alba 793 at Factory Direct Flooring — Vinyl at competitive prices. Free samples and UK delivery.,active
ecostep-vinyl-flooring-barcelona-579,Ecostep Vinyl Flooring Barcelona 579,"<h2>Ecostep Vinyl Flooring Barcelona 579</h2><p><strong>Ecostep Vinyl Flooring Barcelona 579</strong> from Factory Direct Flooring. Fully waterproof premium vinyl — ideal for kitchens, bathrooms and busy areas.</p>
<h3>Key Features</h3><ul><li>Fully Waterproof</li><li>Tough Wear Surface</li><li>Cushioned &amp; Quiet</li><li>Easy to Clean</li><li>Realistic HD Designs</li></ul>
<h3>Installation</h3><p>Loose-laid, adhered or click-lock. Clean dry smooth subfloor.</p>
<h3>Care</h3><p>Sweep and mop with warm water + mild cleaner.</p>
<h3>Why Factory Direct Flooring?</h3><p>UK's trusted flooring specialist — premium quality at factory direct prices. Free samples, full warranties and fast UK delivery.</p>",Factory Direct Flooring,,Vinyl,vinyl,TRUE,Title,Default Title,74031ST,0,shopify,100,deny,manual,11.51,11.51,TRUE,TRUE,,,,Ecostep Vinyl Flooring Barcelona 579 | Factory Direct Flooring,Buy Ecostep Vinyl Flooring Barcelona 579 at Factory Direct Flooring — Vinyl at competitive prices. Free samples and UK delivery.,active
ecostep-vinyl-flooring-new-evora-594,Ecostep Vinyl Flooring New Evora 594,"<h2>Ecostep Vinyl Flooring New Evora 594</h2><p><strong>Ecostep Vinyl Flooring New Evora 594</strong> from Factory Direct Flooring. Fully waterproof premium vinyl — ideal for kitchens, bathrooms and busy areas.</p>
<h3>Key Features</h3><ul><li>Fully Waterproof</li><li>Tough Wear Surface</li><li>Cushioned &amp; Quiet</li><li>Easy to Clean</li><li>Realistic HD Designs</li></ul>
<h3>Installation</h3><p>Loose-laid, adhered or click-lock. Clean dry smooth subfloor.</p>
<h3>Care</h3><p>Sweep and mop with warm water + mild cleaner.</p>
<h3>Why Factory Direct Flooring?</h3><p>UK's trusted flooring specialist — premium quality at factory direct prices. Free samples, full warranties and fast UK delivery.</p>",Factory Direct Flooring,,Vinyl,vinyl,TRUE,Title,Default Title,74032ST,0,shopify,100,deny,manual,11.99,11.99,TRUE,TRUE,,,,Ecostep Vinyl Flooring New Evora 594 | Factory Direct Flooring,Buy Ecostep Vinyl Flooring New Evora 594 at Factory Direct Flooring — Vinyl at competitive prices. Free samples and UK delivery.,active
ultrafelt-vinyl-flooring-battleship-grey-119m-parquet,Ultrafelt Vinyl Flooring Battleship Grey 119M Parquet,"<h2>Ultrafelt Vinyl Flooring Battleship Grey 119M Parquet</h2><p><strong>Ultrafelt Vinyl Flooring Battleship Grey 119M Parquet</strong> from Factory Direct Flooring in a beautiful <strong>Grey</strong> finish. Fully waterproof premium vinyl — ideal for kitchens, bathrooms and busy areas.</p>
<h3>Key Features</h3><ul><li>Fully Waterproof</li><li>Tough Wear Surface</li><li>Cushioned &amp; Quiet</li><li>Easy to Clean</li><li>Realistic HD Designs</li></ul>
<h3>Installation</h3><p>Loose-laid, adhered or click-lock. Clean dry smooth subfloor.</p>
<h3>Care</h3><p>Sweep and mop with warm water + mild cleaner.</p>
<h3>Why Factory Direct Flooring?</h3><p>UK's trusted flooring specialist — premium quality at factory direct prices. Free samples, full warranties and fast UK delivery.</p>",Factory Direct Flooring,,Vinyl,vinyl,TRUE,Title,Default Title,74120ST,0,shopify,100,deny,manual,17.87,17.87,TRUE,TRUE,,,,Ultrafelt Vinyl Flooring Battleship Grey 119M Parquet | Factory Direct Flooring,Buy Ultrafelt Vinyl Flooring Battleship Grey 119M Parquet at Factory Direct Flooring — Vinyl at competitive prices. Free samples and UK delivery.,active
ultrafelt-vinyl-flooring-seasalt-grey-090s,Ultrafelt Vinyl Flooring Seasalt Grey 090S,"<h2>Ultrafelt Vinyl Flooring Seasalt Grey 090S</h2><p><strong>Ultrafelt Vinyl Flooring Seasalt Grey 090S</strong> from Factory Direct Flooring in a beautiful <strong>Grey</strong> finish. Fully waterproof premium vinyl — ideal for kitchens, bathrooms and busy areas.</p>
<h3>Key Features</h3><ul><li>Fully Waterproof</li><li>Tough Wear Surface</li><li>Cushioned &amp; Quiet</li><li>Easy to Clean</li><li>Realistic HD Designs</li></ul>
<h3>Installation</h3><p>Loose-laid, adhered or click-lock. Clean dry smooth subfloor.</p>
<h3>Care</h3><p>Sweep and mop with warm water + mild cleaner.</p>
<h3>Why Factory Direct Flooring?</h3><p>UK's trusted flooring specialist — premium quality at factory direct prices. Free samples, full warranties and fast UK delivery.</p>",Factory Direct Flooring,,Vinyl,vinyl,TRUE,Title,Default Title,74121ST,0,shopify,100,deny,manual,17.87,17.87,TRUE,TRUE,,,,Ultrafelt Vinyl Flooring Seasalt Grey 090S | Factory Direct Flooring,Buy Ultrafelt Vinyl Flooring Seasalt Grey 090S at Factory Direct Flooring — Vinyl at competitive prices. Free samples and UK delivery.,active
ultrafelt-vinyl-flooring-ochre-oak-629l,Ultrafelt Vinyl Flooring Ochre Oak 629L,"<h2>Ultrafelt Vinyl Flooring Ochre Oak 629L</h2><p><strong>Ultrafelt Vinyl Flooring Ochre Oak 629L</strong> from Factory Direct Flooring in a beautiful <strong>Oak</strong> finish. Fully waterproof premium vinyl — ideal for kitchens, bathrooms and busy areas.</p>
<h3>Key Features</h3><ul><li>Fully Waterproof</li><li>Tough Wear Surface</li><li>Cushioned &amp; Quiet</li><li>Easy to Clean</li><li>Realistic HD Designs</li></ul>
<h3>Installation</h3><p>Loose-laid, adhered or click-lock. Clean dry smooth subfloor.</p>
<h3>Care</h3><p>Sweep and mop with warm water + mild cleaner.</p>
<h3>Why Factory Direct Flooring?</h3><p>UK's trusted flooring specialist — premium quality at factory direct prices. Free samples, full warranties and fast UK delivery.</p>",Factory Direct Flooring,,Vinyl,vinyl,TRUE,Title,Default Title,74122ST,0,shopify,100,deny,manual,17.87,17.87,TRUE,TRUE,,,,Ultrafelt Vinyl Flooring Ochre Oak 629L | Factory Direct Flooring,Buy Ultrafelt Vinyl Flooring Ochre Oak 629L at Factory Direct Flooring — Vinyl at competitive prices. Free samples and UK delivery.,active
cosystep-vinyl-flooring-cadet-grey-096l,Cosystep Vinyl Flooring Cadet Grey 096L,"<h2>Cosystep Vinyl Flooring Cadet Grey 096L</h2><p><strong>Cosystep Vinyl Flooring Cadet Grey 096L</strong> from Factory Direct Flooring in a beautiful <strong>Grey</strong> finish. Fully waterproof premium vinyl — ideal for kitchens, bathrooms and busy areas.</p>
<h3>Key Features</h3><ul><li>Fully Waterproof</li><li>Tough Wear Surface</li><li>Cushioned &amp; Quiet</li><li>Easy to Clean</li><li>Realistic HD Designs</li></ul>
<h3>Installation</h3><p>Loose-laid, adhered or click-lock. Clean dry smooth subfloor.</p>
<h3>Care</h3><p>Sweep and mop with warm water + mild cleaner.</p>
<h3>Why Factory Direct Flooring?</h3><p>UK's trusted flooring specialist — premium quality at factory direct prices. Free samples, full warranties and fast UK delivery.</p>",Factory Direct Flooring,,Vinyl,vinyl,TRUE,Title,Default Title,74127ST,0,shopify,100,deny,manual,15.35,15.35,TRUE,TRUE,,,,Cosystep Vinyl Flooring Cadet Grey 096L | Factory Direct Flooring,Buy Cosystep Vinyl Flooring Cadet Grey 096L at Factory Direct Flooring — Vinyl at competitive prices. Free samples and UK delivery.,active
cosystep-vinyl-flooring-onyx-grey-790m,Cosystep Vinyl Flooring Onyx Grey 790M,"<h2>Cosystep Vinyl Flooring Onyx Grey 790M</h2><p><strong>Cosystep Vinyl Flooring Onyx Grey 790M</strong> from Factory Direct Flooring in a beautiful <strong>Grey</strong> finish. Fully waterproof premium vinyl — ideal for kitchens, bathrooms and busy areas.</p>
<h3>Key Features</h3><ul><li>Fully Waterproof</li><li>Tough Wear Surface</li><li>Cushioned &amp; Quiet</li><li>Easy to Clean</li><li>Realistic HD Designs</li></ul>
<h3>Installation</h3><p>Loose-laid, adhered or click-lock. Clean dry smooth subfloor.</p>
<h3>Care</h3><p>Sweep and mop with warm water + mild cleaner.</p>
<h3>Why Factory Direct Flooring?</h3><p>UK's trusted flooring specialist — premium quality at factory direct prices. Free samples, full warranties and fast UK delivery.</p>",Factory Direct Flooring,,Vinyl,vinyl,TRUE,Title,Default Title,74128ST,0,shopify,100,deny,manual,15.35,15.35,TRUE,TRUE,,,,Cosystep Vinyl Flooring Onyx Grey 790M | Factory Direct Flooring,Buy Cosystep Vinyl Flooring Onyx Grey 790M at Factory Direct Flooring — Vinyl at competitive prices. Free samples and UK delivery.,active
cosystep-vinyl-flooring-caramel-oak-633d-parquet,Cosystep Vinyl Flooring Caramel Oak 633D Parquet,"<h2>Cosystep Vinyl Flooring Caramel Oak 633D Parquet</h2><p><strong>Cosystep Vinyl Flooring Caramel Oak 633D Parquet</strong> from Factory Direct Flooring in a beautiful <strong>Oak</strong> finish. Fully waterproof premium vinyl — ideal for kitchens, bathrooms and busy areas.</p>
<h3>Key Features</h3><ul><li>Fully Waterproof</li><li>Tough Wear Surface</li><li>Cushioned &amp; Quiet</li><li>Easy to Clean</li><li>Realistic HD Designs</li></ul>
<h3>Installation</h3><p>Loose-laid, adhered or click-lock. Clean dry smooth subfloor.</p>
<h3>Care</h3><p>Sweep and mop with warm water + mild cleaner.</p>
<h3>Why Factory Direct Flooring?</h3><p>UK's trusted flooring specialist — premium quality at factory direct prices. Free samples, full warranties and fast UK delivery.</p>",Factory Direct Flooring,,Vinyl,vinyl,TRUE,Title,Default Title,74129ST,0,shopify,100,deny,manual,15.35,15.35,TRUE,TRUE,,,,Cosystep Vinyl Flooring Caramel Oak 633D Parquet | Factory Direct Flooring,Buy Cosystep Vinyl Flooring Caramel Oak 633D Parquet at Factory Direct Flooring — Vinyl at competitive prices. Free samples and UK delivery.,active
cosystep-vinyl-flooring-beaver-oak-336d,Cosystep Vinyl Flooring Beaver Oak 336D,"<h2>Cosystep Vinyl Flooring Beaver Oak 336D</h2><p><strong>Cosystep Vinyl Flooring Beaver Oak 336D</strong> from Factory Direct Flooring in a beautiful <strong>Oak</strong> finish. Fully waterproof premium vinyl — ideal for kitchens, bathrooms and busy areas.</p>
<h3>Key Features</h3><ul><li>Fully Waterproof</li><li>Tough Wear Surface</li><li>Cushioned &amp; Quiet</li><li>Easy to Clean</li><li>Realistic HD Designs</li></ul>
<h3>Installation</h3><p>Loose-laid, adhered or click-lock. Clean dry smooth subfloor.</p>
<h3>Care</h3><p>Sweep and mop with warm water + mild cleaner.</p>
<h3>Why Factory Direct Flooring?</h3><p>UK's trusted flooring specialist — premium quality at factory direct prices. Free samples, full warranties and fast UK delivery.</p>",Factory Direct Flooring,,Vinyl,vinyl,TRUE,Title,Default Title,74130ST,0,shopify,100,deny,manual,15.35,15.35,TRUE,TRUE,,,,Cosystep Vinyl Flooring Beaver Oak 336D | Factory Direct Flooring,Buy Cosystep Vinyl Flooring Beaver Oak 336D at Factory Direct Flooring — Vinyl at competitive prices. Free samples and UK delivery.,active
cosystep-vinyl-flooring-vanilla-oak-360m,Cosystep Vinyl Flooring Vanilla Oak 360M,"<h2>Cosystep Vinyl Flooring Vanilla Oak 360M</h2><p><strong>Cosystep Vinyl Flooring Vanilla Oak 360M</strong> from Factory Direct Flooring in a beautiful <strong>Oak</strong> finish. Fully waterproof premium vinyl — ideal for kitchens, bathrooms and busy areas.</p>
<h3>Key Features</h3><ul><li>Fully Waterproof</li><li>Tough Wear Surface</li><li>Cushioned &amp; Quiet</li><li>Easy to Clean</li><li>Realistic HD Designs</li></ul>
<h3>Installation</h3><p>Loose-laid, adhered or click-lock. Clean dry smooth subfloor.</p>
<h3>Care</h3><p>Sweep and mop with warm water + mild cleaner.</p>
<h3>Why Factory Direct Flooring?</h3><p>UK's trusted flooring specialist — premium quality at factory direct prices. Free samples, full warranties and fast UK delivery.</p>",Factory Direct Flooring,,Vinyl,vinyl,TRUE,Title,Default Title,74131ST,0,shopify,100,deny,manual,15.35,15.35,TRUE,TRUE,,,,Cosystep Vinyl Flooring Vanilla Oak 360M | Factory Direct Flooring,Buy Cosystep Vinyl Flooring Vanilla Oak 360M at Factory Direct Flooring — Vinyl at competitive prices. Free samples and UK delivery.,active
cosystep-vinyl-flooring-wheat-oak-336m-parquet,Cosystep Vinyl Flooring Wheat Oak 336M Parquet,"<h2>Cosystep Vinyl Flooring Wheat Oak 336M Parquet</h2><p><strong>Cosystep Vinyl Flooring Wheat Oak 336M Parquet</strong> from Factory Direct Flooring in a beautiful <strong>Oak</strong> finish. Fully waterproof premium vinyl — ideal for kitchens, bathrooms and busy areas.</p>
<h3>Key Features</h3><ul><li>Fully Waterproof</li><li>Tough Wear Surface</li><li>Cushioned &amp; Quiet</li><li>Easy to Clean</li><li>Realistic HD Designs</li></ul>
<h3>Installation</h3><p>Loose-laid, adhered or click-lock. Clean dry smooth subfloor.</p>
<h3>Care</h3><p>Sweep and mop with warm water + mild cleaner.</p>
<h3>Why Factory Direct Flooring?</h3><p>UK's trusted flooring specialist — premium quality at factory direct prices. Free samples, full warranties and fast UK delivery.</p>",Factory Direct Flooring,,Vinyl,vinyl,TRUE,Title,Default Title,74132ST,0,shopify,100,deny,manual,15.35,15.35,TRUE,TRUE,,,,Cosystep Vinyl Flooring Wheat Oak 336M Parquet | Factory Direct Flooring,Buy Cosystep Vinyl Flooring Wheat Oak 336M Parquet at Factory Direct Flooring — Vinyl at competitive prices. Free samples and UK delivery.,active
cosystep-vinyl-flooring-space-grey-989m-parquet,Cosystep Vinyl Flooring Space Grey 989M Parquet,"<h2>Cosystep Vinyl Flooring Space Grey 989M Parquet</h2><p><strong>Cosystep Vinyl Flooring Space Grey 989M Parquet</strong> from Factory Direct Flooring in a beautiful <strong>Grey</strong> finish. Fully waterproof premium vinyl — ideal for kitchens, bathrooms and busy areas.</p>
<h3>Key Features</h3><ul><li>Fully Waterproof</li><li>Tough Wear Surface</li><li>Cushioned &amp; Quiet</li><li>Easy to Clean</li><li>Realistic HD Designs</li></ul>
<h3>Installation</h3><p>Loose-laid, adhered or click-lock. Clean dry smooth subfloor.</p>
<h3>Care</h3><p>Sweep and mop with warm water + mild cleaner.</p>
<h3>Why Factory Direct Flooring?</h3><p>UK's trusted flooring specialist — premium quality at factory direct prices. Free samples, full warranties and fast UK delivery.</p>",Factory Direct Flooring,,Vinyl,vinyl,TRUE,Title,Default Title,74140ST,0,shopify,100,deny,manual,15.35,15.35,TRUE,TRUE,,,,Cosystep Vinyl Flooring Space Grey 989M Parquet | Factory Direct Flooring,Buy Cosystep Vinyl Flooring Space Grey 989M Parquet at Factory Direct Flooring — Vinyl at competitive prices. Free samples and UK delivery.,active
cosystep-vinyl-flooring-shark-grey-989m,Cosystep Vinyl Flooring Shark Grey 989M,"<h2>Cosystep Vinyl Flooring Shark Grey 989M</h2><p><strong>Cosystep Vinyl Flooring Shark Grey 989M</strong> from Factory Direct Flooring in a beautiful <strong>Grey</strong> finish. Fully waterproof premium vinyl — ideal for kitchens, bathrooms and busy areas.</p>
<h3>Key Features</h3><ul><li>Fully Waterproof</li><li>Tough Wear Surface</li><li>Cushioned &amp; Quiet</li><li>Easy to Clean</li><li>Realistic HD Designs</li></ul>
<h3>Installation</h3><p>Loose-laid, adhered or click-lock. Clean dry smooth subfloor.</p>
<h3>Care</h3><p>Sweep and mop with warm water + mild cleaner.</p>
<h3>Why Factory Direct Flooring?</h3><p>UK's trusted flooring specialist — premium quality at factory direct prices. Free samples, full warranties and fast UK delivery.</p>",Factory Direct Flooring,,Vinyl,vinyl,TRUE,Title,Default Title,74141ST,0,shopify,100,deny,manual,15.35,15.35,TRUE,TRUE,,,,Cosystep Vinyl Flooring Shark Grey 989M | Factory Direct Flooring,Buy Cosystep Vinyl Flooring Shark Grey 989M at Factory Direct Flooring — Vinyl at competitive prices. Free samples and UK delivery.,active
cosystep-vinyl-flooring-pearl-grey-119l-parquet,Cosystep Vinyl Flooring Pearl Grey 119L Parquet,"<h2>Cosystep Vinyl Flooring Pearl Grey 119L Parquet</h2><p><strong>Cosystep Vinyl Flooring Pearl Grey 119L Parquet</strong> from Factory Direct Flooring in a beautiful <strong>Grey</strong> finish. Fully waterproof premium vinyl — ideal for kitchens, bathrooms and busy areas.</p>
<h3>Key Features</h3><ul><li>Fully Waterproof</li><li>Tough Wear Surface</li><li>Cushioned &amp; Quiet</li><li>Easy to Clean</li><li>Realistic HD Designs</li></ul>
<h3>Installation</h3><p>Loose-laid, adhered or click-lock. Clean dry smooth subfloor.</p>
<h3>Care</h3><p>Sweep and mop with warm water + mild cleaner.</p>
<h3>Why Factory Direct Flooring?</h3><p>UK's trusted flooring specialist — premium quality at factory direct prices. Free samples, full warranties and fast UK delivery.</p>",Factory Direct Flooring,,Vinyl,vinyl,TRUE,Title,Default Title,74142ST,0,shopify,100,deny,manual,15.35,15.35,TRUE,TRUE,,,,Cosystep Vinyl Flooring Pearl Grey 119L Parquet | Factory Direct Flooring,Buy Cosystep Vinyl Flooring Pearl Grey 119L Parquet at Factory Direct Flooring — Vinyl at competitive prices. Free samples and UK delivery.,active
ecostep-vinyl-flooring-new-evora-t94,Ecostep Vinyl Flooring New Evora T94,"<h2>Ecostep Vinyl Flooring New Evora T94</h2><p><strong>Ecostep Vinyl Flooring New Evora T94</strong> from Factory Direct Flooring. Fully waterproof premium vinyl — ideal for kitchens, bathrooms and busy areas.</p>
<h3>Key Features</h3><ul><li>Fully Waterproof</li><li>Tough Wear Surface</li><li>Cushioned &amp; Quiet</li><li>Easy to Clean</li><li>Realistic HD Designs</li></ul>
<h3>Installation</h3><p>Loose-laid, adhered or click-lock. Clean dry smooth subfloor.</p>
<h3>Care</h3><p>Sweep and mop with warm water + mild cleaner.</p>
<h3>Why Factory Direct Flooring?</h3><p>UK's trusted flooring specialist — premium quality at factory direct prices. Free samples, full warranties and fast UK delivery.</p>",Factory Direct Flooring,,Vinyl,vinyl,TRUE,Title,Default Title,74179ST,0,shopify,100,deny,manual,11.99,11.99,TRUE,TRUE,,,,Ecostep Vinyl Flooring New Evora T94 | Factory Direct Flooring,Buy Ecostep Vinyl Flooring New Evora T94 at Factory Direct Flooring — Vinyl at competitive prices. Free samples and UK delivery.,active
lusora-chalkstone-190l-cushion-vinyl-flooring,Lusora Chalkstone 190L Cushion Vinyl Flooring,"<h2>Lusora Chalkstone 190L Cushion Vinyl Flooring</h2><p><strong>Lusora Chalkstone 190L Cushion Vinyl Flooring</strong> from Factory Direct Flooring in a beautiful <strong>Stone</strong> finish. Fully waterproof premium vinyl — ideal for kitchens, bathrooms and busy areas.</p>
<h3>Key Features</h3><ul><li>Fully Waterproof</li><li>Tough Wear Surface</li><li>Cushioned &amp; Quiet</li><li>Easy to Clean</li><li>Realistic HD Designs</li></ul>
<h3>Installation</h3><p>Loose-laid, adhered or click-lock. Clean dry smooth subfloor.</p>
<h3>Care</h3><p>Sweep and mop with warm water + mild cleaner.</p>
<h3>Why Factory Direct Flooring?</h3><p>UK's trusted flooring specialist — premium quality at factory direct prices. Free samples, full warranties and fast UK delivery.</p>",Factory Direct Flooring,,Vinyl,vinyl,TRUE,Title,Default Title,74181ST,0,shopify,100,deny,manual,22.79,22.79,TRUE,TRUE,,,,Lusora Chalkstone 190L Cushion Vinyl Flooring | Factory Direct Flooring,Buy Lusora Chalkstone 190L Cushion Vinyl Flooring at Factory Direct Flooring — Vinyl at competitive prices. Free samples and UK delivery.,active
lusora-pale-ash-herringbone-609m-cushion-vinyl-flooring,Lusora Pale Ash Herringbone 609M Cushion Vinyl Flooring,"<h2>Lusora Pale Ash Herringbone 609M Cushion Vinyl Flooring</h2><p><strong>Lusora Pale Ash Herringbone 609M Cushion Vinyl Flooring</strong> from Factory Direct Flooring in a beautiful <strong>Ash</strong> finish. Fully waterproof premium vinyl — ideal for kitchens, bathrooms and busy areas.</p>
<h3>Key Features</h3><ul><li>Fully Waterproof</li><li>Tough Wear Surface</li><li>Cushioned &amp; Quiet</li><li>Easy to Clean</li><li>Realistic HD Designs</li></ul>
<h3>Installation</h3><p>Loose-laid, adhered or click-lock. Clean dry smooth subfloor.</p>
<h3>Care</h3><p>Sweep and mop with warm water + mild cleaner.</p>
<h3>Why Factory Direct Flooring?</h3><p>UK's trusted flooring specialist — premium quality at factory direct prices. Free samples, full warranties and fast UK delivery.</p>",Factory Direct Flooring,,Vinyl,vinyl,TRUE,Title,Default Title,74182ST,0,shopify,100,deny,manual,22.79,22.79,TRUE,TRUE,,,,Lusora Pale Ash Herringbone 609M Cushion Vinyl Flooring | Factory Direct Flooring,Buy Lusora Pale Ash Herringbone 609M Cushion Vinyl Flooring at Factory Direct Flooring — Vinyl at competitive prices. Free samples and UK delivery.,active
lusora-ashen-oak-090s-cushion-vinyl-flooring,Lusora Ashen Oak 090S Cushion Vinyl Flooring,"<h2>Lusora Ashen Oak 090S Cushion Vinyl Flooring</h2><p><strong>Lusora Ashen Oak 090S Cushion Vinyl Flooring</strong> from Factory Direct Flooring in a beautiful <strong>Oak</strong> finish. Fully waterproof premium vinyl — ideal for kitchens, bathrooms and busy areas.</p>
<h3>Key Features</h3><ul><li>Fully Waterproof</li><li>Tough Wear Surface</li><li>Cushioned &amp; Quiet</li><li>Easy to Clean</li><li>Realistic HD Designs</li></ul>
<h3>Installation</h3><p>Loose-laid, adhered or click-lock. Clean dry smooth subfloor.</p>
<h3>Care</h3><p>Sweep and mop with warm water + mild cleaner.</p>
<h3>Why Factory Direct Flooring?</h3><p>UK's trusted flooring specialist — premium quality at factory direct prices. Free samples, full warranties and fast UK delivery.</p>",Factory Direct Flooring,,Vinyl,vinyl,TRUE,Title,Default Title,74183ST,0,shopify,100,deny,manual,22.79,22.79,TRUE,TRUE,,,,Lusora Ashen Oak 090S Cushion Vinyl Flooring | Factory Direct Flooring,Buy Lusora Ashen Oak 090S Cushion Vinyl Flooring at Factory Direct Flooring — Vinyl at competitive prices. Free samples and UK delivery.,active
lusora-noir-oak-909d-cushion-vinyl-flooring,Lusora Noir Oak 909D Cushion Vinyl Flooring,"<h2>Lusora Noir Oak 909D Cushion Vinyl Flooring</h2><p><strong>Lusora Noir Oak 909D Cushion Vinyl Flooring</strong> from Factory Direct Flooring in a beautiful <strong>Oak</strong> finish. Fully waterproof premium vinyl — ideal for kitchens, bathrooms and busy areas.</p>
<h3>Key Features</h3><ul><li>Fully Waterproof</li><li>Tough Wear Surface</li><li>Cushioned &amp; Quiet</li><li>Easy to Clean</li><li>Realistic HD Designs</li></ul>
<h3>Installation</h3><p>Loose-laid, adhered or click-lock. Clean dry smooth subfloor.</p>
<h3>Care</h3><p>Sweep and mop with warm water + mild cleaner.</p>
<h3>Why Factory Direct Flooring?</h3><p>UK's trusted flooring specialist — premium quality at factory direct prices. Free samples, full warranties and fast UK delivery.</p>",Factory Direct Flooring,,Vinyl,vinyl,TRUE,Title,Default Title,74184ST,0,shopify,100,deny,manual,22.79,22.79,TRUE,TRUE,,,,Lusora Noir Oak 909D Cushion Vinyl Flooring | Factory Direct Flooring,Buy Lusora Noir Oak 909D Cushion Vinyl Flooring at Factory Direct Flooring — Vinyl at competitive prices. Free samples and UK delivery.,active
lusora-smoked-ember-oak-666d-cushion-vinyl-flooring,Lusora Smoked Ember Oak 666D Cushion Vinyl Flooring,"<h2>Lusora Smoked Ember Oak 666D Cushion Vinyl Flooring</h2><p><strong>Lusora Smoked Ember Oak 666D Cushion Vinyl Flooring</strong> from Factory Direct Flooring in a beautiful <strong>Oak</strong> finish. Fully waterproof premium vinyl — ideal for kitchens, bathrooms and busy areas.</p>
<h3>Key Features</h3><ul><li>Fully Waterproof</li><li>Tough Wear Surface</li><li>Cushioned &amp; Quiet</li><li>Easy to Clean</li><li>Realistic HD Designs</li></ul>
<h3>Installation</h3><p>Loose-laid, adhered or click-lock. Clean dry smooth subfloor.</p>
<h3>Care</h3><p>Sweep and mop with warm water + mild cleaner.</p>
<h3>Why Factory Direct Flooring?</h3><p>UK's trusted flooring specialist — premium quality at factory direct prices. Free samples, full warranties and fast UK delivery.</p>",Factory Direct Flooring,,Vinyl,vinyl,TRUE,Title,Default Title,74185ST,0,shopify,100,deny,manual,22.79,22.79,TRUE,TRUE,,,,Lusora Smoked Ember Oak 666D Cushion Vinyl Flooring | Factory Direct Flooring,Buy Lusora Smoked Ember Oak 666D Cushion Vinyl Flooring at Factory Direct Flooring — Vinyl at competitive prices. Free samples and UK delivery.,active
lusora-sunlit-oak-herringbone-662d-cushion-vinyl-flooring,Lusora Sunlit Oak Herringbone 662D Cushion Vinyl Flooring,"<h2>Lusora Sunlit Oak Herringbone 662D Cushion Vinyl Flooring</h2><p><strong>Lusora Sunlit Oak Herringbone 662D Cushion Vinyl Flooring</strong> from Factory Direct Flooring in a beautiful <strong>Oak</strong> finish. Fully waterproof premium vinyl — ideal for kitchens, bathrooms and busy areas.</p>
<h3>Key Features</h3><ul><li>Fully Waterproof</li><li>Tough Wear Surface</li><li>Cushioned &amp; Quiet</li><li>Easy to Clean</li><li>Realistic HD Designs</li></ul>
<h3>Installation</h3><p>Loose-laid, adhered or click-lock. Clean dry smooth subfloor.</p>
<h3>Care</h3><p>Sweep and mop with warm water + mild cleaner.</p>
<h3>Why Factory Direct Flooring?</h3><p>UK's trusted flooring specialist — premium quality at factory direct prices. Free samples, full warranties and fast UK delivery.</p>",Factory Direct Flooring,,Vinyl,vinyl,TRUE,Title,Default Title,74186ST,0,shopify,100,deny,manual,22.79,22.79,TRUE,TRUE,,,,Lusora Sunlit Oak Herringbone 662D Cushion Vinyl Flooring | Factory Direct Flooring,Buy Lusora Sunlit Oak Herringbone 662D Cushion Vinyl Flooring at Factory Direct Flooring — Vinyl at competitive prices. Free samples and UK delivery.,active
lusora-honeywood-oak-636d-cushion-vinyl-flooring,Lusora Honeywood Oak 636D Cushion Vinyl Flooring,"<h2>Lusora Honeywood Oak 636D Cushion Vinyl Flooring</h2><p><strong>Lusora Honeywood Oak 636D Cushion Vinyl Flooring</strong> from Factory Direct Flooring in a beautiful <strong>Oak</strong> finish. Fully waterproof premium vinyl — ideal for kitchens, bathrooms and busy areas.</p>
<h3>Key Features</h3><ul><li>Fully Waterproof</li><li>Tough Wear Surface</li><li>Cushioned &amp; Quiet</li><li>Easy to Clean</li><li>Realistic HD Designs</li></ul>
<h3>Installation</h3><p>Loose-laid, adhered or click-lock. Clean dry smooth subfloor.</p>
<h3>Care</h3><p>Sweep and mop with warm water + mild cleaner.</p>
<h3>Why Factory Direct Flooring?</h3><p>UK's trusted flooring specialist — premium quality at factory direct prices. Free samples, full warranties and fast UK delivery.</p>",Factory Direct Flooring,,Vinyl,vinyl,TRUE,Title,Default Title,74187ST,0,shopify,100,deny,manual,22.79,22.79,TRUE,TRUE,,,,Lusora Honeywood Oak 636D Cushion Vinyl Flooring | Factory Direct Flooring,Buy Lusora Honeywood Oak 636D Cushion Vinyl Flooring at Factory Direct Flooring — Vinyl at competitive prices. Free samples and UK delivery.,active
lusora-softgrain-oak-130l-cushion-vinyl-flooring,Lusora Softgrain Oak 130L Cushion Vinyl Flooring,"<h2>Lusora Softgrain Oak 130L Cushion Vinyl Flooring</h2><p><strong>Lusora Softgrain Oak 130L Cushion Vinyl Flooring</strong> from Factory Direct Flooring in a beautiful <strong>Oak</strong> finish. Fully waterproof premium vinyl — ideal for kitchens, bathrooms and busy areas.</p>
<h3>Key Features</h3><ul><li>Fully Waterproof</li><li>Tough Wear Surface</li><li>Cushioned &amp; Quiet</li><li>Easy to Clean</li><li>Realistic HD Designs</li></ul>
<h3>Installation</h3><p>Loose-laid, adhered or click-lock. Clean dry smooth subfloor.</p>
<h3>Care</h3><p>Sweep and mop with warm water + mild cleaner.</p>
<h3>Why Factory Direct Flooring?</h3><p>UK's trusted flooring specialist — premium quality at factory direct prices. Free samples, full warranties and fast UK delivery.</p>",Factory Direct Flooring,,Vinyl,vinyl,TRUE,Title,Default Title,74188ST,0,shopify,100,deny,manual,22.79,22.79,TRUE,TRUE,,,,Lusora Softgrain Oak 130L Cushion Vinyl Flooring | Factory Direct Flooring,Buy Lusora Softgrain Oak 130L Cushion Vinyl Flooring at Factory Direct Flooring — Vinyl at competitive prices. Free samples and UK delivery.,active
lusora-sandrift-oak-269m-cushion-vinyl-flooring,Lusora Sandrift Oak 269M Cushion Vinyl Flooring,"<h2>Lusora Sandrift Oak 269M Cushion Vinyl Flooring</h2><p><strong>Lusora Sandrift Oak 269M Cushion Vinyl Flooring</strong> from Factory Direct Flooring in a beautiful <strong>Oak</strong> finish. Fully waterproof premium vinyl — ideal for kitchens, bathrooms and busy areas.</p>
<h3>Key Features</h3><ul><li>Fully Waterproof</li><li>Tough Wear Surface</li><li>Cushioned &amp; Quiet</li><li>Easy to Clean</li><li>Realistic HD Designs</li></ul>
<h3>Installation</h3><p>Loose-laid, adhered or click-lock. Clean dry smooth subfloor.</p>
<h3>Care</h3><p>Sweep and mop with warm water + mild cleaner.</p>
<h3>Why Factory Direct Flooring?</h3><p>UK's trusted flooring specialist — premium quality at factory direct prices. Free samples, full warranties and fast UK delivery.</p>",Factory Direct Flooring,,Vinyl,vinyl,TRUE,Title,Default Title,74189ST,0,shopify,100,deny,manual,22.79,22.79,TRUE,TRUE,,,,Lusora Sandrift Oak 269M Cushion Vinyl Flooring | Factory Direct Flooring,Buy Lusora Sandrift Oak 269M Cushion Vinyl Flooring at Factory Direct Flooring — Vinyl at competitive prices. Free samples and UK delivery.,active
polythene-damp-proof-membrane-dpm-ewa11,Polythene Damp Proof Membrane (DPM) EWA11,"<h2>Polythene Damp Proof Membrane (DPM) EWA11</h2><p><strong>Polythene Damp Proof Membrane (DPM) EWA11</strong> from Factory Direct Flooring. Professional quality finishing accessories for a perfect installation.</p>
<h3>Key Features</h3><ul><li>Professional Quality</li><li>Wide Compatibility</li><li>Easy Installation</li><li>Excellent Value</li></ul>
<h3>Installation</h3><p>Refer to packaging guidelines.</p>
<h3>Care</h3><p>Maintenance-free once installed.</p>
<h3>Why Factory Direct Flooring?</h3><p>UK's trusted flooring specialist — premium quality at factory direct prices. Free samples, full warranties and fast UK delivery.</p>",Factory Direct Flooring,,Accessories,accessories,TRUE,Title,Default Title,5191,0,shopify,100,deny,manual,26.87,26.87,TRUE,TRUE,https://shadiikart-prog.github.io/product-scraper-demo/scrapers/output/images/00007_dpm_2.jpg,1,Polythene Damp Proof Membrane (DPM) EWA11,Polythene Damp Proof Membrane (DPM) EWA11 | Factory Direct Flooring,Buy Polythene Damp Proof Membrane (DPM) EWA11 at Factory Direct Flooring — Accessories at competitive prices. Free samples and UK delivery.,active
solid-wood-pipe-roses-ewa20,Solid Wood Pipe Roses EWA20,"<h2>Solid Wood Pipe Roses EWA20</h2><p><strong>Solid Wood Pipe Roses EWA20</strong> from Factory Direct Flooring. Professional quality finishing accessories for a perfect installation.</p>
<h3>Key Features</h3><ul><li>Professional Quality</li><li>Wide Compatibility</li><li>Easy Installation</li><li>Excellent Value</li></ul>
<h3>Installation</h3><p>Refer to packaging guidelines.</p>
<h3>Care</h3><p>Maintenance-free once installed.</p>
<h3>Why Factory Direct Flooring?</h3><p>UK's trusted flooring specialist — premium quality at factory direct prices. Free samples, full warranties and fast UK delivery.</p>",Factory Direct Flooring,,Accessories,accessories,TRUE,Title,Default Title,5194,0,shopify,100,deny,manual,13.24,13.24,TRUE,TRUE,https://shadiikart-prog.github.io/product-scraper-demo/scrapers/output/images/00008_pipe-roses-lifestyle-image-1.jpg,1,Solid Wood Pipe Roses EWA20,Solid Wood Pipe Roses EWA20 | Factory Direct Flooring,Buy Solid Wood Pipe Roses EWA20 at Factory Direct Flooring — Accessories at competitive prices. Free samples and UK delivery.,active
pre-finished-skirting-white,Pre-Finished Skirting White,"<h2>Pre-Finished Skirting White</h2><p><strong>Pre-Finished Skirting White</strong> from Factory Direct Flooring. Professional quality finishing accessories for a perfect installation.</p>
<h3>Key Features</h3><ul><li>Professional Quality</li><li>Wide Compatibility</li><li>Easy Installation</li><li>Excellent Value</li></ul>
<h3>Installation</h3><p>Refer to packaging guidelines.</p>
<h3>Care</h3><p>Maintenance-free once installed.</p>
<h3>Why Factory Direct Flooring?</h3><p>UK's trusted flooring specialist — premium quality at factory direct prices. Free samples, full warranties and fast UK delivery.</p>",Factory Direct Flooring,,Accessories,accessories,TRUE,Title,Default Title,5214,0,shopify,100,deny,manual,21.40,21.40,TRUE,TRUE,,,,Pre-Finished Skirting White | Factory Direct Flooring,Buy Pre-Finished Skirting White at Factory Direct Flooring — Accessories at competitive prices. Free samples and UK delivery.,active
colour-sealant-ewa24,Colour Sealant EWA24,"<h2>Colour Sealant EWA24</h2><p><strong>Colour Sealant EWA24</strong> from Factory Direct Flooring. Professional quality finishing accessories for a perfect installation.</p>
<h3>Key Features</h3><ul><li>Professional Quality</li><li>Wide Compatibility</li><li>Easy Installation</li><li>Excellent Value</li></ul>
<h3>Installation</h3><p>Refer to packaging guidelines.</p>
<h3>Care</h3><p>Maintenance-free once installed.</p>
<h3>Why Factory Direct Flooring?</h3><p>UK's trusted flooring specialist — premium quality at factory direct prices. Free samples, full warranties and fast UK delivery.</p>",Factory Direct Flooring,,Accessories,accessories,TRUE,Title,Default Title,5215,0,shopify,100,deny,manual,11.98,11.98,TRUE,TRUE,,,,Colour Sealant EWA24 | Factory Direct Flooring,Buy Colour Sealant EWA24 at Factory Direct Flooring — Accessories at competitive prices. Free samples and UK delivery.,active
pipe-roses,Pipe Roses,"<h2>Pipe Roses</h2><p><strong>Pipe Roses</strong> from Factory Direct Flooring. Professional quality finishing accessories for a perfect installation.</p>
<h3>Key Features</h3><ul><li>Professional Quality</li><li>Wide Compatibility</li><li>Easy Installation</li><li>Excellent Value</li></ul>
<h3>Installation</h3><p>Refer to packaging guidelines.</p>
<h3>Care</h3><p>Maintenance-free once installed.</p>
<h3>Why Factory Direct Flooring?</h3><p>UK's trusted flooring specialist — premium quality at factory direct prices. Free samples, full warranties and fast UK delivery.</p>",Factory Direct Flooring,,Accessories,accessories,TRUE,Title,Default Title,5220,0,shopify,100,deny,manual,12.38,12.38,TRUE,TRUE,,,,Pipe Roses | Factory Direct Flooring,Buy Pipe Roses at Factory Direct Flooring — Accessories at competitive prices. Free samples and UK delivery.,active
classic-fibre-board-ewa8,Classic Fibre Board EWA8,"<h2>Classic Fibre Board EWA8</h2><p><strong>Classic Fibre Board EWA8</strong> from Factory Direct Flooring. Professional quality finishing accessories for a perfect installation.</p>
<h3>Key Features</h3><ul><li>Professional Quality</li><li>Wide Compatibility</li><li>Easy Installation</li><li>Excellent Value</li></ul>
<h3>Installation</h3><p>Refer to packaging guidelines.</p>
<h3>Care</h3><p>Maintenance-free once installed.</p>
<h3>Why Factory Direct Flooring?</h3><p>UK's trusted flooring specialist — premium quality at factory direct prices. Free samples, full warranties and fast UK delivery.</p>",Factory Direct Flooring,,Accessories,accessories,TRUE,Title,Default Title,5226,0,shopify,100,deny,manual,47.30,47.30,TRUE,TRUE,,,,Classic Fibre Board EWA8 | Factory Direct Flooring,Buy Classic Fibre Board EWA8 at Factory Direct Flooring — Accessories at competitive prices. Free samples and UK delivery.,active
pva-wood-flooring-adhesive-ewa12,PVA Wood Flooring Adhesive EWA12,"<h2>PVA Wood Flooring Adhesive EWA12</h2><p><strong>PVA Wood Flooring Adhesive EWA12</strong> from Factory Direct Flooring. Professional quality finishing accessories for a perfect installation.</p>
<h3>Key Features</h3><ul><li>Professional Quality</li><li>Wide Compatibility</li><li>Easy Installation</li><li>Excellent Value</li></ul>
<h3>Installation</h3><p>Refer to packaging guidelines.</p>
<h3>Care</h3><p>Maintenance-free once installed.</p>
<h3>Why Factory Direct Flooring?</h3><p>UK's trusted flooring specialist — premium quality at factory direct prices. Free samples, full warranties and fast UK delivery.</p>",Factory Direct Flooring,,Accessories,accessories,TRUE,Title,Default Title,5242,0,shopify,100,deny,manual,15.56,15.56,TRUE,TRUE,,,,PVA Wood Flooring Adhesive EWA12 | Factory Direct Flooring,Buy PVA Wood Flooring Adhesive EWA12 at Factory Direct Flooring — Accessories at competitive prices. Free samples and UK delivery.,active
heat-therm-underlay-for-underfloor-heating-ewa3,Heat Therm Underlay For Underfloor Heating EWA3,"<h2>Heat Therm Underlay For Underfloor Heating EWA3</h2><p><strong>Heat Therm Underlay For Underfloor Heating EWA3</strong> from Factory Direct Flooring. Professional quality finishing accessories for a perfect installation.</p>
<h3>Key Features</h3><ul><li>Professional Quality</li><li>Wide Compatibility</li><li>Easy Installation</li><li>Excellent Value</li></ul>
<h3>Installation</h3><p>Refer to packaging guidelines.</p>
<h3>Care</h3><p>Maintenance-free once installed.</p>
<h3>Why Factory Direct Flooring?</h3><p>UK's trusted flooring specialist — premium quality at factory direct prices. Free samples, full warranties and fast UK delivery.</p>",Factory Direct Flooring,,Accessories,accessories,TRUE,Title,Default Title,5303,0,shopify,100,deny,manual,42.94,42.94,TRUE,TRUE,,,,Heat Therm Underlay For Underfloor Heating EWA3 | Factory Direct Flooring,Buy Heat Therm Underlay For Underfloor Heating EWA3 at Factory Direct Flooring — Accessories at competitive prices. Free samples and UK delivery.,active
vapour-tape-ewa26,Vapour Tape EWA26,"<h2>Vapour Tape EWA26</h2><p><strong>Vapour Tape EWA26</strong> from Factory Direct Flooring. Professional quality finishing accessories for a perfect installation.</p>
<h3>Key Features</h3><ul><li>Professional Quality</li><li>Wide Compatibility</li><li>Easy Installation</li><li>Excellent Value</li></ul>
<h3>Installation</h3><p>Refer to packaging guidelines.</p>
<h3>Care</h3><p>Maintenance-free once installed.</p>
<h3>Why Factory Direct Flooring?</h3><p>UK's trusted flooring specialist — premium quality at factory direct prices. Free samples, full warranties and fast UK delivery.</p>",Factory Direct Flooring,,Accessories,accessories,TRUE,Title,Default Title,5323,0,shopify,100,deny,manual,6.72,6.72,TRUE,TRUE,,,,Vapour Tape EWA26 | Factory Direct Flooring,Buy Vapour Tape EWA26 at Factory Direct Flooring — Accessories at competitive prices. Free samples and UK delivery.,active
compact-board-underlay-system-ewa22,Compact Board Underlay System EWA22,"<h2>Compact Board Underlay System EWA22</h2><p><strong>Compact Board Underlay System EWA22</strong> from Factory Direct Flooring. Professional quality finishing accessories for a perfect installation.</p>
<h3>Key Features</h3><ul><li>Professional Quality</li><li>Wide Compatibility</li><li>Easy Installation</li><li>Excellent Value</li></ul>
<h3>Installation</h3><p>Refer to packaging guidelines.</p>
<h3>Care</h3><p>Maintenance-free once installed.</p>
<h3>Why Factory Direct Flooring?</h3><p>UK's trusted flooring specialist — premium quality at factory direct prices. Free samples, full warranties and fast UK delivery.</p>",Factory Direct Flooring,,Accessories,accessories,TRUE,Title,Default Title,6377,0,shopify,100,deny,manual,47.30,47.30,TRUE,TRUE,,,,Compact Board Underlay System EWA22 | Factory Direct Flooring,Buy Compact Board Underlay System EWA22 at Factory Direct Flooring — Accessories at competitive prices. Free samples and UK delivery.,active
hardwood-profile-semi-ramp-ewa16,Hardwood Profile ( Semi-Ramp ) EWA16,"<h2>Hardwood Profile ( Semi-Ramp ) EWA16</h2><p><strong>Hardwood Profile ( Semi-Ramp ) EWA16</strong> from Factory Direct Flooring. Professional quality finishing accessories for a perfect installation.</p>
<h3>Key Features</h3><ul><li>Professional Quality</li><li>Wide Compatibility</li><li>Easy Installation</li><li>Excellent Value</li></ul>
<h3>Installation</h3><p>Refer to packaging guidelines.</p>
<h3>Care</h3><p>Maintenance-free once installed.</p>
<h3>Why Factory Direct Flooring?</h3><p>UK's trusted flooring specialist — premium quality at factory direct prices. Free samples, full warranties and fast UK delivery.</p>",Factory Direct Flooring,,Accessories,accessories,TRUE,Title,Default Title,6480,0,shopify,100,deny,manual,24.07,24.07,TRUE,TRUE,,,,Hardwood Profile ( Semi-Ramp ) EWA16 | Factory Direct Flooring,Buy Hardwood Profile ( Semi-Ramp ) EWA16 at Factory Direct Flooring — Accessories at competitive prices. Free samples and UK delivery.,active
woca-spray-spot-remover-ewa33,Woca Spray Spot Remover EWA33,"<h2>Woca Spray Spot Remover EWA33</h2><p><strong>Woca Spray Spot Remover EWA33</strong> from Factory Direct Flooring. Professional quality finishing accessories for a perfect installation.</p>
<h3>Key Features</h3><ul><li>Professional Quality</li><li>Wide Compatibility</li><li>Easy Installation</li><li>Excellent Value</li></ul>
<h3>Installation</h3><p>Refer to packaging guidelines.</p>
<h3>Care</h3><p>Maintenance-free once installed.</p>
<h3>Why Factory Direct Flooring?</h3><p>UK's trusted flooring specialist — premium quality at factory direct prices. Free samples, full warranties and fast UK delivery.</p>",Factory Direct Flooring,,Accessories,accessories,TRUE,Title,Default Title,7324,0,shopify,100,deny,manual,16.69,16.69,TRUE,TRUE,,,,Woca Spray Spot Remover EWA33 | Factory Direct Flooring,Buy Woca Spray Spot Remover EWA33 at Factory Direct Flooring — Accessories at competitive prices. Free samples and UK delivery.,active
woca-intensive-cleaner-spray-ewa32,Woca Intensive Cleaner Spray EWA32,"<h2>Woca Intensive Cleaner Spray EWA32</h2><p><strong>Woca Intensive Cleaner Spray EWA32</strong> from Factory Direct Flooring. Professional quality finishing accessories for a perfect installation.</p>
<h3>Key Features</h3><ul><li>Professional Quality</li><li>Wide Compatibility</li><li>Easy Installation</li><li>Excellent Value</li></ul>
<h3>Installation</h3><p>Refer to packaging guidelines.</p>
<h3>Care</h3><p>Maintenance-free once installed.</p>
<h3>Why Factory Direct Flooring?</h3><p>UK's trusted flooring specialist — premium quality at factory direct prices. Free samples, full warranties and fast UK delivery.</p>",Factory Direct Flooring,,Accessories,accessories,TRUE,Title,Default Title,7320,0,shopify,100,deny,manual,19.58,19.58,TRUE,TRUE,,,,Woca Intensive Cleaner Spray EWA32 | Factory Direct Flooring,Buy Woca Intensive Cleaner Spray EWA32 at Factory Direct Flooring — Accessories at competitive prices. Free samples and UK delivery.,active
woca-natural-soap-spray-ewa31,Woca Natural Soap Spray EWA31,"<h2>Woca Natural Soap Spray EWA31</h2><p><strong>Woca Natural Soap Spray EWA31</strong> from Factory Direct Flooring. Professional quality finishing accessories for a perfect installation.</p>
<h3>Key Features</h3><ul><li>Professional Quality</li><li>Wide Compatibility</li><li>Easy Installation</li><li>Excellent Value</li></ul>
<h3>Installation</h3><p>Refer to packaging guidelines.</p>
<h3>Care</h3><p>Maintenance-free once installed.</p>
<h3>Why Factory Direct Flooring?</h3><p>UK's trusted flooring specialist — premium quality at factory direct prices. Free samples, full warranties and fast UK delivery.</p>",Factory Direct Flooring,,Accessories,accessories,TRUE,Title,Default Title,7319,0,shopify,100,deny,manual,19.73,19.73,TRUE,TRUE,,,,Woca Natural Soap Spray EWA31 | Factory Direct Flooring,Buy Woca Natural Soap Spray EWA31 at Factory Direct Flooring — Accessories at competitive prices. Free samples and UK delivery.,active
epoxy-damp-proof-membrane-dpm-ewa9,Epoxy Damp Proof Membrane DPM EWA9,"<h2>Epoxy Damp Proof Membrane DPM EWA9</h2><p><strong>Epoxy Damp Proof Membrane DPM EWA9</strong> from Factory Direct Flooring. Professional quality finishing accessories for a perfect installation.</p>
<h3>Key Features</h3><ul><li>Professional Quality</li><li>Wide Compatibility</li><li>Easy Installation</li><li>Excellent Value</li></ul>
<h3>Installation</h3><p>Refer to packaging guidelines.</p>
<h3>Care</h3><p>Maintenance-free once installed.</p>
<h3>Why Factory Direct Flooring?</h3><p>UK's trusted flooring specialist — premium quality at factory direct prices. Free samples, full warranties and fast UK delivery.</p>",Factory Direct Flooring,,Accessories,accessories,TRUE,Title,Default Title,7325,0,shopify,100,deny,manual,144.22,144.22,TRUE,TRUE,,,,Epoxy Damp Proof Membrane DPM EWA9 | Factory Direct Flooring,Buy Epoxy Damp Proof Membrane DPM EWA9 at Factory Direct Flooring — Accessories at competitive prices. Free samples and UK delivery.,active
vinyl-spray-adhesive-500ml,Vinyl Spray Adhesive 500ml,"<h2>Vinyl Spray Adhesive 500ml</h2><p><strong>Vinyl Spray Adhesive 500ml</strong> from Factory Direct Flooring. Professional quality finishing accessories for a perfect installation.</p>
<h3>Key Features</h3><ul><li>Professional Quality</li><li>Wide Compatibility</li><li>Easy Installation</li><li>Excellent Value</li></ul>
<h3>Installation</h3><p>Refer to packaging guidelines.</p>
<h3>Care</h3><p>Maintenance-free once installed.</p>
<h3>Why Factory Direct Flooring?</h3><p>UK's trusted flooring specialist — premium quality at factory direct prices. Free samples, full warranties and fast UK delivery.</p>",Factory Direct Flooring,,Accessories,accessories,TRUE,Title,Default Title,10099,0,shopify,100,deny,manual,11.00,11.00,TRUE,TRUE,,,,Vinyl Spray Adhesive 500ml | Factory Direct Flooring,Buy Vinyl Spray Adhesive 500ml at Factory Direct Flooring — Accessories at competitive prices. Free samples and UK delivery.,active
wood-floor-6mm-adhesive-trowel,Wood Floor 6mm Adhesive Trowel,"<h2>Wood Floor 6mm Adhesive Trowel</h2><p><strong>Wood Floor 6mm Adhesive Trowel</strong> from Factory Direct Flooring. Professional quality finishing accessories for a perfect installation.</p>
<h3>Key Features</h3><ul><li>Professional Quality</li><li>Wide Compatibility</li><li>Easy Installation</li><li>Excellent Value</li></ul>
<h3>Installation</h3><p>Refer to packaging guidelines.</p>
<h3>Care</h3><p>Maintenance-free once installed.</p>
<h3>Why Factory Direct Flooring?</h3><p>UK's trusted flooring specialist — premium quality at factory direct prices. Free samples, full warranties and fast UK delivery.</p>",Factory Direct Flooring,,Accessories,accessories,TRUE,Title,Default Title,30809,0,shopify,100,deny,manual,13.85,13.85,TRUE,TRUE,,,,Wood Floor 6mm Adhesive Trowel | Factory Direct Flooring,Buy Wood Floor 6mm Adhesive Trowel at Factory Direct Flooring — Accessories at competitive prices. Free samples and UK delivery.,active
acrylic-adhesive-vinyl-flooring,Acrylic Adhesive - Vinyl Floor Adhesive,"<h2>Acrylic Adhesive - Vinyl Floor Adhesive</h2><p><strong>Acrylic Adhesive - Vinyl Floor Adhesive</strong> from Factory Direct Flooring. Professional quality finishing accessories for a perfect installation.</p>
<h3>Key Features</h3><ul><li>Professional Quality</li><li>Wide Compatibility</li><li>Easy Installation</li><li>Excellent Value</li></ul>
<h3>Installation</h3><p>Refer to packaging guidelines.</p>
<h3>Care</h3><p>Maintenance-free once installed.</p>
<h3>Why Factory Direct Flooring?</h3><p>UK's trusted flooring specialist — premium quality at factory direct prices. Free samples, full warranties and fast UK delivery.</p>",Factory Direct Flooring,,Accessories,accessories,TRUE,Title,Default Title,31109,0,shopify,100,deny,manual,51.18,51.18,TRUE,TRUE,,,,Acrylic Adhesive - Vinyl Floor Adhesive | Factory Direct Flooring,Buy Acrylic Adhesive - Vinyl Floor Adhesive at Factory Direct Flooring — Accessories at competitive prices. Free samples and UK delivery.,active
pressure-sensitive-adhesive,Pressure Sensitive Adhesive,"<h2>Pressure Sensitive Adhesive</h2><p><strong>Pressure Sensitive Adhesive</strong> from Factory Direct Flooring. Professional quality finishing accessories for a perfect installation.</p>
<h3>Key Features</h3><ul><li>Professional Quality</li><li>Wide Compatibility</li><li>Easy Installation</li><li>Excellent Value</li></ul>
<h3>Installation</h3><p>Refer to packaging guidelines.</p>
<h3>Care</h3><p>Maintenance-free once installed.</p>
<h3>Why Factory Direct Flooring?</h3><p>UK's trusted flooring specialist — premium quality at factory direct prices. Free samples, full warranties and fast UK delivery.</p>",Factory Direct Flooring,,Accessories,accessories,TRUE,Title,Default Title,31110,0,shopify,100,deny,manual,89.90,89.90,TRUE,TRUE,,,,Pressure Sensitive Adhesive | Factory Direct Flooring,Buy Pressure Sensitive Adhesive at Factory Direct Flooring — Accessories at competitive prices. Free samples and UK delivery.,active
vinyl-floor-0-5mm-adhesive-trowel,Vinyl Floor 0.5mm Adhesive Trowel,"<h2>Vinyl Floor 0.5mm Adhesive Trowel</h2><p><strong>Vinyl Floor 0.5mm Adhesive Trowel</strong> from Factory Direct Flooring. Professional quality finishing accessories for a perfect installation.</p>
<h3>Key Features</h3><ul><li>Professional Quality</li><li>Wide Compatibility</li><li>Easy Installation</li><li>Excellent Value</li></ul>
<h3>Installation</h3><p>Refer to packaging guidelines.</p>
<h3>Care</h3><p>Maintenance-free once installed.</p>
<h3>Why Factory Direct Flooring?</h3><p>UK's trusted flooring specialist — premium quality at factory direct prices. Free samples, full warranties and fast UK delivery.</p>",Factory Direct Flooring,,Accessories,accessories,TRUE,Title,Default Title,31133,0,shopify,100,deny,manual,9.50,9.50,TRUE,TRUE,,,,Vinyl Floor 0.5mm Adhesive Trowel | Factory Direct Flooring,Buy Vinyl Floor 0.5mm Adhesive Trowel at Factory Direct Flooring — Accessories at competitive prices. Free samples and UK delivery.,active
0-5mm-adhesive-trowel-handle-blade,0.5mm Adhesive Trowel Handle & Blade,"<h2>0.5mm Adhesive Trowel Handle & Blade</h2><p><strong>0.5mm Adhesive Trowel Handle & Blade</strong> from Factory Direct Flooring. Professional quality finishing accessories for a perfect installation.</p>
<h3>Key Features</h3><ul><li>Professional Quality</li><li>Wide Compatibility</li><li>Easy Installation</li><li>Excellent Value</li></ul>
<h3>Installation</h3><p>Refer to packaging guidelines.</p>
<h3>Care</h3><p>Maintenance-free once installed.</p>
<h3>Why Factory Direct Flooring?</h3><p>UK's trusted flooring specialist — premium quality at factory direct prices. Free samples, full warranties and fast UK delivery.</p>",Factory Direct Flooring,,Accessories,accessories,TRUE,Title,Default Title,31134,0,shopify,100,deny,manual,37.51,37.51,TRUE,TRUE,,,,0.5mm Adhesive Trowel Handle & Blade | Factory Direct Flooring,Buy 0.5mm Adhesive Trowel Handle & Blade at Factory Direct Flooring — Accessories at competitive prices. Free samples and UK delivery.,active
vinyl-floor-0-5mm-adhesive-trowel-replacement-blade,Vinyl Floor 0.5mm Adhesive Trowel Replacement Blade,"<h2>Vinyl Floor 0.5mm Adhesive Trowel Replacement Blade</h2><p><strong>Vinyl Floor 0.5mm Adhesive Trowel Replacement Blade</strong> from Factory Direct Flooring. Professional quality finishing accessories for a perfect installation.</p>
<h3>Key Features</h3><ul><li>Professional Quality</li><li>Wide Compatibility</li><li>Easy Installation</li><li>Excellent Value</li></ul>
<h3>Installation</h3><p>Refer to packaging guidelines.</p>
<h3>Care</h3><p>Maintenance-free once installed.</p>
<h3>Why Factory Direct Flooring?</h3><p>UK's trusted flooring specialist — premium quality at factory direct prices. Free samples, full warranties and fast UK delivery.</p>",Factory Direct Flooring,,Accessories,accessories,TRUE,Title,Default Title,31137,0,shopify,100,deny,manual,15.58,15.58,TRUE,TRUE,,,,Vinyl Floor 0.5mm Adhesive Trowel Replacement Blade | Factory Direct Flooring,Buy Vinyl Floor 0.5mm Adhesive Trowel Replacement Blade at Factory Direct Flooring — Accessories at competitive prices. Free samples and UK delivery.,active
safety-flooring-plus-weld-rod,Safety Flooring Plus Weld Rod,"<h2>Safety Flooring Plus Weld Rod</h2><p><strong>Safety Flooring Plus Weld Rod</strong> from Factory Direct Flooring. Professional quality finishing accessories for a perfect installation.</p>
<h3>Key Features</h3><ul><li>Professional Quality</li><li>Wide Compatibility</li><li>Easy Installation</li><li>Excellent Value</li></ul>
<h3>Installation</h3><p>Refer to packaging guidelines.</p>
<h3>Care</h3><p>Maintenance-free once installed.</p>
<h3>Why Factory Direct Flooring?</h3><p>UK's trusted flooring specialist — premium quality at factory direct prices. Free samples, full warranties and fast UK delivery.</p>",Factory Direct Flooring,,Accessories,accessories,TRUE,Title,Default Title,31349,0,shopify,100,deny,manual,44.84,44.84,TRUE,TRUE,,,,Safety Flooring Plus Weld Rod | Factory Direct Flooring,Buy Safety Flooring Plus Weld Rod at Factory Direct Flooring — Accessories at competitive prices. Free samples and UK delivery.,active
sit-on-skirting-100mm-qz100-so,Sit On Skirting 100mm QZ100 SO,"<h2>Sit On Skirting 100mm QZ100 SO</h2><p><strong>Sit On Skirting 100mm QZ100 SO</strong> from Factory Direct Flooring. Professional quality finishing accessories for a perfect installation.</p>
<h3>Key Features</h3><ul><li>Professional Quality</li><li>Wide Compatibility</li><li>Easy Installation</li><li>Excellent Value</li></ul>
<h3>Installation</h3><p>Refer to packaging guidelines.</p>
<h3>Care</h3><p>Maintenance-free once installed.</p>
<h3>Why Factory Direct Flooring?</h3><p>UK's trusted flooring specialist — premium quality at factory direct prices. Free samples, full warranties and fast UK delivery.</p>",Factory Direct Flooring,,Accessories,accessories,TRUE,Title,Default Title,31350,0,shopify,100,deny,manual,6.11,6.11,TRUE,TRUE,https://shadiikart-prog.github.io/product-scraper-demo/scrapers/output/images/00009_pre-finished-skirting-lifestyle-3.jpg,1,Sit On Skirting 100mm QZ100 SO,Sit On Skirting 100mm QZ100 SO | Factory Direct Flooring,Buy Sit On Skirting 100mm QZ100 SO at Factory Direct Flooring — Accessories at competitive prices. Free samples and UK delivery.,active
flexible-diminishing-strip-2-5mm,Flexible Diminishing Strip 2.5mm,"<h2>Flexible Diminishing Strip 2.5mm</h2><p><strong>Flexible Diminishing Strip 2.5mm</strong> from Factory Direct Flooring. Professional quality finishing accessories for a perfect installation.</p>
<h3>Key Features</h3><ul><li>Professional Quality</li><li>Wide Compatibility</li><li>Easy Installation</li><li>Excellent Value</li></ul>
<h3>Installation</h3><p>Refer to packaging guidelines.</p>
<h3>Care</h3><p>Maintenance-free once installed.</p>
<h3>Why Factory Direct Flooring?</h3><p>UK's trusted flooring specialist — premium quality at factory direct prices. Free samples, full warranties and fast UK delivery.</p>",Factory Direct Flooring,,Accessories,accessories,TRUE,Title,Default Title,31351,0,shopify,100,deny,manual,3.30,3.30,TRUE,TRUE,,,,Flexible Diminishing Strip 2.5mm | Factory Direct Flooring,Buy Flexible Diminishing Strip 2.5mm at Factory Direct Flooring — Accessories at competitive prices. Free samples and UK delivery.,active
cove-former-38mm,Cove Former 38mm,"<h2>Cove Former 38mm</h2><p><strong>Cove Former 38mm</strong> from Factory Direct Flooring. Professional quality finishing accessories for a perfect installation.</p>
<h3>Key Features</h3><ul><li>Professional Quality</li><li>Wide Compatibility</li><li>Easy Installation</li><li>Excellent Value</li></ul>
<h3>Installation</h3><p>Refer to packaging guidelines.</p>
<h3>Care</h3><p>Maintenance-free once installed.</p>
<h3>Why Factory Direct Flooring?</h3><p>UK's trusted flooring specialist — premium quality at factory direct prices. Free samples, full warranties and fast UK delivery.</p>",Factory Direct Flooring,,Accessories,accessories,TRUE,Title,Default Title,31354,0,shopify,100,deny,manual,6.56,6.56,TRUE,TRUE,,,,Cove Former 38mm | Factory Direct Flooring,Buy Cove Former 38mm at Factory Direct Flooring — Accessories at competitive prices. Free samples and UK delivery.,active
capping-seal-2m,Capping Seal 2m,"<h2>Capping Seal 2m</h2><p><strong>Capping Seal 2m</strong> from Factory Direct Flooring. Professional quality finishing accessories for a perfect installation.</p>
<h3>Key Features</h3><ul><li>Professional Quality</li><li>Wide Compatibility</li><li>Easy Installation</li><li>Excellent Value</li></ul>
<h3>Installation</h3><p>Refer to packaging guidelines.</p>
<h3>Care</h3><p>Maintenance-free once installed.</p>
<h3>Why Factory Direct Flooring?</h3><p>UK's trusted flooring specialist — premium quality at factory direct prices. Free samples, full warranties and fast UK delivery.</p>",Factory Direct Flooring,,Accessories,accessories,TRUE,Title,Default Title,31355,0,shopify,100,deny,manual,7.80,7.80,TRUE,TRUE,,,,Capping Seal 2m | Factory Direct Flooring,Buy Capping Seal 2m at Factory Direct Flooring — Accessories at competitive prices. Free samples and UK delivery.,active
pro-gold-underlay-vapour-barrier,Pro Gold Underlay Vapour Barrier,"<h2>Pro Gold Underlay Vapour Barrier</h2><p><strong>Pro Gold Underlay Vapour Barrier</strong> from Factory Direct Flooring. Professional quality finishing accessories for a perfect installation.</p>
<h3>Key Features</h3><ul><li>Professional Quality</li><li>Wide Compatibility</li><li>Easy Installation</li><li>Excellent Value</li></ul>
<h3>Installation</h3><p>Refer to packaging guidelines.</p>
<h3>Care</h3><p>Maintenance-free once installed.</p>
<h3>Why Factory Direct Flooring?</h3><p>UK's trusted flooring specialist — premium quality at factory direct prices. Free samples, full warranties and fast UK delivery.</p>",Factory Direct Flooring,,Accessories,accessories,TRUE,Title,Default Title,31617,0,shopify,100,deny,manual,46.54,46.54,TRUE,TRUE,,,,Pro Gold Underlay Vapour Barrier | Factory Direct Flooring,Buy Pro Gold Underlay Vapour Barrier at Factory Direct Flooring — Accessories at competitive prices. Free samples and UK delivery.,active
ridged-diminishing-strip-4-5mm,Ridged Diminishing Strip 4.5mm,"<h2>Ridged Diminishing Strip 4.5mm</h2><p><strong>Ridged Diminishing Strip 4.5mm</strong> from Factory Direct Flooring. Professional quality finishing accessories for a perfect installation.</p>
<h3>Key Features</h3><ul><li>Professional Quality</li><li>Wide Compatibility</li><li>Easy Installation</li><li>Excellent Value</li></ul>
<h3>Installation</h3><p>Refer to packaging guidelines.</p>
<h3>Care</h3><p>Maintenance-free once installed.</p>
<h3>Why Factory Direct Flooring?</h3><p>UK's trusted flooring specialist — premium quality at factory direct prices. Free samples, full warranties and fast UK delivery.</p>",Factory Direct Flooring,,Accessories,accessories,TRUE,Title,Default Title,9068,0,shopify,100,deny,manual,17.95,17.95,TRUE,TRUE,,,,Ridged Diminishing Strip 4.5mm | Factory Direct Flooring,Buy Ridged Diminishing Strip 4.5mm at Factory Direct Flooring — Accessories at competitive prices. Free samples and UK delivery.,active
hardwood-floor-profile-reducer-ewa14,Hardwood Floor Profile Reducer EWA14,"<h2>Hardwood Floor Profile Reducer EWA14</h2><p><strong>Hardwood Floor Profile Reducer EWA14</strong> from Factory Direct Flooring. Professional quality finishing accessories for a perfect installation.</p>
<h3>Key Features</h3><ul><li>Professional Quality</li><li>Wide Compatibility</li><li>Easy Installation</li><li>Excellent Value</li></ul>
<h3>Installation</h3><p>Refer to packaging guidelines.</p>
<h3>Care</h3><p>Maintenance-free once installed.</p>
<h3>Why Factory Direct Flooring?</h3><p>UK's trusted flooring specialist — premium quality at factory direct prices. Free samples, full warranties and fast UK delivery.</p>",Factory Direct Flooring,,Accessories,accessories,TRUE,Title,Default Title,5152,0,shopify,100,deny,manual,24.07,24.07,TRUE,TRUE,,,,Hardwood Floor Profile Reducer EWA14 | Factory Direct Flooring,Buy Hardwood Floor Profile Reducer EWA14 at Factory Direct Flooring — Accessories at competitive prices. Free samples and UK delivery.,draft
flooring-adaptor-profiles-multi-use-ewa37,Flooring Adaptor Profiles (Multi Use) EWA37,"<h2>Flooring Adaptor Profiles (Multi Use) EWA37</h2><p><strong>Flooring Adaptor Profiles (Multi Use) EWA37</strong> from Factory Direct Flooring. Professional quality finishing accessories for a perfect installation.</p>
<h3>Key Features</h3><ul><li>Professional Quality</li><li>Wide Compatibility</li><li>Easy Installation</li><li>Excellent Value</li></ul>
<h3>Installation</h3><p>Refer to packaging guidelines.</p>
<h3>Care</h3><p>Maintenance-free once installed.</p>
<h3>Why Factory Direct Flooring?</h3><p>UK's trusted flooring specialist — premium quality at factory direct prices. Free samples, full warranties and fast UK delivery.</p>",Factory Direct Flooring,,Accessories,accessories,TRUE,Title,Default Title,5153,0,shopify,100,deny,manual,17.99,17.99,TRUE,TRUE,,,,Flooring Adaptor Profiles (Multi Use) EWA37 | Factory Direct Flooring,Buy Flooring Adaptor Profiles (Multi Use) EWA37 at Factory Direct Flooring — Accessories at competitive prices. Free samples and UK delivery.,active
laminate-scotia-beadings-colour-matched-white-ewa21,Laminate Scotia / Beadings Colour Matched / White EWA21,"<h2>Laminate Scotia / Beadings Colour Matched / White EWA21</h2><p><strong>Laminate Scotia / Beadings Colour Matched / White EWA21</strong> from Factory Direct Flooring. Professional quality finishing accessories for a perfect installation.</p>
<h3>Key Features</h3><ul><li>Professional Quality</li><li>Wide Compatibility</li><li>Easy Installation</li><li>Excellent Value</li></ul>
<h3>Installation</h3><p>Refer to packaging guidelines.</p>
<h3>Care</h3><p>Maintenance-free once installed.</p>
<h3>Why Factory Direct Flooring?</h3><p>UK's trusted flooring specialist — premium quality at factory direct prices. Free samples, full warranties and fast UK delivery.</p>",Factory Direct Flooring,,Accessories,accessories,TRUE,Title,Default Title,5155,0,shopify,100,deny,manual,9.56,9.56,TRUE,TRUE,https://shadiikart-prog.github.io/product-scraper-demo/scrapers/output/images/00010_colour-sealant-ewa24-lifestyle-image-4.jpg,1,Laminate Scotia / Beadings Colour Matched / White EWA21,Laminate Scotia / Beadings Colour Matched / White EWA21 | Factory Direct Flooring,Buy Laminate Scotia / Beadings Colour Matched / White EWA21 at Factory Direct Flooring — Accessories at competitive prices. Free samples and UK delivery.,active
underlay-budget-ewa6,Underlay - Budget EWA6,"<h2>Underlay - Budget EWA6</h2><p><strong>Underlay - Budget EWA6</strong> from Factory Direct Flooring. Professional quality finishing accessories for a perfect installation.</p>
<h3>Key Features</h3><ul><li>Professional Quality</li><li>Wide Compatibility</li><li>Easy Installation</li><li>Excellent Value</li></ul>
<h3>Installation</h3><p>Refer to packaging guidelines.</p>
<h3>Care</h3><p>Maintenance-free once installed.</p>
<h3>Why Factory Direct Flooring?</h3><p>UK's trusted flooring specialist — premium quality at factory direct prices. Free samples, full warranties and fast UK delivery.</p>",Factory Direct Flooring,,Accessories,accessories,TRUE,Title,Default Title,5156,0,shopify,100,deny,manual,30.62,30.62,TRUE,TRUE,,,,Underlay - Budget EWA6 | Factory Direct Flooring,Buy Underlay - Budget EWA6 at Factory Direct Flooring — Accessories at competitive prices. Free samples and UK delivery.,active
underlay-supreme-with-moisture-barrier-ewa2,Underlay Supreme With Moisture Barrier EWA2,"<h2>Underlay Supreme With Moisture Barrier EWA2</h2><p><strong>Underlay Supreme With Moisture Barrier EWA2</strong> from Factory Direct Flooring. Professional quality finishing accessories for a perfect installation.</p>
<h3>Key Features</h3><ul><li>Professional Quality</li><li>Wide Compatibility</li><li>Easy Installation</li><li>Excellent Value</li></ul>
<h3>Installation</h3><p>Refer to packaging guidelines.</p>
<h3>Care</h3><p>Maintenance-free once installed.</p>
<h3>Why Factory Direct Flooring?</h3><p>UK's trusted flooring specialist — premium quality at factory direct prices. Free samples, full warranties and fast UK delivery.</p>",Factory Direct Flooring,,Accessories,accessories,TRUE,Title,Default Title,5157,0,shopify,100,deny,manual,35.47,35.47,TRUE,TRUE,,,,Underlay Supreme With Moisture Barrier EWA2 | Factory Direct Flooring,Buy Underlay Supreme With Moisture Barrier EWA2 at Factory Direct Flooring — Accessories at competitive prices. Free samples and UK delivery.,active
laminate-flooring-fitting-kit,Laminate Flooring Fitting Kit,"<h2>Laminate Flooring Fitting Kit</h2><p><strong>Laminate Flooring Fitting Kit</strong> from Factory Direct Flooring. Professional quality finishing accessories for a perfect installation.</p>
<h3>Key Features</h3><ul><li>Professional Quality</li><li>Wide Compatibility</li><li>Easy Installation</li><li>Excellent Value</li></ul>
<h3>Installation</h3><p>Refer to packaging guidelines.</p>
<h3>Care</h3><p>Maintenance-free once installed.</p>
<h3>Why Factory Direct Flooring?</h3><p>UK's trusted flooring specialist — premium quality at factory direct prices. Free samples, full warranties and fast UK delivery.</p>",Factory Direct Flooring,,Accessories,accessories,TRUE,Title,Default Title,5163,0,shopify,100,deny,manual,15.58,15.58,TRUE,TRUE,https://shadiikart-prog.github.io/product-scraper-demo/scrapers/output/images/00011_laminate-floor-fitting-kit-lifestyle-image-1.jpg,1,Laminate Flooring Fitting Kit,Laminate Flooring Fitting Kit | Factory Direct Flooring,Buy Laminate Flooring Fitting Kit at Factory Direct Flooring — Accessories at competitive prices. Free samples and UK delivery.,active
vinyl-and-cushion-floor-anti-plas-15mtr-double-sided-tape,Vinyl and Cushion Floor Anti Plas 15mtr Double Sided Tape,"<h2>Vinyl and Cushion Floor Anti Plas 15mtr Double Sided Tape</h2><p><strong>Vinyl and Cushion Floor Anti Plas 15mtr Double Sided Tape</strong> from Factory Direct Flooring. Professional quality finishing accessories for a perfect installation.</p>
<h3>Key Features</h3><ul><li>Professional Quality</li><li>Wide Compatibility</li><li>Easy Installation</li><li>Excellent Value</li></ul>
<h3>Installation</h3><p>Refer to packaging guidelines.</p>
<h3>Care</h3><p>Maintenance-free once installed.</p>
<h3>Why Factory Direct Flooring?</h3><p>UK's trusted flooring specialist — premium quality at factory direct prices. Free samples, full warranties and fast UK delivery.</p>",Factory Direct Flooring,,Accessories,accessories,TRUE,Title,Default Title,33030,0,shopify,100,deny,manual,12.62,12.62,TRUE,TRUE,,,,Vinyl and Cushion Floor Anti Plas 15mtr Double Sided Tape | Factory Direct Flooring,Buy Vinyl and Cushion Floor Anti Plas 15mtr Double Sided Tape at Factory Direct Flooring — Accessories at competitive prices. Free samples and UK delivery.,active
vinyl-and-cushion-floor-anti-plas-50mtr-double-sided-tape,Vinyl and Cushion Floor Anti Plas 50mtr Double Sided Tape,"<h2>Vinyl and Cushion Floor Anti Plas 50mtr Double Sided Tape</h2><p><strong>Vinyl and Cushion Floor Anti Plas 50mtr Double Sided Tape</strong> from Factory Direct Flooring. Professional quality finishing accessories for a perfect installation.</p>
<h3>Key Features</h3><ul><li>Professional Quality</li><li>Wide Compatibility</li><li>Easy Installation</li><li>Excellent Value</li></ul>
<h3>Installation</h3><p>Refer to packaging guidelines.</p>
<h3>Care</h3><p>Maintenance-free once installed.</p>
<h3>Why Factory Direct Flooring?</h3><p>UK's trusted flooring specialist — premium quality at factory direct prices. Free samples, full warranties and fast UK delivery.</p>",Factory Direct Flooring,,Accessories,accessories,TRUE,Title,Default Title,33031,0,shopify,100,deny,manual,25.48,25.48,TRUE,TRUE,,,,Vinyl and Cushion Floor Anti Plas 50mtr Double Sided Tape | Factory Direct Flooring,Buy Vinyl and Cushion Floor Anti Plas 50mtr Double Sided Tape at Factory Direct Flooring — Accessories at competitive prices. Free samples and UK delivery.,active
high-performance-universal-spray-contact-adhesive,High Performance Universal Spray Contact Adhesive,"<h2>High Performance Universal Spray Contact Adhesive</h2><p><strong>High Performance Universal Spray Contact Adhesive</strong> from Factory Direct Flooring. Professional quality finishing accessories for a perfect installation.</p>
<h3>Key Features</h3><ul><li>Professional Quality</li><li>Wide Compatibility</li><li>Easy Installation</li><li>Excellent Value</li></ul>
<h3>Installation</h3><p>Refer to packaging guidelines.</p>
<h3>Care</h3><p>Maintenance-free once installed.</p>
<h3>Why Factory Direct Flooring?</h3><p>UK's trusted flooring specialist — premium quality at factory direct prices. Free samples, full warranties and fast UK delivery.</p>",Factory Direct Flooring,,Accessories,accessories,TRUE,Title,Default Title,33072,0,shopify,100,deny,manual,11.98,11.98,TRUE,TRUE,https://shadiikart-prog.github.io/product-scraper-demo/scrapers/output/images/00012_high-performance-universal-spray-contact-adhesive-fdf-lifestyle-image.jpg,1,High Performance Universal Spray Contact Adhesive,High Performance Universal Spray Contact Adhesive | Factory Direct Flooring,Buy High Performance Universal Spray Contact Adhesive at Factory Direct Flooring — Accessories at competitive prices. Free samples and UK delivery.,active
high-performance-universal-spray-contact-adhesive,,,,,,,,,,,,,,,,,,,,https://shadiikart-prog.github.io/product-scraper-demo/scrapers/output/images/00013_wood_adhesive_trowel_2.jpg,2,High Performance Universal Spray Contact Adhesive,,,
high-performance-universal-spray-contact-adhesive,,,,,,,,,,,,,,,,,,,,https://shadiikart-prog.github.io/product-scraper-demo/scrapers/output/images/00014_acrylic-adhesive-vinyl-flooring-adhesive-bucket.jpg,3,High Performance Universal Spray Contact Adhesive,,,
silicone-sealant-clear-white-cartridge,Silicone Sealant Clear White Cartridge,"<h2>Silicone Sealant Clear White Cartridge</h2><p><strong>Silicone Sealant Clear White Cartridge</strong> from Factory Direct Flooring. Professional quality finishing accessories for a perfect installation.</p>
<h3>Key Features</h3><ul><li>Professional Quality</li><li>Wide Compatibility</li><li>Easy Installation</li><li>Excellent Value</li></ul>
<h3>Installation</h3><p>Refer to packaging guidelines.</p>
<h3>Care</h3><p>Maintenance-free once installed.</p>
<h3>Why Factory Direct Flooring?</h3><p>UK's trusted flooring specialist — premium quality at factory direct prices. Free samples, full warranties and fast UK delivery.</p>",Factory Direct Flooring,,Accessories,accessories,TRUE,Title,Default Title,33076,0,shopify,100,deny,manual,11.98,11.98,TRUE,TRUE,,,,Silicone Sealant Clear White Cartridge | Factory Direct Flooring,Buy Silicone Sealant Clear White Cartridge at Factory Direct Flooring — Accessories at competitive prices. Free samples and UK delivery.,active
self-adhesive-8mm-angledge-profile-ewa43,Self Adhesive 8mm Angledge Profile EWA43,"<h2>Self Adhesive 8mm Angledge Profile EWA43</h2><p><strong>Self Adhesive 8mm Angledge Profile EWA43</strong> from Factory Direct Flooring. Professional quality finishing accessories for a perfect installation.</p>
<h3>Key Features</h3><ul><li>Professional Quality</li><li>Wide Compatibility</li><li>Easy Installation</li><li>Excellent Value</li></ul>
<h3>Installation</h3><p>Refer to packaging guidelines.</p>
<h3>Care</h3><p>Maintenance-free once installed.</p>
<h3>Why Factory Direct Flooring?</h3><p>UK's trusted flooring specialist — premium quality at factory direct prices. Free samples, full warranties and fast UK delivery.</p>",Factory Direct Flooring,,Accessories,accessories,TRUE,Title,Default Title,33451,0,shopify,100,deny,manual,11.75,11.75,TRUE,TRUE,https://shadiikart-prog.github.io/product-scraper-demo/scrapers/output/images/00015_pva-wood-flooring-adhesive-ewa12-lifestyle-1.jpg,1,Self Adhesive 8mm Angledge Profile EWA43,Self Adhesive 8mm Angledge Profile EWA43 | Factory Direct Flooring,Buy Self Adhesive 8mm Angledge Profile EWA43 at Factory Direct Flooring — Accessories at competitive prices. Free samples and UK delivery.,active
self-adhesive-14mm-angledge-profile-ewa42,Self Adhesive 14mm Angledge Profile EWA42,"<h2>Self Adhesive 14mm Angledge Profile EWA42</h2><p><strong>Self Adhesive 14mm Angledge Profile EWA42</strong> from Factory Direct Flooring. Professional quality finishing accessories for a perfect installation.</p>
<h3>Key Features</h3><ul><li>Professional Quality</li><li>Wide Compatibility</li><li>Easy Installation</li><li>Excellent Value</li></ul>
<h3>Installation</h3><p>Refer to packaging guidelines.</p>
<h3>Care</h3><p>Maintenance-free once installed.</p>
<h3>Why Factory Direct Flooring?</h3><p>UK's trusted flooring specialist — premium quality at factory direct prices. Free samples, full warranties and fast UK delivery.</p>",Factory Direct Flooring,,Accessories,accessories,TRUE,Title,Default Title,33452,0,shopify,100,deny,manual,12.25,12.25,TRUE,TRUE,,,,Self Adhesive 14mm Angledge Profile EWA42 | Factory Direct Flooring,Buy Self Adhesive 14mm Angledge Profile EWA42 at Factory Direct Flooring — Accessories at competitive prices. Free samples and UK delivery.,active
flooring-expansion-profile-metal-ewa40,Flooring Expansion Profile Metal EWA40,"<h2>Flooring Expansion Profile Metal EWA40</h2><p><strong>Flooring Expansion Profile Metal EWA40</strong> from Factory Direct Flooring. Professional quality finishing accessories for a perfect installation.</p>
<h3>Key Features</h3><ul><li>Professional Quality</li><li>Wide Compatibility</li><li>Easy Installation</li><li>Excellent Value</li></ul>
<h3>Installation</h3><p>Refer to packaging guidelines.</p>
<h3>Care</h3><p>Maintenance-free once installed.</p>
<h3>Why Factory Direct Flooring?</h3><p>UK's trusted flooring specialist — premium quality at factory direct prices. Free samples, full warranties and fast UK delivery.</p>",Factory Direct Flooring,,Accessories,accessories,TRUE,Title,Default Title,33465,0,shopify,100,deny,manual,17.50,17.50,TRUE,TRUE,,,,Flooring Expansion Profile Metal EWA40 | Factory Direct Flooring,Buy Flooring Expansion Profile Metal EWA40 at Factory Direct Flooring — Accessories at competitive prices. Free samples and UK delivery.,active
flooring-expansion-ramp-profile-metal-ewa41,Flooring Expansion Ramp Profile Metal EWA41,"<h2>Flooring Expansion Ramp Profile Metal EWA41</h2><p><strong>Flooring Expansion Ramp Profile Metal EWA41</strong> from Factory Direct Flooring. Professional quality finishing accessories for a perfect installation.</p>
<h3>Key Features</h3><ul><li>Professional Quality</li><li>Wide Compatibility</li><li>Easy Installation</li><li>Excellent Value</li></ul>
<h3>Installation</h3><p>Refer to packaging guidelines.</p>
<h3>Care</h3><p>Maintenance-free once installed.</p>
<h3>Why Factory Direct Flooring?</h3><p>UK's trusted flooring specialist — premium quality at factory direct prices. Free samples, full warranties and fast UK delivery.</p>",Factory Direct Flooring,,Accessories,accessories,TRUE,Title,Default Title,33467,0,shopify,100,deny,manual,0.00,,TRUE,TRUE,,,,Flooring Expansion Ramp Profile Metal EWA41 | Factory Direct Flooring,Buy Flooring Expansion Ramp Profile Metal EWA41 at Factory Direct Flooring — Accessories at competitive prices. Free samples and UK delivery.,active
heat-therm-plus-vapour-underlay-for-underfloor-heating-ewa47,Heat Therm Plus Vapour Underlay For Underfloor Heating EWA47,"<h2>Heat Therm Plus Vapour Underlay For Underfloor Heating EWA47</h2><p><strong>Heat Therm Plus Vapour Underlay For Underfloor Heating EWA47</strong> from Factory Direct Flooring. Professional quality finishing accessories for a perfect installation.</p>
<h3>Key Features</h3><ul><li>Professional Quality</li><li>Wide Compatibility</li><li>Easy Installation</li><li>Excellent Value</li></ul>
<h3>Installation</h3><p>Refer to packaging guidelines.</p>
<h3>Care</h3><p>Maintenance-free once installed.</p>
<h3>Why Factory Direct Flooring?</h3><p>UK's trusted flooring specialist — premium quality at factory direct prices. Free samples, full warranties and fast UK delivery.</p>",Factory Direct Flooring,,Accessories,accessories,TRUE,Title,Default Title,34116,0,shopify,100,deny,manual,47.88,47.88,TRUE,TRUE,https://shadiikart-prog.github.io/product-scraper-demo/scrapers/output/images/00016_vapour_tape_1_2_1.jpg,1,Heat Therm Plus Vapour Underlay For Underfloor Heating EWA47,Heat Therm Plus Vapour Underlay For Underfloor Heating EWA47 | Factory Direct Flooring,Buy Heat Therm Plus Vapour Underlay For Underfloor Heating EWA47 at Factory Direct Flooring — Accessories at competitive prices. Free samples and UK delivery.,active
hardwood-profile-deep-ramp-reducer-ewa48,Hardwood Profile Deep Ramp Reducer EWA48,"<h2>Hardwood Profile Deep Ramp Reducer EWA48</h2><p><strong>Hardwood Profile Deep Ramp Reducer EWA48</strong> from Factory Direct Flooring. Professional quality finishing accessories for a perfect installation.</p>
<h3>Key Features</h3><ul><li>Professional Quality</li><li>Wide Compatibility</li><li>Easy Installation</li><li>Excellent Value</li></ul>
<h3>Installation</h3><p>Refer to packaging guidelines.</p>
<h3>Care</h3><p>Maintenance-free once installed.</p>
<h3>Why Factory Direct Flooring?</h3><p>UK's trusted flooring specialist — premium quality at factory direct prices. Free samples, full warranties and fast UK delivery.</p>",Factory Direct Flooring,,Accessories,accessories,TRUE,Title,Default Title,34521,0,shopify,100,deny,manual,31.49,31.49,TRUE,TRUE,https://shadiikart-prog.github.io/product-scraper-demo/scrapers/output/images/00017_solidramp_raw.jpg,1,Hardwood Profile Deep Ramp Reducer EWA48,Hardwood Profile Deep Ramp Reducer EWA48 | Factory Direct Flooring,Buy Hardwood Profile Deep Ramp Reducer EWA48 at Factory Direct Flooring — Accessories at competitive prices. Free samples and UK delivery.,active
hardwood-profile-deep-ramp-reducer-ewa48,,,,,,,,,,,,,,,,,,,,https://shadiikart-prog.github.io/product-scraper-demo/scrapers/output/images/00018_solidsemiramp_laq_2.jpg,2,Hardwood Profile Deep Ramp Reducer EWA48,,,
prolay-acoustic-click-vinyl-underlay-ewa50,Prolay Acoustic Click Vinyl Underlay EWA50,"<h2>Prolay Acoustic Click Vinyl Underlay EWA50</h2><p><strong>Prolay Acoustic Click Vinyl Underlay EWA50</strong> from Factory Direct Flooring. Professional quality finishing accessories for a perfect installation.</p>
<h3>Key Features</h3><ul><li>Professional Quality</li><li>Wide Compatibility</li><li>Easy Installation</li><li>Excellent Value</li></ul>
<h3>Installation</h3><p>Refer to packaging guidelines.</p>
<h3>Care</h3><p>Maintenance-free once installed.</p>
<h3>Why Factory Direct Flooring?</h3><p>UK's trusted flooring specialist — premium quality at factory direct prices. Free samples, full warranties and fast UK delivery.</p>",Factory Direct Flooring,,Accessories,accessories,TRUE,Title,Default Title,34524,0,shopify,100,deny,manual,35.93,35.93,TRUE,TRUE,,,,Prolay Acoustic Click Vinyl Underlay EWA50 | Factory Direct Flooring,Buy Prolay Acoustic Click Vinyl Underlay EWA50 at Factory Direct Flooring — Accessories at competitive prices. Free samples and UK delivery.,active
lvt-click-installation-hand-roller,LVT Click Installation Hand Roller,"<h2>LVT Click Installation Hand Roller</h2><p><strong>LVT Click Installation Hand Roller</strong> from Factory Direct Flooring. Professional quality finishing accessories for a perfect installation.</p>
<h3>Key Features</h3><ul><li>Professional Quality</li><li>Wide Compatibility</li><li>Easy Installation</li><li>Excellent Value</li></ul>
<h3>Installation</h3><p>Refer to packaging guidelines.</p>
<h3>Care</h3><p>Maintenance-free once installed.</p>
<h3>Why Factory Direct Flooring?</h3><p>UK's trusted flooring specialist — premium quality at factory direct prices. Free samples, full warranties and fast UK delivery.</p>",Factory Direct Flooring,,Accessories,accessories,TRUE,Title,Default Title,64202,0,shopify,100,deny,manual,16.99,16.99,TRUE,TRUE,,,,LVT Click Installation Hand Roller | Factory Direct Flooring,Buy LVT Click Installation Hand Roller at Factory Direct Flooring — Accessories at competitive prices. Free samples and UK delivery.,active
coir-entrance-matting-natural-1mtr-wide,Coir Entrance Matting Natural,"<h2>Coir Entrance Matting Natural</h2><p><strong>Coir Entrance Matting Natural</strong> from Factory Direct Flooring. Professional quality finishing accessories for a perfect installation.</p>
<h3>Key Features</h3><ul><li>Professional Quality</li><li>Wide Compatibility</li><li>Easy Installation</li><li>Excellent Value</li></ul>
<h3>Installation</h3><p>Refer to packaging guidelines.</p>
<h3>Care</h3><p>Maintenance-free once installed.</p>
<h3>Why Factory Direct Flooring?</h3><p>UK's trusted flooring specialist — premium quality at factory direct prices. Free samples, full warranties and fast UK delivery.</p>",Factory Direct Flooring,,Accessories,accessories,TRUE,Title,Default Title,6351ST,0,shopify,100,deny,manual,25.62,25.62,TRUE,TRUE,,,,Coir Entrance Matting Natural | Factory Direct Flooring,Buy Coir Entrance Matting Natural at Factory Direct Flooring — Accessories at competitive prices. Free samples and UK delivery.,active
ardex-p51-5kg-primer,Ardex P51 5Kg Primer,"<h2>Ardex P51 5Kg Primer</h2><p><strong>Ardex P51 5Kg Primer</strong> from Factory Direct Flooring. Professional quality finishing accessories for a perfect installation.</p>
<h3>Key Features</h3><ul><li>Professional Quality</li><li>Wide Compatibility</li><li>Easy Installation</li><li>Excellent Value</li></ul>
<h3>Installation</h3><p>Refer to packaging guidelines.</p>
<h3>Care</h3><p>Maintenance-free once installed.</p>
<h3>Why Factory Direct Flooring?</h3><p>UK's trusted flooring specialist — premium quality at factory direct prices. Free samples, full warranties and fast UK delivery.</p>",Factory Direct Flooring,,Accessories,accessories,TRUE,Title,Default Title,65876,0,shopify,100,deny,manual,80.41,80.41,TRUE,TRUE,,,,Ardex P51 5Kg Primer | Factory Direct Flooring,Buy Ardex P51 5Kg Primer at Factory Direct Flooring — Accessories at competitive prices. Free samples and UK delivery.,active
premium-sound-reduction-underlay,Premium Sound Reduction Underlay,"<h2>Premium Sound Reduction Underlay</h2><p><strong>Premium Sound Reduction Underlay</strong> from Factory Direct Flooring. Professional quality finishing accessories for a perfect installation.</p>
<h3>Key Features</h3><ul><li>Professional Quality</li><li>Wide Compatibility</li><li>Easy Installation</li><li>Excellent Value</li></ul>
<h3>Installation</h3><p>Refer to packaging guidelines.</p>
<h3>Care</h3><p>Maintenance-free once installed.</p>
<h3>Why Factory Direct Flooring?</h3><p>UK's trusted flooring specialist — premium quality at factory direct prices. Free samples, full warranties and fast UK delivery.</p>",Factory Direct Flooring,,Accessories,accessories,TRUE,Title,Default Title,69894,0,shopify,100,deny,manual,93.53,93.53,TRUE,TRUE,,,,Premium Sound Reduction Underlay | Factory Direct Flooring,Buy Premium Sound Reduction Underlay at Factory Direct Flooring — Accessories at competitive prices. Free samples and UK delivery.,active
wood-veneered-scotia-beading-ewa55,Wood Veneered Scotia Beading EWA55,"<h2>Wood Veneered Scotia Beading EWA55</h2><p><strong>Wood Veneered Scotia Beading EWA55</strong> from Factory Direct Flooring. Professional quality finishing accessories for a perfect installation.</p>
<h3>Key Features</h3><ul><li>Professional Quality</li><li>Wide Compatibility</li><li>Easy Installation</li><li>Excellent Value</li></ul>
<h3>Installation</h3><p>Refer to packaging guidelines.</p>
<h3>Care</h3><p>Maintenance-free once installed.</p>
<h3>Why Factory Direct Flooring?</h3><p>UK's trusted flooring specialist — premium quality at factory direct prices. Free samples, full warranties and fast UK delivery.</p>",Factory Direct Flooring,,Accessories,accessories,TRUE,Title,Default Title,70836,0,shopify,100,deny,manual,17.23,17.23,TRUE,TRUE,,,,Wood Veneered Scotia Beading EWA55 | Factory Direct Flooring,Buy Wood Veneered Scotia Beading EWA55 at Factory Direct Flooring — Accessories at competitive prices. Free samples and UK delivery.,active
wood-veneered-t-section-profile-ewa53,Wood Veneered T-Section Profile EWA53,"<h2>Wood Veneered T-Section Profile EWA53</h2><p><strong>Wood Veneered T-Section Profile EWA53</strong> from Factory Direct Flooring. Professional quality finishing accessories for a perfect installation.</p>
<h3>Key Features</h3><ul><li>Professional Quality</li><li>Wide Compatibility</li><li>Easy Installation</li><li>Excellent Value</li></ul>
<h3>Installation</h3><p>Refer to packaging guidelines.</p>
<h3>Care</h3><p>Maintenance-free once installed.</p>
<h3>Why Factory Direct Flooring?</h3><p>UK's trusted flooring specialist — premium quality at factory direct prices. Free samples, full warranties and fast UK delivery.</p>",Factory Direct Flooring,,Accessories,accessories,TRUE,Title,Default Title,70837,0,shopify,100,deny,manual,21.90,21.90,TRUE,TRUE,,,,Wood Veneered T-Section Profile EWA53 | Factory Direct Flooring,Buy Wood Veneered T-Section Profile EWA53 at Factory Direct Flooring — Accessories at competitive prices. Free samples and UK delivery.,active
wood-veneered-reducer-profile-ewa54,Wood Veneered Reducer Profile EWA54,"<h2>Wood Veneered Reducer Profile EWA54</h2><p><strong>Wood Veneered Reducer Profile EWA54</strong> from Factory Direct Flooring. Professional quality finishing accessories for a perfect installation.</p>
<h3>Key Features</h3><ul><li>Professional Quality</li><li>Wide Compatibility</li><li>Easy Installation</li><li>Excellent Value</li></ul>
<h3>Installation</h3><p>Refer to packaging guidelines.</p>
<h3>Care</h3><p>Maintenance-free once installed.</p>
<h3>Why Factory Direct Flooring?</h3><p>UK's trusted flooring specialist — premium quality at factory direct prices. Free samples, full warranties and fast UK delivery.</p>",Factory Direct Flooring,,Accessories,accessories,TRUE,Title,Default Title,70838,0,shopify,100,deny,manual,29.88,29.88,TRUE,TRUE,,,,Wood Veneered Reducer Profile EWA54 | Factory Direct Flooring,Buy Wood Veneered Reducer Profile EWA54 at Factory Direct Flooring — Accessories at competitive prices. Free samples and UK delivery.,active
solid-wood-pre-glued-flooring-underlay,Solid Wood Pre-Glued Flooring Underlay,"<h2>Solid Wood Pre-Glued Flooring Underlay</h2><p><strong>Solid Wood Pre-Glued Flooring Underlay</strong> from Factory Direct Flooring. Professional quality finishing accessories for a perfect installation.</p>
<h3>Key Features</h3><ul><li>Professional Quality</li><li>Wide Compatibility</li><li>Easy Installation</li><li>Excellent Value</li></ul>
<h3>Installation</h3><p>Refer to packaging guidelines.</p>
<h3>Care</h3><p>Maintenance-free once installed.</p>
<h3>Why Factory Direct Flooring?</h3><p>UK's trusted flooring specialist — premium quality at factory direct prices. Free samples, full warranties and fast UK delivery.</p>",Factory Direct Flooring,,Accessories,accessories,TRUE,Title,Default Title,5189,0,shopify,100,deny,manual,69.89,69.89,TRUE,TRUE,,,,Solid Wood Pre-Glued Flooring Underlay | Factory Direct Flooring,Buy Solid Wood Pre-Glued Flooring Underlay at Factory Direct Flooring — Accessories at competitive prices. Free samples and UK delivery.,active
solid-wood-dpm-plus-pre-glued-flooring-underlay,Solid Wood DPM Plus Pre-Glued Flooring Underlay,"<h2>Solid Wood DPM Plus Pre-Glued Flooring Underlay</h2><p><strong>Solid Wood DPM Plus Pre-Glued Flooring Underlay</strong> from Factory Direct Flooring. Professional quality finishing accessories for a perfect installation.</p>
<h3>Key Features</h3><ul><li>Professional Quality</li><li>Wide Compatibility</li><li>Easy Installation</li><li>Excellent Value</li></ul>
<h3>Installation</h3><p>Refer to packaging guidelines.</p>
<h3>Care</h3><p>Maintenance-free once installed.</p>
<h3>Why Factory Direct Flooring?</h3><p>UK's trusted flooring specialist — premium quality at factory direct prices. Free samples, full warranties and fast UK delivery.</p>",Factory Direct Flooring,,Accessories,accessories,TRUE,Title,Default Title,7127,0,shopify,100,deny,manual,78.65,78.65,TRUE,TRUE,,,,Solid Wood DPM Plus Pre-Glued Flooring Underlay | Factory Direct Flooring,Buy Solid Wood DPM Plus Pre-Glued Flooring Underlay at Factory Direct Flooring — Accessories at competitive prices. Free samples and UK delivery.,active
polishing-cloth-500mm-x-550mm-ewa36,Polishing Cloth 500mm x 550mm EWA36,"<h2>Polishing Cloth 500mm x 550mm EWA36</h2><p><strong>Polishing Cloth 500mm x 550mm EWA36</strong> from Factory Direct Flooring. Professional quality finishing accessories for a perfect installation.</p>
<h3>Key Features</h3><ul><li>Professional Quality</li><li>Wide Compatibility</li><li>Easy Installation</li><li>Excellent Value</li></ul>
<h3>Installation</h3><p>Refer to packaging guidelines.</p>
<h3>Care</h3><p>Maintenance-free once installed.</p>
<h3>Why Factory Direct Flooring?</h3><p>UK's trusted flooring specialist — premium quality at factory direct prices. Free samples, full warranties and fast UK delivery.</p>",Factory Direct Flooring,,Accessories,accessories,TRUE,Title,Default Title,71260,0,shopify,100,deny,manual,4.78,4.78,TRUE,TRUE,,,,Polishing Cloth 500mm x 550mm EWA36 | Factory Direct Flooring,Buy Polishing Cloth 500mm x 550mm EWA36 at Factory Direct Flooring — Accessories at competitive prices. Free samples and UK delivery.,active
maintenance-gel-oil-200ml-ewa35,Maintenance Gel Oil 200ml EWA35,"<h2>Maintenance Gel Oil 200ml EWA35</h2><p><strong>Maintenance Gel Oil 200ml EWA35</strong> from Factory Direct Flooring. Professional quality finishing accessories for a perfect installation.</p>
<h3>Key Features</h3><ul><li>Professional Quality</li><li>Wide Compatibility</li><li>Easy Installation</li><li>Excellent Value</li></ul>
<h3>Installation</h3><p>Refer to packaging guidelines.</p>
<h3>Care</h3><p>Maintenance-free once installed.</p>
<h3>Why Factory Direct Flooring?</h3><p>UK's trusted flooring specialist — premium quality at factory direct prices. Free samples, full warranties and fast UK delivery.</p>",Factory Direct Flooring,,Accessories,accessories,TRUE,Title,Default Title,71261,0,shopify,100,deny,manual,35.28,35.28,TRUE,TRUE,,,,Maintenance Gel Oil 200ml EWA35 | Factory Direct Flooring,Buy Maintenance Gel Oil 200ml EWA35 at Factory Direct Flooring — Accessories at competitive prices. Free samples and UK delivery.,active
high-temperature-vinyl-adhesive,High Temperature Vinyl Adhesive,"<h2>High Temperature Vinyl Adhesive</h2><p><strong>High Temperature Vinyl Adhesive</strong> from Factory Direct Flooring. Professional quality finishing accessories for a perfect installation.</p>
<h3>Key Features</h3><ul><li>Professional Quality</li><li>Wide Compatibility</li><li>Easy Installation</li><li>Excellent Value</li></ul>
<h3>Installation</h3><p>Refer to packaging guidelines.</p>
<h3>Care</h3><p>Maintenance-free once installed.</p>
<h3>Why Factory Direct Flooring?</h3><p>UK's trusted flooring specialist — premium quality at factory direct prices. Free samples, full warranties and fast UK delivery.</p>",Factory Direct Flooring,,Accessories,accessories,TRUE,Title,Default Title,71394,0,shopify,100,deny,manual,71.74,71.74,TRUE,TRUE,,,,High Temperature Vinyl Adhesive | Factory Direct Flooring,Buy High Temperature Vinyl Adhesive at Factory Direct Flooring — Accessories at competitive prices. Free samples and UK delivery.,active
real-wood-flooring-adhesive-ewa66,Real Wood Flooring Adhesive EWA66,"<h2>Real Wood Flooring Adhesive EWA66</h2><p><strong>Real Wood Flooring Adhesive EWA66</strong> from Factory Direct Flooring. Professional quality finishing accessories for a perfect installation.</p>
<h3>Key Features</h3><ul><li>Professional Quality</li><li>Wide Compatibility</li><li>Easy Installation</li><li>Excellent Value</li></ul>
<h3>Installation</h3><p>Refer to packaging guidelines.</p>
<h3>Care</h3><p>Maintenance-free once installed.</p>
<h3>Why Factory Direct Flooring?</h3><p>UK's trusted flooring specialist — premium quality at factory direct prices. Free samples, full warranties and fast UK delivery.</p>",Factory Direct Flooring,,Accessories,accessories,TRUE,Title,Default Title,72833,0,shopify,100,deny,manual,113.98,113.98,TRUE,TRUE,,,,Real Wood Flooring Adhesive EWA66 | Factory Direct Flooring,Buy Real Wood Flooring Adhesive EWA66 at Factory Direct Flooring — Accessories at competitive prices. Free samples and UK delivery.,active
waterproof-self-adhesive-12mm-beading,Waterproof Self Adhesive 12mm Beading,"<h2>Waterproof Self Adhesive 12mm Beading</h2><p><strong>Waterproof Self Adhesive 12mm Beading</strong> from Factory Direct Flooring. Professional quality finishing accessories for a perfect installation.</p>
<h3>Key Features</h3><ul><li>Professional Quality</li><li>Wide Compatibility</li><li>Easy Installation</li><li>Excellent Value</li></ul>
<h3>Installation</h3><p>Refer to packaging guidelines.</p>
<h3>Care</h3><p>Maintenance-free once installed.</p>
<h3>Why Factory Direct Flooring?</h3><p>UK's trusted flooring specialist — premium quality at factory direct prices. Free samples, full warranties and fast UK delivery.</p>",Factory Direct Flooring,,Accessories,accessories,TRUE,Title,Default Title,73148,0,shopify,100,deny,manual,11.45,11.45,TRUE,TRUE,,,,Waterproof Self Adhesive 12mm Beading | Factory Direct Flooring,Buy Waterproof Self Adhesive 12mm Beading at Factory Direct Flooring — Accessories at competitive prices. Free samples and UK delivery.,active
patch-it-10kg-rapid-repair-mortar,Patch It 10kg Rapid Repair Mortar,"<h2>Patch It 10kg Rapid Repair Mortar</h2><p><strong>Patch It 10kg Rapid Repair Mortar</strong> from Factory Direct Flooring. Professional quality finishing accessories for a perfect installation.</p>
<h3>Key Features</h3><ul><li>Professional Quality</li><li>Wide Compatibility</li><li>Easy Installation</li><li>Excellent Value</li></ul>
<h3>Installation</h3><p>Refer to packaging guidelines.</p>
<h3>Care</h3><p>Maintenance-free once installed.</p>
<h3>Why Factory Direct Flooring?</h3><p>UK's trusted flooring specialist — premium quality at factory direct prices. Free samples, full warranties and fast UK delivery.</p>",Factory Direct Flooring,,Accessories,accessories,TRUE,Title,Default Title,73196,0,shopify,100,deny,manual,35.99,35.99,TRUE,TRUE,https://shadiikart-prog.github.io/product-scraper-demo/scrapers/output/images/00019_rapid-mortar-repair-5kg-bucket.jpg,1,Patch It 10kg Rapid Repair Mortar,Patch It 10kg Rapid Repair Mortar | Factory Direct Flooring,Buy Patch It 10kg Rapid Repair Mortar at Factory Direct Flooring — Accessories at competitive prices. Free samples and UK delivery.,active
premium-wood-underlay-ewa1-inc-vapour-barrier,Premium Wood Underlay EWA1 Inc Vapour Barrier,"<h2>Premium Wood Underlay EWA1 Inc Vapour Barrier</h2><p><strong>Premium Wood Underlay EWA1 Inc Vapour Barrier</strong> from Factory Direct Flooring. Professional quality finishing accessories for a perfect installation.</p>
<h3>Key Features</h3><ul><li>Professional Quality</li><li>Wide Compatibility</li><li>Easy Installation</li><li>Excellent Value</li></ul>
<h3>Installation</h3><p>Refer to packaging guidelines.</p>
<h3>Care</h3><p>Maintenance-free once installed.</p>
<h3>Why Factory Direct Flooring?</h3><p>UK's trusted flooring specialist — premium quality at factory direct prices. Free samples, full warranties and fast UK delivery.</p>",Factory Direct Flooring,,Accessories,accessories,TRUE,Title,Default Title,73838,0,shopify,100,deny,manual,59.56,59.56,TRUE,TRUE,,,,Premium Wood Underlay EWA1 Inc Vapour Barrier | Factory Direct Flooring,Buy Premium Wood Underlay EWA1 Inc Vapour Barrier at Factory Direct Flooring — Accessories at competitive prices. Free samples and UK delivery.,active
cold-weld-sealant,Cold Weld Sealant,"<h2>Cold Weld Sealant</h2><p><strong>Cold Weld Sealant</strong> from Factory Direct Flooring. Professional quality finishing accessories for a perfect installation.</p>
<h3>Key Features</h3><ul><li>Professional Quality</li><li>Wide Compatibility</li><li>Easy Installation</li><li>Excellent Value</li></ul>
<h3>Installation</h3><p>Refer to packaging guidelines.</p>
<h3>Care</h3><p>Maintenance-free once installed.</p>
<h3>Why Factory Direct Flooring?</h3><p>UK's trusted flooring specialist — premium quality at factory direct prices. Free samples, full warranties and fast UK delivery.</p>",Factory Direct Flooring,,Accessories,accessories,TRUE,Title,Default Title,73863,0,shopify,100,deny,manual,23.98,23.98,TRUE,TRUE,,,,Cold Weld Sealant | Factory Direct Flooring,Buy Cold Weld Sealant at Factory Direct Flooring — Accessories at competitive prices. Free samples and UK delivery.,active
felt-pad-protectors,Felt Pad Protectors,"<h2>Felt Pad Protectors</h2><p><strong>Felt Pad Protectors</strong> from Factory Direct Flooring. Professional quality finishing accessories for a perfect installation.</p>
<h3>Key Features</h3><ul><li>Professional Quality</li><li>Wide Compatibility</li><li>Easy Installation</li><li>Excellent Value</li></ul>
<h3>Installation</h3><p>Refer to packaging guidelines.</p>
<h3>Care</h3><p>Maintenance-free once installed.</p>
<h3>Why Factory Direct Flooring?</h3><p>UK's trusted flooring specialist — premium quality at factory direct prices. Free samples, full warranties and fast UK delivery.</p>",Factory Direct Flooring,,Accessories,accessories,TRUE,Title,Default Title,73911,0,shopify,100,deny,manual,5.98,5.98,TRUE,TRUE,,,,Felt Pad Protectors | Factory Direct Flooring,Buy Felt Pad Protectors at Factory Direct Flooring — Accessories at competitive prices. Free samples and UK delivery.,active
