Handle,Title,Body (HTML),Vendor,Product Category,Type,Tags,Published,Option1 Name,Option1 Value,Variant SKU,Variant Grams,Variant Inventory Tracker,Variant Inventory Qty,Variant Inventory Policy,Variant Fulfillment Service,Variant Price,Variant Compare At Price,Variant Requires Shipping,Variant Taxable,Image Src,Image Position,Image Alt Text,SEO Title,SEO Description,Status
herringbone-solid-wood-flooring-18mm-natural-brushed-oiled,Herringbone Solid Wood Flooring 18mm Natural Brushed Oiled,"<h2>Herringbone Solid Wood Flooring 18mm Natural Brushed Oiled</h2><p>Introducing the <strong>Herringbone Solid Wood Flooring 18mm Natural Brushed Oiled</strong> from Factory Direct Flooring in a stunning <strong>Natural</strong> finish with a <strong>18mm</strong> profile. Crafted from 100% real timber, this genuine solid wood floor delivers unmatched natural beauty and character. Every single plank is unique — with its own natural grain, knots and colour variation that make solid wood truly one of a kind and a floor that improves in character and warmth with every passing year.</p>
<h3>Key Highlights</h3><ul><li><strong>100% Real Solid Timber</strong> — authentic grain and natural character in every single plank</li><li><strong>Sand &amp; Refinish</strong> — can be sanded and refinished up to 5 times, making it a truly lifelong investment</li><li><strong>Natural Insulator</strong> — timber naturally retains warmth and helps reduce energy bills</li><li><strong>Adds Property Value</strong> — solid wood is proven to increase the value of your home</li><li><strong>Sustainably Sourced</strong> — certified timber from responsibly managed forests</li><li><strong>Unique Every Time</strong> — no two planks are ever identical</li></ul>
<h3>Installation</h3><p>This solid wood floor can be secret-nailed or glued to a suitable subfloor. Acclimatise for 48–72 hours in the installation room before fitting. Leave a minimum 15mm expansion gap around all fixed objects. Professional installation is strongly recommended to achieve the best results and maintain the manufacturer's warranty.</p>
<h3>Care &amp; Maintenance</h3><p>Sweep or vacuum regularly with a soft brush attachment. Clean with a wood-specific cleaner on a lightly damp, well-wrung mop — avoid excessive moisture at all times. Wipe spills immediately. Use felt pads under all furniture legs. Place mats at entrances to prevent grit being tracked in.</p>
<h3>Why Factory Direct Flooring?</h3><p>We work directly with leading manufacturers and cut out the middleman to bring you premium solid wood floors at unbeatable prices. All products come with free expert advice, a full manufacturer's warranty and competitive UK delivery. Order free samples today.</p>",Factory Direct Flooring,,Solid Wood Flooring,solid-wood-flooring,TRUE,Title,Default Title,74110HB,0,shopify,100,deny,manual,68.15,68.15,TRUE,TRUE,,,Herringbone Solid Wood Flooring 18mm Natural Brushed Oiled,Herringbone Solid Wood Flooring 18mm Natural Brushed Oiled | Factory Direct Flooring,Buy Herringbone Solid Wood Flooring 18mm Natural Brushed Oiled at Factory Direct Flooring. Solid Wood Flooring available at competitive prices. Free UK delivery and expert advice. Order free samples today.,active
herringbone-solid-wood-flooring-18mm-natural-uv-oiled,Herringbone Solid Wood Flooring 18mm Natural Uv Oiled,"<h2>Herringbone Solid Wood Flooring 18mm Natural Uv Oiled</h2><p>Introducing the <strong>Herringbone Solid Wood Flooring 18mm Natural Uv Oiled</strong> from Factory Direct Flooring in a stunning <strong>Natural</strong> finish with a <strong>18mm</strong> profile. Crafted from 100% real timber, this genuine solid wood floor delivers unmatched natural beauty and character. Every single plank is unique — with its own natural grain, knots and colour variation that make solid wood truly one of a kind and a floor that improves in character and warmth with every passing year.</p>
<h3>Key Highlights</h3><ul><li><strong>100% Real Solid Timber</strong> — authentic grain and natural character in every single plank</li><li><strong>Sand &amp; Refinish</strong> — can be sanded and refinished up to 5 times, making it a truly lifelong investment</li><li><strong>Natural Insulator</strong> — timber naturally retains warmth and helps reduce energy bills</li><li><strong>Adds Property Value</strong> — solid wood is proven to increase the value of your home</li><li><strong>Sustainably Sourced</strong> — certified timber from responsibly managed forests</li><li><strong>Unique Every Time</strong> — no two planks are ever identical</li></ul>
<h3>Installation</h3><p>This solid wood floor can be secret-nailed or glued to a suitable subfloor. Acclimatise for 48–72 hours in the installation room before fitting. Leave a minimum 15mm expansion gap around all fixed objects. Professional installation is strongly recommended to achieve the best results and maintain the manufacturer's warranty.</p>
<h3>Care &amp; Maintenance</h3><p>Sweep or vacuum regularly with a soft brush attachment. Clean with a wood-specific cleaner on a lightly damp, well-wrung mop — avoid excessive moisture at all times. Wipe spills immediately. Use felt pads under all furniture legs. Place mats at entrances to prevent grit being tracked in.</p>
<h3>Why Factory Direct Flooring?</h3><p>We work directly with leading manufacturers and cut out the middleman to bring you premium solid wood floors at unbeatable prices. All products come with free expert advice, a full manufacturer's warranty and competitive UK delivery. Order free samples today.</p>",Factory Direct Flooring,,Solid Wood Flooring,solid-wood-flooring,TRUE,Title,Default Title,74111HB,0,shopify,100,deny,manual,68.15,68.15,TRUE,TRUE,,,Herringbone Solid Wood Flooring 18mm Natural Uv Oiled,Herringbone Solid Wood Flooring 18mm Natural Uv Oiled | Factory Direct Flooring,Buy Herringbone Solid Wood Flooring 18mm Natural Uv Oiled at Factory Direct Flooring. Solid Wood Flooring available at competitive prices. Free UK delivery and expert advice. Order free samples today.,active
herringbone-solid-wood-flooring-18mm-golden-brushed-matt-lacquer,Herringbone Solid Wood Flooring 18mm Golden Brushed Matt Lacquer,"<h2>Herringbone Solid Wood Flooring 18mm Golden Brushed Matt Lacquer</h2><p>Introducing the <strong>Herringbone Solid Wood Flooring 18mm Golden Brushed Matt Lacquer</strong> from Factory Direct Flooring in a stunning <strong>Golden</strong> finish with a <strong>18mm</strong> profile. Crafted from 100% real timber, this genuine solid wood floor delivers unmatched natural beauty and character. Every single plank is unique — with its own natural grain, knots and colour variation that make solid wood truly one of a kind and a floor that improves in character and warmth with every passing year.</p>
<h3>Key Highlights</h3><ul><li><strong>100% Real Solid Timber</strong> — authentic grain and natural character in every single plank</li><li><strong>Sand &amp; Refinish</strong> — can be sanded and refinished up to 5 times, making it a truly lifelong investment</li><li><strong>Natural Insulator</strong> — timber naturally retains warmth and helps reduce energy bills</li><li><strong>Adds Property Value</strong> — solid wood is proven to increase the value of your home</li><li><strong>Sustainably Sourced</strong> — certified timber from responsibly managed forests</li><li><strong>Unique Every Time</strong> — no two planks are ever identical</li></ul>
<h3>Installation</h3><p>This solid wood floor can be secret-nailed or glued to a suitable subfloor. Acclimatise for 48–72 hours in the installation room before fitting. Leave a minimum 15mm expansion gap around all fixed objects. Professional installation is strongly recommended to achieve the best results and maintain the manufacturer's warranty.</p>
<h3>Care &amp; Maintenance</h3><p>Sweep or vacuum regularly with a soft brush attachment. Clean with a wood-specific cleaner on a lightly damp, well-wrung mop — avoid excessive moisture at all times. Wipe spills immediately. Use felt pads under all furniture legs. Place mats at entrances to prevent grit being tracked in.</p>
<h3>Why Factory Direct Flooring?</h3><p>We work directly with leading manufacturers and cut out the middleman to bring you premium solid wood floors at unbeatable prices. All products come with free expert advice, a full manufacturer's warranty and competitive UK delivery. Order free samples today.</p>",Factory Direct Flooring,,Solid Wood Flooring,solid-wood-flooring,TRUE,Title,Default Title,74112HB,0,shopify,100,deny,manual,68.15,68.15,TRUE,TRUE,,,Herringbone Solid Wood Flooring 18mm Golden Brushed Matt Lacquer,Herringbone Solid Wood Flooring 18mm Golden Brushed Matt Lacquer | Factory Direct Flooring,Buy Herringbone Solid Wood Flooring 18mm Golden Brushed Matt Lacquer at Factory Direct Flooring. Solid Wood Flooring available at competitive prices. Free UK delivery and expert advice. Order free samples today.,active
herringbone-solid-wood-flooring-18mm-smoke-brushed-oiled,Herringbone Solid Wood Flooring 18mm Smoke Brushed Oiled,"<h2>Herringbone Solid Wood Flooring 18mm Smoke Brushed Oiled</h2><p>Introducing the <strong>Herringbone Solid Wood Flooring 18mm Smoke Brushed Oiled</strong> from Factory Direct Flooring with a <strong>18mm</strong> profile. Crafted from 100% real timber, this genuine solid wood floor delivers unmatched natural beauty and character. Every single plank is unique — with its own natural grain, knots and colour variation that make solid wood truly one of a kind and a floor that improves in character and warmth with every passing year.</p>
<h3>Key Highlights</h3><ul><li><strong>100% Real Solid Timber</strong> — authentic grain and natural character in every single plank</li><li><strong>Sand &amp; Refinish</strong> — can be sanded and refinished up to 5 times, making it a truly lifelong investment</li><li><strong>Natural Insulator</strong> — timber naturally retains warmth and helps reduce energy bills</li><li><strong>Adds Property Value</strong> — solid wood is proven to increase the value of your home</li><li><strong>Sustainably Sourced</strong> — certified timber from responsibly managed forests</li><li><strong>Unique Every Time</strong> — no two planks are ever identical</li></ul>
<h3>Installation</h3><p>This solid wood floor can be secret-nailed or glued to a suitable subfloor. Acclimatise for 48–72 hours in the installation room before fitting. Leave a minimum 15mm expansion gap around all fixed objects. Professional installation is strongly recommended to achieve the best results and maintain the manufacturer's warranty.</p>
<h3>Care &amp; Maintenance</h3><p>Sweep or vacuum regularly with a soft brush attachment. Clean with a wood-specific cleaner on a lightly damp, well-wrung mop — avoid excessive moisture at all times. Wipe spills immediately. Use felt pads under all furniture legs. Place mats at entrances to prevent grit being tracked in.</p>
<h3>Why Factory Direct Flooring?</h3><p>We work directly with leading manufacturers and cut out the middleman to bring you premium solid wood floors at unbeatable prices. All products come with free expert advice, a full manufacturer's warranty and competitive UK delivery. Order free samples today.</p>",Factory Direct Flooring,,Solid Wood Flooring,solid-wood-flooring,TRUE,Title,Default Title,74113HB,0,shopify,100,deny,manual,68.15,68.15,TRUE,TRUE,,,Herringbone Solid Wood Flooring 18mm Smoke Brushed Oiled,Herringbone Solid Wood Flooring 18mm Smoke Brushed Oiled | Factory Direct Flooring,Buy Herringbone Solid Wood Flooring 18mm Smoke Brushed Oiled at Factory Direct Flooring. Solid Wood Flooring available at competitive prices. Free UK delivery and expert advice. Order free samples today.,active
byland-18mm-x-120mm-solid-wood-flooring-natural-brushed-uv-oiled,Byland 18mm x 120mm Solid Wood Flooring Natural Brushed Uv Oiled,"<h2>Byland 18mm x 120mm Solid Wood Flooring Natural Brushed Uv Oiled</h2><p>Introducing the <strong>Byland 18mm x 120mm Solid Wood Flooring Natural Brushed Uv Oiled</strong> from Factory Direct Flooring in a stunning <strong>Natural</strong> finish with a <strong>18mm</strong> profile. Crafted from 100% real timber, this genuine solid wood floor delivers unmatched natural beauty and character. Every single plank is unique — with its own natural grain, knots and colour variation that make solid wood truly one of a kind and a floor that improves in character and warmth with every passing year.</p>
<h3>Key Highlights</h3><ul><li><strong>100% Real Solid Timber</strong> — authentic grain and natural character in every single plank</li><li><strong>Sand &amp; Refinish</strong> — can be sanded and refinished up to 5 times, making it a truly lifelong investment</li><li><strong>Natural Insulator</strong> — timber naturally retains warmth and helps reduce energy bills</li><li><strong>Adds Property Value</strong> — solid wood is proven to increase the value of your home</li><li><strong>Sustainably Sourced</strong> — certified timber from responsibly managed forests</li><li><strong>Unique Every Time</strong> — no two planks are ever identical</li></ul>
<h3>Installation</h3><p>This solid wood floor can be secret-nailed or glued to a suitable subfloor. Acclimatise for 48–72 hours in the installation room before fitting. Leave a minimum 15mm expansion gap around all fixed objects. Professional installation is strongly recommended to achieve the best results and maintain the manufacturer's warranty.</p>
<h3>Care &amp; Maintenance</h3><p>Sweep or vacuum regularly with a soft brush attachment. Clean with a wood-specific cleaner on a lightly damp, well-wrung mop — avoid excessive moisture at all times. Wipe spills immediately. Use felt pads under all furniture legs. Place mats at entrances to prevent grit being tracked in.</p>
<h3>Why Factory Direct Flooring?</h3><p>We work directly with leading manufacturers and cut out the middleman to bring you premium solid wood floors at unbeatable prices. All products come with free expert advice, a full manufacturer's warranty and competitive UK delivery. Order free samples today.</p>",Factory Direct Flooring,,Solid Wood Flooring,solid-wood-flooring,TRUE,Title,Default Title,74115S,0,shopify,100,deny,manual,64.77,64.77,TRUE,TRUE,,,Byland 18mm x 120mm Solid Wood Flooring Natural Brushed Uv Oiled,Byland 18mm x 120mm Solid Wood Flooring Natural Brushed Uv Oiled | Factory Direct Flooring,Buy Byland 18mm x 120mm Solid Wood Flooring Natural Brushed Uv Oiled at Factory Direct Flooring. Solid Wood Flooring available at competitive prices. Free UK delivery and expert advice. Order free samples today.,active
hinton-18mm-x-120mm-solid-wood-flooring-natural-matt-lacquer,Hinton 18mm x 120mm Solid Wood Flooring Natural Matt Lacquer,"<h2>Hinton 18mm x 120mm Solid Wood Flooring Natural Matt Lacquer</h2><p>Introducing the <strong>Hinton 18mm x 120mm Solid Wood Flooring Natural Matt Lacquer</strong> from Factory Direct Flooring in a stunning <strong>Natural</strong> finish with a <strong>18mm</strong> profile. Crafted from 100% real timber, this genuine solid wood floor delivers unmatched natural beauty and character. Every single plank is unique — with its own natural grain, knots and colour variation that make solid wood truly one of a kind and a floor that improves in character and warmth with every passing year.</p>
<h3>Key Highlights</h3><ul><li><strong>100% Real Solid Timber</strong> — authentic grain and natural character in every single plank</li><li><strong>Sand &amp; Refinish</strong> — can be sanded and refinished up to 5 times, making it a truly lifelong investment</li><li><strong>Natural Insulator</strong> — timber naturally retains warmth and helps reduce energy bills</li><li><strong>Adds Property Value</strong> — solid wood is proven to increase the value of your home</li><li><strong>Sustainably Sourced</strong> — certified timber from responsibly managed forests</li><li><strong>Unique Every Time</strong> — no two planks are ever identical</li></ul>
<h3>Installation</h3><p>This solid wood floor can be secret-nailed or glued to a suitable subfloor. Acclimatise for 48–72 hours in the installation room before fitting. Leave a minimum 15mm expansion gap around all fixed objects. Professional installation is strongly recommended to achieve the best results and maintain the manufacturer's warranty.</p>
<h3>Care &amp; Maintenance</h3><p>Sweep or vacuum regularly with a soft brush attachment. Clean with a wood-specific cleaner on a lightly damp, well-wrung mop — avoid excessive moisture at all times. Wipe spills immediately. Use felt pads under all furniture legs. Place mats at entrances to prevent grit being tracked in.</p>
<h3>Why Factory Direct Flooring?</h3><p>We work directly with leading manufacturers and cut out the middleman to bring you premium solid wood floors at unbeatable prices. All products come with free expert advice, a full manufacturer's warranty and competitive UK delivery. Order free samples today.</p>",Factory Direct Flooring,,Solid Wood Flooring,solid-wood-flooring,TRUE,Title,Default Title,74116S,0,shopify,100,deny,manual,64.77,64.77,TRUE,TRUE,,,Hinton 18mm x 120mm Solid Wood Flooring Natural Matt Lacquer,Hinton 18mm x 120mm Solid Wood Flooring Natural Matt Lacquer | Factory Direct Flooring,Buy Hinton 18mm x 120mm Solid Wood Flooring Natural Matt Lacquer at Factory Direct Flooring. Solid Wood Flooring available at competitive prices. Free UK delivery and expert advice. Order free samples today.,active
newminster-18mm-solid-wood-flooring-150mm-natural-oak-matt-lacquer,Newminster 18mm Solid Wood Flooring 150mm Natural Oak Matt Lacquer,"<h2>Newminster 18mm Solid Wood Flooring 150mm Natural Oak Matt Lacquer</h2><p>Introducing the <strong>Newminster 18mm Solid Wood Flooring 150mm Natural Oak Matt Lacquer</strong> from Factory Direct Flooring in a stunning <strong>Oak</strong> finish with a <strong>18mm</strong> profile. Crafted from 100% real timber, this genuine solid wood floor delivers unmatched natural beauty and character. Every single plank is unique — with its own natural grain, knots and colour variation that make solid wood truly one of a kind and a floor that improves in character and warmth with every passing year.</p>
<h3>Key Highlights</h3><ul><li><strong>100% Real Solid Timber</strong> — authentic grain and natural character in every single plank</li><li><strong>Sand &amp; Refinish</strong> — can be sanded and refinished up to 5 times, making it a truly lifelong investment</li><li><strong>Natural Insulator</strong> — timber naturally retains warmth and helps reduce energy bills</li><li><strong>Adds Property Value</strong> — solid wood is proven to increase the value of your home</li><li><strong>Sustainably Sourced</strong> — certified timber from responsibly managed forests</li><li><strong>Unique Every Time</strong> — no two planks are ever identical</li></ul>
<h3>Installation</h3><p>This solid wood floor can be secret-nailed or glued to a suitable subfloor. Acclimatise for 48–72 hours in the installation room before fitting. Leave a minimum 15mm expansion gap around all fixed objects. Professional installation is strongly recommended to achieve the best results and maintain the manufacturer's warranty.</p>
<h3>Care &amp; Maintenance</h3><p>Sweep or vacuum regularly with a soft brush attachment. Clean with a wood-specific cleaner on a lightly damp, well-wrung mop — avoid excessive moisture at all times. Wipe spills immediately. Use felt pads under all furniture legs. Place mats at entrances to prevent grit being tracked in.</p>
<h3>Why Factory Direct Flooring?</h3><p>We work directly with leading manufacturers and cut out the middleman to bring you premium solid wood floors at unbeatable prices. All products come with free expert advice, a full manufacturer's warranty and competitive UK delivery. Order free samples today.</p>",Factory Direct Flooring,,Solid Wood Flooring,solid-wood-flooring,TRUE,Title,Default Title,74117S,0,shopify,100,deny,manual,68.15,68.15,TRUE,TRUE,,,Newminster 18mm Solid Wood Flooring 150mm Natural Oak Matt Lacquer,Newminster 18mm Solid Wood Flooring 150mm Natural Oak Matt Lacquer | Factory Direct Flooring,Buy Newminster 18mm Solid Wood Flooring 150mm Natural Oak Matt Lacquer at Factory Direct Flooring. Solid Wood Flooring available at competitive prices. Free UK delivery and expert advice. Order free samples today.,active
malton-18mm-x-120mm-double-smoked-brushed-matt-lacquer-solid-oak-flooring,Malton 18mm x 120mm Double Smoked Brushed Matt Lacquer Solid Oak Flooring,"<h2>Malton 18mm x 120mm Double Smoked Brushed Matt Lacquer Solid Oak Flooring</h2><p>Introducing the <strong>Malton 18mm x 120mm Double Smoked Brushed Matt Lacquer Solid Oak Flooring</strong> from Factory Direct Flooring in a stunning <strong>Oak</strong> finish with a <strong>18mm</strong> profile. Crafted from 100% real timber, this genuine solid wood floor delivers unmatched natural beauty and character. Every single plank is unique — with its own natural grain, knots and colour variation that make solid wood truly one of a kind and a floor that improves in character and warmth with every passing year.</p>
<h3>Key Highlights</h3><ul><li><strong>100% Real Solid Timber</strong> — authentic grain and natural character in every single plank</li><li><strong>Sand &amp; Refinish</strong> — can be sanded and refinished up to 5 times, making it a truly lifelong investment</li><li><strong>Natural Insulator</strong> — timber naturally retains warmth and helps reduce energy bills</li><li><strong>Adds Property Value</strong> — solid wood is proven to increase the value of your home</li><li><strong>Sustainably Sourced</strong> — certified timber from responsibly managed forests</li><li><strong>Unique Every Time</strong> — no two planks are ever identical</li></ul>
<h3>Installation</h3><p>This solid wood floor can be secret-nailed or glued to a suitable subfloor. Acclimatise for 48–72 hours in the installation room before fitting. Leave a minimum 15mm expansion gap around all fixed objects. Professional installation is strongly recommended to achieve the best results and maintain the manufacturer's warranty.</p>
<h3>Care &amp; Maintenance</h3><p>Sweep or vacuum regularly with a soft brush attachment. Clean with a wood-specific cleaner on a lightly damp, well-wrung mop — avoid excessive moisture at all times. Wipe spills immediately. Use felt pads under all furniture legs. Place mats at entrances to prevent grit being tracked in.</p>
<h3>Why Factory Direct Flooring?</h3><p>We work directly with leading manufacturers and cut out the middleman to bring you premium solid wood floors at unbeatable prices. All products come with free expert advice, a full manufacturer's warranty and competitive UK delivery. Order free samples today.</p>",Factory Direct Flooring,,Solid Wood Flooring,solid-wood-flooring,TRUE,Title,Default Title,74118S,0,shopify,100,deny,manual,68.15,68.15,TRUE,TRUE,,,Malton 18mm x 120mm Double Smoked Brushed Matt Lacquer Solid Oak Flooring,Malton 18mm x 120mm Double Smoked Brushed Matt Lacquer Solid Oak Flooring | Factory Direct Flooring,Buy Malton 18mm x 120mm Double Smoked Brushed Matt Lacquer Solid Oak Flooring at Factory Direct Flooring. Solid Wood Flooring available at competitive prices. Free UK delivery and expert advice. Order free samples today.,active
watton-18mm-x-120mm-solid-oak-flooring-golden-handscraped-matt-lacquer,Watton 18mm x 120mm Solid Oak Flooring Golden Handscraped Matt Lacquer,"<h2>Watton 18mm x 120mm Solid Oak Flooring Golden Handscraped Matt Lacquer</h2><p>Introducing the <strong>Watton 18mm x 120mm Solid Oak Flooring Golden Handscraped Matt Lacquer</strong> from Factory Direct Flooring in a stunning <strong>Oak</strong> finish with a <strong>18mm</strong> profile. Crafted from 100% real timber, this genuine solid wood floor delivers unmatched natural beauty and character. Every single plank is unique — with its own natural grain, knots and colour variation that make solid wood truly one of a kind and a floor that improves in character and warmth with every passing year.</p>
<h3>Key Highlights</h3><ul><li><strong>100% Real Solid Timber</strong> — authentic grain and natural character in every single plank</li><li><strong>Sand &amp; Refinish</strong> — can be sanded and refinished up to 5 times, making it a truly lifelong investment</li><li><strong>Natural Insulator</strong> — timber naturally retains warmth and helps reduce energy bills</li><li><strong>Adds Property Value</strong> — solid wood is proven to increase the value of your home</li><li><strong>Sustainably Sourced</strong> — certified timber from responsibly managed forests</li><li><strong>Unique Every Time</strong> — no two planks are ever identical</li></ul>
<h3>Installation</h3><p>This solid wood floor can be secret-nailed or glued to a suitable subfloor. Acclimatise for 48–72 hours in the installation room before fitting. Leave a minimum 15mm expansion gap around all fixed objects. Professional installation is strongly recommended to achieve the best results and maintain the manufacturer's warranty.</p>
<h3>Care &amp; Maintenance</h3><p>Sweep or vacuum regularly with a soft brush attachment. Clean with a wood-specific cleaner on a lightly damp, well-wrung mop — avoid excessive moisture at all times. Wipe spills immediately. Use felt pads under all furniture legs. Place mats at entrances to prevent grit being tracked in.</p>
<h3>Why Factory Direct Flooring?</h3><p>We work directly with leading manufacturers and cut out the middleman to bring you premium solid wood floors at unbeatable prices. All products come with free expert advice, a full manufacturer's warranty and competitive UK delivery. Order free samples today.</p>",Factory Direct Flooring,,Solid Wood Flooring,solid-wood-flooring,TRUE,Title,Default Title,74119S,0,shopify,100,deny,manual,68.15,68.15,TRUE,TRUE,,,Watton 18mm x 120mm Solid Oak Flooring Golden Handscraped Matt Lacquer,Watton 18mm x 120mm Solid Oak Flooring Golden Handscraped Matt Lacquer | Factory Direct Flooring,Buy Watton 18mm x 120mm Solid Oak Flooring Golden Handscraped Matt Lacquer at Factory Direct Flooring. Solid Wood Flooring available at competitive prices. Free UK delivery and expert advice. Order free samples today.,active
cumaru-18mm-solid-wood-flooring-brushed-oiled-oak-150mm-wide,Cumaru 18mm Solid Wood Flooring Brushed Oiled Oak 150mm Wide,"<h2>Cumaru 18mm Solid Wood Flooring Brushed Oiled Oak 150mm Wide</h2><p>Introducing the <strong>Cumaru 18mm Solid Wood Flooring Brushed Oiled Oak 150mm Wide</strong> from Factory Direct Flooring in a stunning <strong>Oak</strong> finish with a <strong>18mm</strong> profile. Crafted from 100% real timber, this genuine solid wood floor delivers unmatched natural beauty and character. Every single plank is unique — with its own natural grain, knots and colour variation that make solid wood truly one of a kind and a floor that improves in character and warmth with every passing year.</p>
<h3>Key Highlights</h3><ul><li><strong>100% Real Solid Timber</strong> — authentic grain and natural character in every single plank</li><li><strong>Sand &amp; Refinish</strong> — can be sanded and refinished up to 5 times, making it a truly lifelong investment</li><li><strong>Natural Insulator</strong> — timber naturally retains warmth and helps reduce energy bills</li><li><strong>Adds Property Value</strong> — solid wood is proven to increase the value of your home</li><li><strong>Sustainably Sourced</strong> — certified timber from responsibly managed forests</li><li><strong>Unique Every Time</strong> — no two planks are ever identical</li></ul>
<h3>Installation</h3><p>This solid wood floor can be secret-nailed or glued to a suitable subfloor. Acclimatise for 48–72 hours in the installation room before fitting. Leave a minimum 15mm expansion gap around all fixed objects. Professional installation is strongly recommended to achieve the best results and maintain the manufacturer's warranty.</p>
<h3>Care &amp; Maintenance</h3><p>Sweep or vacuum regularly with a soft brush attachment. Clean with a wood-specific cleaner on a lightly damp, well-wrung mop — avoid excessive moisture at all times. Wipe spills immediately. Use felt pads under all furniture legs. Place mats at entrances to prevent grit being tracked in.</p>
<h3>Why Factory Direct Flooring?</h3><p>We work directly with leading manufacturers and cut out the middleman to bring you premium solid wood floors at unbeatable prices. All products come with free expert advice, a full manufacturer's warranty and competitive UK delivery. Order free samples today.</p>",Factory Direct Flooring,,Solid Wood Flooring,solid-wood-flooring,TRUE,Title,Default Title,74126S,0,shopify,100,deny,manual,68.15,68.15,TRUE,TRUE,,,Cumaru 18mm Solid Wood Flooring Brushed Oiled Oak 150mm Wide,Cumaru 18mm Solid Wood Flooring Brushed Oiled Oak 150mm Wide | Factory Direct Flooring,Buy Cumaru 18mm Solid Wood Flooring Brushed Oiled Oak 150mm Wide at Factory Direct Flooring. Solid Wood Flooring available at competitive prices. Free UK delivery and expert advice. Order free samples today.,active
herringbone-solid-wood-flooring-18mm-natural-brushed-matt-lacquer,Herringbone Solid Wood Flooring 18mm Natural Matt Lacquer,"<h2>Herringbone Solid Wood Flooring 18mm Natural Matt Lacquer</h2><p>Introducing the <strong>Herringbone Solid Wood Flooring 18mm Natural Matt Lacquer</strong> from Factory Direct Flooring in a stunning <strong>Natural</strong> finish with a <strong>18mm</strong> profile. Crafted from 100% real timber, this genuine solid wood floor delivers unmatched natural beauty and character. Every single plank is unique — with its own natural grain, knots and colour variation that make solid wood truly one of a kind and a floor that improves in character and warmth with every passing year.</p>
<h3>Key Highlights</h3><ul><li><strong>100% Real Solid Timber</strong> — authentic grain and natural character in every single plank</li><li><strong>Sand &amp; Refinish</strong> — can be sanded and refinished up to 5 times, making it a truly lifelong investment</li><li><strong>Natural Insulator</strong> — timber naturally retains warmth and helps reduce energy bills</li><li><strong>Adds Property Value</strong> — solid wood is proven to increase the value of your home</li><li><strong>Sustainably Sourced</strong> — certified timber from responsibly managed forests</li><li><strong>Unique Every Time</strong> — no two planks are ever identical</li></ul>
<h3>Installation</h3><p>This solid wood floor can be secret-nailed or glued to a suitable subfloor. Acclimatise for 48–72 hours in the installation room before fitting. Leave a minimum 15mm expansion gap around all fixed objects. Professional installation is strongly recommended to achieve the best results and maintain the manufacturer's warranty.</p>
<h3>Care &amp; Maintenance</h3><p>Sweep or vacuum regularly with a soft brush attachment. Clean with a wood-specific cleaner on a lightly damp, well-wrung mop — avoid excessive moisture at all times. Wipe spills immediately. Use felt pads under all furniture legs. Place mats at entrances to prevent grit being tracked in.</p>
<h3>Why Factory Direct Flooring?</h3><p>We work directly with leading manufacturers and cut out the middleman to bring you premium solid wood floors at unbeatable prices. All products come with free expert advice, a full manufacturer's warranty and competitive UK delivery. Order free samples today.</p>",Factory Direct Flooring,,Solid Wood Flooring,solid-wood-flooring,TRUE,Title,Default Title,74167NML,0,shopify,100,deny,manual,68.15,68.15,TRUE,TRUE,,,Herringbone Solid Wood Flooring 18mm Natural Matt Lacquer,Herringbone Solid Wood Flooring 18mm Natural Matt Lacquer | Factory Direct Flooring,Buy Herringbone Solid Wood Flooring 18mm Natural Matt Lacquer at Factory Direct Flooring. Solid Wood Flooring available at competitive prices. Free UK delivery and expert advice. Order free samples today.,active
hawthorn-18mm-x-125mm-solid-wood-flooring-natural-matt-lacquer,Hawthorn 18mm x 125mm Solid Wood Flooring Natural Matt Lacquer,"<h2>Hawthorn 18mm x 125mm Solid Wood Flooring Natural Matt Lacquer</h2><p>Introducing the <strong>Hawthorn 18mm x 125mm Solid Wood Flooring Natural Matt Lacquer</strong> from Factory Direct Flooring in a stunning <strong>Natural</strong> finish with a <strong>18mm</strong> profile. Crafted from 100% real timber, this genuine solid wood floor delivers unmatched natural beauty and character. Every single plank is unique — with its own natural grain, knots and colour variation that make solid wood truly one of a kind and a floor that improves in character and warmth with every passing year.</p>
<h3>Key Highlights</h3><ul><li><strong>100% Real Solid Timber</strong> — authentic grain and natural character in every single plank</li><li><strong>Sand &amp; Refinish</strong> — can be sanded and refinished up to 5 times, making it a truly lifelong investment</li><li><strong>Natural Insulator</strong> — timber naturally retains warmth and helps reduce energy bills</li><li><strong>Adds Property Value</strong> — solid wood is proven to increase the value of your home</li><li><strong>Sustainably Sourced</strong> — certified timber from responsibly managed forests</li><li><strong>Unique Every Time</strong> — no two planks are ever identical</li></ul>
<h3>Installation</h3><p>This solid wood floor can be secret-nailed or glued to a suitable subfloor. Acclimatise for 48–72 hours in the installation room before fitting. Leave a minimum 15mm expansion gap around all fixed objects. Professional installation is strongly recommended to achieve the best results and maintain the manufacturer's warranty.</p>
<h3>Care &amp; Maintenance</h3><p>Sweep or vacuum regularly with a soft brush attachment. Clean with a wood-specific cleaner on a lightly damp, well-wrung mop — avoid excessive moisture at all times. Wipe spills immediately. Use felt pads under all furniture legs. Place mats at entrances to prevent grit being tracked in.</p>
<h3>Why Factory Direct Flooring?</h3><p>We work directly with leading manufacturers and cut out the middleman to bring you premium solid wood floors at unbeatable prices. All products come with free expert advice, a full manufacturer's warranty and competitive UK delivery. Order free samples today.</p>",Factory Direct Flooring,,Solid Wood Flooring,solid-wood-flooring,TRUE,Title,Default Title,74175HAW,0,shopify,100,deny,manual,64.78,64.78,TRUE,TRUE,,,Hawthorn 18mm x 125mm Solid Wood Flooring Natural Matt Lacquer,Hawthorn 18mm x 125mm Solid Wood Flooring Natural Matt Lacquer | Factory Direct Flooring,Buy Hawthorn 18mm x 125mm Solid Wood Flooring Natural Matt Lacquer at Factory Direct Flooring. Solid Wood Flooring available at competitive prices. Free UK delivery and expert advice. Order free samples today.,active
herringbone-parquet-engineered-wood-flooring-18mm-natural-oak-brushed-oiled,Herringbone Parquet Engineered Wood Flooring 18mm Natural Oak Brushed Oiled,"<h2>Herringbone Parquet Engineered Wood Flooring 18mm Natural Oak Brushed Oiled</h2><p>Discover the <strong>Herringbone Parquet Engineered Wood Flooring 18mm Natural Oak Brushed Oiled</strong> from Factory Direct Flooring in a stunning <strong>Oak</strong> finish with a <strong>18mm</strong> profile. Engineered wood combines the authentic warmth and beauty of real wood with enhanced structural stability, making it the smart and versatile choice for modern homes. The real wood top layer is completely indistinguishable from solid wood while the multi-layer core provides superior resistance to the effects of temperature and humidity change.</p>
<h3>Key Highlights</h3><ul><li><strong>Real Wood Top Layer</strong> — genuine timber veneer for an authentic natural appearance</li><li><strong>Multi-Layer Stability</strong> — cross-ply core resists warping, cupping and shrinking</li><li><strong>Underfloor Heating Compatible</strong> — engineered to work with both wet and electric UFH</li><li><strong>All-Level Installation</strong> — suitable for ground floor, first floor and basement</li><li><strong>Flexible Fitting</strong> — click float, secret nail or full glue-down options</li><li><strong>Wide Plank Options</strong> — available in a range of widths for a contemporary feel</li></ul>
<h3>Installation</h3><p>Can be floated (click), secret-nailed or fully glued depending on the product and subfloor type. Fully compatible with underfloor heating — floor surface temperature must not exceed 27°C. Suitable over concrete and timber subfloors. Acclimatise for 48 hours before fitting.</p>
<h3>Care &amp; Maintenance</h3><p>Sweep or vacuum regularly. Use a wood floor cleaner with a lightly damp mop for deeper cleaning — never use excessive water. Wipe liquid spills immediately. Avoid harsh chemicals, steam cleaners and abrasive products. Rearrange rugs periodically for even light exposure across the surface.</p>
<h3>Why Factory Direct Flooring?</h3><p>We are one of the UK's most trusted engineered wood specialists. Our buying power means you get the best quality at the lowest price. All products carry a full manufacturer's guarantee. Free samples available — see the quality for yourself before you commit.</p>",Factory Direct Flooring,,Engineered Wood Flooring,engineered-wood-flooring,TRUE,Title,Default Title,E33204BAO7,0,shopify,100,deny,manual,59.99,59.99,TRUE,TRUE,,,Herringbone Parquet Engineered Wood Flooring 18mm Natural Oak Brushed Oiled,Herringbone Parquet Engineered Wood Flooring 18mm Natural Oak Brushed Oiled | Factory Direct Flooring,Buy Herringbone Parquet Engineered Wood Flooring 18mm Natural Oak Brushed Oiled at Factory Direct Flooring. Engineered Wood Flooring available at competitive prices. Free UK delivery and expert advice. Order free samples today.,active
abbey-denny-engineered-wood-flooring-14mm-x-125mm-golden-oak-brushed-matt-lacquer,Abbey Denny Engineered Wood Flooring 14mm x 125mm Golden Oak Brushed Matt Lacquer,"<h2>Abbey Denny Engineered Wood Flooring 14mm x 125mm Golden Oak Brushed Matt Lacquer</h2><p>Discover the <strong>Abbey Denny Engineered Wood Flooring 14mm x 125mm Golden Oak Brushed Matt Lacquer</strong> from Factory Direct Flooring in a stunning <strong>Oak</strong> finish with a <strong>14mm</strong> profile. Engineered wood combines the authentic warmth and beauty of real wood with enhanced structural stability, making it the smart and versatile choice for modern homes. The real wood top layer is completely indistinguishable from solid wood while the multi-layer core provides superior resistance to the effects of temperature and humidity change.</p>
<h3>Key Highlights</h3><ul><li><strong>Real Wood Top Layer</strong> — genuine timber veneer for an authentic natural appearance</li><li><strong>Multi-Layer Stability</strong> — cross-ply core resists warping, cupping and shrinking</li><li><strong>Underfloor Heating Compatible</strong> — engineered to work with both wet and electric UFH</li><li><strong>All-Level Installation</strong> — suitable for ground floor, first floor and basement</li><li><strong>Flexible Fitting</strong> — click float, secret nail or full glue-down options</li><li><strong>Wide Plank Options</strong> — available in a range of widths for a contemporary feel</li></ul>
<h3>Installation</h3><p>Can be floated (click), secret-nailed or fully glued depending on the product and subfloor type. Fully compatible with underfloor heating — floor surface temperature must not exceed 27°C. Suitable over concrete and timber subfloors. Acclimatise for 48 hours before fitting.</p>
<h3>Care &amp; Maintenance</h3><p>Sweep or vacuum regularly. Use a wood floor cleaner with a lightly damp mop for deeper cleaning — never use excessive water. Wipe liquid spills immediately. Avoid harsh chemicals, steam cleaners and abrasive products. Rearrange rugs periodically for even light exposure across the surface.</p>
<h3>Why Factory Direct Flooring?</h3><p>We are one of the UK's most trusted engineered wood specialists. Our buying power means you get the best quality at the lowest price. All products carry a full manufacturer's guarantee. Free samples available — see the quality for yourself before you commit.</p>",Factory Direct Flooring,,Engineered Wood Flooring,engineered-wood-flooring,TRUE,Title,Default Title,E33288DEN5,0,shopify,100,deny,manual,45.59,45.59,TRUE,TRUE,,,Abbey Denny Engineered Wood Flooring 14mm x 125mm Golden Oak Brushed Matt Lacquer,Abbey Denny Engineered Wood Flooring 14mm x 125mm Golden Oak Brushed Matt Lacquer | Factory Direct Flooring,Buy Abbey Denny Engineered Wood Flooring 14mm x 125mm Golden Oak Brushed Matt Lacquer at Factory Direct Flooring. Engineered Wood Flooring available at competitive prices. Free UK delivery and expert advice. Order free samples today.,active
abbey-torre-engineered-wood-flooring-14mm-x-125mm-coffee-oak-brushed-matt-lacquered,Abbey Torre Engineered Wood Flooring 14mm x 125mm Coffee Oak Brushed Matt Lacquered,"<h2>Abbey Torre Engineered Wood Flooring 14mm x 125mm Coffee Oak Brushed Matt Lacquered</h2><p>Discover the <strong>Abbey Torre Engineered Wood Flooring 14mm x 125mm Coffee Oak Brushed Matt Lacquered</strong> from Factory Direct Flooring in a stunning <strong>Oak</strong> finish with a <strong>14mm</strong> profile. Engineered wood combines the authentic warmth and beauty of real wood with enhanced structural stability, making it the smart and versatile choice for modern homes. The real wood top layer is completely indistinguishable from solid wood while the multi-layer core provides superior resistance to the effects of temperature and humidity change.</p>
<h3>Key Highlights</h3><ul><li><strong>Real Wood Top Layer</strong> — genuine timber veneer for an authentic natural appearance</li><li><strong>Multi-Layer Stability</strong> — cross-ply core resists warping, cupping and shrinking</li><li><strong>Underfloor Heating Compatible</strong> — engineered to work with both wet and electric UFH</li><li><strong>All-Level Installation</strong> — suitable for ground floor, first floor and basement</li><li><strong>Flexible Fitting</strong> — click float, secret nail or full glue-down options</li><li><strong>Wide Plank Options</strong> — available in a range of widths for a contemporary feel</li></ul>
<h3>Installation</h3><p>Can be floated (click), secret-nailed or fully glued depending on the product and subfloor type. Fully compatible with underfloor heating — floor surface temperature must not exceed 27°C. Suitable over concrete and timber subfloors. Acclimatise for 48 hours before fitting.</p>
<h3>Care &amp; Maintenance</h3><p>Sweep or vacuum regularly. Use a wood floor cleaner with a lightly damp mop for deeper cleaning — never use excessive water. Wipe liquid spills immediately. Avoid harsh chemicals, steam cleaners and abrasive products. Rearrange rugs periodically for even light exposure across the surface.</p>
<h3>Why Factory Direct Flooring?</h3><p>We are one of the UK's most trusted engineered wood specialists. Our buying power means you get the best quality at the lowest price. All products carry a full manufacturer's guarantee. Free samples available — see the quality for yourself before you commit.</p>",Factory Direct Flooring,,Engineered Wood Flooring,engineered-wood-flooring,TRUE,Title,Default Title,E33290TOR3,0,shopify,100,deny,manual,45.59,45.59,TRUE,TRUE,,,Abbey Torre Engineered Wood Flooring 14mm x 125mm Coffee Oak Brushed Matt Lacquered,Abbey Torre Engineered Wood Flooring 14mm x 125mm Coffee Oak Brushed Matt Lacquered | Factory Direct Flooring,Buy Abbey Torre Engineered Wood Flooring 14mm x 125mm Coffee Oak Brushed Matt Lacquered at Factory Direct Flooring. Engineered Wood Flooring available at competitive prices. Free UK delivery and expert advice. Order free samples today.,active
abbey-sawtry-engineered-wood-flooring-14mm-x-125mm-oak-brushed-matt-lacquer,Abbey Sawtry Engineered Wood Flooring 14mm x 125mm Oak Brushed Matt Lacquer,"<h2>Abbey Sawtry Engineered Wood Flooring 14mm x 125mm Oak Brushed Matt Lacquer</h2><p>Discover the <strong>Abbey Sawtry Engineered Wood Flooring 14mm x 125mm Oak Brushed Matt Lacquer</strong> from Factory Direct Flooring in a stunning <strong>Oak</strong> finish with a <strong>14mm</strong> profile. Engineered wood combines the authentic warmth and beauty of real wood with enhanced structural stability, making it the smart and versatile choice for modern homes. The real wood top layer is completely indistinguishable from solid wood while the multi-layer core provides superior resistance to the effects of temperature and humidity change.</p>
<h3>Key Highlights</h3><ul><li><strong>Real Wood Top Layer</strong> — genuine timber veneer for an authentic natural appearance</li><li><strong>Multi-Layer Stability</strong> — cross-ply core resists warping, cupping and shrinking</li><li><strong>Underfloor Heating Compatible</strong> — engineered to work with both wet and electric UFH</li><li><strong>All-Level Installation</strong> — suitable for ground floor, first floor and basement</li><li><strong>Flexible Fitting</strong> — click float, secret nail or full glue-down options</li><li><strong>Wide Plank Options</strong> — available in a range of widths for a contemporary feel</li></ul>
<h3>Installation</h3><p>Can be floated (click), secret-nailed or fully glued depending on the product and subfloor type. Fully compatible with underfloor heating — floor surface temperature must not exceed 27°C. Suitable over concrete and timber subfloors. Acclimatise for 48 hours before fitting.</p>
<h3>Care &amp; Maintenance</h3><p>Sweep or vacuum regularly. Use a wood floor cleaner with a lightly damp mop for deeper cleaning — never use excessive water. Wipe liquid spills immediately. Avoid harsh chemicals, steam cleaners and abrasive products. Rearrange rugs periodically for even light exposure across the surface.</p>
<h3>Why Factory Direct Flooring?</h3><p>We are one of the UK's most trusted engineered wood specialists. Our buying power means you get the best quality at the lowest price. All products carry a full manufacturer's guarantee. Free samples available — see the quality for yourself before you commit.</p>",Factory Direct Flooring,,Engineered Wood Flooring,engineered-wood-flooring,TRUE,Title,Default Title,E33291SAW8,0,shopify,100,deny,manual,45.59,45.59,TRUE,TRUE,,,Abbey Sawtry Engineered Wood Flooring 14mm x 125mm Oak Brushed Matt Lacquer,Abbey Sawtry Engineered Wood Flooring 14mm x 125mm Oak Brushed Matt Lacquer | Factory Direct Flooring,Buy Abbey Sawtry Engineered Wood Flooring 14mm x 125mm Oak Brushed Matt Lacquer at Factory Direct Flooring. Engineered Wood Flooring available at competitive prices. Free UK delivery and expert advice. Order free samples today.,active
wroxton-engineered-wood-flooring-14mm-x-190mm-white-stained-oak-brushed-matt-lacquer,Wroxton Engineered Wood Flooring 14mm x 190mm White Stained Oak Brushed Matt Lacquer,"<h2>Wroxton Engineered Wood Flooring 14mm x 190mm White Stained Oak Brushed Matt Lacquer</h2><p>Discover the <strong>Wroxton Engineered Wood Flooring 14mm x 190mm White Stained Oak Brushed Matt Lacquer</strong> from Factory Direct Flooring in a stunning <strong>Oak</strong> finish with a <strong>14mm</strong> profile. Engineered wood combines the authentic warmth and beauty of real wood with enhanced structural stability, making it the smart and versatile choice for modern homes. The real wood top layer is completely indistinguishable from solid wood while the multi-layer core provides superior resistance to the effects of temperature and humidity change.</p>
<h3>Key Highlights</h3><ul><li><strong>Real Wood Top Layer</strong> — genuine timber veneer for an authentic natural appearance</li><li><strong>Multi-Layer Stability</strong> — cross-ply core resists warping, cupping and shrinking</li><li><strong>Underfloor Heating Compatible</strong> — engineered to work with both wet and electric UFH</li><li><strong>All-Level Installation</strong> — suitable for ground floor, first floor and basement</li><li><strong>Flexible Fitting</strong> — click float, secret nail or full glue-down options</li><li><strong>Wide Plank Options</strong> — available in a range of widths for a contemporary feel</li></ul>
<h3>Installation</h3><p>Can be floated (click), secret-nailed or fully glued depending on the product and subfloor type. Fully compatible with underfloor heating — floor surface temperature must not exceed 27°C. Suitable over concrete and timber subfloors. Acclimatise for 48 hours before fitting.</p>
<h3>Care &amp; Maintenance</h3><p>Sweep or vacuum regularly. Use a wood floor cleaner with a lightly damp mop for deeper cleaning — never use excessive water. Wipe liquid spills immediately. Avoid harsh chemicals, steam cleaners and abrasive products. Rearrange rugs periodically for even light exposure across the surface.</p>
<h3>Why Factory Direct Flooring?</h3><p>We are one of the UK's most trusted engineered wood specialists. Our buying power means you get the best quality at the lowest price. All products carry a full manufacturer's guarantee. Free samples available — see the quality for yourself before you commit.</p>",Factory Direct Flooring,,Engineered Wood Flooring,engineered-wood-flooring,TRUE,Title,Default Title,E34141WRO6,0,shopify,100,deny,manual,47.70,47.70,TRUE,TRUE,,,Wroxton Engineered Wood Flooring 14mm x 190mm White Stained Oak Brushed Matt Lacquer,Wroxton Engineered Wood Flooring 14mm x 190mm White Stained Oak Brushed Matt Lacquer | Factory Direct Flooring,Buy Wroxton Engineered Wood Flooring 14mm x 190mm White Stained Oak Brushed Matt Lacquer at Factory Direct Flooring. Engineered Wood Flooring available at competitive prices. Free UK delivery and expert advice. Order free samples today.,active
garsington-engineered-wood-flooring-oak-matt-lacquer-14mm-x-190mm,Garsington Engineered Wood Flooring Oak Matt Lacquer 14mm x 190mm,"<h2>Garsington Engineered Wood Flooring Oak Matt Lacquer 14mm x 190mm</h2><p>Discover the <strong>Garsington Engineered Wood Flooring Oak Matt Lacquer 14mm x 190mm</strong> from Factory Direct Flooring in a stunning <strong>Oak</strong> finish with a <strong>14mm</strong> profile. Engineered wood combines the authentic warmth and beauty of real wood with enhanced structural stability, making it the smart and versatile choice for modern homes. The real wood top layer is completely indistinguishable from solid wood while the multi-layer core provides superior resistance to the effects of temperature and humidity change.</p>
<h3>Key Highlights</h3><ul><li><strong>Real Wood Top Layer</strong> — genuine timber veneer for an authentic natural appearance</li><li><strong>Multi-Layer Stability</strong> — cross-ply core resists warping, cupping and shrinking</li><li><strong>Underfloor Heating Compatible</strong> — engineered to work with both wet and electric UFH</li><li><strong>All-Level Installation</strong> — suitable for ground floor, first floor and basement</li><li><strong>Flexible Fitting</strong> — click float, secret nail or full glue-down options</li><li><strong>Wide Plank Options</strong> — available in a range of widths for a contemporary feel</li></ul>
<h3>Installation</h3><p>Can be floated (click), secret-nailed or fully glued depending on the product and subfloor type. Fully compatible with underfloor heating — floor surface temperature must not exceed 27°C. Suitable over concrete and timber subfloors. Acclimatise for 48 hours before fitting.</p>
<h3>Care &amp; Maintenance</h3><p>Sweep or vacuum regularly. Use a wood floor cleaner with a lightly damp mop for deeper cleaning — never use excessive water. Wipe liquid spills immediately. Avoid harsh chemicals, steam cleaners and abrasive products. Rearrange rugs periodically for even light exposure across the surface.</p>
<h3>Why Factory Direct Flooring?</h3><p>We are one of the UK's most trusted engineered wood specialists. Our buying power means you get the best quality at the lowest price. All products carry a full manufacturer's guarantee. Free samples available — see the quality for yourself before you commit.</p>",Factory Direct Flooring,,Engineered Wood Flooring,engineered-wood-flooring,TRUE,Title,Default Title,E34143GAR8,0,shopify,100,deny,manual,43.83,43.83,TRUE,TRUE,,,Garsington Engineered Wood Flooring Oak Matt Lacquer 14mm x 190mm,Garsington Engineered Wood Flooring Oak Matt Lacquer 14mm x 190mm | Factory Direct Flooring,Buy Garsington Engineered Wood Flooring Oak Matt Lacquer 14mm x 190mm at Factory Direct Flooring. Engineered Wood Flooring available at competitive prices. Free UK delivery and expert advice. Order free samples today.,active
loire-engineered-wood-flooring-15mm-x-190mm-natural-distressed-heavy-brushed,Loire Engineered Wood Flooring 15mm x 190mm Natural Distressed Heavy Brushed,"<h2>Loire Engineered Wood Flooring 15mm x 190mm Natural Distressed Heavy Brushed</h2><p>Discover the <strong>Loire Engineered Wood Flooring 15mm x 190mm Natural Distressed Heavy Brushed</strong> from Factory Direct Flooring in a stunning <strong>Natural</strong> finish with a <strong>15mm</strong> profile. Engineered wood combines the authentic warmth and beauty of real wood with enhanced structural stability, making it the smart and versatile choice for modern homes. The real wood top layer is completely indistinguishable from solid wood while the multi-layer core provides superior resistance to the effects of temperature and humidity change.</p>
<h3>Key Highlights</h3><ul><li><strong>Real Wood Top Layer</strong> — genuine timber veneer for an authentic natural appearance</li><li><strong>Multi-Layer Stability</strong> — cross-ply core resists warping, cupping and shrinking</li><li><strong>Underfloor Heating Compatible</strong> — engineered to work with both wet and electric UFH</li><li><strong>All-Level Installation</strong> — suitable for ground floor, first floor and basement</li><li><strong>Flexible Fitting</strong> — click float, secret nail or full glue-down options</li><li><strong>Wide Plank Options</strong> — available in a range of widths for a contemporary feel</li></ul>
<h3>Installation</h3><p>Can be floated (click), secret-nailed or fully glued depending on the product and subfloor type. Fully compatible with underfloor heating — floor surface temperature must not exceed 27°C. Suitable over concrete and timber subfloors. Acclimatise for 48 hours before fitting.</p>
<h3>Care &amp; Maintenance</h3><p>Sweep or vacuum regularly. Use a wood floor cleaner with a lightly damp mop for deeper cleaning — never use excessive water. Wipe liquid spills immediately. Avoid harsh chemicals, steam cleaners and abrasive products. Rearrange rugs periodically for even light exposure across the surface.</p>
<h3>Why Factory Direct Flooring?</h3><p>We are one of the UK's most trusted engineered wood specialists. Our buying power means you get the best quality at the lowest price. All products carry a full manufacturer's guarantee. Free samples available — see the quality for yourself before you commit.</p>",Factory Direct Flooring,,Engineered Wood Flooring,engineered-wood-flooring,TRUE,Title,Default Title,E66936LND7,0,shopify,100,deny,manual,55.99,55.99,TRUE,TRUE,,,Loire Engineered Wood Flooring 15mm x 190mm Natural Distressed Heavy Brushed,Loire Engineered Wood Flooring 15mm x 190mm Natural Distressed Heavy Brushed | Factory Direct Flooring,Buy Loire Engineered Wood Flooring 15mm x 190mm Natural Distressed Heavy Brushed at Factory Direct Flooring. Engineered Wood Flooring available at competitive prices. Free UK delivery and expert advice. Order free samples today.,active
manor-colwick-14mm-oak-matt-lacquer-click-engineered-floor,Manor Colwick 14mm Oak Matt Lacquer Click Engineered Floor,"<h2>Manor Colwick 14mm Oak Matt Lacquer Click Engineered Floor</h2><p>Discover the <strong>Manor Colwick 14mm Oak Matt Lacquer Click Engineered Floor</strong> from Factory Direct Flooring in a stunning <strong>Oak</strong> finish with a <strong>14mm</strong> profile. Engineered wood combines the authentic warmth and beauty of real wood with enhanced structural stability, making it the smart and versatile choice for modern homes. The real wood top layer is completely indistinguishable from solid wood while the multi-layer core provides superior resistance to the effects of temperature and humidity change.</p>
<h3>Key Highlights</h3><ul><li><strong>Real Wood Top Layer</strong> — genuine timber veneer for an authentic natural appearance</li><li><strong>Multi-Layer Stability</strong> — cross-ply core resists warping, cupping and shrinking</li><li><strong>Underfloor Heating Compatible</strong> — engineered to work with both wet and electric UFH</li><li><strong>All-Level Installation</strong> — suitable for ground floor, first floor and basement</li><li><strong>Flexible Fitting</strong> — click float, secret nail or full glue-down options</li><li><strong>Wide Plank Options</strong> — available in a range of widths for a contemporary feel</li></ul>
<h3>Installation</h3><p>Can be floated (click), secret-nailed or fully glued depending on the product and subfloor type. Fully compatible with underfloor heating — floor surface temperature must not exceed 27°C. Suitable over concrete and timber subfloors. Acclimatise for 48 hours before fitting.</p>
<h3>Care &amp; Maintenance</h3><p>Sweep or vacuum regularly. Use a wood floor cleaner with a lightly damp mop for deeper cleaning — never use excessive water. Wipe liquid spills immediately. Avoid harsh chemicals, steam cleaners and abrasive products. Rearrange rugs periodically for even light exposure across the surface.</p>
<h3>Why Factory Direct Flooring?</h3><p>We are one of the UK's most trusted engineered wood specialists. Our buying power means you get the best quality at the lowest price. All products carry a full manufacturer's guarantee. Free samples available — see the quality for yourself before you commit.</p>",Factory Direct Flooring,,Engineered Wood Flooring,engineered-wood-flooring,TRUE,Title,Default Title,E71361-10,0,shopify,100,deny,manual,60.19,60.19,TRUE,TRUE,,,Manor Colwick 14mm Oak Matt Lacquer Click Engineered Floor,Manor Colwick 14mm Oak Matt Lacquer Click Engineered Floor | Factory Direct Flooring,Buy Manor Colwick 14mm Oak Matt Lacquer Click Engineered Floor at Factory Direct Flooring. Engineered Wood Flooring available at competitive prices. Free UK delivery and expert advice. Order free samples today.,active
manor-lound-14mm-oak-matt-lacquer-click-engineered-floor,Manor Lound 14mm Oak Matt Lacquer Click Engineered Floor,"<h2>Manor Lound 14mm Oak Matt Lacquer Click Engineered Floor</h2><p>Discover the <strong>Manor Lound 14mm Oak Matt Lacquer Click Engineered Floor</strong> from Factory Direct Flooring in a stunning <strong>Oak</strong> finish with a <strong>14mm</strong> profile. Engineered wood combines the authentic warmth and beauty of real wood with enhanced structural stability, making it the smart and versatile choice for modern homes. The real wood top layer is completely indistinguishable from solid wood while the multi-layer core provides superior resistance to the effects of temperature and humidity change.</p>
<h3>Key Highlights</h3><ul><li><strong>Real Wood Top Layer</strong> — genuine timber veneer for an authentic natural appearance</li><li><strong>Multi-Layer Stability</strong> — cross-ply core resists warping, cupping and shrinking</li><li><strong>Underfloor Heating Compatible</strong> — engineered to work with both wet and electric UFH</li><li><strong>All-Level Installation</strong> — suitable for ground floor, first floor and basement</li><li><strong>Flexible Fitting</strong> — click float, secret nail or full glue-down options</li><li><strong>Wide Plank Options</strong> — available in a range of widths for a contemporary feel</li></ul>
<h3>Installation</h3><p>Can be floated (click), secret-nailed or fully glued depending on the product and subfloor type. Fully compatible with underfloor heating — floor surface temperature must not exceed 27°C. Suitable over concrete and timber subfloors. Acclimatise for 48 hours before fitting.</p>
<h3>Care &amp; Maintenance</h3><p>Sweep or vacuum regularly. Use a wood floor cleaner with a lightly damp mop for deeper cleaning — never use excessive water. Wipe liquid spills immediately. Avoid harsh chemicals, steam cleaners and abrasive products. Rearrange rugs periodically for even light exposure across the surface.</p>
<h3>Why Factory Direct Flooring?</h3><p>We are one of the UK's most trusted engineered wood specialists. Our buying power means you get the best quality at the lowest price. All products carry a full manufacturer's guarantee. Free samples available — see the quality for yourself before you commit.</p>",Factory Direct Flooring,,Engineered Wood Flooring,engineered-wood-flooring,TRUE,Title,Default Title,E71363-10,0,shopify,100,deny,manual,60.19,60.19,TRUE,TRUE,,,Manor Lound 14mm Oak Matt Lacquer Click Engineered Floor,Manor Lound 14mm Oak Matt Lacquer Click Engineered Floor | Factory Direct Flooring,Buy Manor Lound 14mm Oak Matt Lacquer Click Engineered Floor at Factory Direct Flooring. Engineered Wood Flooring available at competitive prices. Free UK delivery and expert advice. Order free samples today.,active
manor-fyne-14mm-oak-matt-lacquer-click-engineered-floor,Manor Fyne 14mm Oak Matt Lacquer Click Engineered Floor,"<h2>Manor Fyne 14mm Oak Matt Lacquer Click Engineered Floor</h2><p>Discover the <strong>Manor Fyne 14mm Oak Matt Lacquer Click Engineered Floor</strong> from Factory Direct Flooring in a stunning <strong>Oak</strong> finish with a <strong>14mm</strong> profile. Engineered wood combines the authentic warmth and beauty of real wood with enhanced structural stability, making it the smart and versatile choice for modern homes. The real wood top layer is completely indistinguishable from solid wood while the multi-layer core provides superior resistance to the effects of temperature and humidity change.</p>
<h3>Key Highlights</h3><ul><li><strong>Real Wood Top Layer</strong> — genuine timber veneer for an authentic natural appearance</li><li><strong>Multi-Layer Stability</strong> — cross-ply core resists warping, cupping and shrinking</li><li><strong>Underfloor Heating Compatible</strong> — engineered to work with both wet and electric UFH</li><li><strong>All-Level Installation</strong> — suitable for ground floor, first floor and basement</li><li><strong>Flexible Fitting</strong> — click float, secret nail or full glue-down options</li><li><strong>Wide Plank Options</strong> — available in a range of widths for a contemporary feel</li></ul>
<h3>Installation</h3><p>Can be floated (click), secret-nailed or fully glued depending on the product and subfloor type. Fully compatible with underfloor heating — floor surface temperature must not exceed 27°C. Suitable over concrete and timber subfloors. Acclimatise for 48 hours before fitting.</p>
<h3>Care &amp; Maintenance</h3><p>Sweep or vacuum regularly. Use a wood floor cleaner with a lightly damp mop for deeper cleaning — never use excessive water. Wipe liquid spills immediately. Avoid harsh chemicals, steam cleaners and abrasive products. Rearrange rugs periodically for even light exposure across the surface.</p>
<h3>Why Factory Direct Flooring?</h3><p>We are one of the UK's most trusted engineered wood specialists. Our buying power means you get the best quality at the lowest price. All products carry a full manufacturer's guarantee. Free samples available — see the quality for yourself before you commit.</p>",Factory Direct Flooring,,Engineered Wood Flooring,engineered-wood-flooring,TRUE,Title,Default Title,E71366-10,0,shopify,100,deny,manual,53.76,53.76,TRUE,TRUE,,,Manor Fyne 14mm Oak Matt Lacquer Click Engineered Floor,Manor Fyne 14mm Oak Matt Lacquer Click Engineered Floor | Factory Direct Flooring,Buy Manor Fyne 14mm Oak Matt Lacquer Click Engineered Floor at Factory Direct Flooring. Engineered Wood Flooring available at competitive prices. Free UK delivery and expert advice. Order free samples today.,active
herringbone-parquet-engineered-wood-flooring-lacquered-dalgona-oak-10mm,Herringbone Parquet Engineered Wood Flooring lacquered Dalgona Oak 10mm,"<h2>Herringbone Parquet Engineered Wood Flooring lacquered Dalgona Oak 10mm</h2><p>Discover the <strong>Herringbone Parquet Engineered Wood Flooring lacquered Dalgona Oak 10mm</strong> from Factory Direct Flooring in a stunning <strong>Oak</strong> finish with a <strong>10mm</strong> profile. Engineered wood combines the authentic warmth and beauty of real wood with enhanced structural stability, making it the smart and versatile choice for modern homes. The real wood top layer is completely indistinguishable from solid wood while the multi-layer core provides superior resistance to the effects of temperature and humidity change.</p>
<h3>Key Highlights</h3><ul><li><strong>Real Wood Top Layer</strong> — genuine timber veneer for an authentic natural appearance</li><li><strong>Multi-Layer Stability</strong> — cross-ply core resists warping, cupping and shrinking</li><li><strong>Underfloor Heating Compatible</strong> — engineered to work with both wet and electric UFH</li><li><strong>All-Level Installation</strong> — suitable for ground floor, first floor and basement</li><li><strong>Flexible Fitting</strong> — click float, secret nail or full glue-down options</li><li><strong>Wide Plank Options</strong> — available in a range of widths for a contemporary feel</li></ul>
<h3>Installation</h3><p>Can be floated (click), secret-nailed or fully glued depending on the product and subfloor type. Fully compatible with underfloor heating — floor surface temperature must not exceed 27°C. Suitable over concrete and timber subfloors. Acclimatise for 48 hours before fitting.</p>
<h3>Care &amp; Maintenance</h3><p>Sweep or vacuum regularly. Use a wood floor cleaner with a lightly damp mop for deeper cleaning — never use excessive water. Wipe liquid spills immediately. Avoid harsh chemicals, steam cleaners and abrasive products. Rearrange rugs periodically for even light exposure across the surface.</p>
<h3>Why Factory Direct Flooring?</h3><p>We are one of the UK's most trusted engineered wood specialists. Our buying power means you get the best quality at the lowest price. All products carry a full manufacturer's guarantee. Free samples available — see the quality for yourself before you commit.</p>",Factory Direct Flooring,,Engineered Wood Flooring,engineered-wood-flooring,TRUE,Title,Default Title,ESP72089DAL05,0,shopify,100,deny,manual,35.99,35.99,TRUE,TRUE,,,Herringbone Parquet Engineered Wood Flooring lacquered Dalgona Oak 10mm,Herringbone Parquet Engineered Wood Flooring lacquered Dalgona Oak 10mm | Factory Direct Flooring,Buy Herringbone Parquet Engineered Wood Flooring lacquered Dalgona Oak 10mm at Factory Direct Flooring. Engineered Wood Flooring available at competitive prices. Free UK delivery and expert advice. Order free samples today.,active
herringbone-parquet-engineered-wood-flooring-10mm-lacquered-autumn-oak,Herringbone Parquet Engineered Wood Flooring 10mm lacquered Autumn Oak,"<h2>Herringbone Parquet Engineered Wood Flooring 10mm lacquered Autumn Oak</h2><p>Discover the <strong>Herringbone Parquet Engineered Wood Flooring 10mm lacquered Autumn Oak</strong> from Factory Direct Flooring in a stunning <strong>Oak</strong> finish with a <strong>10mm</strong> profile. Engineered wood combines the authentic warmth and beauty of real wood with enhanced structural stability, making it the smart and versatile choice for modern homes. The real wood top layer is completely indistinguishable from solid wood while the multi-layer core provides superior resistance to the effects of temperature and humidity change.</p>
<h3>Key Highlights</h3><ul><li><strong>Real Wood Top Layer</strong> — genuine timber veneer for an authentic natural appearance</li><li><strong>Multi-Layer Stability</strong> — cross-ply core resists warping, cupping and shrinking</li><li><strong>Underfloor Heating Compatible</strong> — engineered to work with both wet and electric UFH</li><li><strong>All-Level Installation</strong> — suitable for ground floor, first floor and basement</li><li><strong>Flexible Fitting</strong> — click float, secret nail or full glue-down options</li><li><strong>Wide Plank Options</strong> — available in a range of widths for a contemporary feel</li></ul>
<h3>Installation</h3><p>Can be floated (click), secret-nailed or fully glued depending on the product and subfloor type. Fully compatible with underfloor heating — floor surface temperature must not exceed 27°C. Suitable over concrete and timber subfloors. Acclimatise for 48 hours before fitting.</p>
<h3>Care &amp; Maintenance</h3><p>Sweep or vacuum regularly. Use a wood floor cleaner with a lightly damp mop for deeper cleaning — never use excessive water. Wipe liquid spills immediately. Avoid harsh chemicals, steam cleaners and abrasive products. Rearrange rugs periodically for even light exposure across the surface.</p>
<h3>Why Factory Direct Flooring?</h3><p>We are one of the UK's most trusted engineered wood specialists. Our buying power means you get the best quality at the lowest price. All products carry a full manufacturer's guarantee. Free samples available — see the quality for yourself before you commit.</p>",Factory Direct Flooring,,Engineered Wood Flooring,engineered-wood-flooring,TRUE,Title,Default Title,ESP72090AUT13,0,shopify,100,deny,manual,35.99,35.99,TRUE,TRUE,,,Herringbone Parquet Engineered Wood Flooring 10mm lacquered Autumn Oak,Herringbone Parquet Engineered Wood Flooring 10mm lacquered Autumn Oak | Factory Direct Flooring,Buy Herringbone Parquet Engineered Wood Flooring 10mm lacquered Autumn Oak at Factory Direct Flooring. Engineered Wood Flooring available at competitive prices. Free UK delivery and expert advice. Order free samples today.,active
14mm-herringbone-parquet-engineered-wood-flooring-nude-oak,14mm Herringbone Parquet Engineered Wood Flooring Nude Oak,"<h2>14mm Herringbone Parquet Engineered Wood Flooring Nude Oak</h2><p>Discover the <strong>14mm Herringbone Parquet Engineered Wood Flooring Nude Oak</strong> from Factory Direct Flooring in a stunning <strong>Oak</strong> finish with a <strong>14mm</strong> profile. Engineered wood combines the authentic warmth and beauty of real wood with enhanced structural stability, making it the smart and versatile choice for modern homes. The real wood top layer is completely indistinguishable from solid wood while the multi-layer core provides superior resistance to the effects of temperature and humidity change.</p>
<h3>Key Highlights</h3><ul><li><strong>Real Wood Top Layer</strong> — genuine timber veneer for an authentic natural appearance</li><li><strong>Multi-Layer Stability</strong> — cross-ply core resists warping, cupping and shrinking</li><li><strong>Underfloor Heating Compatible</strong> — engineered to work with both wet and electric UFH</li><li><strong>All-Level Installation</strong> — suitable for ground floor, first floor and basement</li><li><strong>Flexible Fitting</strong> — click float, secret nail or full glue-down options</li><li><strong>Wide Plank Options</strong> — available in a range of widths for a contemporary feel</li></ul>
<h3>Installation</h3><p>Can be floated (click), secret-nailed or fully glued depending on the product and subfloor type. Fully compatible with underfloor heating — floor surface temperature must not exceed 27°C. Suitable over concrete and timber subfloors. Acclimatise for 48 hours before fitting.</p>
<h3>Care &amp; Maintenance</h3><p>Sweep or vacuum regularly. Use a wood floor cleaner with a lightly damp mop for deeper cleaning — never use excessive water. Wipe liquid spills immediately. Avoid harsh chemicals, steam cleaners and abrasive products. Rearrange rugs periodically for even light exposure across the surface.</p>
<h3>Why Factory Direct Flooring?</h3><p>We are one of the UK's most trusted engineered wood specialists. Our buying power means you get the best quality at the lowest price. All products carry a full manufacturer's guarantee. Free samples available — see the quality for yourself before you commit.</p>",Factory Direct Flooring,,Engineered Wood Flooring,engineered-wood-flooring,TRUE,Title,Default Title,E73507SPN07,0,shopify,100,deny,manual,44.37,44.37,TRUE,TRUE,,,14mm Herringbone Parquet Engineered Wood Flooring Nude Oak,14mm Herringbone Parquet Engineered Wood Flooring Nude Oak | Factory Direct Flooring,Buy 14mm Herringbone Parquet Engineered Wood Flooring Nude Oak at Factory Direct Flooring. Engineered Wood Flooring available at competitive prices. Free UK delivery and expert advice. Order free samples today.,active
herringbone-parquet-engineered-wood-flooring-brushed-matt-lacquer-14mm-harvest-oak,Herringbone Parquet Engineered Wood Flooring Brushed Matt Lacquer 14mm Harvest Oak,"<h2>Herringbone Parquet Engineered Wood Flooring Brushed Matt Lacquer 14mm Harvest Oak</h2><p>Discover the <strong>Herringbone Parquet Engineered Wood Flooring Brushed Matt Lacquer 14mm Harvest Oak</strong> from Factory Direct Flooring in a stunning <strong>Oak</strong> finish with a <strong>14mm</strong> profile. Engineered wood combines the authentic warmth and beauty of real wood with enhanced structural stability, making it the smart and versatile choice for modern homes. The real wood top layer is completely indistinguishable from solid wood while the multi-layer core provides superior resistance to the effects of temperature and humidity change.</p>
<h3>Key Highlights</h3><ul><li><strong>Real Wood Top Layer</strong> — genuine timber veneer for an authentic natural appearance</li><li><strong>Multi-Layer Stability</strong> — cross-ply core resists warping, cupping and shrinking</li><li><strong>Underfloor Heating Compatible</strong> — engineered to work with both wet and electric UFH</li><li><strong>All-Level Installation</strong> — suitable for ground floor, first floor and basement</li><li><strong>Flexible Fitting</strong> — click float, secret nail or full glue-down options</li><li><strong>Wide Plank Options</strong> — available in a range of widths for a contemporary feel</li></ul>
<h3>Installation</h3><p>Can be floated (click), secret-nailed or fully glued depending on the product and subfloor type. Fully compatible with underfloor heating — floor surface temperature must not exceed 27°C. Suitable over concrete and timber subfloors. Acclimatise for 48 hours before fitting.</p>
<h3>Care &amp; Maintenance</h3><p>Sweep or vacuum regularly. Use a wood floor cleaner with a lightly damp mop for deeper cleaning — never use excessive water. Wipe liquid spills immediately. Avoid harsh chemicals, steam cleaners and abrasive products. Rearrange rugs periodically for even light exposure across the surface.</p>
<h3>Why Factory Direct Flooring?</h3><p>We are one of the UK's most trusted engineered wood specialists. Our buying power means you get the best quality at the lowest price. All products carry a full manufacturer's guarantee. Free samples available — see the quality for yourself before you commit.</p>",Factory Direct Flooring,,Engineered Wood Flooring,engineered-wood-flooring,TRUE,Title,Default Title,E73509SPH13,0,shopify,100,deny,manual,44.37,44.37,TRUE,TRUE,,,Herringbone Parquet Engineered Wood Flooring Brushed Matt Lacquer 14mm Harvest Oak,Herringbone Parquet Engineered Wood Flooring Brushed Matt Lacquer 14mm Harvest Oak | Factory Direct Flooring,Buy Herringbone Parquet Engineered Wood Flooring Brushed Matt Lacquer 14mm Harvest Oak at Factory Direct Flooring. Engineered Wood Flooring available at competitive prices. Free UK delivery and expert advice. Order free samples today.,active
abbey-claro-engineered-wood-flooring-white-wash-oak-10mm-x-125mm-brushed-matt-lacquer,Abbey Claro Engineered Wood Flooring White Wash Oak 10mm x 125mm Brushed Matt Lacquer,"<h2>Abbey Claro Engineered Wood Flooring White Wash Oak 10mm x 125mm Brushed Matt Lacquer</h2><p>Discover the <strong>Abbey Claro Engineered Wood Flooring White Wash Oak 10mm x 125mm Brushed Matt Lacquer</strong> from Factory Direct Flooring in a stunning <strong>Oak</strong> finish with a <strong>10mm</strong> profile. Engineered wood combines the authentic warmth and beauty of real wood with enhanced structural stability, making it the smart and versatile choice for modern homes. The real wood top layer is completely indistinguishable from solid wood while the multi-layer core provides superior resistance to the effects of temperature and humidity change.</p>
<h3>Key Highlights</h3><ul><li><strong>Real Wood Top Layer</strong> — genuine timber veneer for an authentic natural appearance</li><li><strong>Multi-Layer Stability</strong> — cross-ply core resists warping, cupping and shrinking</li><li><strong>Underfloor Heating Compatible</strong> — engineered to work with both wet and electric UFH</li><li><strong>All-Level Installation</strong> — suitable for ground floor, first floor and basement</li><li><strong>Flexible Fitting</strong> — click float, secret nail or full glue-down options</li><li><strong>Wide Plank Options</strong> — available in a range of widths for a contemporary feel</li></ul>
<h3>Installation</h3><p>Can be floated (click), secret-nailed or fully glued depending on the product and subfloor type. Fully compatible with underfloor heating — floor surface temperature must not exceed 27°C. Suitable over concrete and timber subfloors. Acclimatise for 48 hours before fitting.</p>
<h3>Care &amp; Maintenance</h3><p>Sweep or vacuum regularly. Use a wood floor cleaner with a lightly damp mop for deeper cleaning — never use excessive water. Wipe liquid spills immediately. Avoid harsh chemicals, steam cleaners and abrasive products. Rearrange rugs periodically for even light exposure across the surface.</p>
<h3>Why Factory Direct Flooring?</h3><p>We are one of the UK's most trusted engineered wood specialists. Our buying power means you get the best quality at the lowest price. All products carry a full manufacturer's guarantee. Free samples available — see the quality for yourself before you commit.</p>",Factory Direct Flooring,,Engineered Wood Flooring,engineered-wood-flooring,TRUE,Title,Default Title,E73884CLA,0,shopify,100,deny,manual,27.59,27.59,TRUE,TRUE,,,Abbey Claro Engineered Wood Flooring White Wash Oak 10mm x 125mm Brushed Matt Lacquer,Abbey Claro Engineered Wood Flooring White Wash Oak 10mm x 125mm Brushed Matt Lacquer | Factory Direct Flooring,Buy Abbey Claro Engineered Wood Flooring White Wash Oak 10mm x 125mm Brushed Matt Lacquer at Factory Direct Flooring. Engineered Wood Flooring available at competitive prices. Free UK delivery and expert advice. Order free samples today.,active
manor-roke-oak-engineered-wood-flooring-18mm-x-190mm-smoke-white-brushed-matt-lacquer,Manor Roke Oak Engineered Wood Flooring 18mm x 190mm Smoke White Brushed Matt Lacquer,"<h2>Manor Roke Oak Engineered Wood Flooring 18mm x 190mm Smoke White Brushed Matt Lacquer</h2><p>Discover the <strong>Manor Roke Oak Engineered Wood Flooring 18mm x 190mm Smoke White Brushed Matt Lacquer</strong> from Factory Direct Flooring in a stunning <strong>Oak</strong> finish with a <strong>18mm</strong> profile. Engineered wood combines the authentic warmth and beauty of real wood with enhanced structural stability, making it the smart and versatile choice for modern homes. The real wood top layer is completely indistinguishable from solid wood while the multi-layer core provides superior resistance to the effects of temperature and humidity change.</p>
<h3>Key Highlights</h3><ul><li><strong>Real Wood Top Layer</strong> — genuine timber veneer for an authentic natural appearance</li><li><strong>Multi-Layer Stability</strong> — cross-ply core resists warping, cupping and shrinking</li><li><strong>Underfloor Heating Compatible</strong> — engineered to work with both wet and electric UFH</li><li><strong>All-Level Installation</strong> — suitable for ground floor, first floor and basement</li><li><strong>Flexible Fitting</strong> — click float, secret nail or full glue-down options</li><li><strong>Wide Plank Options</strong> — available in a range of widths for a contemporary feel</li></ul>
<h3>Installation</h3><p>Can be floated (click), secret-nailed or fully glued depending on the product and subfloor type. Fully compatible with underfloor heating — floor surface temperature must not exceed 27°C. Suitable over concrete and timber subfloors. Acclimatise for 48 hours before fitting.</p>
<h3>Care &amp; Maintenance</h3><p>Sweep or vacuum regularly. Use a wood floor cleaner with a lightly damp mop for deeper cleaning — never use excessive water. Wipe liquid spills immediately. Avoid harsh chemicals, steam cleaners and abrasive products. Rearrange rugs periodically for even light exposure across the surface.</p>
<h3>Why Factory Direct Flooring?</h3><p>We are one of the UK's most trusted engineered wood specialists. Our buying power means you get the best quality at the lowest price. All products carry a full manufacturer's guarantee. Free samples available — see the quality for yourself before you commit.</p>",Factory Direct Flooring,,Engineered Wood Flooring,engineered-wood-flooring,TRUE,Title,Default Title,E73890ROK,0,shopify,100,deny,manual,52.79,52.79,TRUE,TRUE,,,Manor Roke Oak Engineered Wood Flooring 18mm x 190mm Smoke White Brushed Matt Lacquer,Manor Roke Oak Engineered Wood Flooring 18mm x 190mm Smoke White Brushed Matt Lacquer | Factory Direct Flooring,Buy Manor Roke Oak Engineered Wood Flooring 18mm x 190mm Smoke White Brushed Matt Lacquer at Factory Direct Flooring. Engineered Wood Flooring available at competitive prices. Free UK delivery and expert advice. Order free samples today.,active
manor-wenlock-engineered-wood-flooring-18mm-x-180mm-natural-oak-brushed-uv-oiled,Manor Wenlock Engineered Wood Flooring 18mm x 180mm Natural Oak Brushed Uv Oiled,"<h2>Manor Wenlock Engineered Wood Flooring 18mm x 180mm Natural Oak Brushed Uv Oiled</h2><p>Discover the <strong>Manor Wenlock Engineered Wood Flooring 18mm x 180mm Natural Oak Brushed Uv Oiled</strong> from Factory Direct Flooring in a stunning <strong>Oak</strong> finish with a <strong>18mm</strong> profile. Engineered wood combines the authentic warmth and beauty of real wood with enhanced structural stability, making it the smart and versatile choice for modern homes. The real wood top layer is completely indistinguishable from solid wood while the multi-layer core provides superior resistance to the effects of temperature and humidity change.</p>
<h3>Key Highlights</h3><ul><li><strong>Real Wood Top Layer</strong> — genuine timber veneer for an authentic natural appearance</li><li><strong>Multi-Layer Stability</strong> — cross-ply core resists warping, cupping and shrinking</li><li><strong>Underfloor Heating Compatible</strong> — engineered to work with both wet and electric UFH</li><li><strong>All-Level Installation</strong> — suitable for ground floor, first floor and basement</li><li><strong>Flexible Fitting</strong> — click float, secret nail or full glue-down options</li><li><strong>Wide Plank Options</strong> — available in a range of widths for a contemporary feel</li></ul>
<h3>Installation</h3><p>Can be floated (click), secret-nailed or fully glued depending on the product and subfloor type. Fully compatible with underfloor heating — floor surface temperature must not exceed 27°C. Suitable over concrete and timber subfloors. Acclimatise for 48 hours before fitting.</p>
<h3>Care &amp; Maintenance</h3><p>Sweep or vacuum regularly. Use a wood floor cleaner with a lightly damp mop for deeper cleaning — never use excessive water. Wipe liquid spills immediately. Avoid harsh chemicals, steam cleaners and abrasive products. Rearrange rugs periodically for even light exposure across the surface.</p>
<h3>Why Factory Direct Flooring?</h3><p>We are one of the UK's most trusted engineered wood specialists. Our buying power means you get the best quality at the lowest price. All products carry a full manufacturer's guarantee. Free samples available — see the quality for yourself before you commit.</p>",Factory Direct Flooring,,Engineered Wood Flooring,engineered-wood-flooring,TRUE,Title,Default Title,73977WEN,0,shopify,100,deny,manual,51.58,51.58,TRUE,TRUE,,,Manor Wenlock Engineered Wood Flooring 18mm x 180mm Natural Oak Brushed Uv Oiled,Manor Wenlock Engineered Wood Flooring 18mm x 180mm Natural Oak Brushed Uv Oiled | Factory Direct Flooring,Buy Manor Wenlock Engineered Wood Flooring 18mm x 180mm Natural Oak Brushed Uv Oiled at Factory Direct Flooring. Engineered Wood Flooring available at competitive prices. Free UK delivery and expert advice. Order free samples today.,active
abbey-bornem-engineered-wood-flooring-14mm-x-190mm-natural-brushed-uv-oiled,Abbey Bornem Engineered Wood Flooring 14mm x 190mm Natural Brushed Uv Oiled,"<h2>Abbey Bornem Engineered Wood Flooring 14mm x 190mm Natural Brushed Uv Oiled</h2><p>Discover the <strong>Abbey Bornem Engineered Wood Flooring 14mm x 190mm Natural Brushed Uv Oiled</strong> from Factory Direct Flooring in a stunning <strong>Natural</strong> finish with a <strong>14mm</strong> profile. Engineered wood combines the authentic warmth and beauty of real wood with enhanced structural stability, making it the smart and versatile choice for modern homes. The real wood top layer is completely indistinguishable from solid wood while the multi-layer core provides superior resistance to the effects of temperature and humidity change.</p>
<h3>Key Highlights</h3><ul><li><strong>Real Wood Top Layer</strong> — genuine timber veneer for an authentic natural appearance</li><li><strong>Multi-Layer Stability</strong> — cross-ply core resists warping, cupping and shrinking</li><li><strong>Underfloor Heating Compatible</strong> — engineered to work with both wet and electric UFH</li><li><strong>All-Level Installation</strong> — suitable for ground floor, first floor and basement</li><li><strong>Flexible Fitting</strong> — click float, secret nail or full glue-down options</li><li><strong>Wide Plank Options</strong> — available in a range of widths for a contemporary feel</li></ul>
<h3>Installation</h3><p>Can be floated (click), secret-nailed or fully glued depending on the product and subfloor type. Fully compatible with underfloor heating — floor surface temperature must not exceed 27°C. Suitable over concrete and timber subfloors. Acclimatise for 48 hours before fitting.</p>
<h3>Care &amp; Maintenance</h3><p>Sweep or vacuum regularly. Use a wood floor cleaner with a lightly damp mop for deeper cleaning — never use excessive water. Wipe liquid spills immediately. Avoid harsh chemicals, steam cleaners and abrasive products. Rearrange rugs periodically for even light exposure across the surface.</p>
<h3>Why Factory Direct Flooring?</h3><p>We are one of the UK's most trusted engineered wood specialists. Our buying power means you get the best quality at the lowest price. All products carry a full manufacturer's guarantee. Free samples available — see the quality for yourself before you commit.</p>",Factory Direct Flooring,,Engineered Wood Flooring,engineered-wood-flooring,TRUE,Title,Default Title,73989BOR,0,shopify,100,deny,manual,47.99,47.99,TRUE,TRUE,,,Abbey Bornem Engineered Wood Flooring 14mm x 190mm Natural Brushed Uv Oiled,Abbey Bornem Engineered Wood Flooring 14mm x 190mm Natural Brushed Uv Oiled | Factory Direct Flooring,Buy Abbey Bornem Engineered Wood Flooring 14mm x 190mm Natural Brushed Uv Oiled at Factory Direct Flooring. Engineered Wood Flooring available at competitive prices. Free UK delivery and expert advice. Order free samples today.,active
abbey-logum-engineered-wood-flooring-14mm-x-190mm-smoke-grey-brushed-uv-oiled,Abbey Logum Engineered Wood Flooring 14mm x 190mm Smoke Grey Brushed Uv Oiled,"<h2>Abbey Logum Engineered Wood Flooring 14mm x 190mm Smoke Grey Brushed Uv Oiled</h2><p>Discover the <strong>Abbey Logum Engineered Wood Flooring 14mm x 190mm Smoke Grey Brushed Uv Oiled</strong> from Factory Direct Flooring in a stunning <strong>Grey</strong> finish with a <strong>14mm</strong> profile. Engineered wood combines the authentic warmth and beauty of real wood with enhanced structural stability, making it the smart and versatile choice for modern homes. The real wood top layer is completely indistinguishable from solid wood while the multi-layer core provides superior resistance to the effects of temperature and humidity change.</p>
<h3>Key Highlights</h3><ul><li><strong>Real Wood Top Layer</strong> — genuine timber veneer for an authentic natural appearance</li><li><strong>Multi-Layer Stability</strong> — cross-ply core resists warping, cupping and shrinking</li><li><strong>Underfloor Heating Compatible</strong> — engineered to work with both wet and electric UFH</li><li><strong>All-Level Installation</strong> — suitable for ground floor, first floor and basement</li><li><strong>Flexible Fitting</strong> — click float, secret nail or full glue-down options</li><li><strong>Wide Plank Options</strong> — available in a range of widths for a contemporary feel</li></ul>
<h3>Installation</h3><p>Can be floated (click), secret-nailed or fully glued depending on the product and subfloor type. Fully compatible with underfloor heating — floor surface temperature must not exceed 27°C. Suitable over concrete and timber subfloors. Acclimatise for 48 hours before fitting.</p>
<h3>Care &amp; Maintenance</h3><p>Sweep or vacuum regularly. Use a wood floor cleaner with a lightly damp mop for deeper cleaning — never use excessive water. Wipe liquid spills immediately. Avoid harsh chemicals, steam cleaners and abrasive products. Rearrange rugs periodically for even light exposure across the surface.</p>
<h3>Why Factory Direct Flooring?</h3><p>We are one of the UK's most trusted engineered wood specialists. Our buying power means you get the best quality at the lowest price. All products carry a full manufacturer's guarantee. Free samples available — see the quality for yourself before you commit.</p>",Factory Direct Flooring,,Engineered Wood Flooring,engineered-wood-flooring,TRUE,Title,Default Title,73990LOG,0,shopify,100,deny,manual,47.70,47.70,TRUE,TRUE,,,Abbey Logum Engineered Wood Flooring 14mm x 190mm Smoke Grey Brushed Uv Oiled,Abbey Logum Engineered Wood Flooring 14mm x 190mm Smoke Grey Brushed Uv Oiled | Factory Direct Flooring,Buy Abbey Logum Engineered Wood Flooring 14mm x 190mm Smoke Grey Brushed Uv Oiled at Factory Direct Flooring. Engineered Wood Flooring available at competitive prices. Free UK delivery and expert advice. Order free samples today.,active
abbey-tautra-engineered-wood-flooring-14mm-x-190mm-light-golden-brushed-uv-oiled,Abbey Tautra Engineered Wood Flooring 14mm x 190mm Light Golden Brushed Uv Oiled,"<h2>Abbey Tautra Engineered Wood Flooring 14mm x 190mm Light Golden Brushed Uv Oiled</h2><p>Discover the <strong>Abbey Tautra Engineered Wood Flooring 14mm x 190mm Light Golden Brushed Uv Oiled</strong> from Factory Direct Flooring in a stunning <strong>Golden</strong> finish with a <strong>14mm</strong> profile. Engineered wood combines the authentic warmth and beauty of real wood with enhanced structural stability, making it the smart and versatile choice for modern homes. The real wood top layer is completely indistinguishable from solid wood while the multi-layer core provides superior resistance to the effects of temperature and humidity change.</p>
<h3>Key Highlights</h3><ul><li><strong>Real Wood Top Layer</strong> — genuine timber veneer for an authentic natural appearance</li><li><strong>Multi-Layer Stability</strong> — cross-ply core resists warping, cupping and shrinking</li><li><strong>Underfloor Heating Compatible</strong> — engineered to work with both wet and electric UFH</li><li><strong>All-Level Installation</strong> — suitable for ground floor, first floor and basement</li><li><strong>Flexible Fitting</strong> — click float, secret nail or full glue-down options</li><li><strong>Wide Plank Options</strong> — available in a range of widths for a contemporary feel</li></ul>
<h3>Installation</h3><p>Can be floated (click), secret-nailed or fully glued depending on the product and subfloor type. Fully compatible with underfloor heating — floor surface temperature must not exceed 27°C. Suitable over concrete and timber subfloors. Acclimatise for 48 hours before fitting.</p>
<h3>Care &amp; Maintenance</h3><p>Sweep or vacuum regularly. Use a wood floor cleaner with a lightly damp mop for deeper cleaning — never use excessive water. Wipe liquid spills immediately. Avoid harsh chemicals, steam cleaners and abrasive products. Rearrange rugs periodically for even light exposure across the surface.</p>
<h3>Why Factory Direct Flooring?</h3><p>We are one of the UK's most trusted engineered wood specialists. Our buying power means you get the best quality at the lowest price. All products carry a full manufacturer's guarantee. Free samples available — see the quality for yourself before you commit.</p>",Factory Direct Flooring,,Engineered Wood Flooring,engineered-wood-flooring,TRUE,Title,Default Title,73991TAU,0,shopify,100,deny,manual,47.99,47.99,TRUE,TRUE,,,Abbey Tautra Engineered Wood Flooring 14mm x 190mm Light Golden Brushed Uv Oiled,Abbey Tautra Engineered Wood Flooring 14mm x 190mm Light Golden Brushed Uv Oiled | Factory Direct Flooring,Buy Abbey Tautra Engineered Wood Flooring 14mm x 190mm Light Golden Brushed Uv Oiled at Factory Direct Flooring. Engineered Wood Flooring available at competitive prices. Free UK delivery and expert advice. Order free samples today.,active
abbey-mepkin-engineered-wood-flooring-14mm-x-190mm-linen-oak-brushed-matt-lacquer,Abbey Mepkin Engineered Wood Flooring 14mm x 190mm Linen Oak Brushed Matt Lacquer,"<h2>Abbey Mepkin Engineered Wood Flooring 14mm x 190mm Linen Oak Brushed Matt Lacquer</h2><p>Discover the <strong>Abbey Mepkin Engineered Wood Flooring 14mm x 190mm Linen Oak Brushed Matt Lacquer</strong> from Factory Direct Flooring in a stunning <strong>Oak</strong> finish with a <strong>14mm</strong> profile. Engineered wood combines the authentic warmth and beauty of real wood with enhanced structural stability, making it the smart and versatile choice for modern homes. The real wood top layer is completely indistinguishable from solid wood while the multi-layer core provides superior resistance to the effects of temperature and humidity change.</p>
<h3>Key Highlights</h3><ul><li><strong>Real Wood Top Layer</strong> — genuine timber veneer for an authentic natural appearance</li><li><strong>Multi-Layer Stability</strong> — cross-ply core resists warping, cupping and shrinking</li><li><strong>Underfloor Heating Compatible</strong> — engineered to work with both wet and electric UFH</li><li><strong>All-Level Installation</strong> — suitable for ground floor, first floor and basement</li><li><strong>Flexible Fitting</strong> — click float, secret nail or full glue-down options</li><li><strong>Wide Plank Options</strong> — available in a range of widths for a contemporary feel</li></ul>
<h3>Installation</h3><p>Can be floated (click), secret-nailed or fully glued depending on the product and subfloor type. Fully compatible with underfloor heating — floor surface temperature must not exceed 27°C. Suitable over concrete and timber subfloors. Acclimatise for 48 hours before fitting.</p>
<h3>Care &amp; Maintenance</h3><p>Sweep or vacuum regularly. Use a wood floor cleaner with a lightly damp mop for deeper cleaning — never use excessive water. Wipe liquid spills immediately. Avoid harsh chemicals, steam cleaners and abrasive products. Rearrange rugs periodically for even light exposure across the surface.</p>
<h3>Why Factory Direct Flooring?</h3><p>We are one of the UK's most trusted engineered wood specialists. Our buying power means you get the best quality at the lowest price. All products carry a full manufacturer's guarantee. Free samples available — see the quality for yourself before you commit.</p>",Factory Direct Flooring,,Engineered Wood Flooring,engineered-wood-flooring,TRUE,Title,Default Title,73992MEP,0,shopify,100,deny,manual,47.99,47.99,TRUE,TRUE,,,Abbey Mepkin Engineered Wood Flooring 14mm x 190mm Linen Oak Brushed Matt Lacquer,Abbey Mepkin Engineered Wood Flooring 14mm x 190mm Linen Oak Brushed Matt Lacquer | Factory Direct Flooring,Buy Abbey Mepkin Engineered Wood Flooring 14mm x 190mm Linen Oak Brushed Matt Lacquer at Factory Direct Flooring. Engineered Wood Flooring available at competitive prices. Free UK delivery and expert advice. Order free samples today.,active
abbey-nolet-engineered-wood-flooring-14mm-x-190mm-smoke-white-oak-brushed-matt-lacquer,Abbey Nolet Engineered Wood Flooring 14mm x 125mm Smoke White Oak Brushed Matt Lacquer,"<h2>Abbey Nolet Engineered Wood Flooring 14mm x 125mm Smoke White Oak Brushed Matt Lacquer</h2><p>Discover the <strong>Abbey Nolet Engineered Wood Flooring 14mm x 125mm Smoke White Oak Brushed Matt Lacquer</strong> from Factory Direct Flooring in a stunning <strong>Oak</strong> finish with a <strong>14mm</strong> profile. Engineered wood combines the authentic warmth and beauty of real wood with enhanced structural stability, making it the smart and versatile choice for modern homes. The real wood top layer is completely indistinguishable from solid wood while the multi-layer core provides superior resistance to the effects of temperature and humidity change.</p>
<h3>Key Highlights</h3><ul><li><strong>Real Wood Top Layer</strong> — genuine timber veneer for an authentic natural appearance</li><li><strong>Multi-Layer Stability</strong> — cross-ply core resists warping, cupping and shrinking</li><li><strong>Underfloor Heating Compatible</strong> — engineered to work with both wet and electric UFH</li><li><strong>All-Level Installation</strong> — suitable for ground floor, first floor and basement</li><li><strong>Flexible Fitting</strong> — click float, secret nail or full glue-down options</li><li><strong>Wide Plank Options</strong> — available in a range of widths for a contemporary feel</li></ul>
<h3>Installation</h3><p>Can be floated (click), secret-nailed or fully glued depending on the product and subfloor type. Fully compatible with underfloor heating — floor surface temperature must not exceed 27°C. Suitable over concrete and timber subfloors. Acclimatise for 48 hours before fitting.</p>
<h3>Care &amp; Maintenance</h3><p>Sweep or vacuum regularly. Use a wood floor cleaner with a lightly damp mop for deeper cleaning — never use excessive water. Wipe liquid spills immediately. Avoid harsh chemicals, steam cleaners and abrasive products. Rearrange rugs periodically for even light exposure across the surface.</p>
<h3>Why Factory Direct Flooring?</h3><p>We are one of the UK's most trusted engineered wood specialists. Our buying power means you get the best quality at the lowest price. All products carry a full manufacturer's guarantee. Free samples available — see the quality for yourself before you commit.</p>",Factory Direct Flooring,,Engineered Wood Flooring,engineered-wood-flooring,TRUE,Title,Default Title,73999NOL,0,shopify,100,deny,manual,39.55,39.55,TRUE,TRUE,,,Abbey Nolet Engineered Wood Flooring 14mm x 125mm Smoke White Oak Brushed Matt Lacquer,Abbey Nolet Engineered Wood Flooring 14mm x 125mm Smoke White Oak Brushed Matt Lacquer | Factory Direct Flooring,Buy Abbey Nolet Engineered Wood Flooring 14mm x 125mm Smoke White Oak Brushed Matt Lacquer at Factory Direct Flooring. Engineered Wood Flooring available at competitive prices. Free UK delivery and expert advice. Order free samples today.,active
herringbone-parquet-engineered-wood-flooring-10mm-smoked-white-oak-brushed-matt-lacquer,Herringbone Parquet Engineered Wood Flooring 10mm Smoked White Oak Brushed Matt Lacquer,"<h2>Herringbone Parquet Engineered Wood Flooring 10mm Smoked White Oak Brushed Matt Lacquer</h2><p>Discover the <strong>Herringbone Parquet Engineered Wood Flooring 10mm Smoked White Oak Brushed Matt Lacquer</strong> from Factory Direct Flooring in a stunning <strong>Oak</strong> finish with a <strong>10mm</strong> profile. Engineered wood combines the authentic warmth and beauty of real wood with enhanced structural stability, making it the smart and versatile choice for modern homes. The real wood top layer is completely indistinguishable from solid wood while the multi-layer core provides superior resistance to the effects of temperature and humidity change.</p>
<h3>Key Highlights</h3><ul><li><strong>Real Wood Top Layer</strong> — genuine timber veneer for an authentic natural appearance</li><li><strong>Multi-Layer Stability</strong> — cross-ply core resists warping, cupping and shrinking</li><li><strong>Underfloor Heating Compatible</strong> — engineered to work with both wet and electric UFH</li><li><strong>All-Level Installation</strong> — suitable for ground floor, first floor and basement</li><li><strong>Flexible Fitting</strong> — click float, secret nail or full glue-down options</li><li><strong>Wide Plank Options</strong> — available in a range of widths for a contemporary feel</li></ul>
<h3>Installation</h3><p>Can be floated (click), secret-nailed or fully glued depending on the product and subfloor type. Fully compatible with underfloor heating — floor surface temperature must not exceed 27°C. Suitable over concrete and timber subfloors. Acclimatise for 48 hours before fitting.</p>
<h3>Care &amp; Maintenance</h3><p>Sweep or vacuum regularly. Use a wood floor cleaner with a lightly damp mop for deeper cleaning — never use excessive water. Wipe liquid spills immediately. Avoid harsh chemicals, steam cleaners and abrasive products. Rearrange rugs periodically for even light exposure across the surface.</p>
<h3>Why Factory Direct Flooring?</h3><p>We are one of the UK's most trusted engineered wood specialists. Our buying power means you get the best quality at the lowest price. All products carry a full manufacturer's guarantee. Free samples available — see the quality for yourself before you commit.</p>",Factory Direct Flooring,,Engineered Wood Flooring,engineered-wood-flooring,TRUE,Title,Default Title,74009SWO,0,shopify,100,deny,manual,35.99,35.99,TRUE,TRUE,,,Herringbone Parquet Engineered Wood Flooring 10mm Smoked White Oak Brushed Matt Lacquer,Herringbone Parquet Engineered Wood Flooring 10mm Smoked White Oak Brushed Matt Lacquer | Factory Direct Flooring,Buy Herringbone Parquet Engineered Wood Flooring 10mm Smoked White Oak Brushed Matt Lacquer at Factory Direct Flooring. Engineered Wood Flooring available at competitive prices. Free UK delivery and expert advice. Order free samples today.,active
herringbone-parquet-18mm-classic-oak-brushed-oiled-engineered,Herringbone Parquet 18mm Classic Oak Brushed Oiled Engineered,"<h2>Herringbone Parquet 18mm Classic Oak Brushed Oiled Engineered</h2><p>Discover the <strong>Herringbone Parquet 18mm Classic Oak Brushed Oiled Engineered</strong> from Factory Direct Flooring in a stunning <strong>Oak</strong> finish with a <strong>18mm</strong> profile. Engineered wood combines the authentic warmth and beauty of real wood with enhanced structural stability, making it the smart and versatile choice for modern homes. The real wood top layer is completely indistinguishable from solid wood while the multi-layer core provides superior resistance to the effects of temperature and humidity change.</p>
<h3>Key Highlights</h3><ul><li><strong>Real Wood Top Layer</strong> — genuine timber veneer for an authentic natural appearance</li><li><strong>Multi-Layer Stability</strong> — cross-ply core resists warping, cupping and shrinking</li><li><strong>Underfloor Heating Compatible</strong> — engineered to work with both wet and electric UFH</li><li><strong>All-Level Installation</strong> — suitable for ground floor, first floor and basement</li><li><strong>Flexible Fitting</strong> — click float, secret nail or full glue-down options</li><li><strong>Wide Plank Options</strong> — available in a range of widths for a contemporary feel</li></ul>
<h3>Installation</h3><p>Can be floated (click), secret-nailed or fully glued depending on the product and subfloor type. Fully compatible with underfloor heating — floor surface temperature must not exceed 27°C. Suitable over concrete and timber subfloors. Acclimatise for 48 hours before fitting.</p>
<h3>Care &amp; Maintenance</h3><p>Sweep or vacuum regularly. Use a wood floor cleaner with a lightly damp mop for deeper cleaning — never use excessive water. Wipe liquid spills immediately. Avoid harsh chemicals, steam cleaners and abrasive products. Rearrange rugs periodically for even light exposure across the surface.</p>
<h3>Why Factory Direct Flooring?</h3><p>We are one of the UK's most trusted engineered wood specialists. Our buying power means you get the best quality at the lowest price. All products carry a full manufacturer's guarantee. Free samples available — see the quality for yourself before you commit.</p>",Factory Direct Flooring,,Engineered Wood Flooring,engineered-wood-flooring,TRUE,Title,Default Title,H74075BO7,0,shopify,100,deny,manual,64.79,64.79,TRUE,TRUE,,,Herringbone Parquet 18mm Classic Oak Brushed Oiled Engineered,Herringbone Parquet 18mm Classic Oak Brushed Oiled Engineered | Factory Direct Flooring,Buy Herringbone Parquet 18mm Classic Oak Brushed Oiled Engineered at Factory Direct Flooring. Engineered Wood Flooring available at competitive prices. Free UK delivery and expert advice. Order free samples today.,active
manor-althorpe-18mm-x-125mm-natural-lacquer-engineered-oak-flooring,Manor Althorpe 18mm x 125mm Natural Lacquer Engineered Oak Flooring,"<h2>Manor Althorpe 18mm x 125mm Natural Lacquer Engineered Oak Flooring</h2><p>Discover the <strong>Manor Althorpe 18mm x 125mm Natural Lacquer Engineered Oak Flooring</strong> from Factory Direct Flooring in a stunning <strong>Oak</strong> finish with a <strong>18mm</strong> profile. Engineered wood combines the authentic warmth and beauty of real wood with enhanced structural stability, making it the smart and versatile choice for modern homes. The real wood top layer is completely indistinguishable from solid wood while the multi-layer core provides superior resistance to the effects of temperature and humidity change.</p>
<h3>Key Highlights</h3><ul><li><strong>Real Wood Top Layer</strong> — genuine timber veneer for an authentic natural appearance</li><li><strong>Multi-Layer Stability</strong> — cross-ply core resists warping, cupping and shrinking</li><li><strong>Underfloor Heating Compatible</strong> — engineered to work with both wet and electric UFH</li><li><strong>All-Level Installation</strong> — suitable for ground floor, first floor and basement</li><li><strong>Flexible Fitting</strong> — click float, secret nail or full glue-down options</li><li><strong>Wide Plank Options</strong> — available in a range of widths for a contemporary feel</li></ul>
<h3>Installation</h3><p>Can be floated (click), secret-nailed or fully glued depending on the product and subfloor type. Fully compatible with underfloor heating — floor surface temperature must not exceed 27°C. Suitable over concrete and timber subfloors. Acclimatise for 48 hours before fitting.</p>
<h3>Care &amp; Maintenance</h3><p>Sweep or vacuum regularly. Use a wood floor cleaner with a lightly damp mop for deeper cleaning — never use excessive water. Wipe liquid spills immediately. Avoid harsh chemicals, steam cleaners and abrasive products. Rearrange rugs periodically for even light exposure across the surface.</p>
<h3>Why Factory Direct Flooring?</h3><p>We are one of the UK's most trusted engineered wood specialists. Our buying power means you get the best quality at the lowest price. All products carry a full manufacturer's guarantee. Free samples available — see the quality for yourself before you commit.</p>",Factory Direct Flooring,,Engineered Wood Flooring,engineered-wood-flooring,TRUE,Title,Default Title,74077ALT,0,shopify,100,deny,manual,50.39,50.39,TRUE,TRUE,,,Manor Althorpe 18mm x 125mm Natural Lacquer Engineered Oak Flooring,Manor Althorpe 18mm x 125mm Natural Lacquer Engineered Oak Flooring | Factory Direct Flooring,Buy Manor Althorpe 18mm x 125mm Natural Lacquer Engineered Oak Flooring at Factory Direct Flooring. Engineered Wood Flooring available at competitive prices. Free UK delivery and expert advice. Order free samples today.,active
manor-bramell-engineered-wood-flooring-18mm-x-125mm-nude-brushed-matt-lacquer,Manor Bramell Engineered Wood Flooring 18mm x 125mm Nude Brushed Matt Lacquer,"<h2>Manor Bramell Engineered Wood Flooring 18mm x 125mm Nude Brushed Matt Lacquer</h2><p>Discover the <strong>Manor Bramell Engineered Wood Flooring 18mm x 125mm Nude Brushed Matt Lacquer</strong> from Factory Direct Flooring with a <strong>18mm</strong> profile. Engineered wood combines the authentic warmth and beauty of real wood with enhanced structural stability, making it the smart and versatile choice for modern homes. The real wood top layer is completely indistinguishable from solid wood while the multi-layer core provides superior resistance to the effects of temperature and humidity change.</p>
<h3>Key Highlights</h3><ul><li><strong>Real Wood Top Layer</strong> — genuine timber veneer for an authentic natural appearance</li><li><strong>Multi-Layer Stability</strong> — cross-ply core resists warping, cupping and shrinking</li><li><strong>Underfloor Heating Compatible</strong> — engineered to work with both wet and electric UFH</li><li><strong>All-Level Installation</strong> — suitable for ground floor, first floor and basement</li><li><strong>Flexible Fitting</strong> — click float, secret nail or full glue-down options</li><li><strong>Wide Plank Options</strong> — available in a range of widths for a contemporary feel</li></ul>
<h3>Installation</h3><p>Can be floated (click), secret-nailed or fully glued depending on the product and subfloor type. Fully compatible with underfloor heating — floor surface temperature must not exceed 27°C. Suitable over concrete and timber subfloors. Acclimatise for 48 hours before fitting.</p>
<h3>Care &amp; Maintenance</h3><p>Sweep or vacuum regularly. Use a wood floor cleaner with a lightly damp mop for deeper cleaning — never use excessive water. Wipe liquid spills immediately. Avoid harsh chemicals, steam cleaners and abrasive products. Rearrange rugs periodically for even light exposure across the surface.</p>
<h3>Why Factory Direct Flooring?</h3><p>We are one of the UK's most trusted engineered wood specialists. Our buying power means you get the best quality at the lowest price. All products carry a full manufacturer's guarantee. Free samples available — see the quality for yourself before you commit.</p>",Factory Direct Flooring,,Engineered Wood Flooring,engineered-wood-flooring,TRUE,Title,Default Title,74078BRA,0,shopify,100,deny,manual,53.99,53.99,TRUE,TRUE,,,Manor Bramell Engineered Wood Flooring 18mm x 125mm Nude Brushed Matt Lacquer,Manor Bramell Engineered Wood Flooring 18mm x 125mm Nude Brushed Matt Lacquer | Factory Direct Flooring,Buy Manor Bramell Engineered Wood Flooring 18mm x 125mm Nude Brushed Matt Lacquer at Factory Direct Flooring. Engineered Wood Flooring available at competitive prices. Free UK delivery and expert advice. Order free samples today.,active
manor-dunham-engineered-wood-flooring-18mm-x-125mm-golden-oak-brushed-matt-lacquer,Manor Dunham Engineered Wood Flooring 18mm x 125mm Golden Oak Brushed Matt Lacquer,"<h2>Manor Dunham Engineered Wood Flooring 18mm x 125mm Golden Oak Brushed Matt Lacquer</h2><p>Discover the <strong>Manor Dunham Engineered Wood Flooring 18mm x 125mm Golden Oak Brushed Matt Lacquer</strong> from Factory Direct Flooring in a stunning <strong>Oak</strong> finish with a <strong>18mm</strong> profile. Engineered wood combines the authentic warmth and beauty of real wood with enhanced structural stability, making it the smart and versatile choice for modern homes. The real wood top layer is completely indistinguishable from solid wood while the multi-layer core provides superior resistance to the effects of temperature and humidity change.</p>
<h3>Key Highlights</h3><ul><li><strong>Real Wood Top Layer</strong> — genuine timber veneer for an authentic natural appearance</li><li><strong>Multi-Layer Stability</strong> — cross-ply core resists warping, cupping and shrinking</li><li><strong>Underfloor Heating Compatible</strong> — engineered to work with both wet and electric UFH</li><li><strong>All-Level Installation</strong> — suitable for ground floor, first floor and basement</li><li><strong>Flexible Fitting</strong> — click float, secret nail or full glue-down options</li><li><strong>Wide Plank Options</strong> — available in a range of widths for a contemporary feel</li></ul>
<h3>Installation</h3><p>Can be floated (click), secret-nailed or fully glued depending on the product and subfloor type. Fully compatible with underfloor heating — floor surface temperature must not exceed 27°C. Suitable over concrete and timber subfloors. Acclimatise for 48 hours before fitting.</p>
<h3>Care &amp; Maintenance</h3><p>Sweep or vacuum regularly. Use a wood floor cleaner with a lightly damp mop for deeper cleaning — never use excessive water. Wipe liquid spills immediately. Avoid harsh chemicals, steam cleaners and abrasive products. Rearrange rugs periodically for even light exposure across the surface.</p>
<h3>Why Factory Direct Flooring?</h3><p>We are one of the UK's most trusted engineered wood specialists. Our buying power means you get the best quality at the lowest price. All products carry a full manufacturer's guarantee. Free samples available — see the quality for yourself before you commit.</p>",Factory Direct Flooring,,Engineered Wood Flooring,engineered-wood-flooring,TRUE,Title,Default Title,74079DUN,0,shopify,100,deny,manual,53.15,53.15,TRUE,TRUE,,,Manor Dunham Engineered Wood Flooring 18mm x 125mm Golden Oak Brushed Matt Lacquer,Manor Dunham Engineered Wood Flooring 18mm x 125mm Golden Oak Brushed Matt Lacquer | Factory Direct Flooring,Buy Manor Dunham Engineered Wood Flooring 18mm x 125mm Golden Oak Brushed Matt Lacquer at Factory Direct Flooring. Engineered Wood Flooring available at competitive prices. Free UK delivery and expert advice. Order free samples today.,active
manor-houghton-engineered-wood-flooring-18mm-x-125mm-natural-brushed-oiled-oak,Manor Houghton Engineered Wood Flooring 18mm x 125mm Natural Brushed Oiled Oak,"<h2>Manor Houghton Engineered Wood Flooring 18mm x 125mm Natural Brushed Oiled Oak</h2><p>Discover the <strong>Manor Houghton Engineered Wood Flooring 18mm x 125mm Natural Brushed Oiled Oak</strong> from Factory Direct Flooring in a stunning <strong>Oak</strong> finish with a <strong>18mm</strong> profile. Engineered wood combines the authentic warmth and beauty of real wood with enhanced structural stability, making it the smart and versatile choice for modern homes. The real wood top layer is completely indistinguishable from solid wood while the multi-layer core provides superior resistance to the effects of temperature and humidity change.</p>
<h3>Key Highlights</h3><ul><li><strong>Real Wood Top Layer</strong> — genuine timber veneer for an authentic natural appearance</li><li><strong>Multi-Layer Stability</strong> — cross-ply core resists warping, cupping and shrinking</li><li><strong>Underfloor Heating Compatible</strong> — engineered to work with both wet and electric UFH</li><li><strong>All-Level Installation</strong> — suitable for ground floor, first floor and basement</li><li><strong>Flexible Fitting</strong> — click float, secret nail or full glue-down options</li><li><strong>Wide Plank Options</strong> — available in a range of widths for a contemporary feel</li></ul>
<h3>Installation</h3><p>Can be floated (click), secret-nailed or fully glued depending on the product and subfloor type. Fully compatible with underfloor heating — floor surface temperature must not exceed 27°C. Suitable over concrete and timber subfloors. Acclimatise for 48 hours before fitting.</p>
<h3>Care &amp; Maintenance</h3><p>Sweep or vacuum regularly. Use a wood floor cleaner with a lightly damp mop for deeper cleaning — never use excessive water. Wipe liquid spills immediately. Avoid harsh chemicals, steam cleaners and abrasive products. Rearrange rugs periodically for even light exposure across the surface.</p>
<h3>Why Factory Direct Flooring?</h3><p>We are one of the UK's most trusted engineered wood specialists. Our buying power means you get the best quality at the lowest price. All products carry a full manufacturer's guarantee. Free samples available — see the quality for yourself before you commit.</p>",Factory Direct Flooring,,Engineered Wood Flooring,engineered-wood-flooring,TRUE,Title,Default Title,74080HOU,0,shopify,100,deny,manual,53.99,53.99,TRUE,TRUE,,,Manor Houghton Engineered Wood Flooring 18mm x 125mm Natural Brushed Oiled Oak,Manor Houghton Engineered Wood Flooring 18mm x 125mm Natural Brushed Oiled Oak | Factory Direct Flooring,Buy Manor Houghton Engineered Wood Flooring 18mm x 125mm Natural Brushed Oiled Oak at Factory Direct Flooring. Engineered Wood Flooring available at competitive prices. Free UK delivery and expert advice. Order free samples today.,active
manor-naworth-engineered-wood-flooring-18mm-x-125mm-golden-handscraped-lacquer,Manor Naworth Engineered Wood Flooring 18mm x 125mm Golden Handscraped Lacquer,"<h2>Manor Naworth Engineered Wood Flooring 18mm x 125mm Golden Handscraped Lacquer</h2><p>Discover the <strong>Manor Naworth Engineered Wood Flooring 18mm x 125mm Golden Handscraped Lacquer</strong> from Factory Direct Flooring in a stunning <strong>Golden</strong> finish with a <strong>18mm</strong> profile. Engineered wood combines the authentic warmth and beauty of real wood with enhanced structural stability, making it the smart and versatile choice for modern homes. The real wood top layer is completely indistinguishable from solid wood while the multi-layer core provides superior resistance to the effects of temperature and humidity change.</p>
<h3>Key Highlights</h3><ul><li><strong>Real Wood Top Layer</strong> — genuine timber veneer for an authentic natural appearance</li><li><strong>Multi-Layer Stability</strong> — cross-ply core resists warping, cupping and shrinking</li><li><strong>Underfloor Heating Compatible</strong> — engineered to work with both wet and electric UFH</li><li><strong>All-Level Installation</strong> — suitable for ground floor, first floor and basement</li><li><strong>Flexible Fitting</strong> — click float, secret nail or full glue-down options</li><li><strong>Wide Plank Options</strong> — available in a range of widths for a contemporary feel</li></ul>
<h3>Installation</h3><p>Can be floated (click), secret-nailed or fully glued depending on the product and subfloor type. Fully compatible with underfloor heating — floor surface temperature must not exceed 27°C. Suitable over concrete and timber subfloors. Acclimatise for 48 hours before fitting.</p>
<h3>Care &amp; Maintenance</h3><p>Sweep or vacuum regularly. Use a wood floor cleaner with a lightly damp mop for deeper cleaning — never use excessive water. Wipe liquid spills immediately. Avoid harsh chemicals, steam cleaners and abrasive products. Rearrange rugs periodically for even light exposure across the surface.</p>
<h3>Why Factory Direct Flooring?</h3><p>We are one of the UK's most trusted engineered wood specialists. Our buying power means you get the best quality at the lowest price. All products carry a full manufacturer's guarantee. Free samples available — see the quality for yourself before you commit.</p>",Factory Direct Flooring,,Engineered Wood Flooring,engineered-wood-flooring,TRUE,Title,Default Title,74081NAW,0,shopify,100,deny,manual,47.94,47.94,TRUE,TRUE,,,Manor Naworth Engineered Wood Flooring 18mm x 125mm Golden Handscraped Lacquer,Manor Naworth Engineered Wood Flooring 18mm x 125mm Golden Handscraped Lacquer | Factory Direct Flooring,Buy Manor Naworth Engineered Wood Flooring 18mm x 125mm Golden Handscraped Lacquer at Factory Direct Flooring. Engineered Wood Flooring available at competitive prices. Free UK delivery and expert advice. Order free samples today.,active
manor-corsham-engineered-wood-flooring-18mm-x-190mm-golden-brushed-oiled,Manor Corsham Engineered Wood Flooring 18mm x 190mm Golden Brushed Oiled,"<h2>Manor Corsham Engineered Wood Flooring 18mm x 190mm Golden Brushed Oiled</h2><p>Discover the <strong>Manor Corsham Engineered Wood Flooring 18mm x 190mm Golden Brushed Oiled</strong> from Factory Direct Flooring in a stunning <strong>Golden</strong> finish with a <strong>18mm</strong> profile. Engineered wood combines the authentic warmth and beauty of real wood with enhanced structural stability, making it the smart and versatile choice for modern homes. The real wood top layer is completely indistinguishable from solid wood while the multi-layer core provides superior resistance to the effects of temperature and humidity change.</p>
<h3>Key Highlights</h3><ul><li><strong>Real Wood Top Layer</strong> — genuine timber veneer for an authentic natural appearance</li><li><strong>Multi-Layer Stability</strong> — cross-ply core resists warping, cupping and shrinking</li><li><strong>Underfloor Heating Compatible</strong> — engineered to work with both wet and electric UFH</li><li><strong>All-Level Installation</strong> — suitable for ground floor, first floor and basement</li><li><strong>Flexible Fitting</strong> — click float, secret nail or full glue-down options</li><li><strong>Wide Plank Options</strong> — available in a range of widths for a contemporary feel</li></ul>
<h3>Installation</h3><p>Can be floated (click), secret-nailed or fully glued depending on the product and subfloor type. Fully compatible with underfloor heating — floor surface temperature must not exceed 27°C. Suitable over concrete and timber subfloors. Acclimatise for 48 hours before fitting.</p>
<h3>Care &amp; Maintenance</h3><p>Sweep or vacuum regularly. Use a wood floor cleaner with a lightly damp mop for deeper cleaning — never use excessive water. Wipe liquid spills immediately. Avoid harsh chemicals, steam cleaners and abrasive products. Rearrange rugs periodically for even light exposure across the surface.</p>
<h3>Why Factory Direct Flooring?</h3><p>We are one of the UK's most trusted engineered wood specialists. Our buying power means you get the best quality at the lowest price. All products carry a full manufacturer's guarantee. Free samples available — see the quality for yourself before you commit.</p>",Factory Direct Flooring,,Engineered Wood Flooring,engineered-wood-flooring,TRUE,Title,Default Title,74082COR,0,shopify,100,deny,manual,53.98,53.98,TRUE,TRUE,,,Manor Corsham Engineered Wood Flooring 18mm x 190mm Golden Brushed Oiled,Manor Corsham Engineered Wood Flooring 18mm x 190mm Golden Brushed Oiled | Factory Direct Flooring,Buy Manor Corsham Engineered Wood Flooring 18mm x 190mm Golden Brushed Oiled at Factory Direct Flooring. Engineered Wood Flooring available at competitive prices. Free UK delivery and expert advice. Order free samples today.,active
manor-elton-engineered-wood-flooring-18mm-x-190mm-natural-oak-brushed-oiled,Manor Elton Engineered Wood Flooring 18mm x 190mm Natural Oak Brushed Oiled,"<h2>Manor Elton Engineered Wood Flooring 18mm x 190mm Natural Oak Brushed Oiled</h2><p>Discover the <strong>Manor Elton Engineered Wood Flooring 18mm x 190mm Natural Oak Brushed Oiled</strong> from Factory Direct Flooring in a stunning <strong>Oak</strong> finish with a <strong>18mm</strong> profile. Engineered wood combines the authentic warmth and beauty of real wood with enhanced structural stability, making it the smart and versatile choice for modern homes. The real wood top layer is completely indistinguishable from solid wood while the multi-layer core provides superior resistance to the effects of temperature and humidity change.</p>
<h3>Key Highlights</h3><ul><li><strong>Real Wood Top Layer</strong> — genuine timber veneer for an authentic natural appearance</li><li><strong>Multi-Layer Stability</strong> — cross-ply core resists warping, cupping and shrinking</li><li><strong>Underfloor Heating Compatible</strong> — engineered to work with both wet and electric UFH</li><li><strong>All-Level Installation</strong> — suitable for ground floor, first floor and basement</li><li><strong>Flexible Fitting</strong> — click float, secret nail or full glue-down options</li><li><strong>Wide Plank Options</strong> — available in a range of widths for a contemporary feel</li></ul>
<h3>Installation</h3><p>Can be floated (click), secret-nailed or fully glued depending on the product and subfloor type. Fully compatible with underfloor heating — floor surface temperature must not exceed 27°C. Suitable over concrete and timber subfloors. Acclimatise for 48 hours before fitting.</p>
<h3>Care &amp; Maintenance</h3><p>Sweep or vacuum regularly. Use a wood floor cleaner with a lightly damp mop for deeper cleaning — never use excessive water. Wipe liquid spills immediately. Avoid harsh chemicals, steam cleaners and abrasive products. Rearrange rugs periodically for even light exposure across the surface.</p>
<h3>Why Factory Direct Flooring?</h3><p>We are one of the UK's most trusted engineered wood specialists. Our buying power means you get the best quality at the lowest price. All products carry a full manufacturer's guarantee. Free samples available — see the quality for yourself before you commit.</p>",Factory Direct Flooring,,Engineered Wood Flooring,engineered-wood-flooring,TRUE,Title,Default Title,74083ELT,0,shopify,100,deny,manual,53.98,53.98,TRUE,TRUE,,,Manor Elton Engineered Wood Flooring 18mm x 190mm Natural Oak Brushed Oiled,Manor Elton Engineered Wood Flooring 18mm x 190mm Natural Oak Brushed Oiled | Factory Direct Flooring,Buy Manor Elton Engineered Wood Flooring 18mm x 190mm Natural Oak Brushed Oiled at Factory Direct Flooring. Engineered Wood Flooring available at competitive prices. Free UK delivery and expert advice. Order free samples today.,active
manor-gunby-engineered-wood-flooring-18mm-x-190mm-natural-oak-brushed-matt-lacquered,Manor Gunby Engineered Wood Flooring 18mm x 190mm Natural Oak Brushed Matt Lacquered,"<h2>Manor Gunby Engineered Wood Flooring 18mm x 190mm Natural Oak Brushed Matt Lacquered</h2><p>Discover the <strong>Manor Gunby Engineered Wood Flooring 18mm x 190mm Natural Oak Brushed Matt Lacquered</strong> from Factory Direct Flooring in a stunning <strong>Oak</strong> finish with a <strong>18mm</strong> profile. Engineered wood combines the authentic warmth and beauty of real wood with enhanced structural stability, making it the smart and versatile choice for modern homes. The real wood top layer is completely indistinguishable from solid wood while the multi-layer core provides superior resistance to the effects of temperature and humidity change.</p>
<h3>Key Highlights</h3><ul><li><strong>Real Wood Top Layer</strong> — genuine timber veneer for an authentic natural appearance</li><li><strong>Multi-Layer Stability</strong> — cross-ply core resists warping, cupping and shrinking</li><li><strong>Underfloor Heating Compatible</strong> — engineered to work with both wet and electric UFH</li><li><strong>All-Level Installation</strong> — suitable for ground floor, first floor and basement</li><li><strong>Flexible Fitting</strong> — click float, secret nail or full glue-down options</li><li><strong>Wide Plank Options</strong> — available in a range of widths for a contemporary feel</li></ul>
<h3>Installation</h3><p>Can be floated (click), secret-nailed or fully glued depending on the product and subfloor type. Fully compatible with underfloor heating — floor surface temperature must not exceed 27°C. Suitable over concrete and timber subfloors. Acclimatise for 48 hours before fitting.</p>
<h3>Care &amp; Maintenance</h3><p>Sweep or vacuum regularly. Use a wood floor cleaner with a lightly damp mop for deeper cleaning — never use excessive water. Wipe liquid spills immediately. Avoid harsh chemicals, steam cleaners and abrasive products. Rearrange rugs periodically for even light exposure across the surface.</p>
<h3>Why Factory Direct Flooring?</h3><p>We are one of the UK's most trusted engineered wood specialists. Our buying power means you get the best quality at the lowest price. All products carry a full manufacturer's guarantee. Free samples available — see the quality for yourself before you commit.</p>",Factory Direct Flooring,,Engineered Wood Flooring,engineered-wood-flooring,TRUE,Title,Default Title,74084GUN,0,shopify,100,deny,manual,53.98,53.98,TRUE,TRUE,,,Manor Gunby Engineered Wood Flooring 18mm x 190mm Natural Oak Brushed Matt Lacquered,Manor Gunby Engineered Wood Flooring 18mm x 190mm Natural Oak Brushed Matt Lacquered | Factory Direct Flooring,Buy Manor Gunby Engineered Wood Flooring 18mm x 190mm Natural Oak Brushed Matt Lacquered at Factory Direct Flooring. Engineered Wood Flooring available at competitive prices. Free UK delivery and expert advice. Order free samples today.,active
manor-kelham-engineered-wood-flooring-18mm-x-190mm-limed-white-brushed-matt-lacquered,Manor Kelham Engineered Wood Flooring 18mm x 190mm Limed White Brushed Matt Lacquered,"<h2>Manor Kelham Engineered Wood Flooring 18mm x 190mm Limed White Brushed Matt Lacquered</h2><p>Discover the <strong>Manor Kelham Engineered Wood Flooring 18mm x 190mm Limed White Brushed Matt Lacquered</strong> from Factory Direct Flooring in a stunning <strong>White</strong> finish with a <strong>18mm</strong> profile. Engineered wood combines the authentic warmth and beauty of real wood with enhanced structural stability, making it the smart and versatile choice for modern homes. The real wood top layer is completely indistinguishable from solid wood while the multi-layer core provides superior resistance to the effects of temperature and humidity change.</p>
<h3>Key Highlights</h3><ul><li><strong>Real Wood Top Layer</strong> — genuine timber veneer for an authentic natural appearance</li><li><strong>Multi-Layer Stability</strong> — cross-ply core resists warping, cupping and shrinking</li><li><strong>Underfloor Heating Compatible</strong> — engineered to work with both wet and electric UFH</li><li><strong>All-Level Installation</strong> — suitable for ground floor, first floor and basement</li><li><strong>Flexible Fitting</strong> — click float, secret nail or full glue-down options</li><li><strong>Wide Plank Options</strong> — available in a range of widths for a contemporary feel</li></ul>
<h3>Installation</h3><p>Can be floated (click), secret-nailed or fully glued depending on the product and subfloor type. Fully compatible with underfloor heating — floor surface temperature must not exceed 27°C. Suitable over concrete and timber subfloors. Acclimatise for 48 hours before fitting.</p>
<h3>Care &amp; Maintenance</h3><p>Sweep or vacuum regularly. Use a wood floor cleaner with a lightly damp mop for deeper cleaning — never use excessive water. Wipe liquid spills immediately. Avoid harsh chemicals, steam cleaners and abrasive products. Rearrange rugs periodically for even light exposure across the surface.</p>
<h3>Why Factory Direct Flooring?</h3><p>We are one of the UK's most trusted engineered wood specialists. Our buying power means you get the best quality at the lowest price. All products carry a full manufacturer's guarantee. Free samples available — see the quality for yourself before you commit.</p>",Factory Direct Flooring,,Engineered Wood Flooring,engineered-wood-flooring,TRUE,Title,Default Title,74085KEL,0,shopify,100,deny,manual,53.98,53.98,TRUE,TRUE,,,Manor Kelham Engineered Wood Flooring 18mm x 190mm Limed White Brushed Matt Lacquered,Manor Kelham Engineered Wood Flooring 18mm x 190mm Limed White Brushed Matt Lacquered | Factory Direct Flooring,Buy Manor Kelham Engineered Wood Flooring 18mm x 190mm Limed White Brushed Matt Lacquered at Factory Direct Flooring. Engineered Wood Flooring available at competitive prices. Free UK delivery and expert advice. Order free samples today.,active
manor-lytham-engineered-wood-flooring-18mm-x190mm-nude-brushed-matt-lacquer,Manor Lytham Engineered Wood Flooring 18mm x190mm Nude Brushed Matt Lacquer,"<h2>Manor Lytham Engineered Wood Flooring 18mm x190mm Nude Brushed Matt Lacquer</h2><p>Discover the <strong>Manor Lytham Engineered Wood Flooring 18mm x190mm Nude Brushed Matt Lacquer</strong> from Factory Direct Flooring with a <strong>18mm</strong> profile. Engineered wood combines the authentic warmth and beauty of real wood with enhanced structural stability, making it the smart and versatile choice for modern homes. The real wood top layer is completely indistinguishable from solid wood while the multi-layer core provides superior resistance to the effects of temperature and humidity change.</p>
<h3>Key Highlights</h3><ul><li><strong>Real Wood Top Layer</strong> — genuine timber veneer for an authentic natural appearance</li><li><strong>Multi-Layer Stability</strong> — cross-ply core resists warping, cupping and shrinking</li><li><strong>Underfloor Heating Compatible</strong> — engineered to work with both wet and electric UFH</li><li><strong>All-Level Installation</strong> — suitable for ground floor, first floor and basement</li><li><strong>Flexible Fitting</strong> — click float, secret nail or full glue-down options</li><li><strong>Wide Plank Options</strong> — available in a range of widths for a contemporary feel</li></ul>
<h3>Installation</h3><p>Can be floated (click), secret-nailed or fully glued depending on the product and subfloor type. Fully compatible with underfloor heating — floor surface temperature must not exceed 27°C. Suitable over concrete and timber subfloors. Acclimatise for 48 hours before fitting.</p>
<h3>Care &amp; Maintenance</h3><p>Sweep or vacuum regularly. Use a wood floor cleaner with a lightly damp mop for deeper cleaning — never use excessive water. Wipe liquid spills immediately. Avoid harsh chemicals, steam cleaners and abrasive products. Rearrange rugs periodically for even light exposure across the surface.</p>
<h3>Why Factory Direct Flooring?</h3><p>We are one of the UK's most trusted engineered wood specialists. Our buying power means you get the best quality at the lowest price. All products carry a full manufacturer's guarantee. Free samples available — see the quality for yourself before you commit.</p>",Factory Direct Flooring,,Engineered Wood Flooring,engineered-wood-flooring,TRUE,Title,Default Title,74086LYT,0,shopify,100,deny,manual,53.98,53.98,TRUE,TRUE,,,Manor Lytham Engineered Wood Flooring 18mm x190mm Nude Brushed Matt Lacquer,Manor Lytham Engineered Wood Flooring 18mm x190mm Nude Brushed Matt Lacquer | Factory Direct Flooring,Buy Manor Lytham Engineered Wood Flooring 18mm x190mm Nude Brushed Matt Lacquer at Factory Direct Flooring. Engineered Wood Flooring available at competitive prices. Free UK delivery and expert advice. Order free samples today.,active
manor-otley-engineered-wood-flooring-18mm-x-190mm-natural-oak-blackline-brushed-matt-lac,Manor Otley Engineered Wood Flooring 18mm x 190mm Natural Oak Blackline Brushed Matt Lac,"<h2>Manor Otley Engineered Wood Flooring 18mm x 190mm Natural Oak Blackline Brushed Matt Lac</h2><p>Discover the <strong>Manor Otley Engineered Wood Flooring 18mm x 190mm Natural Oak Blackline Brushed Matt Lac</strong> from Factory Direct Flooring in a stunning <strong>Oak</strong> finish with a <strong>18mm</strong> profile. Engineered wood combines the authentic warmth and beauty of real wood with enhanced structural stability, making it the smart and versatile choice for modern homes. The real wood top layer is completely indistinguishable from solid wood while the multi-layer core provides superior resistance to the effects of temperature and humidity change.</p>
<h3>Key Highlights</h3><ul><li><strong>Real Wood Top Layer</strong> — genuine timber veneer for an authentic natural appearance</li><li><strong>Multi-Layer Stability</strong> — cross-ply core resists warping, cupping and shrinking</li><li><strong>Underfloor Heating Compatible</strong> — engineered to work with both wet and electric UFH</li><li><strong>All-Level Installation</strong> — suitable for ground floor, first floor and basement</li><li><strong>Flexible Fitting</strong> — click float, secret nail or full glue-down options</li><li><strong>Wide Plank Options</strong> — available in a range of widths for a contemporary feel</li></ul>
<h3>Installation</h3><p>Can be floated (click), secret-nailed or fully glued depending on the product and subfloor type. Fully compatible with underfloor heating — floor surface temperature must not exceed 27°C. Suitable over concrete and timber subfloors. Acclimatise for 48 hours before fitting.</p>
<h3>Care &amp; Maintenance</h3><p>Sweep or vacuum regularly. Use a wood floor cleaner with a lightly damp mop for deeper cleaning — never use excessive water. Wipe liquid spills immediately. Avoid harsh chemicals, steam cleaners and abrasive products. Rearrange rugs periodically for even light exposure across the surface.</p>
<h3>Why Factory Direct Flooring?</h3><p>We are one of the UK's most trusted engineered wood specialists. Our buying power means you get the best quality at the lowest price. All products carry a full manufacturer's guarantee. Free samples available — see the quality for yourself before you commit.</p>",Factory Direct Flooring,,Engineered Wood Flooring,engineered-wood-flooring,TRUE,Title,Default Title,74087OTL,0,shopify,100,deny,manual,53.98,53.98,TRUE,TRUE,,,Manor Otley Engineered Wood Flooring 18mm x 190mm Natural Oak Blackline Brushed Matt Lac,Manor Otley Engineered Wood Flooring 18mm x 190mm Natural Oak Blackline Brushed Matt Lac | Factory Direct Flooring,Buy Manor Otley Engineered Wood Flooring 18mm x 190mm Natural Oak Blackline Brushed Matt Lac at Factory Direct Flooring. Engineered Wood Flooring available at competitive prices. Free UK delivery and expert advice. Order free samples today.,active
loire-engineered-wood-flooring-15mm-x-190mm-natural-oak-distressed-wax-oil,Loire Engineered Wood Flooring 15mm x 190mm Natural Oak Distressed Wax Oil,"<h2>Loire Engineered Wood Flooring 15mm x 190mm Natural Oak Distressed Wax Oil</h2><p>Discover the <strong>Loire Engineered Wood Flooring 15mm x 190mm Natural Oak Distressed Wax Oil</strong> from Factory Direct Flooring in a stunning <strong>Oak</strong> finish with a <strong>15mm</strong> profile. Engineered wood combines the authentic warmth and beauty of real wood with enhanced structural stability, making it the smart and versatile choice for modern homes. The real wood top layer is completely indistinguishable from solid wood while the multi-layer core provides superior resistance to the effects of temperature and humidity change.</p>
<h3>Key Highlights</h3><ul><li><strong>Real Wood Top Layer</strong> — genuine timber veneer for an authentic natural appearance</li><li><strong>Multi-Layer Stability</strong> — cross-ply core resists warping, cupping and shrinking</li><li><strong>Underfloor Heating Compatible</strong> — engineered to work with both wet and electric UFH</li><li><strong>All-Level Installation</strong> — suitable for ground floor, first floor and basement</li><li><strong>Flexible Fitting</strong> — click float, secret nail or full glue-down options</li><li><strong>Wide Plank Options</strong> — available in a range of widths for a contemporary feel</li></ul>
<h3>Installation</h3><p>Can be floated (click), secret-nailed or fully glued depending on the product and subfloor type. Fully compatible with underfloor heating — floor surface temperature must not exceed 27°C. Suitable over concrete and timber subfloors. Acclimatise for 48 hours before fitting.</p>
<h3>Care &amp; Maintenance</h3><p>Sweep or vacuum regularly. Use a wood floor cleaner with a lightly damp mop for deeper cleaning — never use excessive water. Wipe liquid spills immediately. Avoid harsh chemicals, steam cleaners and abrasive products. Rearrange rugs periodically for even light exposure across the surface.</p>
<h3>Why Factory Direct Flooring?</h3><p>We are one of the UK's most trusted engineered wood specialists. Our buying power means you get the best quality at the lowest price. All products carry a full manufacturer's guarantee. Free samples available — see the quality for yourself before you commit.</p>",Factory Direct Flooring,,Engineered Wood Flooring,engineered-wood-flooring,TRUE,Title,Default Title,74089LON,0,shopify,100,deny,manual,59.99,59.99,TRUE,TRUE,,,Loire Engineered Wood Flooring 15mm x 190mm Natural Oak Distressed Wax Oil,Loire Engineered Wood Flooring 15mm x 190mm Natural Oak Distressed Wax Oil | Factory Direct Flooring,Buy Loire Engineered Wood Flooring 15mm x 190mm Natural Oak Distressed Wax Oil at Factory Direct Flooring. Engineered Wood Flooring available at competitive prices. Free UK delivery and expert advice. Order free samples today.,active
loire-rich-oak-distressed-wax-oil-15mm-engineered,Loire Rich Oak Distressed Wax Oil 15mm Engineered,"<h2>Loire Rich Oak Distressed Wax Oil 15mm Engineered</h2><p>Discover the <strong>Loire Rich Oak Distressed Wax Oil 15mm Engineered</strong> from Factory Direct Flooring in a stunning <strong>Oak</strong> finish with a <strong>15mm</strong> profile. Engineered wood combines the authentic warmth and beauty of real wood with enhanced structural stability, making it the smart and versatile choice for modern homes. The real wood top layer is completely indistinguishable from solid wood while the multi-layer core provides superior resistance to the effects of temperature and humidity change.</p>
<h3>Key Highlights</h3><ul><li><strong>Real Wood Top Layer</strong> — genuine timber veneer for an authentic natural appearance</li><li><strong>Multi-Layer Stability</strong> — cross-ply core resists warping, cupping and shrinking</li><li><strong>Underfloor Heating Compatible</strong> — engineered to work with both wet and electric UFH</li><li><strong>All-Level Installation</strong> — suitable for ground floor, first floor and basement</li><li><strong>Flexible Fitting</strong> — click float, secret nail or full glue-down options</li><li><strong>Wide Plank Options</strong> — available in a range of widths for a contemporary feel</li></ul>
<h3>Installation</h3><p>Can be floated (click), secret-nailed or fully glued depending on the product and subfloor type. Fully compatible with underfloor heating — floor surface temperature must not exceed 27°C. Suitable over concrete and timber subfloors. Acclimatise for 48 hours before fitting.</p>
<h3>Care &amp; Maintenance</h3><p>Sweep or vacuum regularly. Use a wood floor cleaner with a lightly damp mop for deeper cleaning — never use excessive water. Wipe liquid spills immediately. Avoid harsh chemicals, steam cleaners and abrasive products. Rearrange rugs periodically for even light exposure across the surface.</p>
<h3>Why Factory Direct Flooring?</h3><p>We are one of the UK's most trusted engineered wood specialists. Our buying power means you get the best quality at the lowest price. All products carry a full manufacturer's guarantee. Free samples available — see the quality for yourself before you commit.</p>",Factory Direct Flooring,,Engineered Wood Flooring,engineered-wood-flooring,TRUE,Title,Default Title,74090LRO,0,shopify,100,deny,manual,59.99,59.99,TRUE,TRUE,,,Loire Rich Oak Distressed Wax Oil 15mm Engineered,Loire Rich Oak Distressed Wax Oil 15mm Engineered | Factory Direct Flooring,Buy Loire Rich Oak Distressed Wax Oil 15mm Engineered at Factory Direct Flooring. Engineered Wood Flooring available at competitive prices. Free UK delivery and expert advice. Order free samples today.,active
loire-engineered-wood-flooring-golden-oak-distressed-wax-oil-15mm-x-190mm,Loire Engineered Wood Flooring Golden Oak Distressed Wax Oil 15mm x 190mm,"<h2>Loire Engineered Wood Flooring Golden Oak Distressed Wax Oil 15mm x 190mm</h2><p>Discover the <strong>Loire Engineered Wood Flooring Golden Oak Distressed Wax Oil 15mm x 190mm</strong> from Factory Direct Flooring in a stunning <strong>Oak</strong> finish with a <strong>15mm</strong> profile. Engineered wood combines the authentic warmth and beauty of real wood with enhanced structural stability, making it the smart and versatile choice for modern homes. The real wood top layer is completely indistinguishable from solid wood while the multi-layer core provides superior resistance to the effects of temperature and humidity change.</p>
<h3>Key Highlights</h3><ul><li><strong>Real Wood Top Layer</strong> — genuine timber veneer for an authentic natural appearance</li><li><strong>Multi-Layer Stability</strong> — cross-ply core resists warping, cupping and shrinking</li><li><strong>Underfloor Heating Compatible</strong> — engineered to work with both wet and electric UFH</li><li><strong>All-Level Installation</strong> — suitable for ground floor, first floor and basement</li><li><strong>Flexible Fitting</strong> — click float, secret nail or full glue-down options</li><li><strong>Wide Plank Options</strong> — available in a range of widths for a contemporary feel</li></ul>
<h3>Installation</h3><p>Can be floated (click), secret-nailed or fully glued depending on the product and subfloor type. Fully compatible with underfloor heating — floor surface temperature must not exceed 27°C. Suitable over concrete and timber subfloors. Acclimatise for 48 hours before fitting.</p>
<h3>Care &amp; Maintenance</h3><p>Sweep or vacuum regularly. Use a wood floor cleaner with a lightly damp mop for deeper cleaning — never use excessive water. Wipe liquid spills immediately. Avoid harsh chemicals, steam cleaners and abrasive products. Rearrange rugs periodically for even light exposure across the surface.</p>
<h3>Why Factory Direct Flooring?</h3><p>We are one of the UK's most trusted engineered wood specialists. Our buying power means you get the best quality at the lowest price. All products carry a full manufacturer's guarantee. Free samples available — see the quality for yourself before you commit.</p>",Factory Direct Flooring,,Engineered Wood Flooring,engineered-wood-flooring,TRUE,Title,Default Title,74091LGO,0,shopify,100,deny,manual,59.99,59.99,TRUE,TRUE,,,Loire Engineered Wood Flooring Golden Oak Distressed Wax Oil 15mm x 190mm,Loire Engineered Wood Flooring Golden Oak Distressed Wax Oil 15mm x 190mm | Factory Direct Flooring,Buy Loire Engineered Wood Flooring Golden Oak Distressed Wax Oil 15mm x 190mm at Factory Direct Flooring. Engineered Wood Flooring available at competitive prices. Free UK delivery and expert advice. Order free samples today.,active
loire-engineered-wood-flooring-15mm-x-190mm-clear-oak-distressed-wax-oil,Loire Engineered Wood Flooring 15mm x 190mm Clear Oak Distressed Wax Oil,"<h2>Loire Engineered Wood Flooring 15mm x 190mm Clear Oak Distressed Wax Oil</h2><p>Discover the <strong>Loire Engineered Wood Flooring 15mm x 190mm Clear Oak Distressed Wax Oil</strong> from Factory Direct Flooring in a stunning <strong>Oak</strong> finish with a <strong>15mm</strong> profile. Engineered wood combines the authentic warmth and beauty of real wood with enhanced structural stability, making it the smart and versatile choice for modern homes. The real wood top layer is completely indistinguishable from solid wood while the multi-layer core provides superior resistance to the effects of temperature and humidity change.</p>
<h3>Key Highlights</h3><ul><li><strong>Real Wood Top Layer</strong> — genuine timber veneer for an authentic natural appearance</li><li><strong>Multi-Layer Stability</strong> — cross-ply core resists warping, cupping and shrinking</li><li><strong>Underfloor Heating Compatible</strong> — engineered to work with both wet and electric UFH</li><li><strong>All-Level Installation</strong> — suitable for ground floor, first floor and basement</li><li><strong>Flexible Fitting</strong> — click float, secret nail or full glue-down options</li><li><strong>Wide Plank Options</strong> — available in a range of widths for a contemporary feel</li></ul>
<h3>Installation</h3><p>Can be floated (click), secret-nailed or fully glued depending on the product and subfloor type. Fully compatible with underfloor heating — floor surface temperature must not exceed 27°C. Suitable over concrete and timber subfloors. Acclimatise for 48 hours before fitting.</p>
<h3>Care &amp; Maintenance</h3><p>Sweep or vacuum regularly. Use a wood floor cleaner with a lightly damp mop for deeper cleaning — never use excessive water. Wipe liquid spills immediately. Avoid harsh chemicals, steam cleaners and abrasive products. Rearrange rugs periodically for even light exposure across the surface.</p>
<h3>Why Factory Direct Flooring?</h3><p>We are one of the UK's most trusted engineered wood specialists. Our buying power means you get the best quality at the lowest price. All products carry a full manufacturer's guarantee. Free samples available — see the quality for yourself before you commit.</p>",Factory Direct Flooring,,Engineered Wood Flooring,engineered-wood-flooring,TRUE,Title,Default Title,74092CLO,0,shopify,100,deny,manual,52.64,52.64,TRUE,TRUE,,,Loire Engineered Wood Flooring 15mm x 190mm Clear Oak Distressed Wax Oil,Loire Engineered Wood Flooring 15mm x 190mm Clear Oak Distressed Wax Oil | Factory Direct Flooring,Buy Loire Engineered Wood Flooring 15mm x 190mm Clear Oak Distressed Wax Oil at Factory Direct Flooring. Engineered Wood Flooring available at competitive prices. Free UK delivery and expert advice. Order free samples today.,active
herringbone-parquet-engineered-wood-flooring-18mm-natural-brushed-oiled,Herringbone Parquet Engineered Wood Flooring 18mm Natural Brushed Oiled,"<h2>Herringbone Parquet Engineered Wood Flooring 18mm Natural Brushed Oiled</h2><p>Discover the <strong>Herringbone Parquet Engineered Wood Flooring 18mm Natural Brushed Oiled</strong> from Factory Direct Flooring in a stunning <strong>Natural</strong> finish with a <strong>18mm</strong> profile. Engineered wood combines the authentic warmth and beauty of real wood with enhanced structural stability, making it the smart and versatile choice for modern homes. The real wood top layer is completely indistinguishable from solid wood while the multi-layer core provides superior resistance to the effects of temperature and humidity change.</p>
<h3>Key Highlights</h3><ul><li><strong>Real Wood Top Layer</strong> — genuine timber veneer for an authentic natural appearance</li><li><strong>Multi-Layer Stability</strong> — cross-ply core resists warping, cupping and shrinking</li><li><strong>Underfloor Heating Compatible</strong> — engineered to work with both wet and electric UFH</li><li><strong>All-Level Installation</strong> — suitable for ground floor, first floor and basement</li><li><strong>Flexible Fitting</strong> — click float, secret nail or full glue-down options</li><li><strong>Wide Plank Options</strong> — available in a range of widths for a contemporary feel</li></ul>
<h3>Installation</h3><p>Can be floated (click), secret-nailed or fully glued depending on the product and subfloor type. Fully compatible with underfloor heating — floor surface temperature must not exceed 27°C. Suitable over concrete and timber subfloors. Acclimatise for 48 hours before fitting.</p>
<h3>Care &amp; Maintenance</h3><p>Sweep or vacuum regularly. Use a wood floor cleaner with a lightly damp mop for deeper cleaning — never use excessive water. Wipe liquid spills immediately. Avoid harsh chemicals, steam cleaners and abrasive products. Rearrange rugs periodically for even light exposure across the surface.</p>
<h3>Why Factory Direct Flooring?</h3><p>We are one of the UK's most trusted engineered wood specialists. Our buying power means you get the best quality at the lowest price. All products carry a full manufacturer's guarantee. Free samples available — see the quality for yourself before you commit.</p>",Factory Direct Flooring,,Engineered Wood Flooring,engineered-wood-flooring,TRUE,Title,Default Title,74093BUL,0,shopify,100,deny,manual,64.79,64.79,TRUE,TRUE,,,Herringbone Parquet Engineered Wood Flooring 18mm Natural Brushed Oiled,Herringbone Parquet Engineered Wood Flooring 18mm Natural Brushed Oiled | Factory Direct Flooring,Buy Herringbone Parquet Engineered Wood Flooring 18mm Natural Brushed Oiled at Factory Direct Flooring. Engineered Wood Flooring available at competitive prices. Free UK delivery and expert advice. Order free samples today.,active
herringbone-parquet-engineered-wood-flooring-18mm-natural-brushed-matt-lacquer,Herringbone Parquet Engineered Wood Flooring 18mm Natural Brushed Matt Lacquer,"<h2>Herringbone Parquet Engineered Wood Flooring 18mm Natural Brushed Matt Lacquer</h2><p>Discover the <strong>Herringbone Parquet Engineered Wood Flooring 18mm Natural Brushed Matt Lacquer</strong> from Factory Direct Flooring in a stunning <strong>Natural</strong> finish with a <strong>18mm</strong> profile. Engineered wood combines the authentic warmth and beauty of real wood with enhanced structural stability, making it the smart and versatile choice for modern homes. The real wood top layer is completely indistinguishable from solid wood while the multi-layer core provides superior resistance to the effects of temperature and humidity change.</p>
<h3>Key Highlights</h3><ul><li><strong>Real Wood Top Layer</strong> — genuine timber veneer for an authentic natural appearance</li><li><strong>Multi-Layer Stability</strong> — cross-ply core resists warping, cupping and shrinking</li><li><strong>Underfloor Heating Compatible</strong> — engineered to work with both wet and electric UFH</li><li><strong>All-Level Installation</strong> — suitable for ground floor, first floor and basement</li><li><strong>Flexible Fitting</strong> — click float, secret nail or full glue-down options</li><li><strong>Wide Plank Options</strong> — available in a range of widths for a contemporary feel</li></ul>
<h3>Installation</h3><p>Can be floated (click), secret-nailed or fully glued depending on the product and subfloor type. Fully compatible with underfloor heating — floor surface temperature must not exceed 27°C. Suitable over concrete and timber subfloors. Acclimatise for 48 hours before fitting.</p>
<h3>Care &amp; Maintenance</h3><p>Sweep or vacuum regularly. Use a wood floor cleaner with a lightly damp mop for deeper cleaning — never use excessive water. Wipe liquid spills immediately. Avoid harsh chemicals, steam cleaners and abrasive products. Rearrange rugs periodically for even light exposure across the surface.</p>
<h3>Why Factory Direct Flooring?</h3><p>We are one of the UK's most trusted engineered wood specialists. Our buying power means you get the best quality at the lowest price. All products carry a full manufacturer's guarantee. Free samples available — see the quality for yourself before you commit.</p>",Factory Direct Flooring,,Engineered Wood Flooring,engineered-wood-flooring,TRUE,Title,Default Title,74094BML,0,shopify,100,deny,manual,64.79,64.79,TRUE,TRUE,,,Herringbone Parquet Engineered Wood Flooring 18mm Natural Brushed Matt Lacquer,Herringbone Parquet Engineered Wood Flooring 18mm Natural Brushed Matt Lacquer | Factory Direct Flooring,Buy Herringbone Parquet Engineered Wood Flooring 18mm Natural Brushed Matt Lacquer at Factory Direct Flooring. Engineered Wood Flooring available at competitive prices. Free UK delivery and expert advice. Order free samples today.,active
herringbone-parquet-18mm-engineered-wood-flooring-smoke-white-brushed-oiled,Herringbone Parquet 18mm Engineered Wood Flooring Smoke White Brushed Oiled,"<h2>Herringbone Parquet 18mm Engineered Wood Flooring Smoke White Brushed Oiled</h2><p>Discover the <strong>Herringbone Parquet 18mm Engineered Wood Flooring Smoke White Brushed Oiled</strong> from Factory Direct Flooring in a stunning <strong>White</strong> finish with a <strong>18mm</strong> profile. Engineered wood combines the authentic warmth and beauty of real wood with enhanced structural stability, making it the smart and versatile choice for modern homes. The real wood top layer is completely indistinguishable from solid wood while the multi-layer core provides superior resistance to the effects of temperature and humidity change.</p>
<h3>Key Highlights</h3><ul><li><strong>Real Wood Top Layer</strong> — genuine timber veneer for an authentic natural appearance</li><li><strong>Multi-Layer Stability</strong> — cross-ply core resists warping, cupping and shrinking</li><li><strong>Underfloor Heating Compatible</strong> — engineered to work with both wet and electric UFH</li><li><strong>All-Level Installation</strong> — suitable for ground floor, first floor and basement</li><li><strong>Flexible Fitting</strong> — click float, secret nail or full glue-down options</li><li><strong>Wide Plank Options</strong> — available in a range of widths for a contemporary feel</li></ul>
<h3>Installation</h3><p>Can be floated (click), secret-nailed or fully glued depending on the product and subfloor type. Fully compatible with underfloor heating — floor surface temperature must not exceed 27°C. Suitable over concrete and timber subfloors. Acclimatise for 48 hours before fitting.</p>
<h3>Care &amp; Maintenance</h3><p>Sweep or vacuum regularly. Use a wood floor cleaner with a lightly damp mop for deeper cleaning — never use excessive water. Wipe liquid spills immediately. Avoid harsh chemicals, steam cleaners and abrasive products. Rearrange rugs periodically for even light exposure across the surface.</p>
<h3>Why Factory Direct Flooring?</h3><p>We are one of the UK's most trusted engineered wood specialists. Our buying power means you get the best quality at the lowest price. All products carry a full manufacturer's guarantee. Free samples available — see the quality for yourself before you commit.</p>",Factory Direct Flooring,,Engineered Wood Flooring,engineered-wood-flooring,TRUE,Title,Default Title,74095SWB,0,shopify,100,deny,manual,64.79,64.79,TRUE,TRUE,,,Herringbone Parquet 18mm Engineered Wood Flooring Smoke White Brushed Oiled,Herringbone Parquet 18mm Engineered Wood Flooring Smoke White Brushed Oiled | Factory Direct Flooring,Buy Herringbone Parquet 18mm Engineered Wood Flooring Smoke White Brushed Oiled at Factory Direct Flooring. Engineered Wood Flooring available at competitive prices. Free UK delivery and expert advice. Order free samples today.,active
herringbone-parquet-18mm-natural-blackline-brushed-matt-lacquered-engineered-flooring,Herringbone Parquet 18mm Natural Blackline Brushed Matt Lacquered Engineered Flooring,"<h2>Herringbone Parquet 18mm Natural Blackline Brushed Matt Lacquered Engineered Flooring</h2><p>Discover the <strong>Herringbone Parquet 18mm Natural Blackline Brushed Matt Lacquered Engineered Flooring</strong> from Factory Direct Flooring in a stunning <strong>Black</strong> finish with a <strong>18mm</strong> profile. Engineered wood combines the authentic warmth and beauty of real wood with enhanced structural stability, making it the smart and versatile choice for modern homes. The real wood top layer is completely indistinguishable from solid wood while the multi-layer core provides superior resistance to the effects of temperature and humidity change.</p>
<h3>Key Highlights</h3><ul><li><strong>Real Wood Top Layer</strong> — genuine timber veneer for an authentic natural appearance</li><li><strong>Multi-Layer Stability</strong> — cross-ply core resists warping, cupping and shrinking</li><li><strong>Underfloor Heating Compatible</strong> — engineered to work with both wet and electric UFH</li><li><strong>All-Level Installation</strong> — suitable for ground floor, first floor and basement</li><li><strong>Flexible Fitting</strong> — click float, secret nail or full glue-down options</li><li><strong>Wide Plank Options</strong> — available in a range of widths for a contemporary feel</li></ul>
<h3>Installation</h3><p>Can be floated (click), secret-nailed or fully glued depending on the product and subfloor type. Fully compatible with underfloor heating — floor surface temperature must not exceed 27°C. Suitable over concrete and timber subfloors. Acclimatise for 48 hours before fitting.</p>
<h3>Care &amp; Maintenance</h3><p>Sweep or vacuum regularly. Use a wood floor cleaner with a lightly damp mop for deeper cleaning — never use excessive water. Wipe liquid spills immediately. Avoid harsh chemicals, steam cleaners and abrasive products. Rearrange rugs periodically for even light exposure across the surface.</p>
<h3>Why Factory Direct Flooring?</h3><p>We are one of the UK's most trusted engineered wood specialists. Our buying power means you get the best quality at the lowest price. All products carry a full manufacturer's guarantee. Free samples available — see the quality for yourself before you commit.</p>",Factory Direct Flooring,,Engineered Wood Flooring,engineered-wood-flooring,TRUE,Title,Default Title,74096NBB,0,shopify,100,deny,manual,64.79,64.79,TRUE,TRUE,,,Herringbone Parquet 18mm Natural Blackline Brushed Matt Lacquered Engineered Flooring,Herringbone Parquet 18mm Natural Blackline Brushed Matt Lacquered Engineered Flooring | Factory Direct Flooring,Buy Herringbone Parquet 18mm Natural Blackline Brushed Matt Lacquered Engineered Flooring at Factory Direct Flooring. Engineered Wood Flooring available at competitive prices. Free UK delivery and expert advice. Order free samples today.,active
herringbone-parquet-engineered-wood-flooring-18mm-deep-brushed-white-oiled,Herringbone Parquet Engineered Wood Flooring 18mm Deep Brushed White Oiled,"<h2>Herringbone Parquet Engineered Wood Flooring 18mm Deep Brushed White Oiled</h2><p>Discover the <strong>Herringbone Parquet Engineered Wood Flooring 18mm Deep Brushed White Oiled</strong> from Factory Direct Flooring in a stunning <strong>White</strong> finish with a <strong>18mm</strong> profile. Engineered wood combines the authentic warmth and beauty of real wood with enhanced structural stability, making it the smart and versatile choice for modern homes. The real wood top layer is completely indistinguishable from solid wood while the multi-layer core provides superior resistance to the effects of temperature and humidity change.</p>
<h3>Key Highlights</h3><ul><li><strong>Real Wood Top Layer</strong> — genuine timber veneer for an authentic natural appearance</li><li><strong>Multi-Layer Stability</strong> — cross-ply core resists warping, cupping and shrinking</li><li><strong>Underfloor Heating Compatible</strong> — engineered to work with both wet and electric UFH</li><li><strong>All-Level Installation</strong> — suitable for ground floor, first floor and basement</li><li><strong>Flexible Fitting</strong> — click float, secret nail or full glue-down options</li><li><strong>Wide Plank Options</strong> — available in a range of widths for a contemporary feel</li></ul>
<h3>Installation</h3><p>Can be floated (click), secret-nailed or fully glued depending on the product and subfloor type. Fully compatible with underfloor heating — floor surface temperature must not exceed 27°C. Suitable over concrete and timber subfloors. Acclimatise for 48 hours before fitting.</p>
<h3>Care &amp; Maintenance</h3><p>Sweep or vacuum regularly. Use a wood floor cleaner with a lightly damp mop for deeper cleaning — never use excessive water. Wipe liquid spills immediately. Avoid harsh chemicals, steam cleaners and abrasive products. Rearrange rugs periodically for even light exposure across the surface.</p>
<h3>Why Factory Direct Flooring?</h3><p>We are one of the UK's most trusted engineered wood specialists. Our buying power means you get the best quality at the lowest price. All products carry a full manufacturer's guarantee. Free samples available — see the quality for yourself before you commit.</p>",Factory Direct Flooring,,Engineered Wood Flooring,engineered-wood-flooring,TRUE,Title,Default Title,74097DBW,0,shopify,100,deny,manual,64.79,64.79,TRUE,TRUE,,,Herringbone Parquet Engineered Wood Flooring 18mm Deep Brushed White Oiled,Herringbone Parquet Engineered Wood Flooring 18mm Deep Brushed White Oiled | Factory Direct Flooring,Buy Herringbone Parquet Engineered Wood Flooring 18mm Deep Brushed White Oiled at Factory Direct Flooring. Engineered Wood Flooring available at competitive prices. Free UK delivery and expert advice. Order free samples today.,active
herringbone-parquet-engineered-wood-flooring-18mm-nude-brushed-matt-lacquered,Herringbone Parquet Engineered Wood Flooring 18mm Nude Brushed Matt Lacquered,"<h2>Herringbone Parquet Engineered Wood Flooring 18mm Nude Brushed Matt Lacquered</h2><p>Discover the <strong>Herringbone Parquet Engineered Wood Flooring 18mm Nude Brushed Matt Lacquered</strong> from Factory Direct Flooring with a <strong>18mm</strong> profile. Engineered wood combines the authentic warmth and beauty of real wood with enhanced structural stability, making it the smart and versatile choice for modern homes. The real wood top layer is completely indistinguishable from solid wood while the multi-layer core provides superior resistance to the effects of temperature and humidity change.</p>
<h3>Key Highlights</h3><ul><li><strong>Real Wood Top Layer</strong> — genuine timber veneer for an authentic natural appearance</li><li><strong>Multi-Layer Stability</strong> — cross-ply core resists warping, cupping and shrinking</li><li><strong>Underfloor Heating Compatible</strong> — engineered to work with both wet and electric UFH</li><li><strong>All-Level Installation</strong> — suitable for ground floor, first floor and basement</li><li><strong>Flexible Fitting</strong> — click float, secret nail or full glue-down options</li><li><strong>Wide Plank Options</strong> — available in a range of widths for a contemporary feel</li></ul>
<h3>Installation</h3><p>Can be floated (click), secret-nailed or fully glued depending on the product and subfloor type. Fully compatible with underfloor heating — floor surface temperature must not exceed 27°C. Suitable over concrete and timber subfloors. Acclimatise for 48 hours before fitting.</p>
<h3>Care &amp; Maintenance</h3><p>Sweep or vacuum regularly. Use a wood floor cleaner with a lightly damp mop for deeper cleaning — never use excessive water. Wipe liquid spills immediately. Avoid harsh chemicals, steam cleaners and abrasive products. Rearrange rugs periodically for even light exposure across the surface.</p>
<h3>Why Factory Direct Flooring?</h3><p>We are one of the UK's most trusted engineered wood specialists. Our buying power means you get the best quality at the lowest price. All products carry a full manufacturer's guarantee. Free samples available — see the quality for yourself before you commit.</p>",Factory Direct Flooring,,Engineered Wood Flooring,engineered-wood-flooring,TRUE,Title,Default Title,74098NBL,0,shopify,100,deny,manual,64.79,64.79,TRUE,TRUE,,,Herringbone Parquet Engineered Wood Flooring 18mm Nude Brushed Matt Lacquered,Herringbone Parquet Engineered Wood Flooring 18mm Nude Brushed Matt Lacquered | Factory Direct Flooring,Buy Herringbone Parquet Engineered Wood Flooring 18mm Nude Brushed Matt Lacquered at Factory Direct Flooring. Engineered Wood Flooring available at competitive prices. Free UK delivery and expert advice. Order free samples today.,active
herringbone-parquet-engineered-wood-flooring-18mm-warm-harvest-brushed-oiled,Herringbone Parquet Engineered Wood Flooring 18mm Warm Harvest Brushed Oiled,"<h2>Herringbone Parquet Engineered Wood Flooring 18mm Warm Harvest Brushed Oiled</h2><p>Discover the <strong>Herringbone Parquet Engineered Wood Flooring 18mm Warm Harvest Brushed Oiled</strong> from Factory Direct Flooring in a stunning <strong>Warm</strong> finish with a <strong>18mm</strong> profile. Engineered wood combines the authentic warmth and beauty of real wood with enhanced structural stability, making it the smart and versatile choice for modern homes. The real wood top layer is completely indistinguishable from solid wood while the multi-layer core provides superior resistance to the effects of temperature and humidity change.</p>
<h3>Key Highlights</h3><ul><li><strong>Real Wood Top Layer</strong> — genuine timber veneer for an authentic natural appearance</li><li><strong>Multi-Layer Stability</strong> — cross-ply core resists warping, cupping and shrinking</li><li><strong>Underfloor Heating Compatible</strong> — engineered to work with both wet and electric UFH</li><li><strong>All-Level Installation</strong> — suitable for ground floor, first floor and basement</li><li><strong>Flexible Fitting</strong> — click float, secret nail or full glue-down options</li><li><strong>Wide Plank Options</strong> — available in a range of widths for a contemporary feel</li></ul>
<h3>Installation</h3><p>Can be floated (click), secret-nailed or fully glued depending on the product and subfloor type. Fully compatible with underfloor heating — floor surface temperature must not exceed 27°C. Suitable over concrete and timber subfloors. Acclimatise for 48 hours before fitting.</p>
<h3>Care &amp; Maintenance</h3><p>Sweep or vacuum regularly. Use a wood floor cleaner with a lightly damp mop for deeper cleaning — never use excessive water. Wipe liquid spills immediately. Avoid harsh chemicals, steam cleaners and abrasive products. Rearrange rugs periodically for even light exposure across the surface.</p>
<h3>Why Factory Direct Flooring?</h3><p>We are one of the UK's most trusted engineered wood specialists. Our buying power means you get the best quality at the lowest price. All products carry a full manufacturer's guarantee. Free samples available — see the quality for yourself before you commit.</p>",Factory Direct Flooring,,Engineered Wood Flooring,engineered-wood-flooring,TRUE,Title,Default Title,74099HBO,0,shopify,100,deny,manual,64.79,64.79,TRUE,TRUE,,,Herringbone Parquet Engineered Wood Flooring 18mm Warm Harvest Brushed Oiled,Herringbone Parquet Engineered Wood Flooring 18mm Warm Harvest Brushed Oiled | Factory Direct Flooring,Buy Herringbone Parquet Engineered Wood Flooring 18mm Warm Harvest Brushed Oiled at Factory Direct Flooring. Engineered Wood Flooring available at competitive prices. Free UK delivery and expert advice. Order free samples today.,active
abbey-audley-engineered-wood-flooring-oak-14mm-x-165mm-brushed-oiled,Abbey Audley Engineered Wood Flooring Oak 14mm x 165mm Brushed Oiled,"<h2>Abbey Audley Engineered Wood Flooring Oak 14mm x 165mm Brushed Oiled</h2><p>Discover the <strong>Abbey Audley Engineered Wood Flooring Oak 14mm x 165mm Brushed Oiled</strong> from Factory Direct Flooring in a stunning <strong>Oak</strong> finish with a <strong>14mm</strong> profile. Engineered wood combines the authentic warmth and beauty of real wood with enhanced structural stability, making it the smart and versatile choice for modern homes. The real wood top layer is completely indistinguishable from solid wood while the multi-layer core provides superior resistance to the effects of temperature and humidity change.</p>
<h3>Key Highlights</h3><ul><li><strong>Real Wood Top Layer</strong> — genuine timber veneer for an authentic natural appearance</li><li><strong>Multi-Layer Stability</strong> — cross-ply core resists warping, cupping and shrinking</li><li><strong>Underfloor Heating Compatible</strong> — engineered to work with both wet and electric UFH</li><li><strong>All-Level Installation</strong> — suitable for ground floor, first floor and basement</li><li><strong>Flexible Fitting</strong> — click float, secret nail or full glue-down options</li><li><strong>Wide Plank Options</strong> — available in a range of widths for a contemporary feel</li></ul>
<h3>Installation</h3><p>Can be floated (click), secret-nailed or fully glued depending on the product and subfloor type. Fully compatible with underfloor heating — floor surface temperature must not exceed 27°C. Suitable over concrete and timber subfloors. Acclimatise for 48 hours before fitting.</p>
<h3>Care &amp; Maintenance</h3><p>Sweep or vacuum regularly. Use a wood floor cleaner with a lightly damp mop for deeper cleaning — never use excessive water. Wipe liquid spills immediately. Avoid harsh chemicals, steam cleaners and abrasive products. Rearrange rugs periodically for even light exposure across the surface.</p>
<h3>Why Factory Direct Flooring?</h3><p>We are one of the UK's most trusted engineered wood specialists. Our buying power means you get the best quality at the lowest price. All products carry a full manufacturer's guarantee. Free samples available — see the quality for yourself before you commit.</p>",Factory Direct Flooring,,Engineered Wood Flooring,engineered-wood-flooring,TRUE,Title,Default Title,74100AUD,0,shopify,100,deny,manual,39.36,39.36,TRUE,TRUE,,,Abbey Audley Engineered Wood Flooring Oak 14mm x 165mm Brushed Oiled,Abbey Audley Engineered Wood Flooring Oak 14mm x 165mm Brushed Oiled | Factory Direct Flooring,Buy Abbey Audley Engineered Wood Flooring Oak 14mm x 165mm Brushed Oiled at Factory Direct Flooring. Engineered Wood Flooring available at competitive prices. Free UK delivery and expert advice. Order free samples today.,active
abbey-danson-nude-oak-14mm-x-165mm-brushed-matt-lacquered-engineered-wood-flooring,Abbey Danson Nude Oak 14mm x 165mm Brushed Matt Lacquered Engineered Wood Flooring,"<h2>Abbey Danson Nude Oak 14mm x 165mm Brushed Matt Lacquered Engineered Wood Flooring</h2><p>Discover the <strong>Abbey Danson Nude Oak 14mm x 165mm Brushed Matt Lacquered Engineered Wood Flooring</strong> from Factory Direct Flooring in a stunning <strong>Oak</strong> finish with a <strong>14mm</strong> profile. Engineered wood combines the authentic warmth and beauty of real wood with enhanced structural stability, making it the smart and versatile choice for modern homes. The real wood top layer is completely indistinguishable from solid wood while the multi-layer core provides superior resistance to the effects of temperature and humidity change.</p>
<h3>Key Highlights</h3><ul><li><strong>Real Wood Top Layer</strong> — genuine timber veneer for an authentic natural appearance</li><li><strong>Multi-Layer Stability</strong> — cross-ply core resists warping, cupping and shrinking</li><li><strong>Underfloor Heating Compatible</strong> — engineered to work with both wet and electric UFH</li><li><strong>All-Level Installation</strong> — suitable for ground floor, first floor and basement</li><li><strong>Flexible Fitting</strong> — click float, secret nail or full glue-down options</li><li><strong>Wide Plank Options</strong> — available in a range of widths for a contemporary feel</li></ul>
<h3>Installation</h3><p>Can be floated (click), secret-nailed or fully glued depending on the product and subfloor type. Fully compatible with underfloor heating — floor surface temperature must not exceed 27°C. Suitable over concrete and timber subfloors. Acclimatise for 48 hours before fitting.</p>
<h3>Care &amp; Maintenance</h3><p>Sweep or vacuum regularly. Use a wood floor cleaner with a lightly damp mop for deeper cleaning — never use excessive water. Wipe liquid spills immediately. Avoid harsh chemicals, steam cleaners and abrasive products. Rearrange rugs periodically for even light exposure across the surface.</p>
<h3>Why Factory Direct Flooring?</h3><p>We are one of the UK's most trusted engineered wood specialists. Our buying power means you get the best quality at the lowest price. All products carry a full manufacturer's guarantee. Free samples available — see the quality for yourself before you commit.</p>",Factory Direct Flooring,,Engineered Wood Flooring,engineered-wood-flooring,TRUE,Title,Default Title,74101DAN,0,shopify,100,deny,manual,38.14,38.14,TRUE,TRUE,,,Abbey Danson Nude Oak 14mm x 165mm Brushed Matt Lacquered Engineered Wood Flooring,Abbey Danson Nude Oak 14mm x 165mm Brushed Matt Lacquered Engineered Wood Flooring | Factory Direct Flooring,Buy Abbey Danson Nude Oak 14mm x 165mm Brushed Matt Lacquered Engineered Wood Flooring at Factory Direct Flooring. Engineered Wood Flooring available at competitive prices. Free UK delivery and expert advice. Order free samples today.,active
abbey-standen-oak-golden-engineered-flooring-14mm-x-165mm-brushed-matt-lacquered,Abbey Standen Oak Golden Engineered Flooring 14mm x 165mm Brushed Matt Lacquered,"<h2>Abbey Standen Oak Golden Engineered Flooring 14mm x 165mm Brushed Matt Lacquered</h2><p>Discover the <strong>Abbey Standen Oak Golden Engineered Flooring 14mm x 165mm Brushed Matt Lacquered</strong> from Factory Direct Flooring in a stunning <strong>Oak</strong> finish with a <strong>14mm</strong> profile. Engineered wood combines the authentic warmth and beauty of real wood with enhanced structural stability, making it the smart and versatile choice for modern homes. The real wood top layer is completely indistinguishable from solid wood while the multi-layer core provides superior resistance to the effects of temperature and humidity change.</p>
<h3>Key Highlights</h3><ul><li><strong>Real Wood Top Layer</strong> — genuine timber veneer for an authentic natural appearance</li><li><strong>Multi-Layer Stability</strong> — cross-ply core resists warping, cupping and shrinking</li><li><strong>Underfloor Heating Compatible</strong> — engineered to work with both wet and electric UFH</li><li><strong>All-Level Installation</strong> — suitable for ground floor, first floor and basement</li><li><strong>Flexible Fitting</strong> — click float, secret nail or full glue-down options</li><li><strong>Wide Plank Options</strong> — available in a range of widths for a contemporary feel</li></ul>
<h3>Installation</h3><p>Can be floated (click), secret-nailed or fully glued depending on the product and subfloor type. Fully compatible with underfloor heating — floor surface temperature must not exceed 27°C. Suitable over concrete and timber subfloors. Acclimatise for 48 hours before fitting.</p>
<h3>Care &amp; Maintenance</h3><p>Sweep or vacuum regularly. Use a wood floor cleaner with a lightly damp mop for deeper cleaning — never use excessive water. Wipe liquid spills immediately. Avoid harsh chemicals, steam cleaners and abrasive products. Rearrange rugs periodically for even light exposure across the surface.</p>
<h3>Why Factory Direct Flooring?</h3><p>We are one of the UK's most trusted engineered wood specialists. Our buying power means you get the best quality at the lowest price. All products carry a full manufacturer's guarantee. Free samples available — see the quality for yourself before you commit.</p>",Factory Direct Flooring,,Engineered Wood Flooring,engineered-wood-flooring,TRUE,Title,Default Title,74102STA,0,shopify,100,deny,manual,38.14,38.14,TRUE,TRUE,,,Abbey Standen Oak Golden Engineered Flooring 14mm x 165mm Brushed Matt Lacquered,Abbey Standen Oak Golden Engineered Flooring 14mm x 165mm Brushed Matt Lacquered | Factory Direct Flooring,Buy Abbey Standen Oak Golden Engineered Flooring 14mm x 165mm Brushed Matt Lacquered at Factory Direct Flooring. Engineered Wood Flooring available at competitive prices. Free UK delivery and expert advice. Order free samples today.,active
herringbone-parquet-engineered-wood-flooring-14mm-essential-oak-brushed-lacquer,Herringbone Parquet Engineered Wood Flooring 14mm Essential Oak Brushed Lacquer,"<h2>Herringbone Parquet Engineered Wood Flooring 14mm Essential Oak Brushed Lacquer</h2><p>Discover the <strong>Herringbone Parquet Engineered Wood Flooring 14mm Essential Oak Brushed Lacquer</strong> from Factory Direct Flooring in a stunning <strong>Oak</strong> finish with a <strong>14mm</strong> profile. Engineered wood combines the authentic warmth and beauty of real wood with enhanced structural stability, making it the smart and versatile choice for modern homes. The real wood top layer is completely indistinguishable from solid wood while the multi-layer core provides superior resistance to the effects of temperature and humidity change.</p>
<h3>Key Highlights</h3><ul><li><strong>Real Wood Top Layer</strong> — genuine timber veneer for an authentic natural appearance</li><li><strong>Multi-Layer Stability</strong> — cross-ply core resists warping, cupping and shrinking</li><li><strong>Underfloor Heating Compatible</strong> — engineered to work with both wet and electric UFH</li><li><strong>All-Level Installation</strong> — suitable for ground floor, first floor and basement</li><li><strong>Flexible Fitting</strong> — click float, secret nail or full glue-down options</li><li><strong>Wide Plank Options</strong> — available in a range of widths for a contemporary feel</li></ul>
<h3>Installation</h3><p>Can be floated (click), secret-nailed or fully glued depending on the product and subfloor type. Fully compatible with underfloor heating — floor surface temperature must not exceed 27°C. Suitable over concrete and timber subfloors. Acclimatise for 48 hours before fitting.</p>
<h3>Care &amp; Maintenance</h3><p>Sweep or vacuum regularly. Use a wood floor cleaner with a lightly damp mop for deeper cleaning — never use excessive water. Wipe liquid spills immediately. Avoid harsh chemicals, steam cleaners and abrasive products. Rearrange rugs periodically for even light exposure across the surface.</p>
<h3>Why Factory Direct Flooring?</h3><p>We are one of the UK's most trusted engineered wood specialists. Our buying power means you get the best quality at the lowest price. All products carry a full manufacturer's guarantee. Free samples available — see the quality for yourself before you commit.</p>",Factory Direct Flooring,,Engineered Wood Flooring,engineered-wood-flooring,TRUE,Title,Default Title,74161OBL,0,shopify,100,deny,manual,49.18,49.18,TRUE,TRUE,,,Herringbone Parquet Engineered Wood Flooring 14mm Essential Oak Brushed Lacquer,Herringbone Parquet Engineered Wood Flooring 14mm Essential Oak Brushed Lacquer | Factory Direct Flooring,Buy Herringbone Parquet Engineered Wood Flooring 14mm Essential Oak Brushed Lacquer at Factory Direct Flooring. Engineered Wood Flooring available at competitive prices. Free UK delivery and expert advice. Order free samples today.,active
herringbone-parquet-engineered-wood-flooring-14mm-stripped-oak-brushed-oiled,Herringbone Parquet Engineered Wood Flooring 14mm Stripped Oak Brushed Oiled,"<h2>Herringbone Parquet Engineered Wood Flooring 14mm Stripped Oak Brushed Oiled</h2><p>Discover the <strong>Herringbone Parquet Engineered Wood Flooring 14mm Stripped Oak Brushed Oiled</strong> from Factory Direct Flooring in a stunning <strong>Oak</strong> finish with a <strong>14mm</strong> profile. Engineered wood combines the authentic warmth and beauty of real wood with enhanced structural stability, making it the smart and versatile choice for modern homes. The real wood top layer is completely indistinguishable from solid wood while the multi-layer core provides superior resistance to the effects of temperature and humidity change.</p>
<h3>Key Highlights</h3><ul><li><strong>Real Wood Top Layer</strong> — genuine timber veneer for an authentic natural appearance</li><li><strong>Multi-Layer Stability</strong> — cross-ply core resists warping, cupping and shrinking</li><li><strong>Underfloor Heating Compatible</strong> — engineered to work with both wet and electric UFH</li><li><strong>All-Level Installation</strong> — suitable for ground floor, first floor and basement</li><li><strong>Flexible Fitting</strong> — click float, secret nail or full glue-down options</li><li><strong>Wide Plank Options</strong> — available in a range of widths for a contemporary feel</li></ul>
<h3>Installation</h3><p>Can be floated (click), secret-nailed or fully glued depending on the product and subfloor type. Fully compatible with underfloor heating — floor surface temperature must not exceed 27°C. Suitable over concrete and timber subfloors. Acclimatise for 48 hours before fitting.</p>
<h3>Care &amp; Maintenance</h3><p>Sweep or vacuum regularly. Use a wood floor cleaner with a lightly damp mop for deeper cleaning — never use excessive water. Wipe liquid spills immediately. Avoid harsh chemicals, steam cleaners and abrasive products. Rearrange rugs periodically for even light exposure across the surface.</p>
<h3>Why Factory Direct Flooring?</h3><p>We are one of the UK's most trusted engineered wood specialists. Our buying power means you get the best quality at the lowest price. All products carry a full manufacturer's guarantee. Free samples available — see the quality for yourself before you commit.</p>",Factory Direct Flooring,,Engineered Wood Flooring,engineered-wood-flooring,TRUE,Title,Default Title,74162OBO,0,shopify,100,deny,manual,49.18,49.18,TRUE,TRUE,,,Herringbone Parquet Engineered Wood Flooring 14mm Stripped Oak Brushed Oiled,Herringbone Parquet Engineered Wood Flooring 14mm Stripped Oak Brushed Oiled | Factory Direct Flooring,Buy Herringbone Parquet Engineered Wood Flooring 14mm Stripped Oak Brushed Oiled at Factory Direct Flooring. Engineered Wood Flooring available at competitive prices. Free UK delivery and expert advice. Order free samples today.,active
herringbone-parquet-engineered-wood-flooring-14mm-ambergrain-oak-brushed-lacquer,Herringbone Parquet Engineered Wood Flooring 14mm Ambergrain Oak Brushed Lacquer,"<h2>Herringbone Parquet Engineered Wood Flooring 14mm Ambergrain Oak Brushed Lacquer</h2><p>Discover the <strong>Herringbone Parquet Engineered Wood Flooring 14mm Ambergrain Oak Brushed Lacquer</strong> from Factory Direct Flooring in a stunning <strong>Oak</strong> finish with a <strong>14mm</strong> profile. Engineered wood combines the authentic warmth and beauty of real wood with enhanced structural stability, making it the smart and versatile choice for modern homes. The real wood top layer is completely indistinguishable from solid wood while the multi-layer core provides superior resistance to the effects of temperature and humidity change.</p>
<h3>Key Highlights</h3><ul><li><strong>Real Wood Top Layer</strong> — genuine timber veneer for an authentic natural appearance</li><li><strong>Multi-Layer Stability</strong> — cross-ply core resists warping, cupping and shrinking</li><li><strong>Underfloor Heating Compatible</strong> — engineered to work with both wet and electric UFH</li><li><strong>All-Level Installation</strong> — suitable for ground floor, first floor and basement</li><li><strong>Flexible Fitting</strong> — click float, secret nail or full glue-down options</li><li><strong>Wide Plank Options</strong> — available in a range of widths for a contemporary feel</li></ul>
<h3>Installation</h3><p>Can be floated (click), secret-nailed or fully glued depending on the product and subfloor type. Fully compatible with underfloor heating — floor surface temperature must not exceed 27°C. Suitable over concrete and timber subfloors. Acclimatise for 48 hours before fitting.</p>
<h3>Care &amp; Maintenance</h3><p>Sweep or vacuum regularly. Use a wood floor cleaner with a lightly damp mop for deeper cleaning — never use excessive water. Wipe liquid spills immediately. Avoid harsh chemicals, steam cleaners and abrasive products. Rearrange rugs periodically for even light exposure across the surface.</p>
<h3>Why Factory Direct Flooring?</h3><p>We are one of the UK's most trusted engineered wood specialists. Our buying power means you get the best quality at the lowest price. All products carry a full manufacturer's guarantee. Free samples available — see the quality for yourself before you commit.</p>",Factory Direct Flooring,,Engineered Wood Flooring,engineered-wood-flooring,TRUE,Title,Default Title,74163AOB,0,shopify,100,deny,manual,49.18,49.18,TRUE,TRUE,,,Herringbone Parquet Engineered Wood Flooring 14mm Ambergrain Oak Brushed Lacquer,Herringbone Parquet Engineered Wood Flooring 14mm Ambergrain Oak Brushed Lacquer | Factory Direct Flooring,Buy Herringbone Parquet Engineered Wood Flooring 14mm Ambergrain Oak Brushed Lacquer at Factory Direct Flooring. Engineered Wood Flooring available at competitive prices. Free UK delivery and expert advice. Order free samples today.,active
herringbone-parquet-engineered-wood-flooring-14mm-genuine-smoke-grey-oak-brushed-oiled,Herringbone Parquet Engineered Wood Flooring 14mm Genuine Smoke Grey Oak Brushed Oiled,"<h2>Herringbone Parquet Engineered Wood Flooring 14mm Genuine Smoke Grey Oak Brushed Oiled</h2><p>Discover the <strong>Herringbone Parquet Engineered Wood Flooring 14mm Genuine Smoke Grey Oak Brushed Oiled</strong> from Factory Direct Flooring in a stunning <strong>Oak</strong> finish with a <strong>14mm</strong> profile. Engineered wood combines the authentic warmth and beauty of real wood with enhanced structural stability, making it the smart and versatile choice for modern homes. The real wood top layer is completely indistinguishable from solid wood while the multi-layer core provides superior resistance to the effects of temperature and humidity change.</p>
<h3>Key Highlights</h3><ul><li><strong>Real Wood Top Layer</strong> — genuine timber veneer for an authentic natural appearance</li><li><strong>Multi-Layer Stability</strong> — cross-ply core resists warping, cupping and shrinking</li><li><strong>Underfloor Heating Compatible</strong> — engineered to work with both wet and electric UFH</li><li><strong>All-Level Installation</strong> — suitable for ground floor, first floor and basement</li><li><strong>Flexible Fitting</strong> — click float, secret nail or full glue-down options</li><li><strong>Wide Plank Options</strong> — available in a range of widths for a contemporary feel</li></ul>
<h3>Installation</h3><p>Can be floated (click), secret-nailed or fully glued depending on the product and subfloor type. Fully compatible with underfloor heating — floor surface temperature must not exceed 27°C. Suitable over concrete and timber subfloors. Acclimatise for 48 hours before fitting.</p>
<h3>Care &amp; Maintenance</h3><p>Sweep or vacuum regularly. Use a wood floor cleaner with a lightly damp mop for deeper cleaning — never use excessive water. Wipe liquid spills immediately. Avoid harsh chemicals, steam cleaners and abrasive products. Rearrange rugs periodically for even light exposure across the surface.</p>
<h3>Why Factory Direct Flooring?</h3><p>We are one of the UK's most trusted engineered wood specialists. Our buying power means you get the best quality at the lowest price. All products carry a full manufacturer's guarantee. Free samples available — see the quality for yourself before you commit.</p>",Factory Direct Flooring,,Engineered Wood Flooring,engineered-wood-flooring,TRUE,Title,Default Title,74164GSG,0,shopify,100,deny,manual,49.18,49.18,TRUE,TRUE,,,Herringbone Parquet Engineered Wood Flooring 14mm Genuine Smoke Grey Oak Brushed Oiled,Herringbone Parquet Engineered Wood Flooring 14mm Genuine Smoke Grey Oak Brushed Oiled | Factory Direct Flooring,Buy Herringbone Parquet Engineered Wood Flooring 14mm Genuine Smoke Grey Oak Brushed Oiled at Factory Direct Flooring. Engineered Wood Flooring available at competitive prices. Free UK delivery and expert advice. Order free samples today.,active
herringbone-parquet-engineered-wood-flooring-12mm-natural-oak-brushed-uv-oiled,Herringbone Parquet Engineered Wood Flooring 12mm Natural Oak Brushed UV Oiled,"<h2>Herringbone Parquet Engineered Wood Flooring 12mm Natural Oak Brushed UV Oiled</h2><p>Discover the <strong>Herringbone Parquet Engineered Wood Flooring 12mm Natural Oak Brushed UV Oiled</strong> from Factory Direct Flooring in a stunning <strong>Oak</strong> finish with a <strong>12mm</strong> profile. Engineered wood combines the authentic warmth and beauty of real wood with enhanced structural stability, making it the smart and versatile choice for modern homes. The real wood top layer is completely indistinguishable from solid wood while the multi-layer core provides superior resistance to the effects of temperature and humidity change.</p>
<h3>Key Highlights</h3><ul><li><strong>Real Wood Top Layer</strong> — genuine timber veneer for an authentic natural appearance</li><li><strong>Multi-Layer Stability</strong> — cross-ply core resists warping, cupping and shrinking</li><li><strong>Underfloor Heating Compatible</strong> — engineered to work with both wet and electric UFH</li><li><strong>All-Level Installation</strong> — suitable for ground floor, first floor and basement</li><li><strong>Flexible Fitting</strong> — click float, secret nail or full glue-down options</li><li><strong>Wide Plank Options</strong> — available in a range of widths for a contemporary feel</li></ul>
<h3>Installation</h3><p>Can be floated (click), secret-nailed or fully glued depending on the product and subfloor type. Fully compatible with underfloor heating — floor surface temperature must not exceed 27°C. Suitable over concrete and timber subfloors. Acclimatise for 48 hours before fitting.</p>
<h3>Care &amp; Maintenance</h3><p>Sweep or vacuum regularly. Use a wood floor cleaner with a lightly damp mop for deeper cleaning — never use excessive water. Wipe liquid spills immediately. Avoid harsh chemicals, steam cleaners and abrasive products. Rearrange rugs periodically for even light exposure across the surface.</p>
<h3>Why Factory Direct Flooring?</h3><p>We are one of the UK's most trusted engineered wood specialists. Our buying power means you get the best quality at the lowest price. All products carry a full manufacturer's guarantee. Free samples available — see the quality for yourself before you commit.</p>",Factory Direct Flooring,,Engineered Wood Flooring,engineered-wood-flooring,TRUE,Title,Default Title,74167H,0,shopify,100,deny,manual,38.38,38.38,TRUE,TRUE,,,Herringbone Parquet Engineered Wood Flooring 12mm Natural Oak Brushed UV Oiled,Herringbone Parquet Engineered Wood Flooring 12mm Natural Oak Brushed UV Oiled | Factory Direct Flooring,Buy Herringbone Parquet Engineered Wood Flooring 12mm Natural Oak Brushed UV Oiled at Factory Direct Flooring. Engineered Wood Flooring available at competitive prices. Free UK delivery and expert advice. Order free samples today.,active
herringbone-parquet-engineered-wood-flooring-12mm-double-smoked-brushed-lacquer,Herringbone Parquet Engineered Wood Flooring 12mm Double Smoked Brushed Lacquer,"<h2>Herringbone Parquet Engineered Wood Flooring 12mm Double Smoked Brushed Lacquer</h2><p>Discover the <strong>Herringbone Parquet Engineered Wood Flooring 12mm Double Smoked Brushed Lacquer</strong> from Factory Direct Flooring in a stunning <strong>Smoked</strong> finish with a <strong>12mm</strong> profile. Engineered wood combines the authentic warmth and beauty of real wood with enhanced structural stability, making it the smart and versatile choice for modern homes. The real wood top layer is completely indistinguishable from solid wood while the multi-layer core provides superior resistance to the effects of temperature and humidity change.</p>
<h3>Key Highlights</h3><ul><li><strong>Real Wood Top Layer</strong> — genuine timber veneer for an authentic natural appearance</li><li><strong>Multi-Layer Stability</strong> — cross-ply core resists warping, cupping and shrinking</li><li><strong>Underfloor Heating Compatible</strong> — engineered to work with both wet and electric UFH</li><li><strong>All-Level Installation</strong> — suitable for ground floor, first floor and basement</li><li><strong>Flexible Fitting</strong> — click float, secret nail or full glue-down options</li><li><strong>Wide Plank Options</strong> — available in a range of widths for a contemporary feel</li></ul>
<h3>Installation</h3><p>Can be floated (click), secret-nailed or fully glued depending on the product and subfloor type. Fully compatible with underfloor heating — floor surface temperature must not exceed 27°C. Suitable over concrete and timber subfloors. Acclimatise for 48 hours before fitting.</p>
<h3>Care &amp; Maintenance</h3><p>Sweep or vacuum regularly. Use a wood floor cleaner with a lightly damp mop for deeper cleaning — never use excessive water. Wipe liquid spills immediately. Avoid harsh chemicals, steam cleaners and abrasive products. Rearrange rugs periodically for even light exposure across the surface.</p>
<h3>Why Factory Direct Flooring?</h3><p>We are one of the UK's most trusted engineered wood specialists. Our buying power means you get the best quality at the lowest price. All products carry a full manufacturer's guarantee. Free samples available — see the quality for yourself before you commit.</p>",Factory Direct Flooring,,Engineered Wood Flooring,engineered-wood-flooring,TRUE,Title,Default Title,74168H,0,shopify,100,deny,manual,39.59,39.59,TRUE,TRUE,,,Herringbone Parquet Engineered Wood Flooring 12mm Double Smoked Brushed Lacquer,Herringbone Parquet Engineered Wood Flooring 12mm Double Smoked Brushed Lacquer | Factory Direct Flooring,Buy Herringbone Parquet Engineered Wood Flooring 12mm Double Smoked Brushed Lacquer at Factory Direct Flooring. Engineered Wood Flooring available at competitive prices. Free UK delivery and expert advice. Order free samples today.,active
herringbone-parquet-engineered-wood-flooring-12mm-smoked-brushed-lacquer,Herringbone Parquet Engineered Wood Flooring 12mm Smoked Brushed Lacquer,"<h2>Herringbone Parquet Engineered Wood Flooring 12mm Smoked Brushed Lacquer</h2><p>Discover the <strong>Herringbone Parquet Engineered Wood Flooring 12mm Smoked Brushed Lacquer</strong> from Factory Direct Flooring in a stunning <strong>Smoked</strong> finish with a <strong>12mm</strong> profile. Engineered wood combines the authentic warmth and beauty of real wood with enhanced structural stability, making it the smart and versatile choice for modern homes. The real wood top layer is completely indistinguishable from solid wood while the multi-layer core provides superior resistance to the effects of temperature and humidity change.</p>
<h3>Key Highlights</h3><ul><li><strong>Real Wood Top Layer</strong> — genuine timber veneer for an authentic natural appearance</li><li><strong>Multi-Layer Stability</strong> — cross-ply core resists warping, cupping and shrinking</li><li><strong>Underfloor Heating Compatible</strong> — engineered to work with both wet and electric UFH</li><li><strong>All-Level Installation</strong> — suitable for ground floor, first floor and basement</li><li><strong>Flexible Fitting</strong> — click float, secret nail or full glue-down options</li><li><strong>Wide Plank Options</strong> — available in a range of widths for a contemporary feel</li></ul>
<h3>Installation</h3><p>Can be floated (click), secret-nailed or fully glued depending on the product and subfloor type. Fully compatible with underfloor heating — floor surface temperature must not exceed 27°C. Suitable over concrete and timber subfloors. Acclimatise for 48 hours before fitting.</p>
<h3>Care &amp; Maintenance</h3><p>Sweep or vacuum regularly. Use a wood floor cleaner with a lightly damp mop for deeper cleaning — never use excessive water. Wipe liquid spills immediately. Avoid harsh chemicals, steam cleaners and abrasive products. Rearrange rugs periodically for even light exposure across the surface.</p>
<h3>Why Factory Direct Flooring?</h3><p>We are one of the UK's most trusted engineered wood specialists. Our buying power means you get the best quality at the lowest price. All products carry a full manufacturer's guarantee. Free samples available — see the quality for yourself before you commit.</p>",Factory Direct Flooring,,Engineered Wood Flooring,engineered-wood-flooring,TRUE,Title,Default Title,74169H,0,shopify,100,deny,manual,39.59,39.59,TRUE,TRUE,,,Herringbone Parquet Engineered Wood Flooring 12mm Smoked Brushed Lacquer,Herringbone Parquet Engineered Wood Flooring 12mm Smoked Brushed Lacquer | Factory Direct Flooring,Buy Herringbone Parquet Engineered Wood Flooring 12mm Smoked Brushed Lacquer at Factory Direct Flooring. Engineered Wood Flooring available at competitive prices. Free UK delivery and expert advice. Order free samples today.,active
herringbone-parquet-engineered-wood-flooring-12mm-essence-oak-matt-lacquer,Herringbone Parquet Engineered Wood Flooring 12mm Essence Oak Matt Lacquer,"<h2>Herringbone Parquet Engineered Wood Flooring 12mm Essence Oak Matt Lacquer</h2><p>Discover the <strong>Herringbone Parquet Engineered Wood Flooring 12mm Essence Oak Matt Lacquer</strong> from Factory Direct Flooring in a stunning <strong>Oak</strong> finish with a <strong>12mm</strong> profile. Engineered wood combines the authentic warmth and beauty of real wood with enhanced structural stability, making it the smart and versatile choice for modern homes. The real wood top layer is completely indistinguishable from solid wood while the multi-layer core provides superior resistance to the effects of temperature and humidity change.</p>
<h3>Key Highlights</h3><ul><li><strong>Real Wood Top Layer</strong> — genuine timber veneer for an authentic natural appearance</li><li><strong>Multi-Layer Stability</strong> — cross-ply core resists warping, cupping and shrinking</li><li><strong>Underfloor Heating Compatible</strong> — engineered to work with both wet and electric UFH</li><li><strong>All-Level Installation</strong> — suitable for ground floor, first floor and basement</li><li><strong>Flexible Fitting</strong> — click float, secret nail or full glue-down options</li><li><strong>Wide Plank Options</strong> — available in a range of widths for a contemporary feel</li></ul>
<h3>Installation</h3><p>Can be floated (click), secret-nailed or fully glued depending on the product and subfloor type. Fully compatible with underfloor heating — floor surface temperature must not exceed 27°C. Suitable over concrete and timber subfloors. Acclimatise for 48 hours before fitting.</p>
<h3>Care &amp; Maintenance</h3><p>Sweep or vacuum regularly. Use a wood floor cleaner with a lightly damp mop for deeper cleaning — never use excessive water. Wipe liquid spills immediately. Avoid harsh chemicals, steam cleaners and abrasive products. Rearrange rugs periodically for even light exposure across the surface.</p>
<h3>Why Factory Direct Flooring?</h3><p>We are one of the UK's most trusted engineered wood specialists. Our buying power means you get the best quality at the lowest price. All products carry a full manufacturer's guarantee. Free samples available — see the quality for yourself before you commit.</p>",Factory Direct Flooring,,Engineered Wood Flooring,engineered-wood-flooring,TRUE,Title,Default Title,74170H,0,shopify,100,deny,manual,38.38,38.38,TRUE,TRUE,,,Herringbone Parquet Engineered Wood Flooring 12mm Essence Oak Matt Lacquer,Herringbone Parquet Engineered Wood Flooring 12mm Essence Oak Matt Lacquer | Factory Direct Flooring,Buy Herringbone Parquet Engineered Wood Flooring 12mm Essence Oak Matt Lacquer at Factory Direct Flooring. Engineered Wood Flooring available at competitive prices. Free UK delivery and expert advice. Order free samples today.,active
abbey-riverstone-engineered-wood-flooring-10mm-x-125mm-natural-brushed-lacquer-flooring,Abbey Riverstone Engineered Wood Flooring 10mm x 125mm Natural Brushed Lacquer Flooring,"<h2>Abbey Riverstone Engineered Wood Flooring 10mm x 125mm Natural Brushed Lacquer Flooring</h2><p>Discover the <strong>Abbey Riverstone Engineered Wood Flooring 10mm x 125mm Natural Brushed Lacquer Flooring</strong> from Factory Direct Flooring in a stunning <strong>Natural</strong> finish with a <strong>10mm</strong> profile. Engineered wood combines the authentic warmth and beauty of real wood with enhanced structural stability, making it the smart and versatile choice for modern homes. The real wood top layer is completely indistinguishable from solid wood while the multi-layer core provides superior resistance to the effects of temperature and humidity change.</p>
<h3>Key Highlights</h3><ul><li><strong>Real Wood Top Layer</strong> — genuine timber veneer for an authentic natural appearance</li><li><strong>Multi-Layer Stability</strong> — cross-ply core resists warping, cupping and shrinking</li><li><strong>Underfloor Heating Compatible</strong> — engineered to work with both wet and electric UFH</li><li><strong>All-Level Installation</strong> — suitable for ground floor, first floor and basement</li><li><strong>Flexible Fitting</strong> — click float, secret nail or full glue-down options</li><li><strong>Wide Plank Options</strong> — available in a range of widths for a contemporary feel</li></ul>
<h3>Installation</h3><p>Can be floated (click), secret-nailed or fully glued depending on the product and subfloor type. Fully compatible with underfloor heating — floor surface temperature must not exceed 27°C. Suitable over concrete and timber subfloors. Acclimatise for 48 hours before fitting.</p>
<h3>Care &amp; Maintenance</h3><p>Sweep or vacuum regularly. Use a wood floor cleaner with a lightly damp mop for deeper cleaning — never use excessive water. Wipe liquid spills immediately. Avoid harsh chemicals, steam cleaners and abrasive products. Rearrange rugs periodically for even light exposure across the surface.</p>
<h3>Why Factory Direct Flooring?</h3><p>We are one of the UK's most trusted engineered wood specialists. Our buying power means you get the best quality at the lowest price. All products carry a full manufacturer's guarantee. Free samples available — see the quality for yourself before you commit.</p>",Factory Direct Flooring,,Engineered Wood Flooring,engineered-wood-flooring,TRUE,Title,Default Title,74171P,0,shopify,100,deny,manual,32.39,32.39,TRUE,TRUE,,,Abbey Riverstone Engineered Wood Flooring 10mm x 125mm Natural Brushed Lacquer Flooring,Abbey Riverstone Engineered Wood Flooring 10mm x 125mm Natural Brushed Lacquer Flooring | Factory Direct Flooring,Buy Abbey Riverstone Engineered Wood Flooring 10mm x 125mm Natural Brushed Lacquer Flooring at Factory Direct Flooring. Engineered Wood Flooring available at competitive prices. Free UK delivery and expert advice. Order free samples today.,active
abbey-cinder-engineered-wood-flooring-10mm-x-125mm-double-smoked-brushed-lacquer-flooring,Abbey Cinder Engineered Wood Flooring 10mm x 125mm Double Smoked Brushed Lacquer Flooring,"<h2>Abbey Cinder Engineered Wood Flooring 10mm x 125mm Double Smoked Brushed Lacquer Flooring</h2><p>Discover the <strong>Abbey Cinder Engineered Wood Flooring 10mm x 125mm Double Smoked Brushed Lacquer Flooring</strong> from Factory Direct Flooring in a stunning <strong>Smoked</strong> finish with a <strong>10mm</strong> profile. Engineered wood combines the authentic warmth and beauty of real wood with enhanced structural stability, making it the smart and versatile choice for modern homes. The real wood top layer is completely indistinguishable from solid wood while the multi-layer core provides superior resistance to the effects of temperature and humidity change.</p>
<h3>Key Highlights</h3><ul><li><strong>Real Wood Top Layer</strong> — genuine timber veneer for an authentic natural appearance</li><li><strong>Multi-Layer Stability</strong> — cross-ply core resists warping, cupping and shrinking</li><li><strong>Underfloor Heating Compatible</strong> — engineered to work with both wet and electric UFH</li><li><strong>All-Level Installation</strong> — suitable for ground floor, first floor and basement</li><li><strong>Flexible Fitting</strong> — click float, secret nail or full glue-down options</li><li><strong>Wide Plank Options</strong> — available in a range of widths for a contemporary feel</li></ul>
<h3>Installation</h3><p>Can be floated (click), secret-nailed or fully glued depending on the product and subfloor type. Fully compatible with underfloor heating — floor surface temperature must not exceed 27°C. Suitable over concrete and timber subfloors. Acclimatise for 48 hours before fitting.</p>
<h3>Care &amp; Maintenance</h3><p>Sweep or vacuum regularly. Use a wood floor cleaner with a lightly damp mop for deeper cleaning — never use excessive water. Wipe liquid spills immediately. Avoid harsh chemicals, steam cleaners and abrasive products. Rearrange rugs periodically for even light exposure across the surface.</p>
<h3>Why Factory Direct Flooring?</h3><p>We are one of the UK's most trusted engineered wood specialists. Our buying power means you get the best quality at the lowest price. All products carry a full manufacturer's guarantee. Free samples available — see the quality for yourself before you commit.</p>",Factory Direct Flooring,,Engineered Wood Flooring,engineered-wood-flooring,TRUE,Title,Default Title,74172P,0,shopify,100,deny,manual,32.39,32.39,TRUE,TRUE,,,Abbey Cinder Engineered Wood Flooring 10mm x 125mm Double Smoked Brushed Lacquer Flooring,Abbey Cinder Engineered Wood Flooring 10mm x 125mm Double Smoked Brushed Lacquer Flooring | Factory Direct Flooring,Buy Abbey Cinder Engineered Wood Flooring 10mm x 125mm Double Smoked Brushed Lacquer Flooring at Factory Direct Flooring. Engineered Wood Flooring available at competitive prices. Free UK delivery and expert advice. Order free samples today.,active
herringbone-parquet-distressed-engineered-wood-flooring-15mm-double-smoked-hard-wax-oiled,Herringbone Parquet Distressed Engineered Wood Flooring 15mm Double Smoked Hard Wax Oiled,"<h2>Herringbone Parquet Distressed Engineered Wood Flooring 15mm Double Smoked Hard Wax Oiled</h2><p>Discover the <strong>Herringbone Parquet Distressed Engineered Wood Flooring 15mm Double Smoked Hard Wax Oiled</strong> from Factory Direct Flooring in a stunning <strong>Smoked</strong> finish with a <strong>15mm</strong> profile. Engineered wood combines the authentic warmth and beauty of real wood with enhanced structural stability, making it the smart and versatile choice for modern homes. The real wood top layer is completely indistinguishable from solid wood while the multi-layer core provides superior resistance to the effects of temperature and humidity change.</p>
<h3>Key Highlights</h3><ul><li><strong>Real Wood Top Layer</strong> — genuine timber veneer for an authentic natural appearance</li><li><strong>Multi-Layer Stability</strong> — cross-ply core resists warping, cupping and shrinking</li><li><strong>Underfloor Heating Compatible</strong> — engineered to work with both wet and electric UFH</li><li><strong>All-Level Installation</strong> — suitable for ground floor, first floor and basement</li><li><strong>Flexible Fitting</strong> — click float, secret nail or full glue-down options</li><li><strong>Wide Plank Options</strong> — available in a range of widths for a contemporary feel</li></ul>
<h3>Installation</h3><p>Can be floated (click), secret-nailed or fully glued depending on the product and subfloor type. Fully compatible with underfloor heating — floor surface temperature must not exceed 27°C. Suitable over concrete and timber subfloors. Acclimatise for 48 hours before fitting.</p>
<h3>Care &amp; Maintenance</h3><p>Sweep or vacuum regularly. Use a wood floor cleaner with a lightly damp mop for deeper cleaning — never use excessive water. Wipe liquid spills immediately. Avoid harsh chemicals, steam cleaners and abrasive products. Rearrange rugs periodically for even light exposure across the surface.</p>
<h3>Why Factory Direct Flooring?</h3><p>We are one of the UK's most trusted engineered wood specialists. Our buying power means you get the best quality at the lowest price. All products carry a full manufacturer's guarantee. Free samples available — see the quality for yourself before you commit.</p>",Factory Direct Flooring,,Engineered Wood Flooring,engineered-wood-flooring,TRUE,Title,Default Title,74173H,0,shopify,100,deny,manual,59.99,59.99,TRUE,TRUE,,,Herringbone Parquet Distressed Engineered Wood Flooring 15mm Double Smoked Hard Wax Oiled,Herringbone Parquet Distressed Engineered Wood Flooring 15mm Double Smoked Hard Wax Oiled | Factory Direct Flooring,Buy Herringbone Parquet Distressed Engineered Wood Flooring 15mm Double Smoked Hard Wax Oiled at Factory Direct Flooring. Engineered Wood Flooring available at competitive prices. Free UK delivery and expert advice. Order free samples today.,active
herringbone-parquet-engineered-wood-flooring-15mm-rich-oak-hard-wax-oiled,Herringbone Parquet Engineered Wood Flooring 15mm Rich Oak Hard Wax Oiled,"<h2>Herringbone Parquet Engineered Wood Flooring 15mm Rich Oak Hard Wax Oiled</h2><p>Discover the <strong>Herringbone Parquet Engineered Wood Flooring 15mm Rich Oak Hard Wax Oiled</strong> from Factory Direct Flooring in a stunning <strong>Oak</strong> finish with a <strong>15mm</strong> profile. Engineered wood combines the authentic warmth and beauty of real wood with enhanced structural stability, making it the smart and versatile choice for modern homes. The real wood top layer is completely indistinguishable from solid wood while the multi-layer core provides superior resistance to the effects of temperature and humidity change.</p>
<h3>Key Highlights</h3><ul><li><strong>Real Wood Top Layer</strong> — genuine timber veneer for an authentic natural appearance</li><li><strong>Multi-Layer Stability</strong> — cross-ply core resists warping, cupping and shrinking</li><li><strong>Underfloor Heating Compatible</strong> — engineered to work with both wet and electric UFH</li><li><strong>All-Level Installation</strong> — suitable for ground floor, first floor and basement</li><li><strong>Flexible Fitting</strong> — click float, secret nail or full glue-down options</li><li><strong>Wide Plank Options</strong> — available in a range of widths for a contemporary feel</li></ul>
<h3>Installation</h3><p>Can be floated (click), secret-nailed or fully glued depending on the product and subfloor type. Fully compatible with underfloor heating — floor surface temperature must not exceed 27°C. Suitable over concrete and timber subfloors. Acclimatise for 48 hours before fitting.</p>
<h3>Care &amp; Maintenance</h3><p>Sweep or vacuum regularly. Use a wood floor cleaner with a lightly damp mop for deeper cleaning — never use excessive water. Wipe liquid spills immediately. Avoid harsh chemicals, steam cleaners and abrasive products. Rearrange rugs periodically for even light exposure across the surface.</p>
<h3>Why Factory Direct Flooring?</h3><p>We are one of the UK's most trusted engineered wood specialists. Our buying power means you get the best quality at the lowest price. All products carry a full manufacturer's guarantee. Free samples available — see the quality for yourself before you commit.</p>",Factory Direct Flooring,,Engineered Wood Flooring,engineered-wood-flooring,TRUE,Title,Default Title,74174H,0,shopify,100,deny,manual,59.99,59.99,TRUE,TRUE,,,Herringbone Parquet Engineered Wood Flooring 15mm Rich Oak Hard Wax Oiled,Herringbone Parquet Engineered Wood Flooring 15mm Rich Oak Hard Wax Oiled | Factory Direct Flooring,Buy Herringbone Parquet Engineered Wood Flooring 15mm Rich Oak Hard Wax Oiled at Factory Direct Flooring. Engineered Wood Flooring available at competitive prices. Free UK delivery and expert advice. Order free samples today.,active
loire-engineered-wood-flooring-15mm-x-190mm-dark-distressed-wax-oiled,Loire Engineered Wood Flooring 15mm x 190mm Dark Distressed Wax Oiled,"<h2>Loire Engineered Wood Flooring 15mm x 190mm Dark Distressed Wax Oiled</h2><p>Discover the <strong>Loire Engineered Wood Flooring 15mm x 190mm Dark Distressed Wax Oiled</strong> from Factory Direct Flooring in a stunning <strong>Dark</strong> finish with a <strong>15mm</strong> profile. Engineered wood combines the authentic warmth and beauty of real wood with enhanced structural stability, making it the smart and versatile choice for modern homes. The real wood top layer is completely indistinguishable from solid wood while the multi-layer core provides superior resistance to the effects of temperature and humidity change.</p>
<h3>Key Highlights</h3><ul><li><strong>Real Wood Top Layer</strong> — genuine timber veneer for an authentic natural appearance</li><li><strong>Multi-Layer Stability</strong> — cross-ply core resists warping, cupping and shrinking</li><li><strong>Underfloor Heating Compatible</strong> — engineered to work with both wet and electric UFH</li><li><strong>All-Level Installation</strong> — suitable for ground floor, first floor and basement</li><li><strong>Flexible Fitting</strong> — click float, secret nail or full glue-down options</li><li><strong>Wide Plank Options</strong> — available in a range of widths for a contemporary feel</li></ul>
<h3>Installation</h3><p>Can be floated (click), secret-nailed or fully glued depending on the product and subfloor type. Fully compatible with underfloor heating — floor surface temperature must not exceed 27°C. Suitable over concrete and timber subfloors. Acclimatise for 48 hours before fitting.</p>
<h3>Care &amp; Maintenance</h3><p>Sweep or vacuum regularly. Use a wood floor cleaner with a lightly damp mop for deeper cleaning — never use excessive water. Wipe liquid spills immediately. Avoid harsh chemicals, steam cleaners and abrasive products. Rearrange rugs periodically for even light exposure across the surface.</p>
<h3>Why Factory Direct Flooring?</h3><p>We are one of the UK's most trusted engineered wood specialists. Our buying power means you get the best quality at the lowest price. All products carry a full manufacturer's guarantee. Free samples available — see the quality for yourself before you commit.</p>",Factory Direct Flooring,,Engineered Wood Flooring,engineered-wood-flooring,TRUE,Title,Default Title,74190DDW,0,shopify,100,deny,manual,59.99,59.99,TRUE,TRUE,,,Loire Engineered Wood Flooring 15mm x 190mm Dark Distressed Wax Oiled,Loire Engineered Wood Flooring 15mm x 190mm Dark Distressed Wax Oiled | Factory Direct Flooring,Buy Loire Engineered Wood Flooring 15mm x 190mm Dark Distressed Wax Oiled at Factory Direct Flooring. Engineered Wood Flooring available at competitive prices. Free UK delivery and expert advice. Order free samples today.,active
prestige-herringbone-laminate-flooring-frosted-oak-8mm-3516,Prestige Herringbone Laminate Flooring Frosted Oak 8mm 3516,"<h2>Prestige Herringbone Laminate Flooring Frosted Oak 8mm 3516</h2><p>Make a truly bold interior statement with the <strong>Prestige Herringbone Laminate Flooring Frosted Oak 8mm 3516</strong> from Factory Direct Flooring in a stunning <strong>Oak</strong> finish with a <strong>8mm</strong> profile. The herringbone pattern is one of the most timeless and elegant floor designs in existence — a distinctive interlocking arrangement that has adorned the floors of grand homes and prestigious buildings for centuries. Now available in a range of modern materials, herringbone flooring brings classic sophistication to contemporary homes.</p>
<h3>Key Highlights</h3><ul><li><strong>Iconic Herringbone Pattern</strong> — the 45° interlocking design adds instant elegance and visual depth</li><li><strong>Creates Visual Space</strong> — the diagonal arrangement draws the eye and enlarges the perceived room</li><li><strong>Multiple Materials</strong> — available in solid wood, engineered wood and luxury vinyl tile</li><li><strong>Unique Character</strong> — natural variation in grain or embossed finish makes every floor unique</li><li><strong>Suits All Rooms</strong> — from entrance halls and living rooms to kitchens and bedrooms</li><li><strong>Timeless Versatility</strong> — complements both period and contemporary interior design styles</li></ul>
<h3>Installation</h3><p>Herringbone installation requires careful planning — the centre line and 45° angle must be precisely calculated before laying begins. Professional installation is strongly recommended for herringbone patterns. Installation method depends on material type. Always acclimatise wood products for 48–72 hours before fitting.</p>
<h3>Care &amp; Maintenance</h3><p>Care depends on the material — wood herringbone requires a wood-specific cleaner on a damp mop; LVT herringbone can be mopped with warm water and a suitable cleaner. All herringbone floors benefit from door mats at entrances and felt pads under furniture to maintain the surface.</p>
<h3>Why Factory Direct Flooring?</h3><p>Our herringbone collection is one of the finest in the UK, featuring solid wood, engineered wood and luxury vinyl options. Our experts can help you plan your herringbone installation and calculate the exact quantity needed. Order free samples today.</p>",Factory Direct Flooring,,Herringbone Flooring,herringbone-flooring,TRUE,Title,Default Title,67266-FC70,0,shopify,100,deny,manual,25.19,25.19,TRUE,TRUE,,,Prestige Herringbone Laminate Flooring Frosted Oak 8mm 3516,Prestige Herringbone Laminate Flooring Frosted Oak 8mm 3516 | Factory Direct Flooring,Buy Prestige Herringbone Laminate Flooring Frosted Oak 8mm 3516 at Factory Direct Flooring. Herringbone Flooring available at competitive prices. Free UK delivery and expert advice. Order free samples today.,active
prestige-herringbone-laminate-flooring-faded-oak-8mm-3678,Prestige Herringbone Laminate flooring Faded Oak 8mm 3678,"<h2>Prestige Herringbone Laminate flooring Faded Oak 8mm 3678</h2><p>Make a truly bold interior statement with the <strong>Prestige Herringbone Laminate flooring Faded Oak 8mm 3678</strong> from Factory Direct Flooring in a stunning <strong>Oak</strong> finish with a <strong>8mm</strong> profile. The herringbone pattern is one of the most timeless and elegant floor designs in existence — a distinctive interlocking arrangement that has adorned the floors of grand homes and prestigious buildings for centuries. Now available in a range of modern materials, herringbone flooring brings classic sophistication to contemporary homes.</p>
<h3>Key Highlights</h3><ul><li><strong>Iconic Herringbone Pattern</strong> — the 45° interlocking design adds instant elegance and visual depth</li><li><strong>Creates Visual Space</strong> — the diagonal arrangement draws the eye and enlarges the perceived room</li><li><strong>Multiple Materials</strong> — available in solid wood, engineered wood and luxury vinyl tile</li><li><strong>Unique Character</strong> — natural variation in grain or embossed finish makes every floor unique</li><li><strong>Suits All Rooms</strong> — from entrance halls and living rooms to kitchens and bedrooms</li><li><strong>Timeless Versatility</strong> — complements both period and contemporary interior design styles</li></ul>
<h3>Installation</h3><p>Herringbone installation requires careful planning — the centre line and 45° angle must be precisely calculated before laying begins. Professional installation is strongly recommended for herringbone patterns. Installation method depends on material type. Always acclimatise wood products for 48–72 hours before fitting.</p>
<h3>Care &amp; Maintenance</h3><p>Care depends on the material — wood herringbone requires a wood-specific cleaner on a damp mop; LVT herringbone can be mopped with warm water and a suitable cleaner. All herringbone floors benefit from door mats at entrances and felt pads under furniture to maintain the surface.</p>
<h3>Why Factory Direct Flooring?</h3><p>Our herringbone collection is one of the finest in the UK, featuring solid wood, engineered wood and luxury vinyl options. Our experts can help you plan your herringbone installation and calculate the exact quantity needed. Order free samples today.</p>",Factory Direct Flooring,,Herringbone Flooring,herringbone-flooring,TRUE,Title,Default Title,67268-FC33,0,shopify,100,deny,manual,25.19,25.19,TRUE,TRUE,,,Prestige Herringbone Laminate flooring Faded Oak 8mm 3678,Prestige Herringbone Laminate flooring Faded Oak 8mm 3678 | Factory Direct Flooring,Buy Prestige Herringbone Laminate flooring Faded Oak 8mm 3678 at Factory Direct Flooring. Herringbone Flooring available at competitive prices. Free UK delivery and expert advice. Order free samples today.,active
prestige-herringbone-laminate-flooring-ambient-oak-8mm-3766,Prestige Herringbone Laminate Flooring Ambient Oak 8mm 3766,"<h2>Prestige Herringbone Laminate Flooring Ambient Oak 8mm 3766</h2><p>Make a truly bold interior statement with the <strong>Prestige Herringbone Laminate Flooring Ambient Oak 8mm 3766</strong> from Factory Direct Flooring in a stunning <strong>Oak</strong> finish with a <strong>8mm</strong> profile. The herringbone pattern is one of the most timeless and elegant floor designs in existence — a distinctive interlocking arrangement that has adorned the floors of grand homes and prestigious buildings for centuries. Now available in a range of modern materials, herringbone flooring brings classic sophistication to contemporary homes.</p>
<h3>Key Highlights</h3><ul><li><strong>Iconic Herringbone Pattern</strong> — the 45° interlocking design adds instant elegance and visual depth</li><li><strong>Creates Visual Space</strong> — the diagonal arrangement draws the eye and enlarges the perceived room</li><li><strong>Multiple Materials</strong> — available in solid wood, engineered wood and luxury vinyl tile</li><li><strong>Unique Character</strong> — natural variation in grain or embossed finish makes every floor unique</li><li><strong>Suits All Rooms</strong> — from entrance halls and living rooms to kitchens and bedrooms</li><li><strong>Timeless Versatility</strong> — complements both period and contemporary interior design styles</li></ul>
<h3>Installation</h3><p>Herringbone installation requires careful planning — the centre line and 45° angle must be precisely calculated before laying begins. Professional installation is strongly recommended for herringbone patterns. Installation method depends on material type. Always acclimatise wood products for 48–72 hours before fitting.</p>
<h3>Care &amp; Maintenance</h3><p>Care depends on the material — wood herringbone requires a wood-specific cleaner on a damp mop; LVT herringbone can be mopped with warm water and a suitable cleaner. All herringbone floors benefit from door mats at entrances and felt pads under furniture to maintain the surface.</p>
<h3>Why Factory Direct Flooring?</h3><p>Our herringbone collection is one of the finest in the UK, featuring solid wood, engineered wood and luxury vinyl options. Our experts can help you plan your herringbone installation and calculate the exact quantity needed. Order free samples today.</p>",Factory Direct Flooring,,Herringbone Flooring,herringbone-flooring,TRUE,Title,Default Title,67269-FC45,0,shopify,100,deny,manual,25.19,25.19,TRUE,TRUE,,,Prestige Herringbone Laminate Flooring Ambient Oak 8mm 3766,Prestige Herringbone Laminate Flooring Ambient Oak 8mm 3766 | Factory Direct Flooring,Buy Prestige Herringbone Laminate Flooring Ambient Oak 8mm 3766 at Factory Direct Flooring. Herringbone Flooring available at competitive prices. Free UK delivery and expert advice. Order free samples today.,active
prestige-herringbone-laminate-flooring-smokey-oak-8mm-3860,Prestige Herringbone Laminate Flooring Smokey Oak 8mm 3860,"<h2>Prestige Herringbone Laminate Flooring Smokey Oak 8mm 3860</h2><p>Make a truly bold interior statement with the <strong>Prestige Herringbone Laminate Flooring Smokey Oak 8mm 3860</strong> from Factory Direct Flooring in a stunning <strong>Oak</strong> finish with a <strong>8mm</strong> profile. The herringbone pattern is one of the most timeless and elegant floor designs in existence — a distinctive interlocking arrangement that has adorned the floors of grand homes and prestigious buildings for centuries. Now available in a range of modern materials, herringbone flooring brings classic sophistication to contemporary homes.</p>
<h3>Key Highlights</h3><ul><li><strong>Iconic Herringbone Pattern</strong> — the 45° interlocking design adds instant elegance and visual depth</li><li><strong>Creates Visual Space</strong> — the diagonal arrangement draws the eye and enlarges the perceived room</li><li><strong>Multiple Materials</strong> — available in solid wood, engineered wood and luxury vinyl tile</li><li><strong>Unique Character</strong> — natural variation in grain or embossed finish makes every floor unique</li><li><strong>Suits All Rooms</strong> — from entrance halls and living rooms to kitchens and bedrooms</li><li><strong>Timeless Versatility</strong> — complements both period and contemporary interior design styles</li></ul>
<h3>Installation</h3><p>Herringbone installation requires careful planning — the centre line and 45° angle must be precisely calculated before laying begins. Professional installation is strongly recommended for herringbone patterns. Installation method depends on material type. Always acclimatise wood products for 48–72 hours before fitting.</p>
<h3>Care &amp; Maintenance</h3><p>Care depends on the material — wood herringbone requires a wood-specific cleaner on a damp mop; LVT herringbone can be mopped with warm water and a suitable cleaner. All herringbone floors benefit from door mats at entrances and felt pads under furniture to maintain the surface.</p>
<h3>Why Factory Direct Flooring?</h3><p>Our herringbone collection is one of the finest in the UK, featuring solid wood, engineered wood and luxury vinyl options. Our experts can help you plan your herringbone installation and calculate the exact quantity needed. Order free samples today.</p>",Factory Direct Flooring,,Herringbone Flooring,herringbone-flooring,TRUE,Title,Default Title,67270-FC46,0,shopify,100,deny,manual,25.19,25.19,TRUE,TRUE,,,Prestige Herringbone Laminate Flooring Smokey Oak 8mm 3860,Prestige Herringbone Laminate Flooring Smokey Oak 8mm 3860 | Factory Direct Flooring,Buy Prestige Herringbone Laminate Flooring Smokey Oak 8mm 3860 at Factory Direct Flooring. Herringbone Flooring available at competitive prices. Free UK delivery and expert advice. Order free samples today.,active
prestige-herringbone-laminate-flooring-classic-natural-oak-8mm-3861,Prestige Herringbone Laminate flooring Classic Natural Oak 8mm 3861,"<h2>Prestige Herringbone Laminate flooring Classic Natural Oak 8mm 3861</h2><p>Make a truly bold interior statement with the <strong>Prestige Herringbone Laminate flooring Classic Natural Oak 8mm 3861</strong> from Factory Direct Flooring in a stunning <strong>Oak</strong> finish with a <strong>8mm</strong> profile. The herringbone pattern is one of the most timeless and elegant floor designs in existence — a distinctive interlocking arrangement that has adorned the floors of grand homes and prestigious buildings for centuries. Now available in a range of modern materials, herringbone flooring brings classic sophistication to contemporary homes.</p>
<h3>Key Highlights</h3><ul><li><strong>Iconic Herringbone Pattern</strong> — the 45° interlocking design adds instant elegance and visual depth</li><li><strong>Creates Visual Space</strong> — the diagonal arrangement draws the eye and enlarges the perceived room</li><li><strong>Multiple Materials</strong> — available in solid wood, engineered wood and luxury vinyl tile</li><li><strong>Unique Character</strong> — natural variation in grain or embossed finish makes every floor unique</li><li><strong>Suits All Rooms</strong> — from entrance halls and living rooms to kitchens and bedrooms</li><li><strong>Timeless Versatility</strong> — complements both period and contemporary interior design styles</li></ul>
<h3>Installation</h3><p>Herringbone installation requires careful planning — the centre line and 45° angle must be precisely calculated before laying begins. Professional installation is strongly recommended for herringbone patterns. Installation method depends on material type. Always acclimatise wood products for 48–72 hours before fitting.</p>
<h3>Care &amp; Maintenance</h3><p>Care depends on the material — wood herringbone requires a wood-specific cleaner on a damp mop; LVT herringbone can be mopped with warm water and a suitable cleaner. All herringbone floors benefit from door mats at entrances and felt pads under furniture to maintain the surface.</p>
<h3>Why Factory Direct Flooring?</h3><p>Our herringbone collection is one of the finest in the UK, featuring solid wood, engineered wood and luxury vinyl options. Our experts can help you plan your herringbone installation and calculate the exact quantity needed. Order free samples today.</p>",Factory Direct Flooring,,Herringbone Flooring,herringbone-flooring,TRUE,Title,Default Title,67271,0,shopify,100,deny,manual,22.78,22.78,TRUE,TRUE,,,Prestige Herringbone Laminate flooring Classic Natural Oak 8mm 3861,Prestige Herringbone Laminate flooring Classic Natural Oak 8mm 3861 | Factory Direct Flooring,Buy Prestige Herringbone Laminate flooring Classic Natural Oak 8mm 3861 at Factory Direct Flooring. Herringbone Flooring available at competitive prices. Free UK delivery and expert advice. Order free samples today.,active
prestige-herringbone-laminate-flooring-tobacco-light-8mm-4764,Prestige Herringbone Laminate Flooring Tobacco Light 8mm 4764,"<h2>Prestige Herringbone Laminate Flooring Tobacco Light 8mm 4764</h2><p>Make a truly bold interior statement with the <strong>Prestige Herringbone Laminate Flooring Tobacco Light 8mm 4764</strong> from Factory Direct Flooring in a stunning <strong>Light</strong> finish with a <strong>8mm</strong> profile. The herringbone pattern is one of the most timeless and elegant floor designs in existence — a distinctive interlocking arrangement that has adorned the floors of grand homes and prestigious buildings for centuries. Now available in a range of modern materials, herringbone flooring brings classic sophistication to contemporary homes.</p>
<h3>Key Highlights</h3><ul><li><strong>Iconic Herringbone Pattern</strong> — the 45° interlocking design adds instant elegance and visual depth</li><li><strong>Creates Visual Space</strong> — the diagonal arrangement draws the eye and enlarges the perceived room</li><li><strong>Multiple Materials</strong> — available in solid wood, engineered wood and luxury vinyl tile</li><li><strong>Unique Character</strong> — natural variation in grain or embossed finish makes every floor unique</li><li><strong>Suits All Rooms</strong> — from entrance halls and living rooms to kitchens and bedrooms</li><li><strong>Timeless Versatility</strong> — complements both period and contemporary interior design styles</li></ul>
<h3>Installation</h3><p>Herringbone installation requires careful planning — the centre line and 45° angle must be precisely calculated before laying begins. Professional installation is strongly recommended for herringbone patterns. Installation method depends on material type. Always acclimatise wood products for 48–72 hours before fitting.</p>
<h3>Care &amp; Maintenance</h3><p>Care depends on the material — wood herringbone requires a wood-specific cleaner on a damp mop; LVT herringbone can be mopped with warm water and a suitable cleaner. All herringbone floors benefit from door mats at entrances and felt pads under furniture to maintain the surface.</p>
<h3>Why Factory Direct Flooring?</h3><p>Our herringbone collection is one of the finest in the UK, featuring solid wood, engineered wood and luxury vinyl options. Our experts can help you plan your herringbone installation and calculate the exact quantity needed. Order free samples today.</p>",Factory Direct Flooring,,Herringbone Flooring,herringbone-flooring,TRUE,Title,Default Title,67273-FC15,0,shopify,100,deny,manual,25.19,25.19,TRUE,TRUE,,,Prestige Herringbone Laminate Flooring Tobacco Light 8mm 4764,Prestige Herringbone Laminate Flooring Tobacco Light 8mm 4764 | Factory Direct Flooring,Buy Prestige Herringbone Laminate Flooring Tobacco Light 8mm 4764 at Factory Direct Flooring. Herringbone Flooring available at competitive prices. Free UK delivery and expert advice. Order free samples today.,active
prestige-herringbone-laminate-flooring-coffee-oak-8mm-4766,Prestige Herringbone Laminate Flooring Coffee Oak 8mm 4766,"<h2>Prestige Herringbone Laminate Flooring Coffee Oak 8mm 4766</h2><p>Make a truly bold interior statement with the <strong>Prestige Herringbone Laminate Flooring Coffee Oak 8mm 4766</strong> from Factory Direct Flooring in a stunning <strong>Oak</strong> finish with a <strong>8mm</strong> profile. The herringbone pattern is one of the most timeless and elegant floor designs in existence — a distinctive interlocking arrangement that has adorned the floors of grand homes and prestigious buildings for centuries. Now available in a range of modern materials, herringbone flooring brings classic sophistication to contemporary homes.</p>
<h3>Key Highlights</h3><ul><li><strong>Iconic Herringbone Pattern</strong> — the 45° interlocking design adds instant elegance and visual depth</li><li><strong>Creates Visual Space</strong> — the diagonal arrangement draws the eye and enlarges the perceived room</li><li><strong>Multiple Materials</strong> — available in solid wood, engineered wood and luxury vinyl tile</li><li><strong>Unique Character</strong> — natural variation in grain or embossed finish makes every floor unique</li><li><strong>Suits All Rooms</strong> — from entrance halls and living rooms to kitchens and bedrooms</li><li><strong>Timeless Versatility</strong> — complements both period and contemporary interior design styles</li></ul>
<h3>Installation</h3><p>Herringbone installation requires careful planning — the centre line and 45° angle must be precisely calculated before laying begins. Professional installation is strongly recommended for herringbone patterns. Installation method depends on material type. Always acclimatise wood products for 48–72 hours before fitting.</p>
<h3>Care &amp; Maintenance</h3><p>Care depends on the material — wood herringbone requires a wood-specific cleaner on a damp mop; LVT herringbone can be mopped with warm water and a suitable cleaner. All herringbone floors benefit from door mats at entrances and felt pads under furniture to maintain the surface.</p>
<h3>Why Factory Direct Flooring?</h3><p>Our herringbone collection is one of the finest in the UK, featuring solid wood, engineered wood and luxury vinyl options. Our experts can help you plan your herringbone installation and calculate the exact quantity needed. Order free samples today.</p>",Factory Direct Flooring,,Herringbone Flooring,herringbone-flooring,TRUE,Title,Default Title,67274-FC47,0,shopify,100,deny,manual,25.19,25.19,TRUE,TRUE,,,Prestige Herringbone Laminate Flooring Coffee Oak 8mm 4766,Prestige Herringbone Laminate Flooring Coffee Oak 8mm 4766 | Factory Direct Flooring,Buy Prestige Herringbone Laminate Flooring Coffee Oak 8mm 4766 at Factory Direct Flooring. Herringbone Flooring available at competitive prices. Free UK delivery and expert advice. Order free samples today.,active
ultrafelt-vinyl-flooring-battle-oak-parquet,Ultrafelt Vinyl Flooring Battle Oak Parquet,"<h2>Ultrafelt Vinyl Flooring Battle Oak Parquet</h2><p>Make a truly bold interior statement with the <strong>Ultrafelt Vinyl Flooring Battle Oak Parquet</strong> from Factory Direct Flooring in a stunning <strong>Oak</strong> finish. The herringbone pattern is one of the most timeless and elegant floor designs in existence — a distinctive interlocking arrangement that has adorned the floors of grand homes and prestigious buildings for centuries. Now available in a range of modern materials, herringbone flooring brings classic sophistication to contemporary homes.</p>
<h3>Key Highlights</h3><ul><li><strong>Iconic Herringbone Pattern</strong> — the 45° interlocking design adds instant elegance and visual depth</li><li><strong>Creates Visual Space</strong> — the diagonal arrangement draws the eye and enlarges the perceived room</li><li><strong>Multiple Materials</strong> — available in solid wood, engineered wood and luxury vinyl tile</li><li><strong>Unique Character</strong> — natural variation in grain or embossed finish makes every floor unique</li><li><strong>Suits All Rooms</strong> — from entrance halls and living rooms to kitchens and bedrooms</li><li><strong>Timeless Versatility</strong> — complements both period and contemporary interior design styles</li></ul>
<h3>Installation</h3><p>Herringbone installation requires careful planning — the centre line and 45° angle must be precisely calculated before laying begins. Professional installation is strongly recommended for herringbone patterns. Installation method depends on material type. Always acclimatise wood products for 48–72 hours before fitting.</p>
<h3>Care &amp; Maintenance</h3><p>Care depends on the material — wood herringbone requires a wood-specific cleaner on a damp mop; LVT herringbone can be mopped with warm water and a suitable cleaner. All herringbone floors benefit from door mats at entrances and felt pads under furniture to maintain the surface.</p>
<h3>Why Factory Direct Flooring?</h3><p>Our herringbone collection is one of the finest in the UK, featuring solid wood, engineered wood and luxury vinyl options. Our experts can help you plan your herringbone installation and calculate the exact quantity needed. Order free samples today.</p>",Factory Direct Flooring,,Herringbone Flooring,herringbone-flooring,TRUE,Title,Default Title,67892ST,0,shopify,100,deny,manual,17.87,17.87,TRUE,TRUE,,,Ultrafelt Vinyl Flooring Battle Oak Parquet,Ultrafelt Vinyl Flooring Battle Oak Parquet | Factory Direct Flooring,Buy Ultrafelt Vinyl Flooring Battle Oak Parquet at Factory Direct Flooring. Herringbone Flooring available at competitive prices. Free UK delivery and expert advice. Order free samples today.,active
ultrafelt-vinyl-flooring-natural-oak-parquet,Ultrafelt Vinyl Flooring Natural Oak Parquet,"<h2>Ultrafelt Vinyl Flooring Natural Oak Parquet</h2><p>Make a truly bold interior statement with the <strong>Ultrafelt Vinyl Flooring Natural Oak Parquet</strong> from Factory Direct Flooring in a stunning <strong>Oak</strong> finish. The herringbone pattern is one of the most timeless and elegant floor designs in existence — a distinctive interlocking arrangement that has adorned the floors of grand homes and prestigious buildings for centuries. Now available in a range of modern materials, herringbone flooring brings classic sophistication to contemporary homes.</p>
<h3>Key Highlights</h3><ul><li><strong>Iconic Herringbone Pattern</strong> — the 45° interlocking design adds instant elegance and visual depth</li><li><strong>Creates Visual Space</strong> — the diagonal arrangement draws the eye and enlarges the perceived room</li><li><strong>Multiple Materials</strong> — available in solid wood, engineered wood and luxury vinyl tile</li><li><strong>Unique Character</strong> — natural variation in grain or embossed finish makes every floor unique</li><li><strong>Suits All Rooms</strong> — from entrance halls and living rooms to kitchens and bedrooms</li><li><strong>Timeless Versatility</strong> — complements both period and contemporary interior design styles</li></ul>
<h3>Installation</h3><p>Herringbone installation requires careful planning — the centre line and 45° angle must be precisely calculated before laying begins. Professional installation is strongly recommended for herringbone patterns. Installation method depends on material type. Always acclimatise wood products for 48–72 hours before fitting.</p>
<h3>Care &amp; Maintenance</h3><p>Care depends on the material — wood herringbone requires a wood-specific cleaner on a damp mop; LVT herringbone can be mopped with warm water and a suitable cleaner. All herringbone floors benefit from door mats at entrances and felt pads under furniture to maintain the surface.</p>
<h3>Why Factory Direct Flooring?</h3><p>Our herringbone collection is one of the finest in the UK, featuring solid wood, engineered wood and luxury vinyl options. Our experts can help you plan your herringbone installation and calculate the exact quantity needed. Order free samples today.</p>",Factory Direct Flooring,,Herringbone Flooring,herringbone-flooring,TRUE,Title,Default Title,67893ST,0,shopify,100,deny,manual,17.87,17.87,TRUE,TRUE,,,Ultrafelt Vinyl Flooring Natural Oak Parquet,Ultrafelt Vinyl Flooring Natural Oak Parquet | Factory Direct Flooring,Buy Ultrafelt Vinyl Flooring Natural Oak Parquet at Factory Direct Flooring. Herringbone Flooring available at competitive prices. Free UK delivery and expert advice. Order free samples today.,active
texstep-herringbone-natural-162m-felt-back,Texstep Herringbone Natural 162M Felt Back,"<h2>Texstep Herringbone Natural 162M Felt Back</h2><p>Make a truly bold interior statement with the <strong>Texstep Herringbone Natural 162M Felt Back</strong> from Factory Direct Flooring in a stunning <strong>Natural</strong> finish. The herringbone pattern is one of the most timeless and elegant floor designs in existence — a distinctive interlocking arrangement that has adorned the floors of grand homes and prestigious buildings for centuries. Now available in a range of modern materials, herringbone flooring brings classic sophistication to contemporary homes.</p>
<h3>Key Highlights</h3><ul><li><strong>Iconic Herringbone Pattern</strong> — the 45° interlocking design adds instant elegance and visual depth</li><li><strong>Creates Visual Space</strong> — the diagonal arrangement draws the eye and enlarges the perceived room</li><li><strong>Multiple Materials</strong> — available in solid wood, engineered wood and luxury vinyl tile</li><li><strong>Unique Character</strong> — natural variation in grain or embossed finish makes every floor unique</li><li><strong>Suits All Rooms</strong> — from entrance halls and living rooms to kitchens and bedrooms</li><li><strong>Timeless Versatility</strong> — complements both period and contemporary interior design styles</li></ul>
<h3>Installation</h3><p>Herringbone installation requires careful planning — the centre line and 45° angle must be precisely calculated before laying begins. Professional installation is strongly recommended for herringbone patterns. Installation method depends on material type. Always acclimatise wood products for 48–72 hours before fitting.</p>
<h3>Care &amp; Maintenance</h3><p>Care depends on the material — wood herringbone requires a wood-specific cleaner on a damp mop; LVT herringbone can be mopped with warm water and a suitable cleaner. All herringbone floors benefit from door mats at entrances and felt pads under furniture to maintain the surface.</p>
<h3>Why Factory Direct Flooring?</h3><p>Our herringbone collection is one of the finest in the UK, featuring solid wood, engineered wood and luxury vinyl options. Our experts can help you plan your herringbone installation and calculate the exact quantity needed. Order free samples today.</p>",Factory Direct Flooring,,Herringbone Flooring,herringbone-flooring,TRUE,Title,Default Title,69502ST,0,shopify,100,deny,manual,14.03,14.03,TRUE,TRUE,,,Texstep Herringbone Natural 162M Felt Back,Texstep Herringbone Natural 162M Felt Back | Factory Direct Flooring,Buy Texstep Herringbone Natural 162M Felt Back at Factory Direct Flooring. Herringbone Flooring available at competitive prices. Free UK delivery and expert advice. Order free samples today.,active
prestige-herringbone-laminate-flooring-iris-oak-8mm-3773,Prestige Herringbone Laminate Flooring Iris Oak 8mm 3773,"<h2>Prestige Herringbone Laminate Flooring Iris Oak 8mm 3773</h2><p>Make a truly bold interior statement with the <strong>Prestige Herringbone Laminate Flooring Iris Oak 8mm 3773</strong> from Factory Direct Flooring in a stunning <strong>Oak</strong> finish with a <strong>8mm</strong> profile. The herringbone pattern is one of the most timeless and elegant floor designs in existence — a distinctive interlocking arrangement that has adorned the floors of grand homes and prestigious buildings for centuries. Now available in a range of modern materials, herringbone flooring brings classic sophistication to contemporary homes.</p>
<h3>Key Highlights</h3><ul><li><strong>Iconic Herringbone Pattern</strong> — the 45° interlocking design adds instant elegance and visual depth</li><li><strong>Creates Visual Space</strong> — the diagonal arrangement draws the eye and enlarges the perceived room</li><li><strong>Multiple Materials</strong> — available in solid wood, engineered wood and luxury vinyl tile</li><li><strong>Unique Character</strong> — natural variation in grain or embossed finish makes every floor unique</li><li><strong>Suits All Rooms</strong> — from entrance halls and living rooms to kitchens and bedrooms</li><li><strong>Timeless Versatility</strong> — complements both period and contemporary interior design styles</li></ul>
<h3>Installation</h3><p>Herringbone installation requires careful planning — the centre line and 45° angle must be precisely calculated before laying begins. Professional installation is strongly recommended for herringbone patterns. Installation method depends on material type. Always acclimatise wood products for 48–72 hours before fitting.</p>
<h3>Care &amp; Maintenance</h3><p>Care depends on the material — wood herringbone requires a wood-specific cleaner on a damp mop; LVT herringbone can be mopped with warm water and a suitable cleaner. All herringbone floors benefit from door mats at entrances and felt pads under furniture to maintain the surface.</p>
<h3>Why Factory Direct Flooring?</h3><p>Our herringbone collection is one of the finest in the UK, featuring solid wood, engineered wood and luxury vinyl options. Our experts can help you plan your herringbone installation and calculate the exact quantity needed. Order free samples today.</p>",Factory Direct Flooring,,Herringbone Flooring,herringbone-flooring,TRUE,Title,Default Title,69577,0,shopify,100,deny,manual,22.78,22.78,TRUE,TRUE,,,Prestige Herringbone Laminate Flooring Iris Oak 8mm 3773,Prestige Herringbone Laminate Flooring Iris Oak 8mm 3773 | Factory Direct Flooring,Buy Prestige Herringbone Laminate Flooring Iris Oak 8mm 3773 at Factory Direct Flooring. Herringbone Flooring available at competitive prices. Free UK delivery and expert advice. Order free samples today.,active
prestige-herringbone-laminate-flooring-charcoal-8mm-6010,Prestige Herringbone Laminate Flooring Charcoal 8mm 6010,"<h2>Prestige Herringbone Laminate Flooring Charcoal 8mm 6010</h2><p>Make a truly bold interior statement with the <strong>Prestige Herringbone Laminate Flooring Charcoal 8mm 6010</strong> from Factory Direct Flooring with a <strong>8mm</strong> profile. The herringbone pattern is one of the most timeless and elegant floor designs in existence — a distinctive interlocking arrangement that has adorned the floors of grand homes and prestigious buildings for centuries. Now available in a range of modern materials, herringbone flooring brings classic sophistication to contemporary homes.</p>
<h3>Key Highlights</h3><ul><li><strong>Iconic Herringbone Pattern</strong> — the 45° interlocking design adds instant elegance and visual depth</li><li><strong>Creates Visual Space</strong> — the diagonal arrangement draws the eye and enlarges the perceived room</li><li><strong>Multiple Materials</strong> — available in solid wood, engineered wood and luxury vinyl tile</li><li><strong>Unique Character</strong> — natural variation in grain or embossed finish makes every floor unique</li><li><strong>Suits All Rooms</strong> — from entrance halls and living rooms to kitchens and bedrooms</li><li><strong>Timeless Versatility</strong> — complements both period and contemporary interior design styles</li></ul>
<h3>Installation</h3><p>Herringbone installation requires careful planning — the centre line and 45° angle must be precisely calculated before laying begins. Professional installation is strongly recommended for herringbone patterns. Installation method depends on material type. Always acclimatise wood products for 48–72 hours before fitting.</p>
<h3>Care &amp; Maintenance</h3><p>Care depends on the material — wood herringbone requires a wood-specific cleaner on a damp mop; LVT herringbone can be mopped with warm water and a suitable cleaner. All herringbone floors benefit from door mats at entrances and felt pads under furniture to maintain the surface.</p>
<h3>Why Factory Direct Flooring?</h3><p>Our herringbone collection is one of the finest in the UK, featuring solid wood, engineered wood and luxury vinyl options. Our experts can help you plan your herringbone installation and calculate the exact quantity needed. Order free samples today.</p>",Factory Direct Flooring,,Herringbone Flooring,herringbone-flooring,TRUE,Title,Default Title,69578,0,shopify,100,deny,manual,22.78,22.78,TRUE,TRUE,,,Prestige Herringbone Laminate Flooring Charcoal 8mm 6010,Prestige Herringbone Laminate Flooring Charcoal 8mm 6010 | Factory Direct Flooring,Buy Prestige Herringbone Laminate Flooring Charcoal 8mm 6010 at Factory Direct Flooring. Herringbone Flooring available at competitive prices. Free UK delivery and expert advice. Order free samples today.,active
embrace-herringbone-laminate-flooring-10mm-tricat-oak-6018,Embrace Herringbone Laminate Flooring 10mm Tricat Oak 6018,"<h2>Embrace Herringbone Laminate Flooring 10mm Tricat Oak 6018</h2><p>Make a truly bold interior statement with the <strong>Embrace Herringbone Laminate Flooring 10mm Tricat Oak 6018</strong> from Factory Direct Flooring in a stunning <strong>Oak</strong> finish with a <strong>10mm</strong> profile. The herringbone pattern is one of the most timeless and elegant floor designs in existence — a distinctive interlocking arrangement that has adorned the floors of grand homes and prestigious buildings for centuries. Now available in a range of modern materials, herringbone flooring brings classic sophistication to contemporary homes.</p>
<h3>Key Highlights</h3><ul><li><strong>Iconic Herringbone Pattern</strong> — the 45° interlocking design adds instant elegance and visual depth</li><li><strong>Creates Visual Space</strong> — the diagonal arrangement draws the eye and enlarges the perceived room</li><li><strong>Multiple Materials</strong> — available in solid wood, engineered wood and luxury vinyl tile</li><li><strong>Unique Character</strong> — natural variation in grain or embossed finish makes every floor unique</li><li><strong>Suits All Rooms</strong> — from entrance halls and living rooms to kitchens and bedrooms</li><li><strong>Timeless Versatility</strong> — complements both period and contemporary interior design styles</li></ul>
<h3>Installation</h3><p>Herringbone installation requires careful planning — the centre line and 45° angle must be precisely calculated before laying begins. Professional installation is strongly recommended for herringbone patterns. Installation method depends on material type. Always acclimatise wood products for 48–72 hours before fitting.</p>
<h3>Care &amp; Maintenance</h3><p>Care depends on the material — wood herringbone requires a wood-specific cleaner on a damp mop; LVT herringbone can be mopped with warm water and a suitable cleaner. All herringbone floors benefit from door mats at entrances and felt pads under furniture to maintain the surface.</p>
<h3>Why Factory Direct Flooring?</h3><p>Our herringbone collection is one of the finest in the UK, featuring solid wood, engineered wood and luxury vinyl options. Our experts can help you plan your herringbone installation and calculate the exact quantity needed. Order free samples today.</p>",Factory Direct Flooring,,Herringbone Flooring,herringbone-flooring,TRUE,Title,Default Title,71657,0,shopify,100,deny,manual,23.67,23.67,TRUE,TRUE,,,Embrace Herringbone Laminate Flooring 10mm Tricat Oak 6018,Embrace Herringbone Laminate Flooring 10mm Tricat Oak 6018 | Factory Direct Flooring,Buy Embrace Herringbone Laminate Flooring 10mm Tricat Oak 6018 at Factory Direct Flooring. Herringbone Flooring available at competitive prices. Free UK delivery and expert advice. Order free samples today.,active
chic-parquet-dry-back-lvt-herringbone-flooring-outland,Chic Parquet Dry Back Lvt Herringbone Flooring Outland,"<h2>Chic Parquet Dry Back Lvt Herringbone Flooring Outland</h2><p>Make a truly bold interior statement with the <strong>Chic Parquet Dry Back Lvt Herringbone Flooring Outland</strong> from Factory Direct Flooring. The herringbone pattern is one of the most timeless and elegant floor designs in existence — a distinctive interlocking arrangement that has adorned the floors of grand homes and prestigious buildings for centuries. Now available in a range of modern materials, herringbone flooring brings classic sophistication to contemporary homes.</p>
<h3>Key Highlights</h3><ul><li><strong>Iconic Herringbone Pattern</strong> — the 45° interlocking design adds instant elegance and visual depth</li><li><strong>Creates Visual Space</strong> — the diagonal arrangement draws the eye and enlarges the perceived room</li><li><strong>Multiple Materials</strong> — available in solid wood, engineered wood and luxury vinyl tile</li><li><strong>Unique Character</strong> — natural variation in grain or embossed finish makes every floor unique</li><li><strong>Suits All Rooms</strong> — from entrance halls and living rooms to kitchens and bedrooms</li><li><strong>Timeless Versatility</strong> — complements both period and contemporary interior design styles</li></ul>
<h3>Installation</h3><p>Herringbone installation requires careful planning — the centre line and 45° angle must be precisely calculated before laying begins. Professional installation is strongly recommended for herringbone patterns. Installation method depends on material type. Always acclimatise wood products for 48–72 hours before fitting.</p>
<h3>Care &amp; Maintenance</h3><p>Care depends on the material — wood herringbone requires a wood-specific cleaner on a damp mop; LVT herringbone can be mopped with warm water and a suitable cleaner. All herringbone floors benefit from door mats at entrances and felt pads under furniture to maintain the surface.</p>
<h3>Why Factory Direct Flooring?</h3><p>Our herringbone collection is one of the finest in the UK, featuring solid wood, engineered wood and luxury vinyl options. Our experts can help you plan your herringbone installation and calculate the exact quantity needed. Order free samples today.</p>",Factory Direct Flooring,,Herringbone Flooring,herringbone-flooring,TRUE,Title,Default Title,73662ST,0,shopify,100,deny,manual,22.78,22.78,TRUE,TRUE,,,Chic Parquet Dry Back Lvt Herringbone Flooring Outland,Chic Parquet Dry Back Lvt Herringbone Flooring Outland | Factory Direct Flooring,Buy Chic Parquet Dry Back Lvt Herringbone Flooring Outland at Factory Direct Flooring. Herringbone Flooring available at competitive prices. Free UK delivery and expert advice. Order free samples today.,active
ecostep-vinyl-flooring-herringbone-oak-medium-666d,Ecostep Vinyl Flooring Herringbone Oak Medium 666D,"<h2>Ecostep Vinyl Flooring Herringbone Oak Medium 666D</h2><p>Make a truly bold interior statement with the <strong>Ecostep Vinyl Flooring Herringbone Oak Medium 666D</strong> from Factory Direct Flooring in a stunning <strong>Oak</strong> finish. The herringbone pattern is one of the most timeless and elegant floor designs in existence — a distinctive interlocking arrangement that has adorned the floors of grand homes and prestigious buildings for centuries. Now available in a range of modern materials, herringbone flooring brings classic sophistication to contemporary homes.</p>
<h3>Key Highlights</h3><ul><li><strong>Iconic Herringbone Pattern</strong> — the 45° interlocking design adds instant elegance and visual depth</li><li><strong>Creates Visual Space</strong> — the diagonal arrangement draws the eye and enlarges the perceived room</li><li><strong>Multiple Materials</strong> — available in solid wood, engineered wood and luxury vinyl tile</li><li><strong>Unique Character</strong> — natural variation in grain or embossed finish makes every floor unique</li><li><strong>Suits All Rooms</strong> — from entrance halls and living rooms to kitchens and bedrooms</li><li><strong>Timeless Versatility</strong> — complements both period and contemporary interior design styles</li></ul>
<h3>Installation</h3><p>Herringbone installation requires careful planning — the centre line and 45° angle must be precisely calculated before laying begins. Professional installation is strongly recommended for herringbone patterns. Installation method depends on material type. Always acclimatise wood products for 48–72 hours before fitting.</p>
<h3>Care &amp; Maintenance</h3><p>Care depends on the material — wood herringbone requires a wood-specific cleaner on a damp mop; LVT herringbone can be mopped with warm water and a suitable cleaner. All herringbone floors benefit from door mats at entrances and felt pads under furniture to maintain the surface.</p>
<h3>Why Factory Direct Flooring?</h3><p>Our herringbone collection is one of the finest in the UK, featuring solid wood, engineered wood and luxury vinyl options. Our experts can help you plan your herringbone installation and calculate the exact quantity needed. Order free samples today.</p>",Factory Direct Flooring,,Herringbone Flooring,herringbone-flooring,TRUE,Title,Default Title,73835ST,0,shopify,100,deny,manual,10.79,10.79,TRUE,TRUE,,,Ecostep Vinyl Flooring Herringbone Oak Medium 666D,Ecostep Vinyl Flooring Herringbone Oak Medium 666D | Factory Direct Flooring,Buy Ecostep Vinyl Flooring Herringbone Oak Medium 666D at Factory Direct Flooring. Herringbone Flooring available at competitive prices. Free UK delivery and expert advice. Order free samples today.,active
embrace-herringbone-laminate-flooring-windsor-oak-10mm-1001,Embrace Herringbone Laminate Flooring Windsor Oak 10mm 1001,"<h2>Embrace Herringbone Laminate Flooring Windsor Oak 10mm 1001</h2><p>Make a truly bold interior statement with the <strong>Embrace Herringbone Laminate Flooring Windsor Oak 10mm 1001</strong> from Factory Direct Flooring in a stunning <strong>Oak</strong> finish with a <strong>10mm</strong> profile. The herringbone pattern is one of the most timeless and elegant floor designs in existence — a distinctive interlocking arrangement that has adorned the floors of grand homes and prestigious buildings for centuries. Now available in a range of modern materials, herringbone flooring brings classic sophistication to contemporary homes.</p>
<h3>Key Highlights</h3><ul><li><strong>Iconic Herringbone Pattern</strong> — the 45° interlocking design adds instant elegance and visual depth</li><li><strong>Creates Visual Space</strong> — the diagonal arrangement draws the eye and enlarges the perceived room</li><li><strong>Multiple Materials</strong> — available in solid wood, engineered wood and luxury vinyl tile</li><li><strong>Unique Character</strong> — natural variation in grain or embossed finish makes every floor unique</li><li><strong>Suits All Rooms</strong> — from entrance halls and living rooms to kitchens and bedrooms</li><li><strong>Timeless Versatility</strong> — complements both period and contemporary interior design styles</li></ul>
<h3>Installation</h3><p>Herringbone installation requires careful planning — the centre line and 45° angle must be precisely calculated before laying begins. Professional installation is strongly recommended for herringbone patterns. Installation method depends on material type. Always acclimatise wood products for 48–72 hours before fitting.</p>
<h3>Care &amp; Maintenance</h3><p>Care depends on the material — wood herringbone requires a wood-specific cleaner on a damp mop; LVT herringbone can be mopped with warm water and a suitable cleaner. All herringbone floors benefit from door mats at entrances and felt pads under furniture to maintain the surface.</p>
<h3>Why Factory Direct Flooring?</h3><p>Our herringbone collection is one of the finest in the UK, featuring solid wood, engineered wood and luxury vinyl options. Our experts can help you plan your herringbone installation and calculate the exact quantity needed. Order free samples today.</p>",Factory Direct Flooring,,Herringbone Flooring,herringbone-flooring,TRUE,Title,Default Title,73880-FC45,0,shopify,100,deny,manual,31.19,31.19,TRUE,TRUE,,,Embrace Herringbone Laminate Flooring Windsor Oak 10mm 1001,Embrace Herringbone Laminate Flooring Windsor Oak 10mm 1001 | Factory Direct Flooring,Buy Embrace Herringbone Laminate Flooring Windsor Oak 10mm 1001 at Factory Direct Flooring. Herringbone Flooring available at competitive prices. Free UK delivery and expert advice. Order free samples today.,active
chic-parquet-dry-back-lvt-herringbone-flooring-harbour,Chic Parquet Dry Back Lvt Herringbone Flooring Harbour,"<h2>Chic Parquet Dry Back Lvt Herringbone Flooring Harbour</h2><p>Make a truly bold interior statement with the <strong>Chic Parquet Dry Back Lvt Herringbone Flooring Harbour</strong> from Factory Direct Flooring. The herringbone pattern is one of the most timeless and elegant floor designs in existence — a distinctive interlocking arrangement that has adorned the floors of grand homes and prestigious buildings for centuries. Now available in a range of modern materials, herringbone flooring brings classic sophistication to contemporary homes.</p>
<h3>Key Highlights</h3><ul><li><strong>Iconic Herringbone Pattern</strong> — the 45° interlocking design adds instant elegance and visual depth</li><li><strong>Creates Visual Space</strong> — the diagonal arrangement draws the eye and enlarges the perceived room</li><li><strong>Multiple Materials</strong> — available in solid wood, engineered wood and luxury vinyl tile</li><li><strong>Unique Character</strong> — natural variation in grain or embossed finish makes every floor unique</li><li><strong>Suits All Rooms</strong> — from entrance halls and living rooms to kitchens and bedrooms</li><li><strong>Timeless Versatility</strong> — complements both period and contemporary interior design styles</li></ul>
<h3>Installation</h3><p>Herringbone installation requires careful planning — the centre line and 45° angle must be precisely calculated before laying begins. Professional installation is strongly recommended for herringbone patterns. Installation method depends on material type. Always acclimatise wood products for 48–72 hours before fitting.</p>
<h3>Care &amp; Maintenance</h3><p>Care depends on the material — wood herringbone requires a wood-specific cleaner on a damp mop; LVT herringbone can be mopped with warm water and a suitable cleaner. All herringbone floors benefit from door mats at entrances and felt pads under furniture to maintain the surface.</p>
<h3>Why Factory Direct Flooring?</h3><p>Our herringbone collection is one of the finest in the UK, featuring solid wood, engineered wood and luxury vinyl options. Our experts can help you plan your herringbone installation and calculate the exact quantity needed. Order free samples today.</p>",Factory Direct Flooring,,Herringbone Flooring,herringbone-flooring,TRUE,Title,Default Title,73939ST,0,shopify,100,deny,manual,22.76,22.76,TRUE,TRUE,,,Chic Parquet Dry Back Lvt Herringbone Flooring Harbour,Chic Parquet Dry Back Lvt Herringbone Flooring Harbour | Factory Direct Flooring,Buy Chic Parquet Dry Back Lvt Herringbone Flooring Harbour at Factory Direct Flooring. Herringbone Flooring available at competitive prices. Free UK delivery and expert advice. Order free samples today.,active
chic-parquet-lvt-flooring-dry-back-oak-haze-8001,Chic Parquet LVT Flooring Dry Back Oak Haze 8001,"<h2>Chic Parquet LVT Flooring Dry Back Oak Haze 8001</h2><p>Make a truly bold interior statement with the <strong>Chic Parquet LVT Flooring Dry Back Oak Haze 8001</strong> from Factory Direct Flooring in a stunning <strong>Oak</strong> finish. The herringbone pattern is one of the most timeless and elegant floor designs in existence — a distinctive interlocking arrangement that has adorned the floors of grand homes and prestigious buildings for centuries. Now available in a range of modern materials, herringbone flooring brings classic sophistication to contemporary homes.</p>
<h3>Key Highlights</h3><ul><li><strong>Iconic Herringbone Pattern</strong> — the 45° interlocking design adds instant elegance and visual depth</li><li><strong>Creates Visual Space</strong> — the diagonal arrangement draws the eye and enlarges the perceived room</li><li><strong>Multiple Materials</strong> — available in solid wood, engineered wood and luxury vinyl tile</li><li><strong>Unique Character</strong> — natural variation in grain or embossed finish makes every floor unique</li><li><strong>Suits All Rooms</strong> — from entrance halls and living rooms to kitchens and bedrooms</li><li><strong>Timeless Versatility</strong> — complements both period and contemporary interior design styles</li></ul>
<h3>Installation</h3><p>Herringbone installation requires careful planning — the centre line and 45° angle must be precisely calculated before laying begins. Professional installation is strongly recommended for herringbone patterns. Installation method depends on material type. Always acclimatise wood products for 48–72 hours before fitting.</p>
<h3>Care &amp; Maintenance</h3><p>Care depends on the material — wood herringbone requires a wood-specific cleaner on a damp mop; LVT herringbone can be mopped with warm water and a suitable cleaner. All herringbone floors benefit from door mats at entrances and felt pads under furniture to maintain the surface.</p>
<h3>Why Factory Direct Flooring?</h3><p>Our herringbone collection is one of the finest in the UK, featuring solid wood, engineered wood and luxury vinyl options. Our experts can help you plan your herringbone installation and calculate the exact quantity needed. Order free samples today.</p>",Factory Direct Flooring,,Herringbone Flooring,herringbone-flooring,TRUE,Title,Default Title,73951-8001,0,shopify,100,deny,manual,22.79,22.79,TRUE,TRUE,,,Chic Parquet LVT Flooring Dry Back Oak Haze 8001,Chic Parquet LVT Flooring Dry Back Oak Haze 8001 | Factory Direct Flooring,Buy Chic Parquet LVT Flooring Dry Back Oak Haze 8001 at Factory Direct Flooring. Herringbone Flooring available at competitive prices. Free UK delivery and expert advice. Order free samples today.,active
chic-parquet-lvt-flooring-dry-back-oak-nature-8002,Chic Parquet LVT Flooring Dry Back Oak Nature 8002,"<h2>Chic Parquet LVT Flooring Dry Back Oak Nature 8002</h2><p>Make a truly bold interior statement with the <strong>Chic Parquet LVT Flooring Dry Back Oak Nature 8002</strong> from Factory Direct Flooring in a stunning <strong>Oak</strong> finish. The herringbone pattern is one of the most timeless and elegant floor designs in existence — a distinctive interlocking arrangement that has adorned the floors of grand homes and prestigious buildings for centuries. Now available in a range of modern materials, herringbone flooring brings classic sophistication to contemporary homes.</p>
<h3>Key Highlights</h3><ul><li><strong>Iconic Herringbone Pattern</strong> — the 45° interlocking design adds instant elegance and visual depth</li><li><strong>Creates Visual Space</strong> — the diagonal arrangement draws the eye and enlarges the perceived room</li><li><strong>Multiple Materials</strong> — available in solid wood, engineered wood and luxury vinyl tile</li><li><strong>Unique Character</strong> — natural variation in grain or embossed finish makes every floor unique</li><li><strong>Suits All Rooms</strong> — from entrance halls and living rooms to kitchens and bedrooms</li><li><strong>Timeless Versatility</strong> — complements both period and contemporary interior design styles</li></ul>
<h3>Installation</h3><p>Herringbone installation requires careful planning — the centre line and 45° angle must be precisely calculated before laying begins. Professional installation is strongly recommended for herringbone patterns. Installation method depends on material type. Always acclimatise wood products for 48–72 hours before fitting.</p>
<h3>Care &amp; Maintenance</h3><p>Care depends on the material — wood herringbone requires a wood-specific cleaner on a damp mop; LVT herringbone can be mopped with warm water and a suitable cleaner. All herringbone floors benefit from door mats at entrances and felt pads under furniture to maintain the surface.</p>
<h3>Why Factory Direct Flooring?</h3><p>Our herringbone collection is one of the finest in the UK, featuring solid wood, engineered wood and luxury vinyl options. Our experts can help you plan your herringbone installation and calculate the exact quantity needed. Order free samples today.</p>",Factory Direct Flooring,,Herringbone Flooring,herringbone-flooring,TRUE,Title,Default Title,73952-8002,0,shopify,100,deny,manual,22.79,22.79,TRUE,TRUE,,,Chic Parquet LVT Flooring Dry Back Oak Nature 8002,Chic Parquet LVT Flooring Dry Back Oak Nature 8002 | Factory Direct Flooring,Buy Chic Parquet LVT Flooring Dry Back Oak Nature 8002 at Factory Direct Flooring. Herringbone Flooring available at competitive prices. Free UK delivery and expert advice. Order free samples today.,active
chic-parquet-lvt-flooring-dry-back-light-walnut-8003,Chic Parquet LVT Flooring Dry Back Light Walnut 8003,"<h2>Chic Parquet LVT Flooring Dry Back Light Walnut 8003</h2><p>Make a truly bold interior statement with the <strong>Chic Parquet LVT Flooring Dry Back Light Walnut 8003</strong> from Factory Direct Flooring in a stunning <strong>Walnut</strong> finish. The herringbone pattern is one of the most timeless and elegant floor designs in existence — a distinctive interlocking arrangement that has adorned the floors of grand homes and prestigious buildings for centuries. Now available in a range of modern materials, herringbone flooring brings classic sophistication to contemporary homes.</p>
<h3>Key Highlights</h3><ul><li><strong>Iconic Herringbone Pattern</strong> — the 45° interlocking design adds instant elegance and visual depth</li><li><strong>Creates Visual Space</strong> — the diagonal arrangement draws the eye and enlarges the perceived room</li><li><strong>Multiple Materials</strong> — available in solid wood, engineered wood and luxury vinyl tile</li><li><strong>Unique Character</strong> — natural variation in grain or embossed finish makes every floor unique</li><li><strong>Suits All Rooms</strong> — from entrance halls and living rooms to kitchens and bedrooms</li><li><strong>Timeless Versatility</strong> — complements both period and contemporary interior design styles</li></ul>
<h3>Installation</h3><p>Herringbone installation requires careful planning — the centre line and 45° angle must be precisely calculated before laying begins. Professional installation is strongly recommended for herringbone patterns. Installation method depends on material type. Always acclimatise wood products for 48–72 hours before fitting.</p>
<h3>Care &amp; Maintenance</h3><p>Care depends on the material — wood herringbone requires a wood-specific cleaner on a damp mop; LVT herringbone can be mopped with warm water and a suitable cleaner. All herringbone floors benefit from door mats at entrances and felt pads under furniture to maintain the surface.</p>
<h3>Why Factory Direct Flooring?</h3><p>Our herringbone collection is one of the finest in the UK, featuring solid wood, engineered wood and luxury vinyl options. Our experts can help you plan your herringbone installation and calculate the exact quantity needed. Order free samples today.</p>",Factory Direct Flooring,,Herringbone Flooring,herringbone-flooring,TRUE,Title,Default Title,73953-8003,0,shopify,100,deny,manual,22.79,22.79,TRUE,TRUE,,,Chic Parquet LVT Flooring Dry Back Light Walnut 8003,Chic Parquet LVT Flooring Dry Back Light Walnut 8003 | Factory Direct Flooring,Buy Chic Parquet LVT Flooring Dry Back Light Walnut 8003 at Factory Direct Flooring. Herringbone Flooring available at competitive prices. Free UK delivery and expert advice. Order free samples today.,active
chic-parquet-lvt-flooring-dry-back-oak-diverse-8004,Chic Parquet LVT Flooring Dry Back Oak Diverse 8004,"<h2>Chic Parquet LVT Flooring Dry Back Oak Diverse 8004</h2><p>Make a truly bold interior statement with the <strong>Chic Parquet LVT Flooring Dry Back Oak Diverse 8004</strong> from Factory Direct Flooring in a stunning <strong>Oak</strong> finish. The herringbone pattern is one of the most timeless and elegant floor designs in existence — a distinctive interlocking arrangement that has adorned the floors of grand homes and prestigious buildings for centuries. Now available in a range of modern materials, herringbone flooring brings classic sophistication to contemporary homes.</p>
<h3>Key Highlights</h3><ul><li><strong>Iconic Herringbone Pattern</strong> — the 45° interlocking design adds instant elegance and visual depth</li><li><strong>Creates Visual Space</strong> — the diagonal arrangement draws the eye and enlarges the perceived room</li><li><strong>Multiple Materials</strong> — available in solid wood, engineered wood and luxury vinyl tile</li><li><strong>Unique Character</strong> — natural variation in grain or embossed finish makes every floor unique</li><li><strong>Suits All Rooms</strong> — from entrance halls and living rooms to kitchens and bedrooms</li><li><strong>Timeless Versatility</strong> — complements both period and contemporary interior design styles</li></ul>
<h3>Installation</h3><p>Herringbone installation requires careful planning — the centre line and 45° angle must be precisely calculated before laying begins. Professional installation is strongly recommended for herringbone patterns. Installation method depends on material type. Always acclimatise wood products for 48–72 hours before fitting.</p>
<h3>Care &amp; Maintenance</h3><p>Care depends on the material — wood herringbone requires a wood-specific cleaner on a damp mop; LVT herringbone can be mopped with warm water and a suitable cleaner. All herringbone floors benefit from door mats at entrances and felt pads under furniture to maintain the surface.</p>
<h3>Why Factory Direct Flooring?</h3><p>Our herringbone collection is one of the finest in the UK, featuring solid wood, engineered wood and luxury vinyl options. Our experts can help you plan your herringbone installation and calculate the exact quantity needed. Order free samples today.</p>",Factory Direct Flooring,,Herringbone Flooring,herringbone-flooring,TRUE,Title,Default Title,73954-8004,0,shopify,100,deny,manual,22.79,22.79,TRUE,TRUE,,,Chic Parquet LVT Flooring Dry Back Oak Diverse 8004,Chic Parquet LVT Flooring Dry Back Oak Diverse 8004 | Factory Direct Flooring,Buy Chic Parquet LVT Flooring Dry Back Oak Diverse 8004 at Factory Direct Flooring. Herringbone Flooring available at competitive prices. Free UK delivery and expert advice. Order free samples today.,active
chic-parquet-lvt-flooring-dry-back-oak-limed-8005,Chic Parquet LVT Flooring Dry Back Oak Limed 8005,"<h2>Chic Parquet LVT Flooring Dry Back Oak Limed 8005</h2><p>Make a truly bold interior statement with the <strong>Chic Parquet LVT Flooring Dry Back Oak Limed 8005</strong> from Factory Direct Flooring in a stunning <strong>Oak</strong> finish. The herringbone pattern is one of the most timeless and elegant floor designs in existence — a distinctive interlocking arrangement that has adorned the floors of grand homes and prestigious buildings for centuries. Now available in a range of modern materials, herringbone flooring brings classic sophistication to contemporary homes.</p>
<h3>Key Highlights</h3><ul><li><strong>Iconic Herringbone Pattern</strong> — the 45° interlocking design adds instant elegance and visual depth</li><li><strong>Creates Visual Space</strong> — the diagonal arrangement draws the eye and enlarges the perceived room</li><li><strong>Multiple Materials</strong> — available in solid wood, engineered wood and luxury vinyl tile</li><li><strong>Unique Character</strong> — natural variation in grain or embossed finish makes every floor unique</li><li><strong>Suits All Rooms</strong> — from entrance halls and living rooms to kitchens and bedrooms</li><li><strong>Timeless Versatility</strong> — complements both period and contemporary interior design styles</li></ul>
<h3>Installation</h3><p>Herringbone installation requires careful planning — the centre line and 45° angle must be precisely calculated before laying begins. Professional installation is strongly recommended for herringbone patterns. Installation method depends on material type. Always acclimatise wood products for 48–72 hours before fitting.</p>
<h3>Care &amp; Maintenance</h3><p>Care depends on the material — wood herringbone requires a wood-specific cleaner on a damp mop; LVT herringbone can be mopped with warm water and a suitable cleaner. All herringbone floors benefit from door mats at entrances and felt pads under furniture to maintain the surface.</p>
<h3>Why Factory Direct Flooring?</h3><p>Our herringbone collection is one of the finest in the UK, featuring solid wood, engineered wood and luxury vinyl options. Our experts can help you plan your herringbone installation and calculate the exact quantity needed. Order free samples today.</p>",Factory Direct Flooring,,Herringbone Flooring,herringbone-flooring,TRUE,Title,Default Title,73955-8005,0,shopify,100,deny,manual,22.79,22.79,TRUE,TRUE,,,Chic Parquet LVT Flooring Dry Back Oak Limed 8005,Chic Parquet LVT Flooring Dry Back Oak Limed 8005 | Factory Direct Flooring,Buy Chic Parquet LVT Flooring Dry Back Oak Limed 8005 at Factory Direct Flooring. Herringbone Flooring available at competitive prices. Free UK delivery and expert advice. Order free samples today.,active
chic-parquet-lvt-dry-back-flooring-driftwood-8006,Chic Parquet LVT Dry Back Flooring Driftwood 8006,"<h2>Chic Parquet LVT Dry Back Flooring Driftwood 8006</h2><p>Make a truly bold interior statement with the <strong>Chic Parquet LVT Dry Back Flooring Driftwood 8006</strong> from Factory Direct Flooring. The herringbone pattern is one of the most timeless and elegant floor designs in existence — a distinctive interlocking arrangement that has adorned the floors of grand homes and prestigious buildings for centuries. Now available in a range of modern materials, herringbone flooring brings classic sophistication to contemporary homes.</p>
<h3>Key Highlights</h3><ul><li><strong>Iconic Herringbone Pattern</strong> — the 45° interlocking design adds instant elegance and visual depth</li><li><strong>Creates Visual Space</strong> — the diagonal arrangement draws the eye and enlarges the perceived room</li><li><strong>Multiple Materials</strong> — available in solid wood, engineered wood and luxury vinyl tile</li><li><strong>Unique Character</strong> — natural variation in grain or embossed finish makes every floor unique</li><li><strong>Suits All Rooms</strong> — from entrance halls and living rooms to kitchens and bedrooms</li><li><strong>Timeless Versatility</strong> — complements both period and contemporary interior design styles</li></ul>
<h3>Installation</h3><p>Herringbone installation requires careful planning — the centre line and 45° angle must be precisely calculated before laying begins. Professional installation is strongly recommended for herringbone patterns. Installation method depends on material type. Always acclimatise wood products for 48–72 hours before fitting.</p>
<h3>Care &amp; Maintenance</h3><p>Care depends on the material — wood herringbone requires a wood-specific cleaner on a damp mop; LVT herringbone can be mopped with warm water and a suitable cleaner. All herringbone floors benefit from door mats at entrances and felt pads under furniture to maintain the surface.</p>
<h3>Why Factory Direct Flooring?</h3><p>Our herringbone collection is one of the finest in the UK, featuring solid wood, engineered wood and luxury vinyl options. Our experts can help you plan your herringbone installation and calculate the exact quantity needed. Order free samples today.</p>",Factory Direct Flooring,,Herringbone Flooring,herringbone-flooring,TRUE,Title,Default Title,73956-8006,0,shopify,100,deny,manual,22.79,22.79,TRUE,TRUE,,,Chic Parquet LVT Dry Back Flooring Driftwood 8006,Chic Parquet LVT Dry Back Flooring Driftwood 8006 | Factory Direct Flooring,Buy Chic Parquet LVT Dry Back Flooring Driftwood 8006 at Factory Direct Flooring. Herringbone Flooring available at competitive prices. Free UK delivery and expert advice. Order free samples today.,active
chic-parquet-lvt-flooring-dry-back-oak-grey-8007,Chic Parquet LVT Flooring Dry Back Oak Grey 8007,"<h2>Chic Parquet LVT Flooring Dry Back Oak Grey 8007</h2><p>Make a truly bold interior statement with the <strong>Chic Parquet LVT Flooring Dry Back Oak Grey 8007</strong> from Factory Direct Flooring in a stunning <strong>Oak</strong> finish. The herringbone pattern is one of the most timeless and elegant floor designs in existence — a distinctive interlocking arrangement that has adorned the floors of grand homes and prestigious buildings for centuries. Now available in a range of modern materials, herringbone flooring brings classic sophistication to contemporary homes.</p>
<h3>Key Highlights</h3><ul><li><strong>Iconic Herringbone Pattern</strong> — the 45° interlocking design adds instant elegance and visual depth</li><li><strong>Creates Visual Space</strong> — the diagonal arrangement draws the eye and enlarges the perceived room</li><li><strong>Multiple Materials</strong> — available in solid wood, engineered wood and luxury vinyl tile</li><li><strong>Unique Character</strong> — natural variation in grain or embossed finish makes every floor unique</li><li><strong>Suits All Rooms</strong> — from entrance halls and living rooms to kitchens and bedrooms</li><li><strong>Timeless Versatility</strong> — complements both period and contemporary interior design styles</li></ul>
<h3>Installation</h3><p>Herringbone installation requires careful planning — the centre line and 45° angle must be precisely calculated before laying begins. Professional installation is strongly recommended for herringbone patterns. Installation method depends on material type. Always acclimatise wood products for 48–72 hours before fitting.</p>
<h3>Care &amp; Maintenance</h3><p>Care depends on the material — wood herringbone requires a wood-specific cleaner on a damp mop; LVT herringbone can be mopped with warm water and a suitable cleaner. All herringbone floors benefit from door mats at entrances and felt pads under furniture to maintain the surface.</p>
<h3>Why Factory Direct Flooring?</h3><p>Our herringbone collection is one of the finest in the UK, featuring solid wood, engineered wood and luxury vinyl options. Our experts can help you plan your herringbone installation and calculate the exact quantity needed. Order free samples today.</p>",Factory Direct Flooring,,Herringbone Flooring,herringbone-flooring,TRUE,Title,Default Title,73957-8007,0,shopify,100,deny,manual,22.79,22.79,TRUE,TRUE,,,Chic Parquet LVT Flooring Dry Back Oak Grey 8007,Chic Parquet LVT Flooring Dry Back Oak Grey 8007 | Factory Direct Flooring,Buy Chic Parquet LVT Flooring Dry Back Oak Grey 8007 at Factory Direct Flooring. Herringbone Flooring available at competitive prices. Free UK delivery and expert advice. Order free samples today.,active
chic-parquet-lvt-flooring-dry-back-pale-oak-8008,Chic Parquet LVT Flooring Dry Back Pale Oak 8008,"<h2>Chic Parquet LVT Flooring Dry Back Pale Oak 8008</h2><p>Make a truly bold interior statement with the <strong>Chic Parquet LVT Flooring Dry Back Pale Oak 8008</strong> from Factory Direct Flooring in a stunning <strong>Oak</strong> finish. The herringbone pattern is one of the most timeless and elegant floor designs in existence — a distinctive interlocking arrangement that has adorned the floors of grand homes and prestigious buildings for centuries. Now available in a range of modern materials, herringbone flooring brings classic sophistication to contemporary homes.</p>
<h3>Key Highlights</h3><ul><li><strong>Iconic Herringbone Pattern</strong> — the 45° interlocking design adds instant elegance and visual depth</li><li><strong>Creates Visual Space</strong> — the diagonal arrangement draws the eye and enlarges the perceived room</li><li><strong>Multiple Materials</strong> — available in solid wood, engineered wood and luxury vinyl tile</li><li><strong>Unique Character</strong> — natural variation in grain or embossed finish makes every floor unique</li><li><strong>Suits All Rooms</strong> — from entrance halls and living rooms to kitchens and bedrooms</li><li><strong>Timeless Versatility</strong> — complements both period and contemporary interior design styles</li></ul>
<h3>Installation</h3><p>Herringbone installation requires careful planning — the centre line and 45° angle must be precisely calculated before laying begins. Professional installation is strongly recommended for herringbone patterns. Installation method depends on material type. Always acclimatise wood products for 48–72 hours before fitting.</p>
<h3>Care &amp; Maintenance</h3><p>Care depends on the material — wood herringbone requires a wood-specific cleaner on a damp mop; LVT herringbone can be mopped with warm water and a suitable cleaner. All herringbone floors benefit from door mats at entrances and felt pads under furniture to maintain the surface.</p>
<h3>Why Factory Direct Flooring?</h3><p>Our herringbone collection is one of the finest in the UK, featuring solid wood, engineered wood and luxury vinyl options. Our experts can help you plan your herringbone installation and calculate the exact quantity needed. Order free samples today.</p>",Factory Direct Flooring,,Herringbone Flooring,herringbone-flooring,TRUE,Title,Default Title,73958-8008,0,shopify,100,deny,manual,22.79,22.79,TRUE,TRUE,,,Chic Parquet LVT Flooring Dry Back Pale Oak 8008,Chic Parquet LVT Flooring Dry Back Pale Oak 8008 | Factory Direct Flooring,Buy Chic Parquet LVT Flooring Dry Back Pale Oak 8008 at Factory Direct Flooring. Herringbone Flooring available at competitive prices. Free UK delivery and expert advice. Order free samples today.,active
chic-parquet-mini-lvt-flooring-dry-back-blackjack-oak-229,Chic Parquet Mini LVT Flooring Dry Back Blackjack Oak 229,"<h2>Chic Parquet Mini LVT Flooring Dry Back Blackjack Oak 229</h2><p>Make a truly bold interior statement with the <strong>Chic Parquet Mini LVT Flooring Dry Back Blackjack Oak 229</strong> from Factory Direct Flooring in a stunning <strong>Oak</strong> finish. The herringbone pattern is one of the most timeless and elegant floor designs in existence — a distinctive interlocking arrangement that has adorned the floors of grand homes and prestigious buildings for centuries. Now available in a range of modern materials, herringbone flooring brings classic sophistication to contemporary homes.</p>
<h3>Key Highlights</h3><ul><li><strong>Iconic Herringbone Pattern</strong> — the 45° interlocking design adds instant elegance and visual depth</li><li><strong>Creates Visual Space</strong> — the diagonal arrangement draws the eye and enlarges the perceived room</li><li><strong>Multiple Materials</strong> — available in solid wood, engineered wood and luxury vinyl tile</li><li><strong>Unique Character</strong> — natural variation in grain or embossed finish makes every floor unique</li><li><strong>Suits All Rooms</strong> — from entrance halls and living rooms to kitchens and bedrooms</li><li><strong>Timeless Versatility</strong> — complements both period and contemporary interior design styles</li></ul>
<h3>Installation</h3><p>Herringbone installation requires careful planning — the centre line and 45° angle must be precisely calculated before laying begins. Professional installation is strongly recommended for herringbone patterns. Installation method depends on material type. Always acclimatise wood products for 48–72 hours before fitting.</p>
<h3>Care &amp; Maintenance</h3><p>Care depends on the material — wood herringbone requires a wood-specific cleaner on a damp mop; LVT herringbone can be mopped with warm water and a suitable cleaner. All herringbone floors benefit from door mats at entrances and felt pads under furniture to maintain the surface.</p>
<h3>Why Factory Direct Flooring?</h3><p>Our herringbone collection is one of the finest in the UK, featuring solid wood, engineered wood and luxury vinyl options. Our experts can help you plan your herringbone installation and calculate the exact quantity needed. Order free samples today.</p>",Factory Direct Flooring,,Herringbone Flooring,herringbone-flooring,TRUE,Title,Default Title,73967-22229,0,shopify,100,deny,manual,31.19,31.19,TRUE,TRUE,,,Chic Parquet Mini LVT Flooring Dry Back Blackjack Oak 229,Chic Parquet Mini LVT Flooring Dry Back Blackjack Oak 229 | Factory Direct Flooring,Buy Chic Parquet Mini LVT Flooring Dry Back Blackjack Oak 229 at Factory Direct Flooring. Herringbone Flooring available at competitive prices. Free UK delivery and expert advice. Order free samples today.,active
chic-parquet-mini-lvt-flooring-dry-back-country-oak-991,Chic Parquet Mini LVT Flooring Dry Back Country Oak 991,"<h2>Chic Parquet Mini LVT Flooring Dry Back Country Oak 991</h2><p>Make a truly bold interior statement with the <strong>Chic Parquet Mini LVT Flooring Dry Back Country Oak 991</strong> from Factory Direct Flooring in a stunning <strong>Oak</strong> finish. The herringbone pattern is one of the most timeless and elegant floor designs in existence — a distinctive interlocking arrangement that has adorned the floors of grand homes and prestigious buildings for centuries. Now available in a range of modern materials, herringbone flooring brings classic sophistication to contemporary homes.</p>
<h3>Key Highlights</h3><ul><li><strong>Iconic Herringbone Pattern</strong> — the 45° interlocking design adds instant elegance and visual depth</li><li><strong>Creates Visual Space</strong> — the diagonal arrangement draws the eye and enlarges the perceived room</li><li><strong>Multiple Materials</strong> — available in solid wood, engineered wood and luxury vinyl tile</li><li><strong>Unique Character</strong> — natural variation in grain or embossed finish makes every floor unique</li><li><strong>Suits All Rooms</strong> — from entrance halls and living rooms to kitchens and bedrooms</li><li><strong>Timeless Versatility</strong> — complements both period and contemporary interior design styles</li></ul>
<h3>Installation</h3><p>Herringbone installation requires careful planning — the centre line and 45° angle must be precisely calculated before laying begins. Professional installation is strongly recommended for herringbone patterns. Installation method depends on material type. Always acclimatise wood products for 48–72 hours before fitting.</p>
<h3>Care &amp; Maintenance</h3><p>Care depends on the material — wood herringbone requires a wood-specific cleaner on a damp mop; LVT herringbone can be mopped with warm water and a suitable cleaner. All herringbone floors benefit from door mats at entrances and felt pads under furniture to maintain the surface.</p>
<h3>Why Factory Direct Flooring?</h3><p>Our herringbone collection is one of the finest in the UK, featuring solid wood, engineered wood and luxury vinyl options. Our experts can help you plan your herringbone installation and calculate the exact quantity needed. Order free samples today.</p>",Factory Direct Flooring,,Herringbone Flooring,herringbone-flooring,TRUE,Title,Default Title,73968-54991,0,shopify,100,deny,manual,23.99,23.99,TRUE,TRUE,,,Chic Parquet Mini LVT Flooring Dry Back Country Oak 991,Chic Parquet Mini LVT Flooring Dry Back Country Oak 991 | Factory Direct Flooring,Buy Chic Parquet Mini LVT Flooring Dry Back Country Oak 991 at Factory Direct Flooring. Herringbone Flooring available at competitive prices. Free UK delivery and expert advice. Order free samples today.,active
chic-parquet-mini-lvt-flooring-dry-back-country-oak-852,Chic Parquet Mini LVT Flooring Dry Back Country Oak 852,"<h2>Chic Parquet Mini LVT Flooring Dry Back Country Oak 852</h2><p>Make a truly bold interior statement with the <strong>Chic Parquet Mini LVT Flooring Dry Back Country Oak 852</strong> from Factory Direct Flooring in a stunning <strong>Oak</strong> finish. The herringbone pattern is one of the most timeless and elegant floor designs in existence — a distinctive interlocking arrangement that has adorned the floors of grand homes and prestigious buildings for centuries. Now available in a range of modern materials, herringbone flooring brings classic sophistication to contemporary homes.</p>
<h3>Key Highlights</h3><ul><li><strong>Iconic Herringbone Pattern</strong> — the 45° interlocking design adds instant elegance and visual depth</li><li><strong>Creates Visual Space</strong> — the diagonal arrangement draws the eye and enlarges the perceived room</li><li><strong>Multiple Materials</strong> — available in solid wood, engineered wood and luxury vinyl tile</li><li><strong>Unique Character</strong> — natural variation in grain or embossed finish makes every floor unique</li><li><strong>Suits All Rooms</strong> — from entrance halls and living rooms to kitchens and bedrooms</li><li><strong>Timeless Versatility</strong> — complements both period and contemporary interior design styles</li></ul>
<h3>Installation</h3><p>Herringbone installation requires careful planning — the centre line and 45° angle must be precisely calculated before laying begins. Professional installation is strongly recommended for herringbone patterns. Installation method depends on material type. Always acclimatise wood products for 48–72 hours before fitting.</p>
<h3>Care &amp; Maintenance</h3><p>Care depends on the material — wood herringbone requires a wood-specific cleaner on a damp mop; LVT herringbone can be mopped with warm water and a suitable cleaner. All herringbone floors benefit from door mats at entrances and felt pads under furniture to maintain the surface.</p>
<h3>Why Factory Direct Flooring?</h3><p>Our herringbone collection is one of the finest in the UK, featuring solid wood, engineered wood and luxury vinyl options. Our experts can help you plan your herringbone installation and calculate the exact quantity needed. Order free samples today.</p>",Factory Direct Flooring,,Herringbone Flooring,herringbone-flooring,TRUE,Title,Default Title,73969-54852,0,shopify,100,deny,manual,31.19,31.19,TRUE,TRUE,,,Chic Parquet Mini LVT Flooring Dry Back Country Oak 852,Chic Parquet Mini LVT Flooring Dry Back Country Oak 852 | Factory Direct Flooring,Buy Chic Parquet Mini LVT Flooring Dry Back Country Oak 852 at Factory Direct Flooring. Herringbone Flooring available at competitive prices. Free UK delivery and expert advice. Order free samples today.,active
chic-parquet-mini-lvt-flooring-dry-back-sierra-oak-346,Chic Parquet Mini LVT Flooring Dry Back Sierra Oak 346,"<h2>Chic Parquet Mini LVT Flooring Dry Back Sierra Oak 346</h2><p>Make a truly bold interior statement with the <strong>Chic Parquet Mini LVT Flooring Dry Back Sierra Oak 346</strong> from Factory Direct Flooring in a stunning <strong>Oak</strong> finish. The herringbone pattern is one of the most timeless and elegant floor designs in existence — a distinctive interlocking arrangement that has adorned the floors of grand homes and prestigious buildings for centuries. Now available in a range of modern materials, herringbone flooring brings classic sophistication to contemporary homes.</p>
<h3>Key Highlights</h3><ul><li><strong>Iconic Herringbone Pattern</strong> — the 45° interlocking design adds instant elegance and visual depth</li><li><strong>Creates Visual Space</strong> — the diagonal arrangement draws the eye and enlarges the perceived room</li><li><strong>Multiple Materials</strong> — available in solid wood, engineered wood and luxury vinyl tile</li><li><strong>Unique Character</strong> — natural variation in grain or embossed finish makes every floor unique</li><li><strong>Suits All Rooms</strong> — from entrance halls and living rooms to kitchens and bedrooms</li><li><strong>Timeless Versatility</strong> — complements both period and contemporary interior design styles</li></ul>
<h3>Installation</h3><p>Herringbone installation requires careful planning — the centre line and 45° angle must be precisely calculated before laying begins. Professional installation is strongly recommended for herringbone patterns. Installation method depends on material type. Always acclimatise wood products for 48–72 hours before fitting.</p>
<h3>Care &amp; Maintenance</h3><p>Care depends on the material — wood herringbone requires a wood-specific cleaner on a damp mop; LVT herringbone can be mopped with warm water and a suitable cleaner. All herringbone floors benefit from door mats at entrances and felt pads under furniture to maintain the surface.</p>
<h3>Why Factory Direct Flooring?</h3><p>Our herringbone collection is one of the finest in the UK, featuring solid wood, engineered wood and luxury vinyl options. Our experts can help you plan your herringbone installation and calculate the exact quantity needed. Order free samples today.</p>",Factory Direct Flooring,,Herringbone Flooring,herringbone-flooring,TRUE,Title,Default Title,73971-58346,0,shopify,100,deny,manual,27.35,27.35,TRUE,TRUE,,,Chic Parquet Mini LVT Flooring Dry Back Sierra Oak 346,Chic Parquet Mini LVT Flooring Dry Back Sierra Oak 346 | Factory Direct Flooring,Buy Chic Parquet Mini LVT Flooring Dry Back Sierra Oak 346 at Factory Direct Flooring. Herringbone Flooring available at competitive prices. Free UK delivery and expert advice. Order free samples today.,active
aqua-plank-pure-oak-herringbone-click-vinyl,Aqua Plank Pure Oak Herringbone Click Vinyl,"<h2>Aqua Plank Pure Oak Herringbone Click Vinyl</h2><p>Make a truly bold interior statement with the <strong>Aqua Plank Pure Oak Herringbone Click Vinyl</strong> from Factory Direct Flooring in a stunning <strong>Oak</strong> finish. The herringbone pattern is one of the most timeless and elegant floor designs in existence — a distinctive interlocking arrangement that has adorned the floors of grand homes and prestigious buildings for centuries. Now available in a range of modern materials, herringbone flooring brings classic sophistication to contemporary homes.</p>
<h3>Key Highlights</h3><ul><li><strong>Iconic Herringbone Pattern</strong> — the 45° interlocking design adds instant elegance and visual depth</li><li><strong>Creates Visual Space</strong> — the diagonal arrangement draws the eye and enlarges the perceived room</li><li><strong>Multiple Materials</strong> — available in solid wood, engineered wood and luxury vinyl tile</li><li><strong>Unique Character</strong> — natural variation in grain or embossed finish makes every floor unique</li><li><strong>Suits All Rooms</strong> — from entrance halls and living rooms to kitchens and bedrooms</li><li><strong>Timeless Versatility</strong> — complements both period and contemporary interior design styles</li></ul>
<h3>Installation</h3><p>Herringbone installation requires careful planning — the centre line and 45° angle must be precisely calculated before laying begins. Professional installation is strongly recommended for herringbone patterns. Installation method depends on material type. Always acclimatise wood products for 48–72 hours before fitting.</p>
<h3>Care &amp; Maintenance</h3><p>Care depends on the material — wood herringbone requires a wood-specific cleaner on a damp mop; LVT herringbone can be mopped with warm water and a suitable cleaner. All herringbone floors benefit from door mats at entrances and felt pads under furniture to maintain the surface.</p>
<h3>Why Factory Direct Flooring?</h3><p>Our herringbone collection is one of the finest in the UK, featuring solid wood, engineered wood and luxury vinyl options. Our experts can help you plan your herringbone installation and calculate the exact quantity needed. Order free samples today.</p>",Factory Direct Flooring,,Herringbone Flooring,herringbone-flooring,TRUE,Title,Default Title,AP73979H,0,shopify,100,deny,manual,29.98,29.98,TRUE,TRUE,,,Aqua Plank Pure Oak Herringbone Click Vinyl,Aqua Plank Pure Oak Herringbone Click Vinyl | Factory Direct Flooring,Buy Aqua Plank Pure Oak Herringbone Click Vinyl at Factory Direct Flooring. Herringbone Flooring available at competitive prices. Free UK delivery and expert advice. Order free samples today.,active
aqua-plank-columbian-oak-herringbone-click-vinyl,Aqua Plank Columbian Oak Herringbone Click Vinyl,"<h2>Aqua Plank Columbian Oak Herringbone Click Vinyl</h2><p>Make a truly bold interior statement with the <strong>Aqua Plank Columbian Oak Herringbone Click Vinyl</strong> from Factory Direct Flooring in a stunning <strong>Oak</strong> finish. The herringbone pattern is one of the most timeless and elegant floor designs in existence — a distinctive interlocking arrangement that has adorned the floors of grand homes and prestigious buildings for centuries. Now available in a range of modern materials, herringbone flooring brings classic sophistication to contemporary homes.</p>
<h3>Key Highlights</h3><ul><li><strong>Iconic Herringbone Pattern</strong> — the 45° interlocking design adds instant elegance and visual depth</li><li><strong>Creates Visual Space</strong> — the diagonal arrangement draws the eye and enlarges the perceived room</li><li><strong>Multiple Materials</strong> — available in solid wood, engineered wood and luxury vinyl tile</li><li><strong>Unique Character</strong> — natural variation in grain or embossed finish makes every floor unique</li><li><strong>Suits All Rooms</strong> — from entrance halls and living rooms to kitchens and bedrooms</li><li><strong>Timeless Versatility</strong> — complements both period and contemporary interior design styles</li></ul>
<h3>Installation</h3><p>Herringbone installation requires careful planning — the centre line and 45° angle must be precisely calculated before laying begins. Professional installation is strongly recommended for herringbone patterns. Installation method depends on material type. Always acclimatise wood products for 48–72 hours before fitting.</p>
<h3>Care &amp; Maintenance</h3><p>Care depends on the material — wood herringbone requires a wood-specific cleaner on a damp mop; LVT herringbone can be mopped with warm water and a suitable cleaner. All herringbone floors benefit from door mats at entrances and felt pads under furniture to maintain the surface.</p>
<h3>Why Factory Direct Flooring?</h3><p>Our herringbone collection is one of the finest in the UK, featuring solid wood, engineered wood and luxury vinyl options. Our experts can help you plan your herringbone installation and calculate the exact quantity needed. Order free samples today.</p>",Factory Direct Flooring,,Herringbone Flooring,herringbone-flooring,TRUE,Title,Default Title,AP73980H,0,shopify,100,deny,manual,29.98,29.98,TRUE,TRUE,,,Aqua Plank Columbian Oak Herringbone Click Vinyl,Aqua Plank Columbian Oak Herringbone Click Vinyl | Factory Direct Flooring,Buy Aqua Plank Columbian Oak Herringbone Click Vinyl at Factory Direct Flooring. Herringbone Flooring available at competitive prices. Free UK delivery and expert advice. Order free samples today.,active
aqua-plank-pendosa-oak-herringbone-click-vinyl,Aqua Plank Pendosa Oak Herringbone Click Vinyl,"<h2>Aqua Plank Pendosa Oak Herringbone Click Vinyl</h2><p>Make a truly bold interior statement with the <strong>Aqua Plank Pendosa Oak Herringbone Click Vinyl</strong> from Factory Direct Flooring in a stunning <strong>Oak</strong> finish. The herringbone pattern is one of the most timeless and elegant floor designs in existence — a distinctive interlocking arrangement that has adorned the floors of grand homes and prestigious buildings for centuries. Now available in a range of modern materials, herringbone flooring brings classic sophistication to contemporary homes.</p>
<h3>Key Highlights</h3><ul><li><strong>Iconic Herringbone Pattern</strong> — the 45° interlocking design adds instant elegance and visual depth</li><li><strong>Creates Visual Space</strong> — the diagonal arrangement draws the eye and enlarges the perceived room</li><li><strong>Multiple Materials</strong> — available in solid wood, engineered wood and luxury vinyl tile</li><li><strong>Unique Character</strong> — natural variation in grain or embossed finish makes every floor unique</li><li><strong>Suits All Rooms</strong> — from entrance halls and living rooms to kitchens and bedrooms</li><li><strong>Timeless Versatility</strong> — complements both period and contemporary interior design styles</li></ul>
<h3>Installation</h3><p>Herringbone installation requires careful planning — the centre line and 45° angle must be precisely calculated before laying begins. Professional installation is strongly recommended for herringbone patterns. Installation method depends on material type. Always acclimatise wood products for 48–72 hours before fitting.</p>
<h3>Care &amp; Maintenance</h3><p>Care depends on the material — wood herringbone requires a wood-specific cleaner on a damp mop; LVT herringbone can be mopped with warm water and a suitable cleaner. All herringbone floors benefit from door mats at entrances and felt pads under furniture to maintain the surface.</p>
<h3>Why Factory Direct Flooring?</h3><p>Our herringbone collection is one of the finest in the UK, featuring solid wood, engineered wood and luxury vinyl options. Our experts can help you plan your herringbone installation and calculate the exact quantity needed. Order free samples today.</p>",Factory Direct Flooring,,Herringbone Flooring,herringbone-flooring,TRUE,Title,Default Title,AP73981H,0,shopify,100,deny,manual,29.98,29.98,TRUE,TRUE,,,Aqua Plank Pendosa Oak Herringbone Click Vinyl,Aqua Plank Pendosa Oak Herringbone Click Vinyl | Factory Direct Flooring,Buy Aqua Plank Pendosa Oak Herringbone Click Vinyl at Factory Direct Flooring. Herringbone Flooring available at competitive prices. Free UK delivery and expert advice. Order free samples today.,active
aqua-plank-nature-oak-herringbone-click-vinyl,Aqua Plank Nature Oak Herringbone Click Vinyl,"<h2>Aqua Plank Nature Oak Herringbone Click Vinyl</h2><p>Make a truly bold interior statement with the <strong>Aqua Plank Nature Oak Herringbone Click Vinyl</strong> from Factory Direct Flooring in a stunning <strong>Oak</strong> finish. The herringbone pattern is one of the most timeless and elegant floor designs in existence — a distinctive interlocking arrangement that has adorned the floors of grand homes and prestigious buildings for centuries. Now available in a range of modern materials, herringbone flooring brings classic sophistication to contemporary homes.</p>
<h3>Key Highlights</h3><ul><li><strong>Iconic Herringbone Pattern</strong> — the 45° interlocking design adds instant elegance and visual depth</li><li><strong>Creates Visual Space</strong> — the diagonal arrangement draws the eye and enlarges the perceived room</li><li><strong>Multiple Materials</strong> — available in solid wood, engineered wood and luxury vinyl tile</li><li><strong>Unique Character</strong> — natural variation in grain or embossed finish makes every floor unique</li><li><strong>Suits All Rooms</strong> — from entrance halls and living rooms to kitchens and bedrooms</li><li><strong>Timeless Versatility</strong> — complements both period and contemporary interior design styles</li></ul>
<h3>Installation</h3><p>Herringbone installation requires careful planning — the centre line and 45° angle must be precisely calculated before laying begins. Professional installation is strongly recommended for herringbone patterns. Installation method depends on material type. Always acclimatise wood products for 48–72 hours before fitting.</p>
<h3>Care &amp; Maintenance</h3><p>Care depends on the material — wood herringbone requires a wood-specific cleaner on a damp mop; LVT herringbone can be mopped with warm water and a suitable cleaner. All herringbone floors benefit from door mats at entrances and felt pads under furniture to maintain the surface.</p>
<h3>Why Factory Direct Flooring?</h3><p>Our herringbone collection is one of the finest in the UK, featuring solid wood, engineered wood and luxury vinyl options. Our experts can help you plan your herringbone installation and calculate the exact quantity needed. Order free samples today.</p>",Factory Direct Flooring,,Herringbone Flooring,herringbone-flooring,TRUE,Title,Default Title,AP73982H,0,shopify,100,deny,manual,29.98,29.98,TRUE,TRUE,,,Aqua Plank Nature Oak Herringbone Click Vinyl,Aqua Plank Nature Oak Herringbone Click Vinyl | Factory Direct Flooring,Buy Aqua Plank Nature Oak Herringbone Click Vinyl at Factory Direct Flooring. Herringbone Flooring available at competitive prices. Free UK delivery and expert advice. Order free samples today.,active
embrace-herringbone-laminate-flooring-midnight-oak-12mm,Embrace Herringbone Laminate Flooring Midnight Oak 12mm,"<h2>Embrace Herringbone Laminate Flooring Midnight Oak 12mm</h2><p>Make a truly bold interior statement with the <strong>Embrace Herringbone Laminate Flooring Midnight Oak 12mm</strong> from Factory Direct Flooring in a stunning <strong>Oak</strong> finish with a <strong>12mm</strong> profile. The herringbone pattern is one of the most timeless and elegant floor designs in existence — a distinctive interlocking arrangement that has adorned the floors of grand homes and prestigious buildings for centuries. Now available in a range of modern materials, herringbone flooring brings classic sophistication to contemporary homes.</p>
<h3>Key Highlights</h3><ul><li><strong>Iconic Herringbone Pattern</strong> — the 45° interlocking design adds instant elegance and visual depth</li><li><strong>Creates Visual Space</strong> — the diagonal arrangement draws the eye and enlarges the perceived room</li><li><strong>Multiple Materials</strong> — available in solid wood, engineered wood and luxury vinyl tile</li><li><strong>Unique Character</strong> — natural variation in grain or embossed finish makes every floor unique</li><li><strong>Suits All Rooms</strong> — from entrance halls and living rooms to kitchens and bedrooms</li><li><strong>Timeless Versatility</strong> — complements both period and contemporary interior design styles</li></ul>
<h3>Installation</h3><p>Herringbone installation requires careful planning — the centre line and 45° angle must be precisely calculated before laying begins. Professional installation is strongly recommended for herringbone patterns. Installation method depends on material type. Always acclimatise wood products for 48–72 hours before fitting.</p>
<h3>Care &amp; Maintenance</h3><p>Care depends on the material — wood herringbone requires a wood-specific cleaner on a damp mop; LVT herringbone can be mopped with warm water and a suitable cleaner. All herringbone floors benefit from door mats at entrances and felt pads under furniture to maintain the surface.</p>
<h3>Why Factory Direct Flooring?</h3><p>Our herringbone collection is one of the finest in the UK, featuring solid wood, engineered wood and luxury vinyl options. Our experts can help you plan your herringbone installation and calculate the exact quantity needed. Order free samples today.</p>",Factory Direct Flooring,,Herringbone Flooring,herringbone-flooring,TRUE,Title,Default Title,73983-R379,0,shopify,100,deny,manual,26.38,26.38,TRUE,TRUE,,,Embrace Herringbone Laminate Flooring Midnight Oak 12mm,Embrace Herringbone Laminate Flooring Midnight Oak 12mm | Factory Direct Flooring,Buy Embrace Herringbone Laminate Flooring Midnight Oak 12mm at Factory Direct Flooring. Herringbone Flooring available at competitive prices. Free UK delivery and expert advice. Order free samples today.,active
embrace-herringbone-laminate-flooring-century-oak-12mm,Embrace Herringbone Laminate Flooring Century Oak 12mm,"<h2>Embrace Herringbone Laminate Flooring Century Oak 12mm</h2><p>Make a truly bold interior statement with the <strong>Embrace Herringbone Laminate Flooring Century Oak 12mm</strong> from Factory Direct Flooring in a stunning <strong>Oak</strong> finish with a <strong>12mm</strong> profile. The herringbone pattern is one of the most timeless and elegant floor designs in existence — a distinctive interlocking arrangement that has adorned the floors of grand homes and prestigious buildings for centuries. Now available in a range of modern materials, herringbone flooring brings classic sophistication to contemporary homes.</p>
<h3>Key Highlights</h3><ul><li><strong>Iconic Herringbone Pattern</strong> — the 45° interlocking design adds instant elegance and visual depth</li><li><strong>Creates Visual Space</strong> — the diagonal arrangement draws the eye and enlarges the perceived room</li><li><strong>Multiple Materials</strong> — available in solid wood, engineered wood and luxury vinyl tile</li><li><strong>Unique Character</strong> — natural variation in grain or embossed finish makes every floor unique</li><li><strong>Suits All Rooms</strong> — from entrance halls and living rooms to kitchens and bedrooms</li><li><strong>Timeless Versatility</strong> — complements both period and contemporary interior design styles</li></ul>
<h3>Installation</h3><p>Herringbone installation requires careful planning — the centre line and 45° angle must be precisely calculated before laying begins. Professional installation is strongly recommended for herringbone patterns. Installation method depends on material type. Always acclimatise wood products for 48–72 hours before fitting.</p>
<h3>Care &amp; Maintenance</h3><p>Care depends on the material — wood herringbone requires a wood-specific cleaner on a damp mop; LVT herringbone can be mopped with warm water and a suitable cleaner. All herringbone floors benefit from door mats at entrances and felt pads under furniture to maintain the surface.</p>
<h3>Why Factory Direct Flooring?</h3><p>Our herringbone collection is one of the finest in the UK, featuring solid wood, engineered wood and luxury vinyl options. Our experts can help you plan your herringbone installation and calculate the exact quantity needed. Order free samples today.</p>",Factory Direct Flooring,,Herringbone Flooring,herringbone-flooring,TRUE,Title,Default Title,73984-2006,0,shopify,100,deny,manual,26.38,26.38,TRUE,TRUE,,,Embrace Herringbone Laminate Flooring Century Oak 12mm,Embrace Herringbone Laminate Flooring Century Oak 12mm | Factory Direct Flooring,Buy Embrace Herringbone Laminate Flooring Century Oak 12mm at Factory Direct Flooring. Herringbone Flooring available at competitive prices. Free UK delivery and expert advice. Order free samples today.,active
embrace-herringbone-laminate-flooring-walnut-12mm,Embrace Herringbone Laminate Flooring Walnut 12mm,"<h2>Embrace Herringbone Laminate Flooring Walnut 12mm</h2><p>Make a truly bold interior statement with the <strong>Embrace Herringbone Laminate Flooring Walnut 12mm</strong> from Factory Direct Flooring in a stunning <strong>Walnut</strong> finish with a <strong>12mm</strong> profile. The herringbone pattern is one of the most timeless and elegant floor designs in existence — a distinctive interlocking arrangement that has adorned the floors of grand homes and prestigious buildings for centuries. Now available in a range of modern materials, herringbone flooring brings classic sophistication to contemporary homes.</p>
<h3>Key Highlights</h3><ul><li><strong>Iconic Herringbone Pattern</strong> — the 45° interlocking design adds instant elegance and visual depth</li><li><strong>Creates Visual Space</strong> — the diagonal arrangement draws the eye and enlarges the perceived room</li><li><strong>Multiple Materials</strong> — available in solid wood, engineered wood and luxury vinyl tile</li><li><strong>Unique Character</strong> — natural variation in grain or embossed finish makes every floor unique</li><li><strong>Suits All Rooms</strong> — from entrance halls and living rooms to kitchens and bedrooms</li><li><strong>Timeless Versatility</strong> — complements both period and contemporary interior design styles</li></ul>
<h3>Installation</h3><p>Herringbone installation requires careful planning — the centre line and 45° angle must be precisely calculated before laying begins. Professional installation is strongly recommended for herringbone patterns. Installation method depends on material type. Always acclimatise wood products for 48–72 hours before fitting.</p>
<h3>Care &amp; Maintenance</h3><p>Care depends on the material — wood herringbone requires a wood-specific cleaner on a damp mop; LVT herringbone can be mopped with warm water and a suitable cleaner. All herringbone floors benefit from door mats at entrances and felt pads under furniture to maintain the surface.</p>
<h3>Why Factory Direct Flooring?</h3><p>Our herringbone collection is one of the finest in the UK, featuring solid wood, engineered wood and luxury vinyl options. Our experts can help you plan your herringbone installation and calculate the exact quantity needed. Order free samples today.</p>",Factory Direct Flooring,,Herringbone Flooring,herringbone-flooring,TRUE,Title,Default Title,73985-90758,0,shopify,100,deny,manual,26.38,26.38,TRUE,TRUE,,,Embrace Herringbone Laminate Flooring Walnut 12mm,Embrace Herringbone Laminate Flooring Walnut 12mm | Factory Direct Flooring,Buy Embrace Herringbone Laminate Flooring Walnut 12mm at Factory Direct Flooring. Herringbone Flooring available at competitive prices. Free UK delivery and expert advice. Order free samples today.,active
embrace-herringbone-royal-oak-12mm-laminate,Embrace Herringbone Royal Oak 12mm Laminate,"<h2>Embrace Herringbone Royal Oak 12mm Laminate</h2><p>Make a truly bold interior statement with the <strong>Embrace Herringbone Royal Oak 12mm Laminate</strong> from Factory Direct Flooring in a stunning <strong>Oak</strong> finish with a <strong>12mm</strong> profile. The herringbone pattern is one of the most timeless and elegant floor designs in existence — a distinctive interlocking arrangement that has adorned the floors of grand homes and prestigious buildings for centuries. Now available in a range of modern materials, herringbone flooring brings classic sophistication to contemporary homes.</p>
<h3>Key Highlights</h3><ul><li><strong>Iconic Herringbone Pattern</strong> — the 45° interlocking design adds instant elegance and visual depth</li><li><strong>Creates Visual Space</strong> — the diagonal arrangement draws the eye and enlarges the perceived room</li><li><strong>Multiple Materials</strong> — available in solid wood, engineered wood and luxury vinyl tile</li><li><strong>Unique Character</strong> — natural variation in grain or embossed finish makes every floor unique</li><li><strong>Suits All Rooms</strong> — from entrance halls and living rooms to kitchens and bedrooms</li><li><strong>Timeless Versatility</strong> — complements both period and contemporary interior design styles</li></ul>
<h3>Installation</h3><p>Herringbone installation requires careful planning — the centre line and 45° angle must be precisely calculated before laying begins. Professional installation is strongly recommended for herringbone patterns. Installation method depends on material type. Always acclimatise wood products for 48–72 hours before fitting.</p>
<h3>Care &amp; Maintenance</h3><p>Care depends on the material — wood herringbone requires a wood-specific cleaner on a damp mop; LVT herringbone can be mopped with warm water and a suitable cleaner. All herringbone floors benefit from door mats at entrances and felt pads under furniture to maintain the surface.</p>
<h3>Why Factory Direct Flooring?</h3><p>Our herringbone collection is one of the finest in the UK, featuring solid wood, engineered wood and luxury vinyl options. Our experts can help you plan your herringbone installation and calculate the exact quantity needed. Order free samples today.</p>",Factory Direct Flooring,,Herringbone Flooring,herringbone-flooring,TRUE,Title,Default Title,73986-2607,0,shopify,100,deny,manual,26.38,26.38,TRUE,TRUE,,,Embrace Herringbone Royal Oak 12mm Laminate,Embrace Herringbone Royal Oak 12mm Laminate | Factory Direct Flooring,Buy Embrace Herringbone Royal Oak 12mm Laminate at Factory Direct Flooring. Herringbone Flooring available at competitive prices. Free UK delivery and expert advice. Order free samples today.,active
embrace-herringbone-limed-oak-12mm-laminate,Embrace Herringbone Limed Oak 12mm Laminate,"<h2>Embrace Herringbone Limed Oak 12mm Laminate</h2><p>Make a truly bold interior statement with the <strong>Embrace Herringbone Limed Oak 12mm Laminate</strong> from Factory Direct Flooring in a stunning <strong>Oak</strong> finish with a <strong>12mm</strong> profile. The herringbone pattern is one of the most timeless and elegant floor designs in existence — a distinctive interlocking arrangement that has adorned the floors of grand homes and prestigious buildings for centuries. Now available in a range of modern materials, herringbone flooring brings classic sophistication to contemporary homes.</p>
<h3>Key Highlights</h3><ul><li><strong>Iconic Herringbone Pattern</strong> — the 45° interlocking design adds instant elegance and visual depth</li><li><strong>Creates Visual Space</strong> — the diagonal arrangement draws the eye and enlarges the perceived room</li><li><strong>Multiple Materials</strong> — available in solid wood, engineered wood and luxury vinyl tile</li><li><strong>Unique Character</strong> — natural variation in grain or embossed finish makes every floor unique</li><li><strong>Suits All Rooms</strong> — from entrance halls and living rooms to kitchens and bedrooms</li><li><strong>Timeless Versatility</strong> — complements both period and contemporary interior design styles</li></ul>
<h3>Installation</h3><p>Herringbone installation requires careful planning — the centre line and 45° angle must be precisely calculated before laying begins. Professional installation is strongly recommended for herringbone patterns. Installation method depends on material type. Always acclimatise wood products for 48–72 hours before fitting.</p>
<h3>Care &amp; Maintenance</h3><p>Care depends on the material — wood herringbone requires a wood-specific cleaner on a damp mop; LVT herringbone can be mopped with warm water and a suitable cleaner. All herringbone floors benefit from door mats at entrances and felt pads under furniture to maintain the surface.</p>
<h3>Why Factory Direct Flooring?</h3><p>Our herringbone collection is one of the finest in the UK, featuring solid wood, engineered wood and luxury vinyl options. Our experts can help you plan your herringbone installation and calculate the exact quantity needed. Order free samples today.</p>",Factory Direct Flooring,,Herringbone Flooring,herringbone-flooring,TRUE,Title,Default Title,73987-2609,0,shopify,100,deny,manual,26.38,26.38,TRUE,TRUE,,,Embrace Herringbone Limed Oak 12mm Laminate,Embrace Herringbone Limed Oak 12mm Laminate | Factory Direct Flooring,Buy Embrace Herringbone Limed Oak 12mm Laminate at Factory Direct Flooring. Herringbone Flooring available at competitive prices. Free UK delivery and expert advice. Order free samples today.,active
embrace-herringbone-laminate-flooring-washed-oak-12mm,Embrace Herringbone Laminate Flooring Washed Oak 12mm,"<h2>Embrace Herringbone Laminate Flooring Washed Oak 12mm</h2><p>Make a truly bold interior statement with the <strong>Embrace Herringbone Laminate Flooring Washed Oak 12mm</strong> from Factory Direct Flooring in a stunning <strong>Oak</strong> finish with a <strong>12mm</strong> profile. The herringbone pattern is one of the most timeless and elegant floor designs in existence — a distinctive interlocking arrangement that has adorned the floors of grand homes and prestigious buildings for centuries. Now available in a range of modern materials, herringbone flooring brings classic sophistication to contemporary homes.</p>
<h3>Key Highlights</h3><ul><li><strong>Iconic Herringbone Pattern</strong> — the 45° interlocking design adds instant elegance and visual depth</li><li><strong>Creates Visual Space</strong> — the diagonal arrangement draws the eye and enlarges the perceived room</li><li><strong>Multiple Materials</strong> — available in solid wood, engineered wood and luxury vinyl tile</li><li><strong>Unique Character</strong> — natural variation in grain or embossed finish makes every floor unique</li><li><strong>Suits All Rooms</strong> — from entrance halls and living rooms to kitchens and bedrooms</li><li><strong>Timeless Versatility</strong> — complements both period and contemporary interior design styles</li></ul>
<h3>Installation</h3><p>Herringbone installation requires careful planning — the centre line and 45° angle must be precisely calculated before laying begins. Professional installation is strongly recommended for herringbone patterns. Installation method depends on material type. Always acclimatise wood products for 48–72 hours before fitting.</p>
<h3>Care &amp; Maintenance</h3><p>Care depends on the material — wood herringbone requires a wood-specific cleaner on a damp mop; LVT herringbone can be mopped with warm water and a suitable cleaner. All herringbone floors benefit from door mats at entrances and felt pads under furniture to maintain the surface.</p>
<h3>Why Factory Direct Flooring?</h3><p>Our herringbone collection is one of the finest in the UK, featuring solid wood, engineered wood and luxury vinyl options. Our experts can help you plan your herringbone installation and calculate the exact quantity needed. Order free samples today.</p>",Factory Direct Flooring,,Herringbone Flooring,herringbone-flooring,TRUE,Title,Default Title,73989-1051,0,shopify,100,deny,manual,26.38,26.38,TRUE,TRUE,,,Embrace Herringbone Laminate Flooring Washed Oak 12mm,Embrace Herringbone Laminate Flooring Washed Oak 12mm | Factory Direct Flooring,Buy Embrace Herringbone Laminate Flooring Washed Oak 12mm at Factory Direct Flooring. Herringbone Flooring available at competitive prices. Free UK delivery and expert advice. Order free samples today.,active
embrace-herringbone-laminate-flooring-traditional-oak-12mm,Embrace Herringbone Laminate Flooring Traditional Oak 12mm,"<h2>Embrace Herringbone Laminate Flooring Traditional Oak 12mm</h2><p>Make a truly bold interior statement with the <strong>Embrace Herringbone Laminate Flooring Traditional Oak 12mm</strong> from Factory Direct Flooring in a stunning <strong>Oak</strong> finish with a <strong>12mm</strong> profile. The herringbone pattern is one of the most timeless and elegant floor designs in existence — a distinctive interlocking arrangement that has adorned the floors of grand homes and prestigious buildings for centuries. Now available in a range of modern materials, herringbone flooring brings classic sophistication to contemporary homes.</p>
<h3>Key Highlights</h3><ul><li><strong>Iconic Herringbone Pattern</strong> — the 45° interlocking design adds instant elegance and visual depth</li><li><strong>Creates Visual Space</strong> — the diagonal arrangement draws the eye and enlarges the perceived room</li><li><strong>Multiple Materials</strong> — available in solid wood, engineered wood and luxury vinyl tile</li><li><strong>Unique Character</strong> — natural variation in grain or embossed finish makes every floor unique</li><li><strong>Suits All Rooms</strong> — from entrance halls and living rooms to kitchens and bedrooms</li><li><strong>Timeless Versatility</strong> — complements both period and contemporary interior design styles</li></ul>
<h3>Installation</h3><p>Herringbone installation requires careful planning — the centre line and 45° angle must be precisely calculated before laying begins. Professional installation is strongly recommended for herringbone patterns. Installation method depends on material type. Always acclimatise wood products for 48–72 hours before fitting.</p>
<h3>Care &amp; Maintenance</h3><p>Care depends on the material — wood herringbone requires a wood-specific cleaner on a damp mop; LVT herringbone can be mopped with warm water and a suitable cleaner. All herringbone floors benefit from door mats at entrances and felt pads under furniture to maintain the surface.</p>
<h3>Why Factory Direct Flooring?</h3><p>Our herringbone collection is one of the finest in the UK, featuring solid wood, engineered wood and luxury vinyl options. Our experts can help you plan your herringbone installation and calculate the exact quantity needed. Order free samples today.</p>",Factory Direct Flooring,,Herringbone Flooring,herringbone-flooring,TRUE,Title,Default Title,73988-9234,0,shopify,100,deny,manual,26.38,26.38,TRUE,TRUE,,,Embrace Herringbone Laminate Flooring Traditional Oak 12mm,Embrace Herringbone Laminate Flooring Traditional Oak 12mm | Factory Direct Flooring,Buy Embrace Herringbone Laminate Flooring Traditional Oak 12mm at Factory Direct Flooring. Herringbone Flooring available at competitive prices. Free UK delivery and expert advice. Order free samples today.,active
embrace-herringbone-laminate-flooring-cappuccino-oak-12mm,Embrace Herringbone Laminate Flooring Cappuccino Oak 12mm,"<h2>Embrace Herringbone Laminate Flooring Cappuccino Oak 12mm</h2><p>Make a truly bold interior statement with the <strong>Embrace Herringbone Laminate Flooring Cappuccino Oak 12mm</strong> from Factory Direct Flooring in a stunning <strong>Oak</strong> finish with a <strong>12mm</strong> profile. The herringbone pattern is one of the most timeless and elegant floor designs in existence — a distinctive interlocking arrangement that has adorned the floors of grand homes and prestigious buildings for centuries. Now available in a range of modern materials, herringbone flooring brings classic sophistication to contemporary homes.</p>
<h3>Key Highlights</h3><ul><li><strong>Iconic Herringbone Pattern</strong> — the 45° interlocking design adds instant elegance and visual depth</li><li><strong>Creates Visual Space</strong> — the diagonal arrangement draws the eye and enlarges the perceived room</li><li><strong>Multiple Materials</strong> — available in solid wood, engineered wood and luxury vinyl tile</li><li><strong>Unique Character</strong> — natural variation in grain or embossed finish makes every floor unique</li><li><strong>Suits All Rooms</strong> — from entrance halls and living rooms to kitchens and bedrooms</li><li><strong>Timeless Versatility</strong> — complements both period and contemporary interior design styles</li></ul>
<h3>Installation</h3><p>Herringbone installation requires careful planning — the centre line and 45° angle must be precisely calculated before laying begins. Professional installation is strongly recommended for herringbone patterns. Installation method depends on material type. Always acclimatise wood products for 48–72 hours before fitting.</p>
<h3>Care &amp; Maintenance</h3><p>Care depends on the material — wood herringbone requires a wood-specific cleaner on a damp mop; LVT herringbone can be mopped with warm water and a suitable cleaner. All herringbone floors benefit from door mats at entrances and felt pads under furniture to maintain the surface.</p>
<h3>Why Factory Direct Flooring?</h3><p>Our herringbone collection is one of the finest in the UK, featuring solid wood, engineered wood and luxury vinyl options. Our experts can help you plan your herringbone installation and calculate the exact quantity needed. Order free samples today.</p>",Factory Direct Flooring,,Herringbone Flooring,herringbone-flooring,TRUE,Title,Default Title,73990-2610,0,shopify,100,deny,manual,26.38,26.38,TRUE,TRUE,,,Embrace Herringbone Laminate Flooring Cappuccino Oak 12mm,Embrace Herringbone Laminate Flooring Cappuccino Oak 12mm | Factory Direct Flooring,Buy Embrace Herringbone Laminate Flooring Cappuccino Oak 12mm at Factory Direct Flooring. Herringbone Flooring available at competitive prices. Free UK delivery and expert advice. Order free samples today.,active
aqua-plank-ravine-grey-herringbone-click-vinyl-flooring,Aqua Plank Ravine Grey Herringbone Click Vinyl Flooring,"<h2>Aqua Plank Ravine Grey Herringbone Click Vinyl Flooring</h2><p>Make a truly bold interior statement with the <strong>Aqua Plank Ravine Grey Herringbone Click Vinyl Flooring</strong> from Factory Direct Flooring in a stunning <strong>Grey</strong> finish. The herringbone pattern is one of the most timeless and elegant floor designs in existence — a distinctive interlocking arrangement that has adorned the floors of grand homes and prestigious buildings for centuries. Now available in a range of modern materials, herringbone flooring brings classic sophistication to contemporary homes.</p>
<h3>Key Highlights</h3><ul><li><strong>Iconic Herringbone Pattern</strong> — the 45° interlocking design adds instant elegance and visual depth</li><li><strong>Creates Visual Space</strong> — the diagonal arrangement draws the eye and enlarges the perceived room</li><li><strong>Multiple Materials</strong> — available in solid wood, engineered wood and luxury vinyl tile</li><li><strong>Unique Character</strong> — natural variation in grain or embossed finish makes every floor unique</li><li><strong>Suits All Rooms</strong> — from entrance halls and living rooms to kitchens and bedrooms</li><li><strong>Timeless Versatility</strong> — complements both period and contemporary interior design styles</li></ul>
<h3>Installation</h3><p>Herringbone installation requires careful planning — the centre line and 45° angle must be precisely calculated before laying begins. Professional installation is strongly recommended for herringbone patterns. Installation method depends on material type. Always acclimatise wood products for 48–72 hours before fitting.</p>
<h3>Care &amp; Maintenance</h3><p>Care depends on the material — wood herringbone requires a wood-specific cleaner on a damp mop; LVT herringbone can be mopped with warm water and a suitable cleaner. All herringbone floors benefit from door mats at entrances and felt pads under furniture to maintain the surface.</p>
<h3>Why Factory Direct Flooring?</h3><p>Our herringbone collection is one of the finest in the UK, featuring solid wood, engineered wood and luxury vinyl options. Our experts can help you plan your herringbone installation and calculate the exact quantity needed. Order free samples today.</p>",Factory Direct Flooring,,Herringbone Flooring,herringbone-flooring,TRUE,Title,Default Title,AP74003H,0,shopify,100,deny,manual,29.98,29.98,TRUE,TRUE,,,Aqua Plank Ravine Grey Herringbone Click Vinyl Flooring,Aqua Plank Ravine Grey Herringbone Click Vinyl Flooring | Factory Direct Flooring,Buy Aqua Plank Ravine Grey Herringbone Click Vinyl Flooring at Factory Direct Flooring. Herringbone Flooring available at competitive prices. Free UK delivery and expert advice. Order free samples today.,active
aqua-plank-ingot-grey-herringbone-click-vinyl-flooring,Aqua Plank Ingot Grey Herringbone Click Vinyl Flooring,"<h2>Aqua Plank Ingot Grey Herringbone Click Vinyl Flooring</h2><p>Make a truly bold interior statement with the <strong>Aqua Plank Ingot Grey Herringbone Click Vinyl Flooring</strong> from Factory Direct Flooring in a stunning <strong>Grey</strong> finish. The herringbone pattern is one of the most timeless and elegant floor designs in existence — a distinctive interlocking arrangement that has adorned the floors of grand homes and prestigious buildings for centuries. Now available in a range of modern materials, herringbone flooring brings classic sophistication to contemporary homes.</p>
<h3>Key Highlights</h3><ul><li><strong>Iconic Herringbone Pattern</strong> — the 45° interlocking design adds instant elegance and visual depth</li><li><strong>Creates Visual Space</strong> — the diagonal arrangement draws the eye and enlarges the perceived room</li><li><strong>Multiple Materials</strong> — available in solid wood, engineered wood and luxury vinyl tile</li><li><strong>Unique Character</strong> — natural variation in grain or embossed finish makes every floor unique</li><li><strong>Suits All Rooms</strong> — from entrance halls and living rooms to kitchens and bedrooms</li><li><strong>Timeless Versatility</strong> — complements both period and contemporary interior design styles</li></ul>
<h3>Installation</h3><p>Herringbone installation requires careful planning — the centre line and 45° angle must be precisely calculated before laying begins. Professional installation is strongly recommended for herringbone patterns. Installation method depends on material type. Always acclimatise wood products for 48–72 hours before fitting.</p>
<h3>Care &amp; Maintenance</h3><p>Care depends on the material — wood herringbone requires a wood-specific cleaner on a damp mop; LVT herringbone can be mopped with warm water and a suitable cleaner. All herringbone floors benefit from door mats at entrances and felt pads under furniture to maintain the surface.</p>
<h3>Why Factory Direct Flooring?</h3><p>Our herringbone collection is one of the finest in the UK, featuring solid wood, engineered wood and luxury vinyl options. Our experts can help you plan your herringbone installation and calculate the exact quantity needed. Order free samples today.</p>",Factory Direct Flooring,,Herringbone Flooring,herringbone-flooring,TRUE,Title,Default Title,AP74004H,0,shopify,100,deny,manual,29.98,29.98,TRUE,TRUE,,,Aqua Plank Ingot Grey Herringbone Click Vinyl Flooring,Aqua Plank Ingot Grey Herringbone Click Vinyl Flooring | Factory Direct Flooring,Buy Aqua Plank Ingot Grey Herringbone Click Vinyl Flooring at Factory Direct Flooring. Herringbone Flooring available at competitive prices. Free UK delivery and expert advice. Order free samples today.,active
aqua-plank-live-oak-herringbone-click-vinyl-flooring,Aqua Plank Live Oak Herringbone Click Vinyl Flooring,"<h2>Aqua Plank Live Oak Herringbone Click Vinyl Flooring</h2><p>Make a truly bold interior statement with the <strong>Aqua Plank Live Oak Herringbone Click Vinyl Flooring</strong> from Factory Direct Flooring in a stunning <strong>Oak</strong> finish. The herringbone pattern is one of the most timeless and elegant floor designs in existence — a distinctive interlocking arrangement that has adorned the floors of grand homes and prestigious buildings for centuries. Now available in a range of modern materials, herringbone flooring brings classic sophistication to contemporary homes.</p>
<h3>Key Highlights</h3><ul><li><strong>Iconic Herringbone Pattern</strong> — the 45° interlocking design adds instant elegance and visual depth</li><li><strong>Creates Visual Space</strong> — the diagonal arrangement draws the eye and enlarges the perceived room</li><li><strong>Multiple Materials</strong> — available in solid wood, engineered wood and luxury vinyl tile</li><li><strong>Unique Character</strong> — natural variation in grain or embossed finish makes every floor unique</li><li><strong>Suits All Rooms</strong> — from entrance halls and living rooms to kitchens and bedrooms</li><li><strong>Timeless Versatility</strong> — complements both period and contemporary interior design styles</li></ul>
<h3>Installation</h3><p>Herringbone installation requires careful planning — the centre line and 45° angle must be precisely calculated before laying begins. Professional installation is strongly recommended for herringbone patterns. Installation method depends on material type. Always acclimatise wood products for 48–72 hours before fitting.</p>
<h3>Care &amp; Maintenance</h3><p>Care depends on the material — wood herringbone requires a wood-specific cleaner on a damp mop; LVT herringbone can be mopped with warm water and a suitable cleaner. All herringbone floors benefit from door mats at entrances and felt pads under furniture to maintain the surface.</p>
<h3>Why Factory Direct Flooring?</h3><p>Our herringbone collection is one of the finest in the UK, featuring solid wood, engineered wood and luxury vinyl options. Our experts can help you plan your herringbone installation and calculate the exact quantity needed. Order free samples today.</p>",Factory Direct Flooring,,Herringbone Flooring,herringbone-flooring,TRUE,Title,Default Title,AP74005H,0,shopify,100,deny,manual,29.98,29.98,TRUE,TRUE,,,Aqua Plank Live Oak Herringbone Click Vinyl Flooring,Aqua Plank Live Oak Herringbone Click Vinyl Flooring | Factory Direct Flooring,Buy Aqua Plank Live Oak Herringbone Click Vinyl Flooring at Factory Direct Flooring. Herringbone Flooring available at competitive prices. Free UK delivery and expert advice. Order free samples today.,active
aqua-plank-shingle-oak-herringbone-click-vinyl-flooring,Aqua Plank Shingle Oak Herringbone Click Vinyl Flooring,"<h2>Aqua Plank Shingle Oak Herringbone Click Vinyl Flooring</h2><p>Make a truly bold interior statement with the <strong>Aqua Plank Shingle Oak Herringbone Click Vinyl Flooring</strong> from Factory Direct Flooring in a stunning <strong>Oak</strong> finish. The herringbone pattern is one of the most timeless and elegant floor designs in existence — a distinctive interlocking arrangement that has adorned the floors of grand homes and prestigious buildings for centuries. Now available in a range of modern materials, herringbone flooring brings classic sophistication to contemporary homes.</p>
<h3>Key Highlights</h3><ul><li><strong>Iconic Herringbone Pattern</strong> — the 45° interlocking design adds instant elegance and visual depth</li><li><strong>Creates Visual Space</strong> — the diagonal arrangement draws the eye and enlarges the perceived room</li><li><strong>Multiple Materials</strong> — available in solid wood, engineered wood and luxury vinyl tile</li><li><strong>Unique Character</strong> — natural variation in grain or embossed finish makes every floor unique</li><li><strong>Suits All Rooms</strong> — from entrance halls and living rooms to kitchens and bedrooms</li><li><strong>Timeless Versatility</strong> — complements both period and contemporary interior design styles</li></ul>
<h3>Installation</h3><p>Herringbone installation requires careful planning — the centre line and 45° angle must be precisely calculated before laying begins. Professional installation is strongly recommended for herringbone patterns. Installation method depends on material type. Always acclimatise wood products for 48–72 hours before fitting.</p>
<h3>Care &amp; Maintenance</h3><p>Care depends on the material — wood herringbone requires a wood-specific cleaner on a damp mop; LVT herringbone can be mopped with warm water and a suitable cleaner. All herringbone floors benefit from door mats at entrances and felt pads under furniture to maintain the surface.</p>
<h3>Why Factory Direct Flooring?</h3><p>Our herringbone collection is one of the finest in the UK, featuring solid wood, engineered wood and luxury vinyl options. Our experts can help you plan your herringbone installation and calculate the exact quantity needed. Order free samples today.</p>",Factory Direct Flooring,,Herringbone Flooring,herringbone-flooring,TRUE,Title,Default Title,AP74006H,0,shopify,100,deny,manual,29.98,29.98,TRUE,TRUE,,,Aqua Plank Shingle Oak Herringbone Click Vinyl Flooring,Aqua Plank Shingle Oak Herringbone Click Vinyl Flooring | Factory Direct Flooring,Buy Aqua Plank Shingle Oak Herringbone Click Vinyl Flooring at Factory Direct Flooring. Herringbone Flooring available at competitive prices. Free UK delivery and expert advice. Order free samples today.,active
ecostep-vinyl-flooring-parquet-alaska-581,Ecostep Vinyl Flooring Parquet Alaska 581,"<h2>Ecostep Vinyl Flooring Parquet Alaska 581</h2><p>Make a truly bold interior statement with the <strong>Ecostep Vinyl Flooring Parquet Alaska 581</strong> from Factory Direct Flooring. The herringbone pattern is one of the most timeless and elegant floor designs in existence — a distinctive interlocking arrangement that has adorned the floors of grand homes and prestigious buildings for centuries. Now available in a range of modern materials, herringbone flooring brings classic sophistication to contemporary homes.</p>
<h3>Key Highlights</h3><ul><li><strong>Iconic Herringbone Pattern</strong> — the 45° interlocking design adds instant elegance and visual depth</li><li><strong>Creates Visual Space</strong> — the diagonal arrangement draws the eye and enlarges the perceived room</li><li><strong>Multiple Materials</strong> — available in solid wood, engineered wood and luxury vinyl tile</li><li><strong>Unique Character</strong> — natural variation in grain or embossed finish makes every floor unique</li><li><strong>Suits All Rooms</strong> — from entrance halls and living rooms to kitchens and bedrooms</li><li><strong>Timeless Versatility</strong> — complements both period and contemporary interior design styles</li></ul>
<h3>Installation</h3><p>Herringbone installation requires careful planning — the centre line and 45° angle must be precisely calculated before laying begins. Professional installation is strongly recommended for herringbone patterns. Installation method depends on material type. Always acclimatise wood products for 48–72 hours before fitting.</p>
<h3>Care &amp; Maintenance</h3><p>Care depends on the material — wood herringbone requires a wood-specific cleaner on a damp mop; LVT herringbone can be mopped with warm water and a suitable cleaner. All herringbone floors benefit from door mats at entrances and felt pads under furniture to maintain the surface.</p>
<h3>Why Factory Direct Flooring?</h3><p>Our herringbone collection is one of the finest in the UK, featuring solid wood, engineered wood and luxury vinyl options. Our experts can help you plan your herringbone installation and calculate the exact quantity needed. Order free samples today.</p>",Factory Direct Flooring,,Herringbone Flooring,herringbone-flooring,TRUE,Title,Default Title,74030ST,0,shopify,100,deny,manual,11.51,11.51,TRUE,TRUE,,,Ecostep Vinyl Flooring Parquet Alaska 581,Ecostep Vinyl Flooring Parquet Alaska 581 | Factory Direct Flooring,Buy Ecostep Vinyl Flooring Parquet Alaska 581 at Factory Direct Flooring. Herringbone Flooring available at competitive prices. Free UK delivery and expert advice. Order free samples today.,active
ecostep-vinyl-flooring-parquet-natural-533,Ecostep Vinyl Flooring Parquet Natural 533,"<h2>Ecostep Vinyl Flooring Parquet Natural 533</h2><p>Make a truly bold interior statement with the <strong>Ecostep Vinyl Flooring Parquet Natural 533</strong> from Factory Direct Flooring in a stunning <strong>Natural</strong> finish. The herringbone pattern is one of the most timeless and elegant floor designs in existence — a distinctive interlocking arrangement that has adorned the floors of grand homes and prestigious buildings for centuries. Now available in a range of modern materials, herringbone flooring brings classic sophistication to contemporary homes.</p>
<h3>Key Highlights</h3><ul><li><strong>Iconic Herringbone Pattern</strong> — the 45° interlocking design adds instant elegance and visual depth</li><li><strong>Creates Visual Space</strong> — the diagonal arrangement draws the eye and enlarges the perceived room</li><li><strong>Multiple Materials</strong> — available in solid wood, engineered wood and luxury vinyl tile</li><li><strong>Unique Character</strong> — natural variation in grain or embossed finish makes every floor unique</li><li><strong>Suits All Rooms</strong> — from entrance halls and living rooms to kitchens and bedrooms</li><li><strong>Timeless Versatility</strong> — complements both period and contemporary interior design styles</li></ul>
<h3>Installation</h3><p>Herringbone installation requires careful planning — the centre line and 45° angle must be precisely calculated before laying begins. Professional installation is strongly recommended for herringbone patterns. Installation method depends on material type. Always acclimatise wood products for 48–72 hours before fitting.</p>
<h3>Care &amp; Maintenance</h3><p>Care depends on the material — wood herringbone requires a wood-specific cleaner on a damp mop; LVT herringbone can be mopped with warm water and a suitable cleaner. All herringbone floors benefit from door mats at entrances and felt pads under furniture to maintain the surface.</p>
<h3>Why Factory Direct Flooring?</h3><p>Our herringbone collection is one of the finest in the UK, featuring solid wood, engineered wood and luxury vinyl options. Our experts can help you plan your herringbone installation and calculate the exact quantity needed. Order free samples today.</p>",Factory Direct Flooring,,Herringbone Flooring,herringbone-flooring,TRUE,Title,Default Title,74017ST,0,shopify,100,deny,manual,11.99,11.99,TRUE,TRUE,,,Ecostep Vinyl Flooring Parquet Natural 533,Ecostep Vinyl Flooring Parquet Natural 533 | Factory Direct Flooring,Buy Ecostep Vinyl Flooring Parquet Natural 533 at Factory Direct Flooring. Herringbone Flooring available at competitive prices. Free UK delivery and expert advice. Order free samples today.,active
ultrafelt-vinyl-flooring-fallow-oak-236m-parquet,Ultrafelt Vinyl Flooring Fallow Oak 236M Parquet,"<h2>Ultrafelt Vinyl Flooring Fallow Oak 236M Parquet</h2><p>Make a truly bold interior statement with the <strong>Ultrafelt Vinyl Flooring Fallow Oak 236M Parquet</strong> from Factory Direct Flooring in a stunning <strong>Oak</strong> finish. The herringbone pattern is one of the most timeless and elegant floor designs in existence — a distinctive interlocking arrangement that has adorned the floors of grand homes and prestigious buildings for centuries. Now available in a range of modern materials, herringbone flooring brings classic sophistication to contemporary homes.</p>
<h3>Key Highlights</h3><ul><li><strong>Iconic Herringbone Pattern</strong> — the 45° interlocking design adds instant elegance and visual depth</li><li><strong>Creates Visual Space</strong> — the diagonal arrangement draws the eye and enlarges the perceived room</li><li><strong>Multiple Materials</strong> — available in solid wood, engineered wood and luxury vinyl tile</li><li><strong>Unique Character</strong> — natural variation in grain or embossed finish makes every floor unique</li><li><strong>Suits All Rooms</strong> — from entrance halls and living rooms to kitchens and bedrooms</li><li><strong>Timeless Versatility</strong> — complements both period and contemporary interior design styles</li></ul>
<h3>Installation</h3><p>Herringbone installation requires careful planning — the centre line and 45° angle must be precisely calculated before laying begins. Professional installation is strongly recommended for herringbone patterns. Installation method depends on material type. Always acclimatise wood products for 48–72 hours before fitting.</p>
<h3>Care &amp; Maintenance</h3><p>Care depends on the material — wood herringbone requires a wood-specific cleaner on a damp mop; LVT herringbone can be mopped with warm water and a suitable cleaner. All herringbone floors benefit from door mats at entrances and felt pads under furniture to maintain the surface.</p>
<h3>Why Factory Direct Flooring?</h3><p>Our herringbone collection is one of the finest in the UK, featuring solid wood, engineered wood and luxury vinyl options. Our experts can help you plan your herringbone installation and calculate the exact quantity needed. Order free samples today.</p>",Factory Direct Flooring,,Herringbone Flooring,herringbone-flooring,TRUE,Title,Default Title,74124ST,0,shopify,100,deny,manual,17.87,17.87,TRUE,TRUE,,,Ultrafelt Vinyl Flooring Fallow Oak 236M Parquet,Ultrafelt Vinyl Flooring Fallow Oak 236M Parquet | Factory Direct Flooring,Buy Ultrafelt Vinyl Flooring Fallow Oak 236M Parquet at Factory Direct Flooring. Herringbone Flooring available at competitive prices. Free UK delivery and expert advice. Order free samples today.,active
embrace-herringbone-laminate-flooring-smoked-oak-14mm-built-in-underlay,Embrace Herringbone Laminate Flooring Smoked Oak 14mm Built-in Underlay,"<h2>Embrace Herringbone Laminate Flooring Smoked Oak 14mm Built-in Underlay</h2><p>Make a truly bold interior statement with the <strong>Embrace Herringbone Laminate Flooring Smoked Oak 14mm Built-in Underlay</strong> from Factory Direct Flooring in a stunning <strong>Oak</strong> finish with a <strong>14mm</strong> profile. The herringbone pattern is one of the most timeless and elegant floor designs in existence — a distinctive interlocking arrangement that has adorned the floors of grand homes and prestigious buildings for centuries. Now available in a range of modern materials, herringbone flooring brings classic sophistication to contemporary homes.</p>
<h3>Key Highlights</h3><ul><li><strong>Iconic Herringbone Pattern</strong> — the 45° interlocking design adds instant elegance and visual depth</li><li><strong>Creates Visual Space</strong> — the diagonal arrangement draws the eye and enlarges the perceived room</li><li><strong>Multiple Materials</strong> — available in solid wood, engineered wood and luxury vinyl tile</li><li><strong>Unique Character</strong> — natural variation in grain or embossed finish makes every floor unique</li><li><strong>Suits All Rooms</strong> — from entrance halls and living rooms to kitchens and bedrooms</li><li><strong>Timeless Versatility</strong> — complements both period and contemporary interior design styles</li></ul>
<h3>Installation</h3><p>Herringbone installation requires careful planning — the centre line and 45° angle must be precisely calculated before laying begins. Professional installation is strongly recommended for herringbone patterns. Installation method depends on material type. Always acclimatise wood products for 48–72 hours before fitting.</p>
<h3>Care &amp; Maintenance</h3><p>Care depends on the material — wood herringbone requires a wood-specific cleaner on a damp mop; LVT herringbone can be mopped with warm water and a suitable cleaner. All herringbone floors benefit from door mats at entrances and felt pads under furniture to maintain the surface.</p>
<h3>Why Factory Direct Flooring?</h3><p>Our herringbone collection is one of the finest in the UK, featuring solid wood, engineered wood and luxury vinyl options. Our experts can help you plan your herringbone installation and calculate the exact quantity needed. Order free samples today.</p>",Factory Direct Flooring,,Herringbone Flooring,herringbone-flooring,TRUE,Title,Default Title,74145H,0,shopify,100,deny,manual,29.99,29.99,TRUE,TRUE,,,Embrace Herringbone Laminate Flooring Smoked Oak 14mm Built-in Underlay,Embrace Herringbone Laminate Flooring Smoked Oak 14mm Built-in Underlay | Factory Direct Flooring,Buy Embrace Herringbone Laminate Flooring Smoked Oak 14mm Built-in Underlay at Factory Direct Flooring. Herringbone Flooring available at competitive prices. Free UK delivery and expert advice. Order free samples today.,active
embrace-herringbone-laminate-flooring-arctic-beige-14mm-built-in-underlay,Embrace Herringbone Laminate Flooring Arctic Beige 14mm Built-in Underlay,"<h2>Embrace Herringbone Laminate Flooring Arctic Beige 14mm Built-in Underlay</h2><p>Make a truly bold interior statement with the <strong>Embrace Herringbone Laminate Flooring Arctic Beige 14mm Built-in Underlay</strong> from Factory Direct Flooring in a stunning <strong>Beige</strong> finish with a <strong>14mm</strong> profile. The herringbone pattern is one of the most timeless and elegant floor designs in existence — a distinctive interlocking arrangement that has adorned the floors of grand homes and prestigious buildings for centuries. Now available in a range of modern materials, herringbone flooring brings classic sophistication to contemporary homes.</p>
<h3>Key Highlights</h3><ul><li><strong>Iconic Herringbone Pattern</strong> — the 45° interlocking design adds instant elegance and visual depth</li><li><strong>Creates Visual Space</strong> — the diagonal arrangement draws the eye and enlarges the perceived room</li><li><strong>Multiple Materials</strong> — available in solid wood, engineered wood and luxury vinyl tile</li><li><strong>Unique Character</strong> — natural variation in grain or embossed finish makes every floor unique</li><li><strong>Suits All Rooms</strong> — from entrance halls and living rooms to kitchens and bedrooms</li><li><strong>Timeless Versatility</strong> — complements both period and contemporary interior design styles</li></ul>
<h3>Installation</h3><p>Herringbone installation requires careful planning — the centre line and 45° angle must be precisely calculated before laying begins. Professional installation is strongly recommended for herringbone patterns. Installation method depends on material type. Always acclimatise wood products for 48–72 hours before fitting.</p>
<h3>Care &amp; Maintenance</h3><p>Care depends on the material — wood herringbone requires a wood-specific cleaner on a damp mop; LVT herringbone can be mopped with warm water and a suitable cleaner. All herringbone floors benefit from door mats at entrances and felt pads under furniture to maintain the surface.</p>
<h3>Why Factory Direct Flooring?</h3><p>Our herringbone collection is one of the finest in the UK, featuring solid wood, engineered wood and luxury vinyl options. Our experts can help you plan your herringbone installation and calculate the exact quantity needed. Order free samples today.</p>",Factory Direct Flooring,,Herringbone Flooring,herringbone-flooring,TRUE,Title,Default Title,74146H,0,shopify,100,deny,manual,29.99,29.99,TRUE,TRUE,,,Embrace Herringbone Laminate Flooring Arctic Beige 14mm Built-in Underlay,Embrace Herringbone Laminate Flooring Arctic Beige 14mm Built-in Underlay | Factory Direct Flooring,Buy Embrace Herringbone Laminate Flooring Arctic Beige 14mm Built-in Underlay at Factory Direct Flooring. Herringbone Flooring available at competitive prices. Free UK delivery and expert advice. Order free samples today.,active
embrace-herringbone-polar-oak-14mm-laminate-flooring-built-in-underlay,Embrace Herringbone Polar Oak 14mm Laminate Flooring Built-in Underlay,"<h2>Embrace Herringbone Polar Oak 14mm Laminate Flooring Built-in Underlay</h2><p>Make a truly bold interior statement with the <strong>Embrace Herringbone Polar Oak 14mm Laminate Flooring Built-in Underlay</strong> from Factory Direct Flooring in a stunning <strong>Oak</strong> finish with a <strong>14mm</strong> profile. The herringbone pattern is one of the most timeless and elegant floor designs in existence — a distinctive interlocking arrangement that has adorned the floors of grand homes and prestigious buildings for centuries. Now available in a range of modern materials, herringbone flooring brings classic sophistication to contemporary homes.</p>
<h3>Key Highlights</h3><ul><li><strong>Iconic Herringbone Pattern</strong> — the 45° interlocking design adds instant elegance and visual depth</li><li><strong>Creates Visual Space</strong> — the diagonal arrangement draws the eye and enlarges the perceived room</li><li><strong>Multiple Materials</strong> — available in solid wood, engineered wood and luxury vinyl tile</li><li><strong>Unique Character</strong> — natural variation in grain or embossed finish makes every floor unique</li><li><strong>Suits All Rooms</strong> — from entrance halls and living rooms to kitchens and bedrooms</li><li><strong>Timeless Versatility</strong> — complements both period and contemporary interior design styles</li></ul>
<h3>Installation</h3><p>Herringbone installation requires careful planning — the centre line and 45° angle must be precisely calculated before laying begins. Professional installation is strongly recommended for herringbone patterns. Installation method depends on material type. Always acclimatise wood products for 48–72 hours before fitting.</p>
<h3>Care &amp; Maintenance</h3><p>Care depends on the material — wood herringbone requires a wood-specific cleaner on a damp mop; LVT herringbone can be mopped with warm water and a suitable cleaner. All herringbone floors benefit from door mats at entrances and felt pads under furniture to maintain the surface.</p>
<h3>Why Factory Direct Flooring?</h3><p>Our herringbone collection is one of the finest in the UK, featuring solid wood, engineered wood and luxury vinyl options. Our experts can help you plan your herringbone installation and calculate the exact quantity needed. Order free samples today.</p>",Factory Direct Flooring,,Herringbone Flooring,herringbone-flooring,TRUE,Title,Default Title,74147H,0,shopify,100,deny,manual,29.99,29.99,TRUE,TRUE,,,Embrace Herringbone Polar Oak 14mm Laminate Flooring Built-in Underlay,Embrace Herringbone Polar Oak 14mm Laminate Flooring Built-in Underlay | Factory Direct Flooring,Buy Embrace Herringbone Polar Oak 14mm Laminate Flooring Built-in Underlay at Factory Direct Flooring. Herringbone Flooring available at competitive prices. Free UK delivery and expert advice. Order free samples today.,active
embrace-herringbone-laminate-flooring-crystal-oak-14mm-built-in-underlay,Embrace Herringbone Laminate Flooring Crystal Oak 14mm Built-in Underlay,"<h2>Embrace Herringbone Laminate Flooring Crystal Oak 14mm Built-in Underlay</h2><p>Make a truly bold interior statement with the <strong>Embrace Herringbone Laminate Flooring Crystal Oak 14mm Built-in Underlay</strong> from Factory Direct Flooring in a stunning <strong>Oak</strong> finish with a <strong>14mm</strong> profile. The herringbone pattern is one of the most timeless and elegant floor designs in existence — a distinctive interlocking arrangement that has adorned the floors of grand homes and prestigious buildings for centuries. Now available in a range of modern materials, herringbone flooring brings classic sophistication to contemporary homes.</p>
<h3>Key Highlights</h3><ul><li><strong>Iconic Herringbone Pattern</strong> — the 45° interlocking design adds instant elegance and visual depth</li><li><strong>Creates Visual Space</strong> — the diagonal arrangement draws the eye and enlarges the perceived room</li><li><strong>Multiple Materials</strong> — available in solid wood, engineered wood and luxury vinyl tile</li><li><strong>Unique Character</strong> — natural variation in grain or embossed finish makes every floor unique</li><li><strong>Suits All Rooms</strong> — from entrance halls and living rooms to kitchens and bedrooms</li><li><strong>Timeless Versatility</strong> — complements both period and contemporary interior design styles</li></ul>
<h3>Installation</h3><p>Herringbone installation requires careful planning — the centre line and 45° angle must be precisely calculated before laying begins. Professional installation is strongly recommended for herringbone patterns. Installation method depends on material type. Always acclimatise wood products for 48–72 hours before fitting.</p>
<h3>Care &amp; Maintenance</h3><p>Care depends on the material — wood herringbone requires a wood-specific cleaner on a damp mop; LVT herringbone can be mopped with warm water and a suitable cleaner. All herringbone floors benefit from door mats at entrances and felt pads under furniture to maintain the surface.</p>
<h3>Why Factory Direct Flooring?</h3><p>Our herringbone collection is one of the finest in the UK, featuring solid wood, engineered wood and luxury vinyl options. Our experts can help you plan your herringbone installation and calculate the exact quantity needed. Order free samples today.</p>",Factory Direct Flooring,,Herringbone Flooring,herringbone-flooring,TRUE,Title,Default Title,74148H,0,shopify,100,deny,manual,29.99,29.99,TRUE,TRUE,,,Embrace Herringbone Laminate Flooring Crystal Oak 14mm Built-in Underlay,Embrace Herringbone Laminate Flooring Crystal Oak 14mm Built-in Underlay | Factory Direct Flooring,Buy Embrace Herringbone Laminate Flooring Crystal Oak 14mm Built-in Underlay at Factory Direct Flooring. Herringbone Flooring available at competitive prices. Free UK delivery and expert advice. Order free samples today.,active
embrace-herringbone-laminate-flooring-farmhouse-oak-14mm-built-in-underlay,Embrace Herringbone Laminate Flooring Farmhouse Oak 14mm Built-in Underlay,"<h2>Embrace Herringbone Laminate Flooring Farmhouse Oak 14mm Built-in Underlay</h2><p>Make a truly bold interior statement with the <strong>Embrace Herringbone Laminate Flooring Farmhouse Oak 14mm Built-in Underlay</strong> from Factory Direct Flooring in a stunning <strong>Oak</strong> finish with a <strong>14mm</strong> profile. The herringbone pattern is one of the most timeless and elegant floor designs in existence — a distinctive interlocking arrangement that has adorned the floors of grand homes and prestigious buildings for centuries. Now available in a range of modern materials, herringbone flooring brings classic sophistication to contemporary homes.</p>
<h3>Key Highlights</h3><ul><li><strong>Iconic Herringbone Pattern</strong> — the 45° interlocking design adds instant elegance and visual depth</li><li><strong>Creates Visual Space</strong> — the diagonal arrangement draws the eye and enlarges the perceived room</li><li><strong>Multiple Materials</strong> — available in solid wood, engineered wood and luxury vinyl tile</li><li><strong>Unique Character</strong> — natural variation in grain or embossed finish makes every floor unique</li><li><strong>Suits All Rooms</strong> — from entrance halls and living rooms to kitchens and bedrooms</li><li><strong>Timeless Versatility</strong> — complements both period and contemporary interior design styles</li></ul>
<h3>Installation</h3><p>Herringbone installation requires careful planning — the centre line and 45° angle must be precisely calculated before laying begins. Professional installation is strongly recommended for herringbone patterns. Installation method depends on material type. Always acclimatise wood products for 48–72 hours before fitting.</p>
<h3>Care &amp; Maintenance</h3><p>Care depends on the material — wood herringbone requires a wood-specific cleaner on a damp mop; LVT herringbone can be mopped with warm water and a suitable cleaner. All herringbone floors benefit from door mats at entrances and felt pads under furniture to maintain the surface.</p>
<h3>Why Factory Direct Flooring?</h3><p>Our herringbone collection is one of the finest in the UK, featuring solid wood, engineered wood and luxury vinyl options. Our experts can help you plan your herringbone installation and calculate the exact quantity needed. Order free samples today.</p>",Factory Direct Flooring,,Herringbone Flooring,herringbone-flooring,TRUE,Title,Default Title,74149H,0,shopify,100,deny,manual,29.99,29.99,TRUE,TRUE,,,Embrace Herringbone Laminate Flooring Farmhouse Oak 14mm Built-in Underlay,Embrace Herringbone Laminate Flooring Farmhouse Oak 14mm Built-in Underlay | Factory Direct Flooring,Buy Embrace Herringbone Laminate Flooring Farmhouse Oak 14mm Built-in Underlay at Factory Direct Flooring. Herringbone Flooring available at competitive prices. Free UK delivery and expert advice. Order free samples today.,active
embrace-herringbone-laminate-flooring-woodland-oak-14mm-built-in-underlay,Embrace Herringbone Laminate Flooring Woodland Oak 14mm Built-in Underlay,"<h2>Embrace Herringbone Laminate Flooring Woodland Oak 14mm Built-in Underlay</h2><p>Make a truly bold interior statement with the <strong>Embrace Herringbone Laminate Flooring Woodland Oak 14mm Built-in Underlay</strong> from Factory Direct Flooring in a stunning <strong>Oak</strong> finish with a <strong>14mm</strong> profile. The herringbone pattern is one of the most timeless and elegant floor designs in existence — a distinctive interlocking arrangement that has adorned the floors of grand homes and prestigious buildings for centuries. Now available in a range of modern materials, herringbone flooring brings classic sophistication to contemporary homes.</p>
<h3>Key Highlights</h3><ul><li><strong>Iconic Herringbone Pattern</strong> — the 45° interlocking design adds instant elegance and visual depth</li><li><strong>Creates Visual Space</strong> — the diagonal arrangement draws the eye and enlarges the perceived room</li><li><strong>Multiple Materials</strong> — available in solid wood, engineered wood and luxury vinyl tile</li><li><strong>Unique Character</strong> — natural variation in grain or embossed finish makes every floor unique</li><li><strong>Suits All Rooms</strong> — from entrance halls and living rooms to kitchens and bedrooms</li><li><strong>Timeless Versatility</strong> — complements both period and contemporary interior design styles</li></ul>
<h3>Installation</h3><p>Herringbone installation requires careful planning — the centre line and 45° angle must be precisely calculated before laying begins. Professional installation is strongly recommended for herringbone patterns. Installation method depends on material type. Always acclimatise wood products for 48–72 hours before fitting.</p>
<h3>Care &amp; Maintenance</h3><p>Care depends on the material — wood herringbone requires a wood-specific cleaner on a damp mop; LVT herringbone can be mopped with warm water and a suitable cleaner. All herringbone floors benefit from door mats at entrances and felt pads under furniture to maintain the surface.</p>
<h3>Why Factory Direct Flooring?</h3><p>Our herringbone collection is one of the finest in the UK, featuring solid wood, engineered wood and luxury vinyl options. Our experts can help you plan your herringbone installation and calculate the exact quantity needed. Order free samples today.</p>",Factory Direct Flooring,,Herringbone Flooring,herringbone-flooring,TRUE,Title,Default Title,74150H,0,shopify,100,deny,manual,29.99,29.99,TRUE,TRUE,,,Embrace Herringbone Laminate Flooring Woodland Oak 14mm Built-in Underlay,Embrace Herringbone Laminate Flooring Woodland Oak 14mm Built-in Underlay | Factory Direct Flooring,Buy Embrace Herringbone Laminate Flooring Woodland Oak 14mm Built-in Underlay at Factory Direct Flooring. Herringbone Flooring available at competitive prices. Free UK delivery and expert advice. Order free samples today.,active
aqua-plank-hazel-oak-herringbone-click-vinyl,Aqua Plank Hazel Oak Herringbone Click Vinyl,"<h2>Aqua Plank Hazel Oak Herringbone Click Vinyl</h2><p>Make a truly bold interior statement with the <strong>Aqua Plank Hazel Oak Herringbone Click Vinyl</strong> from Factory Direct Flooring in a stunning <strong>Oak</strong> finish. The herringbone pattern is one of the most timeless and elegant floor designs in existence — a distinctive interlocking arrangement that has adorned the floors of grand homes and prestigious buildings for centuries. Now available in a range of modern materials, herringbone flooring brings classic sophistication to contemporary homes.</p>
<h3>Key Highlights</h3><ul><li><strong>Iconic Herringbone Pattern</strong> — the 45° interlocking design adds instant elegance and visual depth</li><li><strong>Creates Visual Space</strong> — the diagonal arrangement draws the eye and enlarges the perceived room</li><li><strong>Multiple Materials</strong> — available in solid wood, engineered wood and luxury vinyl tile</li><li><strong>Unique Character</strong> — natural variation in grain or embossed finish makes every floor unique</li><li><strong>Suits All Rooms</strong> — from entrance halls and living rooms to kitchens and bedrooms</li><li><strong>Timeless Versatility</strong> — complements both period and contemporary interior design styles</li></ul>
<h3>Installation</h3><p>Herringbone installation requires careful planning — the centre line and 45° angle must be precisely calculated before laying begins. Professional installation is strongly recommended for herringbone patterns. Installation method depends on material type. Always acclimatise wood products for 48–72 hours before fitting.</p>
<h3>Care &amp; Maintenance</h3><p>Care depends on the material — wood herringbone requires a wood-specific cleaner on a damp mop; LVT herringbone can be mopped with warm water and a suitable cleaner. All herringbone floors benefit from door mats at entrances and felt pads under furniture to maintain the surface.</p>
<h3>Why Factory Direct Flooring?</h3><p>Our herringbone collection is one of the finest in the UK, featuring solid wood, engineered wood and luxury vinyl options. Our experts can help you plan your herringbone installation and calculate the exact quantity needed. Order free samples today.</p>",Factory Direct Flooring,,Herringbone Flooring,herringbone-flooring,TRUE,Title,Default Title,AP74159H,0,shopify,100,deny,manual,29.98,29.98,TRUE,TRUE,,,Aqua Plank Hazel Oak Herringbone Click Vinyl,Aqua Plank Hazel Oak Herringbone Click Vinyl | Factory Direct Flooring,Buy Aqua Plank Hazel Oak Herringbone Click Vinyl at Factory Direct Flooring. Herringbone Flooring available at competitive prices. Free UK delivery and expert advice. Order free samples today.,active
safety-flooring-plus-earth-brown-2014,Safety Flooring Plus Earth Brown 2014,"<h2>Safety Flooring Plus Earth Brown 2014</h2><p>Presenting the <strong>Safety Flooring Plus Earth Brown 2014</strong> from Factory Direct Flooring in a stunning <strong>Brown</strong> finish. This premium vinyl floor offers exceptional performance and outstanding value, combining total waterproof protection with stylish, realistic designs. The ideal choice for kitchens, bathrooms, hallways and any room where practicality is every bit as important as appearance and style.</p>
<h3>Key Highlights</h3><ul><li><strong>Fully Waterproof</strong> — 100% impervious to water, safe for bathrooms, kitchens and wet rooms</li><li><strong>Durable Wear Surface</strong> — resists everyday scratches, scuffs and heavy foot traffic</li><li><strong>Cushioned Backing</strong> — comfortable, warm and quiet underfoot</li><li><strong>Easy to Clean</strong> — resistant to most stains, simply sweep and mop</li><li><strong>Realistic Designs</strong> — high-definition printing creates convincing wood and stone effects</li><li><strong>Flexible Formats</strong> — sheet, tile and plank options available</li></ul>
<h3>Installation</h3><p>Can be laid loose, adhered with adhesive or as a click-lock floating floor depending on the product type. Subfloor must be clean, dry, smooth and free of contamination. Can be installed over existing smooth, well-bonded coverings. An expansion gap is required around the perimeter for floating installations.</p>
<h3>Care &amp; Maintenance</h3><p>Sweep or vacuum regularly with a soft brush. Mop with warm water and a mild pH-neutral floor cleaner. Avoid abrasive scrubbing pads and harsh chemical solvents. Vinyl is highly resistant to stains and bacteria — ideal for families and pet owners. Clean spills promptly.</p>
<h3>Why Factory Direct Flooring?</h3><p>We stock a huge range of vinyl flooring from top manufacturers at factory direct prices. Our knowledgeable team can help you find the perfect vinyl floor for your project. Free samples available, comprehensive technical advice and fast UK delivery on all orders.</p>",Factory Direct Flooring,,Vinyl Flooring,vinyl-flooring,TRUE,Title,Default Title,31386,0,shopify,100,deny,manual,29.18,29.18,TRUE,TRUE,,,Safety Flooring Plus Earth Brown 2014,Safety Flooring Plus Earth Brown 2014 | Factory Direct Flooring,Buy Safety Flooring Plus Earth Brown 2014 at Factory Direct Flooring. Vinyl Flooring available at competitive prices. Free UK delivery and expert advice. Order free samples today.,active
safety-flooring-plus-black-2010,Safety Flooring Plus Black 2010,"<h2>Safety Flooring Plus Black 2010</h2><p>Presenting the <strong>Safety Flooring Plus Black 2010</strong> from Factory Direct Flooring in a stunning <strong>Black</strong> finish. This premium vinyl floor offers exceptional performance and outstanding value, combining total waterproof protection with stylish, realistic designs. The ideal choice for kitchens, bathrooms, hallways and any room where practicality is every bit as important as appearance and style.</p>
<h3>Key Highlights</h3><ul><li><strong>Fully Waterproof</strong> — 100% impervious to water, safe for bathrooms, kitchens and wet rooms</li><li><strong>Durable Wear Surface</strong> — resists everyday scratches, scuffs and heavy foot traffic</li><li><strong>Cushioned Backing</strong> — comfortable, warm and quiet underfoot</li><li><strong>Easy to Clean</strong> — resistant to most stains, simply sweep and mop</li><li><strong>Realistic Designs</strong> — high-definition printing creates convincing wood and stone effects</li><li><strong>Flexible Formats</strong> — sheet, tile and plank options available</li></ul>
<h3>Installation</h3><p>Can be laid loose, adhered with adhesive or as a click-lock floating floor depending on the product type. Subfloor must be clean, dry, smooth and free of contamination. Can be installed over existing smooth, well-bonded coverings. An expansion gap is required around the perimeter for floating installations.</p>
<h3>Care &amp; Maintenance</h3><p>Sweep or vacuum regularly with a soft brush. Mop with warm water and a mild pH-neutral floor cleaner. Avoid abrasive scrubbing pads and harsh chemical solvents. Vinyl is highly resistant to stains and bacteria — ideal for families and pet owners. Clean spills promptly.</p>
<h3>Why Factory Direct Flooring?</h3><p>We stock a huge range of vinyl flooring from top manufacturers at factory direct prices. Our knowledgeable team can help you find the perfect vinyl floor for your project. Free samples available, comprehensive technical advice and fast UK delivery on all orders.</p>",Factory Direct Flooring,,Vinyl Flooring,vinyl-flooring,TRUE,Title,Default Title,31395,0,shopify,100,deny,manual,29.18,29.18,TRUE,TRUE,,,Safety Flooring Plus Black 2010,Safety Flooring Plus Black 2010 | Factory Direct Flooring,Buy Safety Flooring Plus Black 2010 at Factory Direct Flooring. Vinyl Flooring available at competitive prices. Free UK delivery and expert advice. Order free samples today.,active
safety-flooring-plus-blood-red-2012,Safety Flooring Plus Blood Red 2012,"<h2>Safety Flooring Plus Blood Red 2012</h2><p>Presenting the <strong>Safety Flooring Plus Blood Red 2012</strong> from Factory Direct Flooring. This premium vinyl floor offers exceptional performance and outstanding value, combining total waterproof protection with stylish, realistic designs. The ideal choice for kitchens, bathrooms, hallways and any room where practicality is every bit as important as appearance and style.</p>
<h3>Key Highlights</h3><ul><li><strong>Fully Waterproof</strong> — 100% impervious to water, safe for bathrooms, kitchens and wet rooms</li><li><strong>Durable Wear Surface</strong> — resists everyday scratches, scuffs and heavy foot traffic</li><li><strong>Cushioned Backing</strong> — comfortable, warm and quiet underfoot</li><li><strong>Easy to Clean</strong> — resistant to most stains, simply sweep and mop</li><li><strong>Realistic Designs</strong> — high-definition printing creates convincing wood and stone effects</li><li><strong>Flexible Formats</strong> — sheet, tile and plank options available</li></ul>
<h3>Installation</h3><p>Can be laid loose, adhered with adhesive or as a click-lock floating floor depending on the product type. Subfloor must be clean, dry, smooth and free of contamination. Can be installed over existing smooth, well-bonded coverings. An expansion gap is required around the perimeter for floating installations.</p>
<h3>Care &amp; Maintenance</h3><p>Sweep or vacuum regularly with a soft brush. Mop with warm water and a mild pH-neutral floor cleaner. Avoid abrasive scrubbing pads and harsh chemical solvents. Vinyl is highly resistant to stains and bacteria — ideal for families and pet owners. Clean spills promptly.</p>
<h3>Why Factory Direct Flooring?</h3><p>We stock a huge range of vinyl flooring from top manufacturers at factory direct prices. Our knowledgeable team can help you find the perfect vinyl floor for your project. Free samples available, comprehensive technical advice and fast UK delivery on all orders.</p>",Factory Direct Flooring,,Vinyl Flooring,vinyl-flooring,TRUE,Title,Default Title,31347,0,shopify,100,deny,manual,29.18,29.18,TRUE,TRUE,,,Safety Flooring Plus Blood Red 2012,Safety Flooring Plus Blood Red 2012 | Factory Direct Flooring,Buy Safety Flooring Plus Blood Red 2012 at Factory Direct Flooring. Vinyl Flooring available at competitive prices. Free UK delivery and expert advice. Order free samples today.,active
polysafe-standard-elmwood-heavy-duty-safety-flooring,Polysafe Standard Elmwood Heavy Duty Safety Flooring,"<h2>Polysafe Standard Elmwood Heavy Duty Safety Flooring</h2><p>Presenting the <strong>Polysafe Standard Elmwood Heavy Duty Safety Flooring</strong> from Factory Direct Flooring. This premium vinyl floor offers exceptional performance and outstanding value, combining total waterproof protection with stylish, realistic designs. The ideal choice for kitchens, bathrooms, hallways and any room where practicality is every bit as important as appearance and style.</p>
<h3>Key Highlights</h3><ul><li><strong>Fully Waterproof</strong> — 100% impervious to water, safe for bathrooms, kitchens and wet rooms</li><li><strong>Durable Wear Surface</strong> — resists everyday scratches, scuffs and heavy foot traffic</li><li><strong>Cushioned Backing</strong> — comfortable, warm and quiet underfoot</li><li><strong>Easy to Clean</strong> — resistant to most stains, simply sweep and mop</li><li><strong>Realistic Designs</strong> — high-definition printing creates convincing wood and stone effects</li><li><strong>Flexible Formats</strong> — sheet, tile and plank options available</li></ul>
<h3>Installation</h3><p>Can be laid loose, adhered with adhesive or as a click-lock floating floor depending on the product type. Subfloor must be clean, dry, smooth and free of contamination. Can be installed over existing smooth, well-bonded coverings. An expansion gap is required around the perimeter for floating installations.</p>
<h3>Care &amp; Maintenance</h3><p>Sweep or vacuum regularly with a soft brush. Mop with warm water and a mild pH-neutral floor cleaner. Avoid abrasive scrubbing pads and harsh chemical solvents. Vinyl is highly resistant to stains and bacteria — ideal for families and pet owners. Clean spills promptly.</p>
<h3>Why Factory Direct Flooring?</h3><p>We stock a huge range of vinyl flooring from top manufacturers at factory direct prices. Our knowledgeable team can help you find the perfect vinyl floor for your project. Free samples available, comprehensive technical advice and fast UK delivery on all orders.</p>",Factory Direct Flooring,,Vinyl Flooring,vinyl-flooring,TRUE,Title,Default Title,31363,0,shopify,100,deny,manual,34.54,34.54,TRUE,TRUE,,,Polysafe Standard Elmwood Heavy Duty Safety Flooring,Polysafe Standard Elmwood Heavy Duty Safety Flooring | Factory Direct Flooring,Buy Polysafe Standard Elmwood Heavy Duty Safety Flooring at Factory Direct Flooring. Vinyl Flooring available at competitive prices. Free UK delivery and expert advice. Order free samples today.,active
polysafe-standard-ash-grey-heavy-duty-safety-flooring,Polysafe Standard Ash Grey Heavy Duty Safety Flooring,"<h2>Polysafe Standard Ash Grey Heavy Duty Safety Flooring</h2><p>Presenting the <strong>Polysafe Standard Ash Grey Heavy Duty Safety Flooring</strong> from Factory Direct Flooring in a stunning <strong>Ash</strong> finish. This premium vinyl floor offers exceptional performance and outstanding value, combining total waterproof protection with stylish, realistic designs. The ideal choice for kitchens, bathrooms, hallways and any room where practicality is every bit as important as appearance and style.</p>
<h3>Key Highlights</h3><ul><li><strong>Fully Waterproof</strong> — 100% impervious to water, safe for bathrooms, kitchens and wet rooms</li><li><strong>Durable Wear Surface</strong> — resists everyday scratches, scuffs and heavy foot traffic</li><li><strong>Cushioned Backing</strong> — comfortable, warm and quiet underfoot</li><li><strong>Easy to Clean</strong> — resistant to most stains, simply sweep and mop</li><li><strong>Realistic Designs</strong> — high-definition printing creates convincing wood and stone effects</li><li><strong>Flexible Formats</strong> — sheet, tile and plank options available</li></ul>
<h3>Installation</h3><p>Can be laid loose, adhered with adhesive or as a click-lock floating floor depending on the product type. Subfloor must be clean, dry, smooth and free of contamination. Can be installed over existing smooth, well-bonded coverings. An expansion gap is required around the perimeter for floating installations.</p>
<h3>Care &amp; Maintenance</h3><p>Sweep or vacuum regularly with a soft brush. Mop with warm water and a mild pH-neutral floor cleaner. Avoid abrasive scrubbing pads and harsh chemical solvents. Vinyl is highly resistant to stains and bacteria — ideal for families and pet owners. Clean spills promptly.</p>
<h3>Why Factory Direct Flooring?</h3><p>We stock a huge range of vinyl flooring from top manufacturers at factory direct prices. Our knowledgeable team can help you find the perfect vinyl floor for your project. Free samples available, comprehensive technical advice and fast UK delivery on all orders.</p>",Factory Direct Flooring,,Vinyl Flooring,vinyl-flooring,TRUE,Title,Default Title,31369,0,shopify,100,deny,manual,34.54,34.54,TRUE,TRUE,,,Polysafe Standard Ash Grey Heavy Duty Safety Flooring,Polysafe Standard Ash Grey Heavy Duty Safety Flooring | Factory Direct Flooring,Buy Polysafe Standard Ash Grey Heavy Duty Safety Flooring at Factory Direct Flooring. Vinyl Flooring available at competitive prices. Free UK delivery and expert advice. Order free samples today.,active
polysafe-standard-cool-aqua-heavy-duty-safety-flooring,Polysafe Standard Cool Aqua Heavy Duty Safety Flooring,"<h2>Polysafe Standard Cool Aqua Heavy Duty Safety Flooring</h2><p>Presenting the <strong>Polysafe Standard Cool Aqua Heavy Duty Safety Flooring</strong> from Factory Direct Flooring. This premium vinyl floor offers exceptional performance and outstanding value, combining total waterproof protection with stylish, realistic designs. The ideal choice for kitchens, bathrooms, hallways and any room where practicality is every bit as important as appearance and style.</p>
<h3>Key Highlights</h3><ul><li><strong>Fully Waterproof</strong> — 100% impervious to water, safe for bathrooms, kitchens and wet rooms</li><li><strong>Durable Wear Surface</strong> — resists everyday scratches, scuffs and heavy foot traffic</li><li><strong>Cushioned Backing</strong> — comfortable, warm and quiet underfoot</li><li><strong>Easy to Clean</strong> — resistant to most stains, simply sweep and mop</li><li><strong>Realistic Designs</strong> — high-definition printing creates convincing wood and stone effects</li><li><strong>Flexible Formats</strong> — sheet, tile and plank options available</li></ul>
<h3>Installation</h3><p>Can be laid loose, adhered with adhesive or as a click-lock floating floor depending on the product type. Subfloor must be clean, dry, smooth and free of contamination. Can be installed over existing smooth, well-bonded coverings. An expansion gap is required around the perimeter for floating installations.</p>
<h3>Care &amp; Maintenance</h3><p>Sweep or vacuum regularly with a soft brush. Mop with warm water and a mild pH-neutral floor cleaner. Avoid abrasive scrubbing pads and harsh chemical solvents. Vinyl is highly resistant to stains and bacteria — ideal for families and pet owners. Clean spills promptly.</p>
<h3>Why Factory Direct Flooring?</h3><p>We stock a huge range of vinyl flooring from top manufacturers at factory direct prices. Our knowledgeable team can help you find the perfect vinyl floor for your project. Free samples available, comprehensive technical advice and fast UK delivery on all orders.</p>",Factory Direct Flooring,,Vinyl Flooring,vinyl-flooring,TRUE,Title,Default Title,31370,0,shopify,100,deny,manual,34.54,34.54,TRUE,TRUE,,,Polysafe Standard Cool Aqua Heavy Duty Safety Flooring,Polysafe Standard Cool Aqua Heavy Duty Safety Flooring | Factory Direct Flooring,Buy Polysafe Standard Cool Aqua Heavy Duty Safety Flooring at Factory Direct Flooring. Vinyl Flooring available at competitive prices. Free UK delivery and expert advice. Order free samples today.,active
polysafe-standard-storm-blue-heavy-duty-safety-flooring,Polysafe Standard Storm Blue Heavy Duty Safety Flooring,"<h2>Polysafe Standard Storm Blue Heavy Duty Safety Flooring</h2><p>Presenting the <strong>Polysafe Standard Storm Blue Heavy Duty Safety Flooring</strong> from Factory Direct Flooring. This premium vinyl floor offers exceptional performance and outstanding value, combining total waterproof protection with stylish, realistic designs. The ideal choice for kitchens, bathrooms, hallways and any room where practicality is every bit as important as appearance and style.</p>
<h3>Key Highlights</h3><ul><li><strong>Fully Waterproof</strong> — 100% impervious to water, safe for bathrooms, kitchens and wet rooms</li><li><strong>Durable Wear Surface</strong> — resists everyday scratches, scuffs and heavy foot traffic</li><li><strong>Cushioned Backing</strong> — comfortable, warm and quiet underfoot</li><li><strong>Easy to Clean</strong> — resistant to most stains, simply sweep and mop</li><li><strong>Realistic Designs</strong> — high-definition printing creates convincing wood and stone effects</li><li><strong>Flexible Formats</strong> — sheet, tile and plank options available</li></ul>
<h3>Installation</h3><p>Can be laid loose, adhered with adhesive or as a click-lock floating floor depending on the product type. Subfloor must be clean, dry, smooth and free of contamination. Can be installed over existing smooth, well-bonded coverings. An expansion gap is required around the perimeter for floating installations.</p>
<h3>Care &amp; Maintenance</h3><p>Sweep or vacuum regularly with a soft brush. Mop with warm water and a mild pH-neutral floor cleaner. Avoid abrasive scrubbing pads and harsh chemical solvents. Vinyl is highly resistant to stains and bacteria — ideal for families and pet owners. Clean spills promptly.</p>
<h3>Why Factory Direct Flooring?</h3><p>We stock a huge range of vinyl flooring from top manufacturers at factory direct prices. Our knowledgeable team can help you find the perfect vinyl floor for your project. Free samples available, comprehensive technical advice and fast UK delivery on all orders.</p>",Factory Direct Flooring,,Vinyl Flooring,vinyl-flooring,TRUE,Title,Default Title,31371,0,shopify,100,deny,manual,34.54,34.54,TRUE,TRUE,,,Polysafe Standard Storm Blue Heavy Duty Safety Flooring,Polysafe Standard Storm Blue Heavy Duty Safety Flooring | Factory Direct Flooring,Buy Polysafe Standard Storm Blue Heavy Duty Safety Flooring at Factory Direct Flooring. Vinyl Flooring available at competitive prices. Free UK delivery and expert advice. Order free samples today.,active
polysafe-standard-autumn-beige-heavy-duty-safety-flooring,Polysafe Standard Autumn Beige Heavy Duty Safety Flooring,"<h2>Polysafe Standard Autumn Beige Heavy Duty Safety Flooring</h2><p>Presenting the <strong>Polysafe Standard Autumn Beige Heavy Duty Safety Flooring</strong> from Factory Direct Flooring in a stunning <strong>Beige</strong> finish. This premium vinyl floor offers exceptional performance and outstanding value, combining total waterproof protection with stylish, realistic designs. The ideal choice for kitchens, bathrooms, hallways and any room where practicality is every bit as important as appearance and style.</p>
<h3>Key Highlights</h3><ul><li><strong>Fully Waterproof</strong> — 100% impervious to water, safe for bathrooms, kitchens and wet rooms</li><li><strong>Durable Wear Surface</strong> — resists everyday scratches, scuffs and heavy foot traffic</li><li><strong>Cushioned Backing</strong> — comfortable, warm and quiet underfoot</li><li><strong>Easy to Clean</strong> — resistant to most stains, simply sweep and mop</li><li><strong>Realistic Designs</strong> — high-definition printing creates convincing wood and stone effects</li><li><strong>Flexible Formats</strong> — sheet, tile and plank options available</li></ul>
<h3>Installation</h3><p>Can be laid loose, adhered with adhesive or as a click-lock floating floor depending on the product type. Subfloor must be clean, dry, smooth and free of contamination. Can be installed over existing smooth, well-bonded coverings. An expansion gap is required around the perimeter for floating installations.</p>
<h3>Care &amp; Maintenance</h3><p>Sweep or vacuum regularly with a soft brush. Mop with warm water and a mild pH-neutral floor cleaner. Avoid abrasive scrubbing pads and harsh chemical solvents. Vinyl is highly resistant to stains and bacteria — ideal for families and pet owners. Clean spills promptly.</p>
<h3>Why Factory Direct Flooring?</h3><p>We stock a huge range of vinyl flooring from top manufacturers at factory direct prices. Our knowledgeable team can help you find the perfect vinyl floor for your project. Free samples available, comprehensive technical advice and fast UK delivery on all orders.</p>",Factory Direct Flooring,,Vinyl Flooring,vinyl-flooring,TRUE,Title,Default Title,31372,0,shopify,100,deny,manual,34.54,34.54,TRUE,TRUE,,,Polysafe Standard Autumn Beige Heavy Duty Safety Flooring,Polysafe Standard Autumn Beige Heavy Duty Safety Flooring | Factory Direct Flooring,Buy Polysafe Standard Autumn Beige Heavy Duty Safety Flooring at Factory Direct Flooring. Vinyl Flooring available at competitive prices. Free UK delivery and expert advice. Order free samples today.,active
polysafe-standard-silver-birch-heavy-duty-safety-flooring,Polysafe Standard Silver Birch Heavy Duty Safety Flooring,"<h2>Polysafe Standard Silver Birch Heavy Duty Safety Flooring</h2><p>Presenting the <strong>Polysafe Standard Silver Birch Heavy Duty Safety Flooring</strong> from Factory Direct Flooring in a stunning <strong>Birch</strong> finish. This premium vinyl floor offers exceptional performance and outstanding value, combining total waterproof protection with stylish, realistic designs. The ideal choice for kitchens, bathrooms, hallways and any room where practicality is every bit as important as appearance and style.</p>
<h3>Key Highlights</h3><ul><li><strong>Fully Waterproof</strong> — 100% impervious to water, safe for bathrooms, kitchens and wet rooms</li><li><strong>Durable Wear Surface</strong> — resists everyday scratches, scuffs and heavy foot traffic</li><li><strong>Cushioned Backing</strong> — comfortable, warm and quiet underfoot</li><li><strong>Easy to Clean</strong> — resistant to most stains, simply sweep and mop</li><li><strong>Realistic Designs</strong> — high-definition printing creates convincing wood and stone effects</li><li><strong>Flexible Formats</strong> — sheet, tile and plank options available</li></ul>
<h3>Installation</h3><p>Can be laid loose, adhered with adhesive or as a click-lock floating floor depending on the product type. Subfloor must be clean, dry, smooth and free of contamination. Can be installed over existing smooth, well-bonded coverings. An expansion gap is required around the perimeter for floating installations.</p>
<h3>Care &amp; Maintenance</h3><p>Sweep or vacuum regularly with a soft brush. Mop with warm water and a mild pH-neutral floor cleaner. Avoid abrasive scrubbing pads and harsh chemical solvents. Vinyl is highly resistant to stains and bacteria — ideal for families and pet owners. Clean spills promptly.</p>
<h3>Why Factory Direct Flooring?</h3><p>We stock a huge range of vinyl flooring from top manufacturers at factory direct prices. Our knowledgeable team can help you find the perfect vinyl floor for your project. Free samples available, comprehensive technical advice and fast UK delivery on all orders.</p>",Factory Direct Flooring,,Vinyl Flooring,vinyl-flooring,TRUE,Title,Default Title,31373,0,shopify,100,deny,manual,34.54,34.54,TRUE,TRUE,,,Polysafe Standard Silver Birch Heavy Duty Safety Flooring,Polysafe Standard Silver Birch Heavy Duty Safety Flooring | Factory Direct Flooring,Buy Polysafe Standard Silver Birch Heavy Duty Safety Flooring at Factory Direct Flooring. Vinyl Flooring available at competitive prices. Free UK delivery and expert advice. Order free samples today.,active
polysafe-standard-cedar-blue-heavy-duty-safety-flooring,Polysafe Standard Cedar Blue Heavy Duty Safety Flooring,"<h2>Polysafe Standard Cedar Blue Heavy Duty Safety Flooring</h2><p>Presenting the <strong>Polysafe Standard Cedar Blue Heavy Duty Safety Flooring</strong> from Factory Direct Flooring. This premium vinyl floor offers exceptional performance and outstanding value, combining total waterproof protection with stylish, realistic designs. The ideal choice for kitchens, bathrooms, hallways and any room where practicality is every bit as important as appearance and style.</p>
<h3>Key Highlights</h3><ul><li><strong>Fully Waterproof</strong> — 100% impervious to water, safe for bathrooms, kitchens and wet rooms</li><li><strong>Durable Wear Surface</strong> — resists everyday scratches, scuffs and heavy foot traffic</li><li><strong>Cushioned Backing</strong> — comfortable, warm and quiet underfoot</li><li><strong>Easy to Clean</strong> — resistant to most stains, simply sweep and mop</li><li><strong>Realistic Designs</strong> — high-definition printing creates convincing wood and stone effects</li><li><strong>Flexible Formats</strong> — sheet, tile and plank options available</li></ul>
<h3>Installation</h3><p>Can be laid loose, adhered with adhesive or as a click-lock floating floor depending on the product type. Subfloor must be clean, dry, smooth and free of contamination. Can be installed over existing smooth, well-bonded coverings. An expansion gap is required around the perimeter for floating installations.</p>
<h3>Care &amp; Maintenance</h3><p>Sweep or vacuum regularly with a soft brush. Mop with warm water and a mild pH-neutral floor cleaner. Avoid abrasive scrubbing pads and harsh chemical solvents. Vinyl is highly resistant to stains and bacteria — ideal for families and pet owners. Clean spills promptly.</p>
<h3>Why Factory Direct Flooring?</h3><p>We stock a huge range of vinyl flooring from top manufacturers at factory direct prices. Our knowledgeable team can help you find the perfect vinyl floor for your project. Free samples available, comprehensive technical advice and fast UK delivery on all orders.</p>",Factory Direct Flooring,,Vinyl Flooring,vinyl-flooring,TRUE,Title,Default Title,31374,0,shopify,100,deny,manual,34.54,34.54,TRUE,TRUE,,,Polysafe Standard Cedar Blue Heavy Duty Safety Flooring,Polysafe Standard Cedar Blue Heavy Duty Safety Flooring | Factory Direct Flooring,Buy Polysafe Standard Cedar Blue Heavy Duty Safety Flooring at Factory Direct Flooring. Vinyl Flooring available at competitive prices. Free UK delivery and expert advice. Order free samples today.,active
polysafe-standard-alpine-green-heavy-duty-safety-flooring,Polysafe Standard Alpine Green Heavy Duty Safety Flooring,"<h2>Polysafe Standard Alpine Green Heavy Duty Safety Flooring</h2><p>Presenting the <strong>Polysafe Standard Alpine Green Heavy Duty Safety Flooring</strong> from Factory Direct Flooring in a stunning <strong>Pine</strong> finish. This premium vinyl floor offers exceptional performance and outstanding value, combining total waterproof protection with stylish, realistic designs. The ideal choice for kitchens, bathrooms, hallways and any room where practicality is every bit as important as appearance and style.</p>
<h3>Key Highlights</h3><ul><li><strong>Fully Waterproof</strong> — 100% impervious to water, safe for bathrooms, kitchens and wet rooms</li><li><strong>Durable Wear Surface</strong> — resists everyday scratches, scuffs and heavy foot traffic</li><li><strong>Cushioned Backing</strong> — comfortable, warm and quiet underfoot</li><li><strong>Easy to Clean</strong> — resistant to most stains, simply sweep and mop</li><li><strong>Realistic Designs</strong> — high-definition printing creates convincing wood and stone effects</li><li><strong>Flexible Formats</strong> — sheet, tile and plank options available</li></ul>
<h3>Installation</h3><p>Can be laid loose, adhered with adhesive or as a click-lock floating floor depending on the product type. Subfloor must be clean, dry, smooth and free of contamination. Can be installed over existing smooth, well-bonded coverings. An expansion gap is required around the perimeter for floating installations.</p>
<h3>Care &amp; Maintenance</h3><p>Sweep or vacuum regularly with a soft brush. Mop with warm water and a mild pH-neutral floor cleaner. Avoid abrasive scrubbing pads and harsh chemical solvents. Vinyl is highly resistant to stains and bacteria — ideal for families and pet owners. Clean spills promptly.</p>
<h3>Why Factory Direct Flooring?</h3><p>We stock a huge range of vinyl flooring from top manufacturers at factory direct prices. Our knowledgeable team can help you find the perfect vinyl floor for your project. Free samples available, comprehensive technical advice and fast UK delivery on all orders.</p>",Factory Direct Flooring,,Vinyl Flooring,vinyl-flooring,TRUE,Title,Default Title,31377,0,shopify,100,deny,manual,34.54,34.54,TRUE,TRUE,,,Polysafe Standard Alpine Green Heavy Duty Safety Flooring,Polysafe Standard Alpine Green Heavy Duty Safety Flooring | Factory Direct Flooring,Buy Polysafe Standard Alpine Green Heavy Duty Safety Flooring at Factory Direct Flooring. Vinyl Flooring available at competitive prices. Free UK delivery and expert advice. Order free samples today.,active
polysafe-standard-arctic-blue-heavy-duty-safety-flooring,Polysafe Standard Arctic Blue Heavy Duty Safety Flooring,"<h2>Polysafe Standard Arctic Blue Heavy Duty Safety Flooring</h2><p>Presenting the <strong>Polysafe Standard Arctic Blue Heavy Duty Safety Flooring</strong> from Factory Direct Flooring. This premium vinyl floor offers exceptional performance and outstanding value, combining total waterproof protection with stylish, realistic designs. The ideal choice for kitchens, bathrooms, hallways and any room where practicality is every bit as important as appearance and style.</p>
<h3>Key Highlights</h3><ul><li><strong>Fully Waterproof</strong> — 100% impervious to water, safe for bathrooms, kitchens and wet rooms</li><li><strong>Durable Wear Surface</strong> — resists everyday scratches, scuffs and heavy foot traffic</li><li><strong>Cushioned Backing</strong> — comfortable, warm and quiet underfoot</li><li><strong>Easy to Clean</strong> — resistant to most stains, simply sweep and mop</li><li><strong>Realistic Designs</strong> — high-definition printing creates convincing wood and stone effects</li><li><strong>Flexible Formats</strong> — sheet, tile and plank options available</li></ul>
<h3>Installation</h3><p>Can be laid loose, adhered with adhesive or as a click-lock floating floor depending on the product type. Subfloor must be clean, dry, smooth and free of contamination. Can be installed over existing smooth, well-bonded coverings. An expansion gap is required around the perimeter for floating installations.</p>
<h3>Care &amp; Maintenance</h3><p>Sweep or vacuum regularly with a soft brush. Mop with warm water and a mild pH-neutral floor cleaner. Avoid abrasive scrubbing pads and harsh chemical solvents. Vinyl is highly resistant to stains and bacteria — ideal for families and pet owners. Clean spills promptly.</p>
<h3>Why Factory Direct Flooring?</h3><p>We stock a huge range of vinyl flooring from top manufacturers at factory direct prices. Our knowledgeable team can help you find the perfect vinyl floor for your project. Free samples available, comprehensive technical advice and fast UK delivery on all orders.</p>",Factory Direct Flooring,,Vinyl Flooring,vinyl-flooring,TRUE,Title,Default Title,31378,0,shopify,100,deny,manual,34.54,34.54,TRUE,TRUE,,,Polysafe Standard Arctic Blue Heavy Duty Safety Flooring,Polysafe Standard Arctic Blue Heavy Duty Safety Flooring | Factory Direct Flooring,Buy Polysafe Standard Arctic Blue Heavy Duty Safety Flooring at Factory Direct Flooring. Vinyl Flooring available at competitive prices. Free UK delivery and expert advice. Order free samples today.,active
polysafe-standard-redwood-heavy-duty-safety-flooring,Polysafe Standard Redwood Heavy Duty Safety Flooring,"<h2>Polysafe Standard Redwood Heavy Duty Safety Flooring</h2><p>Presenting the <strong>Polysafe Standard Redwood Heavy Duty Safety Flooring</strong> from Factory Direct Flooring. This premium vinyl floor offers exceptional performance and outstanding value, combining total waterproof protection with stylish, realistic designs. The ideal choice for kitchens, bathrooms, hallways and any room where practicality is every bit as important as appearance and style.</p>
<h3>Key Highlights</h3><ul><li><strong>Fully Waterproof</strong> — 100% impervious to water, safe for bathrooms, kitchens and wet rooms</li><li><strong>Durable Wear Surface</strong> — resists everyday scratches, scuffs and heavy foot traffic</li><li><strong>Cushioned Backing</strong> — comfortable, warm and quiet underfoot</li><li><strong>Easy to Clean</strong> — resistant to most stains, simply sweep and mop</li><li><strong>Realistic Designs</strong> — high-definition printing creates convincing wood and stone effects</li><li><strong>Flexible Formats</strong> — sheet, tile and plank options available</li></ul>
<h3>Installation</h3><p>Can be laid loose, adhered with adhesive or as a click-lock floating floor depending on the product type. Subfloor must be clean, dry, smooth and free of contamination. Can be installed over existing smooth, well-bonded coverings. An expansion gap is required around the perimeter for floating installations.</p>
<h3>Care &amp; Maintenance</h3><p>Sweep or vacuum regularly with a soft brush. Mop with warm water and a mild pH-neutral floor cleaner. Avoid abrasive scrubbing pads and harsh chemical solvents. Vinyl is highly resistant to stains and bacteria — ideal for families and pet owners. Clean spills promptly.</p>
<h3>Why Factory Direct Flooring?</h3><p>We stock a huge range of vinyl flooring from top manufacturers at factory direct prices. Our knowledgeable team can help you find the perfect vinyl floor for your project. Free samples available, comprehensive technical advice and fast UK delivery on all orders.</p>",Factory Direct Flooring,,Vinyl Flooring,vinyl-flooring,TRUE,Title,Default Title,31381,0,shopify,100,deny,manual,34.54,34.54,TRUE,TRUE,,,Polysafe Standard Redwood Heavy Duty Safety Flooring,Polysafe Standard Redwood Heavy Duty Safety Flooring | Factory Direct Flooring,Buy Polysafe Standard Redwood Heavy Duty Safety Flooring at Factory Direct Flooring. Vinyl Flooring available at competitive prices. Free UK delivery and expert advice. Order free samples today.,active
polysafe-standard-twilight-heavy-duty-safety-flooring,Polysafe Standard Twilight Heavy Duty Safety Flooring,"<h2>Polysafe Standard Twilight Heavy Duty Safety Flooring</h2><p>Presenting the <strong>Polysafe Standard Twilight Heavy Duty Safety Flooring</strong> from Factory Direct Flooring in a stunning <strong>Light</strong> finish. This premium vinyl floor offers exceptional performance and outstanding value, combining total waterproof protection with stylish, realistic designs. The ideal choice for kitchens, bathrooms, hallways and any room where practicality is every bit as important as appearance and style.</p>
<h3>Key Highlights</h3><ul><li><strong>Fully Waterproof</strong> — 100% impervious to water, safe for bathrooms, kitchens and wet rooms</li><li><strong>Durable Wear Surface</strong> — resists everyday scratches, scuffs and heavy foot traffic</li><li><strong>Cushioned Backing</strong> — comfortable, warm and quiet underfoot</li><li><strong>Easy to Clean</strong> — resistant to most stains, simply sweep and mop</li><li><strong>Realistic Designs</strong> — high-definition printing creates convincing wood and stone effects</li><li><strong>Flexible Formats</strong> — sheet, tile and plank options available</li></ul>
<h3>Installation</h3><p>Can be laid loose, adhered with adhesive or as a click-lock floating floor depending on the product type. Subfloor must be clean, dry, smooth and free of contamination. Can be installed over existing smooth, well-bonded coverings. An expansion gap is required around the perimeter for floating installations.</p>
<h3>Care &amp; Maintenance</h3><p>Sweep or vacuum regularly with a soft brush. Mop with warm water and a mild pH-neutral floor cleaner. Avoid abrasive scrubbing pads and harsh chemical solvents. Vinyl is highly resistant to stains and bacteria — ideal for families and pet owners. Clean spills promptly.</p>
<h3>Why Factory Direct Flooring?</h3><p>We stock a huge range of vinyl flooring from top manufacturers at factory direct prices. Our knowledgeable team can help you find the perfect vinyl floor for your project. Free samples available, comprehensive technical advice and fast UK delivery on all orders.</p>",Factory Direct Flooring,,Vinyl Flooring,vinyl-flooring,TRUE,Title,Default Title,31382,0,shopify,100,deny,manual,34.54,34.54,TRUE,TRUE,,,Polysafe Standard Twilight Heavy Duty Safety Flooring,Polysafe Standard Twilight Heavy Duty Safety Flooring | Factory Direct Flooring,Buy Polysafe Standard Twilight Heavy Duty Safety Flooring at Factory Direct Flooring. Vinyl Flooring available at competitive prices. Free UK delivery and expert advice. Order free samples today.,active
polysafe-standard-black-walnut-heavy-duty-safety-flooring,Polysafe Standard Black Walnut Heavy Duty Safety Flooring,"<h2>Polysafe Standard Black Walnut Heavy Duty Safety Flooring</h2><p>Presenting the <strong>Polysafe Standard Black Walnut Heavy Duty Safety Flooring</strong> from Factory Direct Flooring in a stunning <strong>Walnut</strong> finish. This premium vinyl floor offers exceptional performance and outstanding value, combining total waterproof protection with stylish, realistic designs. The ideal choice for kitchens, bathrooms, hallways and any room where practicality is every bit as important as appearance and style.</p>
<h3>Key Highlights</h3><ul><li><strong>Fully Waterproof</strong> — 100% impervious to water, safe for bathrooms, kitchens and wet rooms</li><li><strong>Durable Wear Surface</strong> — resists everyday scratches, scuffs and heavy foot traffic</li><li><strong>Cushioned Backing</strong> — comfortable, warm and quiet underfoot</li><li><strong>Easy to Clean</strong> — resistant to most stains, simply sweep and mop</li><li><strong>Realistic Designs</strong> — high-definition printing creates convincing wood and stone effects</li><li><strong>Flexible Formats</strong> — sheet, tile and plank options available</li></ul>
<h3>Installation</h3><p>Can be laid loose, adhered with adhesive or as a click-lock floating floor depending on the product type. Subfloor must be clean, dry, smooth and free of contamination. Can be installed over existing smooth, well-bonded coverings. An expansion gap is required around the perimeter for floating installations.</p>
<h3>Care &amp; Maintenance</h3><p>Sweep or vacuum regularly with a soft brush. Mop with warm water and a mild pH-neutral floor cleaner. Avoid abrasive scrubbing pads and harsh chemical solvents. Vinyl is highly resistant to stains and bacteria — ideal for families and pet owners. Clean spills promptly.</p>
<h3>Why Factory Direct Flooring?</h3><p>We stock a huge range of vinyl flooring from top manufacturers at factory direct prices. Our knowledgeable team can help you find the perfect vinyl floor for your project. Free samples available, comprehensive technical advice and fast UK delivery on all orders.</p>",Factory Direct Flooring,,Vinyl Flooring,vinyl-flooring,TRUE,Title,Default Title,31383,0,shopify,100,deny,manual,34.54,34.54,TRUE,TRUE,,,Polysafe Standard Black Walnut Heavy Duty Safety Flooring,Polysafe Standard Black Walnut Heavy Duty Safety Flooring | Factory Direct Flooring,Buy Polysafe Standard Black Walnut Heavy Duty Safety Flooring at Factory Direct Flooring. Vinyl Flooring available at competitive prices. Free UK delivery and expert advice. Order free samples today.,active
safety-flooring-plus-light-beige-2001,Safety Flooring Plus Light Beige 2001,"<h2>Safety Flooring Plus Light Beige 2001</h2><p>Presenting the <strong>Safety Flooring Plus Light Beige 2001</strong> from Factory Direct Flooring in a stunning <strong>Beige</strong> finish. This premium vinyl floor offers exceptional performance and outstanding value, combining total waterproof protection with stylish, realistic designs. The ideal choice for kitchens, bathrooms, hallways and any room where practicality is every bit as important as appearance and style.</p>
<h3>Key Highlights</h3><ul><li><strong>Fully Waterproof</strong> — 100% impervious to water, safe for bathrooms, kitchens and wet rooms</li><li><strong>Durable Wear Surface</strong> — resists everyday scratches, scuffs and heavy foot traffic</li><li><strong>Cushioned Backing</strong> — comfortable, warm and quiet underfoot</li><li><strong>Easy to Clean</strong> — resistant to most stains, simply sweep and mop</li><li><strong>Realistic Designs</strong> — high-definition printing creates convincing wood and stone effects</li><li><strong>Flexible Formats</strong> — sheet, tile and plank options available</li></ul>
<h3>Installation</h3><p>Can be laid loose, adhered with adhesive or as a click-lock floating floor depending on the product type. Subfloor must be clean, dry, smooth and free of contamination. Can be installed over existing smooth, well-bonded coverings. An expansion gap is required around the perimeter for floating installations.</p>
<h3>Care &amp; Maintenance</h3><p>Sweep or vacuum regularly with a soft brush. Mop with warm water and a mild pH-neutral floor cleaner. Avoid abrasive scrubbing pads and harsh chemical solvents. Vinyl is highly resistant to stains and bacteria — ideal for families and pet owners. Clean spills promptly.</p>
<h3>Why Factory Direct Flooring?</h3><p>We stock a huge range of vinyl flooring from top manufacturers at factory direct prices. Our knowledgeable team can help you find the perfect vinyl floor for your project. Free samples available, comprehensive technical advice and fast UK delivery on all orders.</p>",Factory Direct Flooring,,Vinyl Flooring,vinyl-flooring,TRUE,Title,Default Title,31384,0,shopify,100,deny,manual,29.18,29.18,TRUE,TRUE,,,Safety Flooring Plus Light Beige 2001,Safety Flooring Plus Light Beige 2001 | Factory Direct Flooring,Buy Safety Flooring Plus Light Beige 2001 at Factory Direct Flooring. Vinyl Flooring available at competitive prices. Free UK delivery and expert advice. Order free samples today.,active
safety-flooring-plus-light-grey-2004,Safety Flooring Plus Light Grey 2004,"<h2>Safety Flooring Plus Light Grey 2004</h2><p>Presenting the <strong>Safety Flooring Plus Light Grey 2004</strong> from Factory Direct Flooring in a stunning <strong>Grey</strong> finish. This premium vinyl floor offers exceptional performance and outstanding value, combining total waterproof protection with stylish, realistic designs. The ideal choice for kitchens, bathrooms, hallways and any room where practicality is every bit as important as appearance and style.</p>
<h3>Key Highlights</h3><ul><li><strong>Fully Waterproof</strong> — 100% impervious to water, safe for bathrooms, kitchens and wet rooms</li><li><strong>Durable Wear Surface</strong> — resists everyday scratches, scuffs and heavy foot traffic</li><li><strong>Cushioned Backing</strong> — comfortable, warm and quiet underfoot</li><li><strong>Easy to Clean</strong> — resistant to most stains, simply sweep and mop</li><li><strong>Realistic Designs</strong> — high-definition printing creates convincing wood and stone effects</li><li><strong>Flexible Formats</strong> — sheet, tile and plank options available</li></ul>
<h3>Installation</h3><p>Can be laid loose, adhered with adhesive or as a click-lock floating floor depending on the product type. Subfloor must be clean, dry, smooth and free of contamination. Can be installed over existing smooth, well-bonded coverings. An expansion gap is required around the perimeter for floating installations.</p>
<h3>Care &amp; Maintenance</h3><p>Sweep or vacuum regularly with a soft brush. Mop with warm water and a mild pH-neutral floor cleaner. Avoid abrasive scrubbing pads and harsh chemical solvents. Vinyl is highly resistant to stains and bacteria — ideal for families and pet owners. Clean spills promptly.</p>
<h3>Why Factory Direct Flooring?</h3><p>We stock a huge range of vinyl flooring from top manufacturers at factory direct prices. Our knowledgeable team can help you find the perfect vinyl floor for your project. Free samples available, comprehensive technical advice and fast UK delivery on all orders.</p>",Factory Direct Flooring,,Vinyl Flooring,vinyl-flooring,TRUE,Title,Default Title,31387,0,shopify,100,deny,manual,29.18,29.18,TRUE,TRUE,,,Safety Flooring Plus Light Grey 2004,Safety Flooring Plus Light Grey 2004 | Factory Direct Flooring,Buy Safety Flooring Plus Light Grey 2004 at Factory Direct Flooring. Vinyl Flooring available at competitive prices. Free UK delivery and expert advice. Order free samples today.,active
safety-flooring-plus-dusky-blue-2005,Safety Flooring Plus Dusky Blue 2005,"<h2>Safety Flooring Plus Dusky Blue 2005</h2><p>Presenting the <strong>Safety Flooring Plus Dusky Blue 2005</strong> from Factory Direct Flooring. This premium vinyl floor offers exceptional performance and outstanding value, combining total waterproof protection with stylish, realistic designs. The ideal choice for kitchens, bathrooms, hallways and any room where practicality is every bit as important as appearance and style.</p>
<h3>Key Highlights</h3><ul><li><strong>Fully Waterproof</strong> — 100% impervious to water, safe for bathrooms, kitchens and wet rooms</li><li><strong>Durable Wear Surface</strong> — resists everyday scratches, scuffs and heavy foot traffic</li><li><strong>Cushioned Backing</strong> — comfortable, warm and quiet underfoot</li><li><strong>Easy to Clean</strong> — resistant to most stains, simply sweep and mop</li><li><strong>Realistic Designs</strong> — high-definition printing creates convincing wood and stone effects</li><li><strong>Flexible Formats</strong> — sheet, tile and plank options available</li></ul>
<h3>Installation</h3><p>Can be laid loose, adhered with adhesive or as a click-lock floating floor depending on the product type. Subfloor must be clean, dry, smooth and free of contamination. Can be installed over existing smooth, well-bonded coverings. An expansion gap is required around the perimeter for floating installations.</p>
<h3>Care &amp; Maintenance</h3><p>Sweep or vacuum regularly with a soft brush. Mop with warm water and a mild pH-neutral floor cleaner. Avoid abrasive scrubbing pads and harsh chemical solvents. Vinyl is highly resistant to stains and bacteria — ideal for families and pet owners. Clean spills promptly.</p>
<h3>Why Factory Direct Flooring?</h3><p>We stock a huge range of vinyl flooring from top manufacturers at factory direct prices. Our knowledgeable team can help you find the perfect vinyl floor for your project. Free samples available, comprehensive technical advice and fast UK delivery on all orders.</p>",Factory Direct Flooring,,Vinyl Flooring,vinyl-flooring,TRUE,Title,Default Title,31388,0,shopify,100,deny,manual,29.18,29.18,TRUE,TRUE,,,Safety Flooring Plus Dusky Blue 2005,Safety Flooring Plus Dusky Blue 2005 | Factory Direct Flooring,Buy Safety Flooring Plus Dusky Blue 2005 at Factory Direct Flooring. Vinyl Flooring available at competitive prices. Free UK delivery and expert advice. Order free samples today.,active
safety-flooring-plus-slate-grey-2006,Safety Flooring Plus Slate Grey 2006,"<h2>Safety Flooring Plus Slate Grey 2006</h2><p>Presenting the <strong>Safety Flooring Plus Slate Grey 2006</strong> from Factory Direct Flooring in a stunning <strong>Grey</strong> finish. This premium vinyl floor offers exceptional performance and outstanding value, combining total waterproof protection with stylish, realistic designs. The ideal choice for kitchens, bathrooms, hallways and any room where practicality is every bit as important as appearance and style.</p>
<h3>Key Highlights</h3><ul><li><strong>Fully Waterproof</strong> — 100% impervious to water, safe for bathrooms, kitchens and wet rooms</li><li><strong>Durable Wear Surface</strong> — resists everyday scratches, scuffs and heavy foot traffic</li><li><strong>Cushioned Backing</strong> — comfortable, warm and quiet underfoot</li><li><strong>Easy to Clean</strong> — resistant to most stains, simply sweep and mop</li><li><strong>Realistic Designs</strong> — high-definition printing creates convincing wood and stone effects</li><li><strong>Flexible Formats</strong> — sheet, tile and plank options available</li></ul>
<h3>Installation</h3><p>Can be laid loose, adhered with adhesive or as a click-lock floating floor depending on the product type. Subfloor must be clean, dry, smooth and free of contamination. Can be installed over existing smooth, well-bonded coverings. An expansion gap is required around the perimeter for floating installations.</p>
<h3>Care &amp; Maintenance</h3><p>Sweep or vacuum regularly with a soft brush. Mop with warm water and a mild pH-neutral floor cleaner. Avoid abrasive scrubbing pads and harsh chemical solvents. Vinyl is highly resistant to stains and bacteria — ideal for families and pet owners. Clean spills promptly.</p>
<h3>Why Factory Direct Flooring?</h3><p>We stock a huge range of vinyl flooring from top manufacturers at factory direct prices. Our knowledgeable team can help you find the perfect vinyl floor for your project. Free samples available, comprehensive technical advice and fast UK delivery on all orders.</p>",Factory Direct Flooring,,Vinyl Flooring,vinyl-flooring,TRUE,Title,Default Title,31389,0,shopify,100,deny,manual,29.18,29.18,TRUE,TRUE,,,Safety Flooring Plus Slate Grey 2006,Safety Flooring Plus Slate Grey 2006 | Factory Direct Flooring,Buy Safety Flooring Plus Slate Grey 2006 at Factory Direct Flooring. Vinyl Flooring available at competitive prices. Free UK delivery and expert advice. Order free samples today.,active
safety-flooring-plus-nearly-black-2009,Safety Flooring Plus Nearly Black 2009,"<h2>Safety Flooring Plus Nearly Black 2009</h2><p>Presenting the <strong>Safety Flooring Plus Nearly Black 2009</strong> from Factory Direct Flooring in a stunning <strong>Black</strong> finish. This premium vinyl floor offers exceptional performance and outstanding value, combining total waterproof protection with stylish, realistic designs. The ideal choice for kitchens, bathrooms, hallways and any room where practicality is every bit as important as appearance and style.</p>
<h3>Key Highlights</h3><ul><li><strong>Fully Waterproof</strong> — 100% impervious to water, safe for bathrooms, kitchens and wet rooms</li><li><strong>Durable Wear Surface</strong> — resists everyday scratches, scuffs and heavy foot traffic</li><li><strong>Cushioned Backing</strong> — comfortable, warm and quiet underfoot</li><li><strong>Easy to Clean</strong> — resistant to most stains, simply sweep and mop</li><li><strong>Realistic Designs</strong> — high-definition printing creates convincing wood and stone effects</li><li><strong>Flexible Formats</strong> — sheet, tile and plank options available</li></ul>
<h3>Installation</h3><p>Can be laid loose, adhered with adhesive or as a click-lock floating floor depending on the product type. Subfloor must be clean, dry, smooth and free of contamination. Can be installed over existing smooth, well-bonded coverings. An expansion gap is required around the perimeter for floating installations.</p>
<h3>Care &amp; Maintenance</h3><p>Sweep or vacuum regularly with a soft brush. Mop with warm water and a mild pH-neutral floor cleaner. Avoid abrasive scrubbing pads and harsh chemical solvents. Vinyl is highly resistant to stains and bacteria — ideal for families and pet owners. Clean spills promptly.</p>
<h3>Why Factory Direct Flooring?</h3><p>We stock a huge range of vinyl flooring from top manufacturers at factory direct prices. Our knowledgeable team can help you find the perfect vinyl floor for your project. Free samples available, comprehensive technical advice and fast UK delivery on all orders.</p>",Factory Direct Flooring,,Vinyl Flooring,vinyl-flooring,TRUE,Title,Default Title,31394,0,shopify,100,deny,manual,29.18,29.18,TRUE,TRUE,,,Safety Flooring Plus Nearly Black 2009,Safety Flooring Plus Nearly Black 2009 | Factory Direct Flooring,Buy Safety Flooring Plus Nearly Black 2009 at Factory Direct Flooring. Vinyl Flooring available at competitive prices. Free UK delivery and expert advice. Order free samples today.,active
polysafe-standard-nordic-grey-heavy-duty-safety-flooring,Polysafe Standard Nordic Grey Heavy Duty Safety Flooring,"<h2>Polysafe Standard Nordic Grey Heavy Duty Safety Flooring</h2><p>Presenting the <strong>Polysafe Standard Nordic Grey Heavy Duty Safety Flooring</strong> from Factory Direct Flooring in a stunning <strong>Grey</strong> finish. This premium vinyl floor offers exceptional performance and outstanding value, combining total waterproof protection with stylish, realistic designs. The ideal choice for kitchens, bathrooms, hallways and any room where practicality is every bit as important as appearance and style.</p>
<h3>Key Highlights</h3><ul><li><strong>Fully Waterproof</strong> — 100% impervious to water, safe for bathrooms, kitchens and wet rooms</li><li><strong>Durable Wear Surface</strong> — resists everyday scratches, scuffs and heavy foot traffic</li><li><strong>Cushioned Backing</strong> — comfortable, warm and quiet underfoot</li><li><strong>Easy to Clean</strong> — resistant to most stains, simply sweep and mop</li><li><strong>Realistic Designs</strong> — high-definition printing creates convincing wood and stone effects</li><li><strong>Flexible Formats</strong> — sheet, tile and plank options available</li></ul>
<h3>Installation</h3><p>Can be laid loose, adhered with adhesive or as a click-lock floating floor depending on the product type. Subfloor must be clean, dry, smooth and free of contamination. Can be installed over existing smooth, well-bonded coverings. An expansion gap is required around the perimeter for floating installations.</p>
<h3>Care &amp; Maintenance</h3><p>Sweep or vacuum regularly with a soft brush. Mop with warm water and a mild pH-neutral floor cleaner. Avoid abrasive scrubbing pads and harsh chemical solvents. Vinyl is highly resistant to stains and bacteria — ideal for families and pet owners. Clean spills promptly.</p>
<h3>Why Factory Direct Flooring?</h3><p>We stock a huge range of vinyl flooring from top manufacturers at factory direct prices. Our knowledgeable team can help you find the perfect vinyl floor for your project. Free samples available, comprehensive technical advice and fast UK delivery on all orders.</p>",Factory Direct Flooring,,Vinyl Flooring,vinyl-flooring,TRUE,Title,Default Title,31379,0,shopify,100,deny,manual,34.54,34.54,TRUE,TRUE,,,Polysafe Standard Nordic Grey Heavy Duty Safety Flooring,Polysafe Standard Nordic Grey Heavy Duty Safety Flooring | Factory Direct Flooring,Buy Polysafe Standard Nordic Grey Heavy Duty Safety Flooring at Factory Direct Flooring. Vinyl Flooring available at competitive prices. Free UK delivery and expert advice. Order free samples today.,active
contract-safe-vinyl-flooring-grey-690d-2mtr-wide,Contract Safe Vinyl Flooring Grey 690D 2mtr Wide,"<h2>Contract Safe Vinyl Flooring Grey 690D 2mtr Wide</h2><p>Presenting the <strong>Contract Safe Vinyl Flooring Grey 690D 2mtr Wide</strong> from Factory Direct Flooring in a stunning <strong>Grey</strong> finish. This premium vinyl floor offers exceptional performance and outstanding value, combining total waterproof protection with stylish, realistic designs. The ideal choice for kitchens, bathrooms, hallways and any room where practicality is every bit as important as appearance and style.</p>
<h3>Key Highlights</h3><ul><li><strong>Fully Waterproof</strong> — 100% impervious to water, safe for bathrooms, kitchens and wet rooms</li><li><strong>Durable Wear Surface</strong> — resists everyday scratches, scuffs and heavy foot traffic</li><li><strong>Cushioned Backing</strong> — comfortable, warm and quiet underfoot</li><li><strong>Easy to Clean</strong> — resistant to most stains, simply sweep and mop</li><li><strong>Realistic Designs</strong> — high-definition printing creates convincing wood and stone effects</li><li><strong>Flexible Formats</strong> — sheet, tile and plank options available</li></ul>
<h3>Installation</h3><p>Can be laid loose, adhered with adhesive or as a click-lock floating floor depending on the product type. Subfloor must be clean, dry, smooth and free of contamination. Can be installed over existing smooth, well-bonded coverings. An expansion gap is required around the perimeter for floating installations.</p>
<h3>Care &amp; Maintenance</h3><p>Sweep or vacuum regularly with a soft brush. Mop with warm water and a mild pH-neutral floor cleaner. Avoid abrasive scrubbing pads and harsh chemical solvents. Vinyl is highly resistant to stains and bacteria — ideal for families and pet owners. Clean spills promptly.</p>
<h3>Why Factory Direct Flooring?</h3><p>We stock a huge range of vinyl flooring from top manufacturers at factory direct prices. Our knowledgeable team can help you find the perfect vinyl floor for your project. Free samples available, comprehensive technical advice and fast UK delivery on all orders.</p>",Factory Direct Flooring,,Vinyl Flooring,vinyl-flooring,TRUE,Title,Default Title,65812ST,0,shopify,100,deny,manual,19.07,19.07,TRUE,TRUE,,,Contract Safe Vinyl Flooring Grey 690D 2mtr Wide,Contract Safe Vinyl Flooring Grey 690D 2mtr Wide | Factory Direct Flooring,Buy Contract Safe Vinyl Flooring Grey 690D 2mtr Wide at Factory Direct Flooring. Vinyl Flooring available at competitive prices. Free UK delivery and expert advice. Order free samples today.,active
contract-safe-vinyl-flooring-medium-grey-970m-2mtr-wide,Contract Safe Vinyl Flooring Medium Grey 970M 2mtr Wide,"<h2>Contract Safe Vinyl Flooring Medium Grey 970M 2mtr Wide</h2><p>Presenting the <strong>Contract Safe Vinyl Flooring Medium Grey 970M 2mtr Wide</strong> from Factory Direct Flooring in a stunning <strong>Grey</strong> finish. This premium vinyl floor offers exceptional performance and outstanding value, combining total waterproof protection with stylish, realistic designs. The ideal choice for kitchens, bathrooms, hallways and any room where practicality is every bit as important as appearance and style.</p>
<h3>Key Highlights</h3><ul><li><strong>Fully Waterproof</strong> — 100% impervious to water, safe for bathrooms, kitchens and wet rooms</li><li><strong>Durable Wear Surface</strong> — resists everyday scratches, scuffs and heavy foot traffic</li><li><strong>Cushioned Backing</strong> — comfortable, warm and quiet underfoot</li><li><strong>Easy to Clean</strong> — resistant to most stains, simply sweep and mop</li><li><strong>Realistic Designs</strong> — high-definition printing creates convincing wood and stone effects</li><li><strong>Flexible Formats</strong> — sheet, tile and plank options available</li></ul>
<h3>Installation</h3><p>Can be laid loose, adhered with adhesive or as a click-lock floating floor depending on the product type. Subfloor must be clean, dry, smooth and free of contamination. Can be installed over existing smooth, well-bonded coverings. An expansion gap is required around the perimeter for floating installations.</p>
<h3>Care &amp; Maintenance</h3><p>Sweep or vacuum regularly with a soft brush. Mop with warm water and a mild pH-neutral floor cleaner. Avoid abrasive scrubbing pads and harsh chemical solvents. Vinyl is highly resistant to stains and bacteria — ideal for families and pet owners. Clean spills promptly.</p>
<h3>Why Factory Direct Flooring?</h3><p>We stock a huge range of vinyl flooring from top manufacturers at factory direct prices. Our knowledgeable team can help you find the perfect vinyl floor for your project. Free samples available, comprehensive technical advice and fast UK delivery on all orders.</p>",Factory Direct Flooring,,Vinyl Flooring,vinyl-flooring,TRUE,Title,Default Title,65813ST,0,shopify,100,deny,manual,19.07,19.07,TRUE,TRUE,,,Contract Safe Vinyl Flooring Medium Grey 970M 2mtr Wide,Contract Safe Vinyl Flooring Medium Grey 970M 2mtr Wide | Factory Direct Flooring,Buy Contract Safe Vinyl Flooring Medium Grey 970M 2mtr Wide at Factory Direct Flooring. Vinyl Flooring available at competitive prices. Free UK delivery and expert advice. Order free samples today.,active
contract-safe-vinyl-flooring-storm-grey-109s-2mtr-wide,Contract Safe Vinyl Flooring Storm Grey 109S 2mtr Wide,"<h2>Contract Safe Vinyl Flooring Storm Grey 109S 2mtr Wide</h2><p>Presenting the <strong>Contract Safe Vinyl Flooring Storm Grey 109S 2mtr Wide</strong> from Factory Direct Flooring in a stunning <strong>Grey</strong> finish. This premium vinyl floor offers exceptional performance and outstanding value, combining total waterproof protection with stylish, realistic designs. The ideal choice for kitchens, bathrooms, hallways and any room where practicality is every bit as important as appearance and style.</p>
<h3>Key Highlights</h3><ul><li><strong>Fully Waterproof</strong> — 100% impervious to water, safe for bathrooms, kitchens and wet rooms</li><li><strong>Durable Wear Surface</strong> — resists everyday scratches, scuffs and heavy foot traffic</li><li><strong>Cushioned Backing</strong> — comfortable, warm and quiet underfoot</li><li><strong>Easy to Clean</strong> — resistant to most stains, simply sweep and mop</li><li><strong>Realistic Designs</strong> — high-definition printing creates convincing wood and stone effects</li><li><strong>Flexible Formats</strong> — sheet, tile and plank options available</li></ul>
<h3>Installation</h3><p>Can be laid loose, adhered with adhesive or as a click-lock floating floor depending on the product type. Subfloor must be clean, dry, smooth and free of contamination. Can be installed over existing smooth, well-bonded coverings. An expansion gap is required around the perimeter for floating installations.</p>
<h3>Care &amp; Maintenance</h3><p>Sweep or vacuum regularly with a soft brush. Mop with warm water and a mild pH-neutral floor cleaner. Avoid abrasive scrubbing pads and harsh chemical solvents. Vinyl is highly resistant to stains and bacteria — ideal for families and pet owners. Clean spills promptly.</p>
<h3>Why Factory Direct Flooring?</h3><p>We stock a huge range of vinyl flooring from top manufacturers at factory direct prices. Our knowledgeable team can help you find the perfect vinyl floor for your project. Free samples available, comprehensive technical advice and fast UK delivery on all orders.</p>",Factory Direct Flooring,,Vinyl Flooring,vinyl-flooring,TRUE,Title,Default Title,65934ST,0,shopify,100,deny,manual,19.07,19.07,TRUE,TRUE,,,Contract Safe Vinyl Flooring Storm Grey 109S 2mtr Wide,Contract Safe Vinyl Flooring Storm Grey 109S 2mtr Wide | Factory Direct Flooring,Buy Contract Safe Vinyl Flooring Storm Grey 109S 2mtr Wide at Factory Direct Flooring. Vinyl Flooring available at competitive prices. Free UK delivery and expert advice. Order free samples today.,active
plain-colours-solid-white-000s-vinyl-flooring,Plain Colours Solid White 000S Vinyl Flooring,"<h2>Plain Colours Solid White 000S Vinyl Flooring</h2><p>Presenting the <strong>Plain Colours Solid White 000S Vinyl Flooring</strong> from Factory Direct Flooring in a stunning <strong>White</strong> finish. This premium vinyl floor offers exceptional performance and outstanding value, combining total waterproof protection with stylish, realistic designs. The ideal choice for kitchens, bathrooms, hallways and any room where practicality is every bit as important as appearance and style.</p>
<h3>Key Highlights</h3><ul><li><strong>Fully Waterproof</strong> — 100% impervious to water, safe for bathrooms, kitchens and wet rooms</li><li><strong>Durable Wear Surface</strong> — resists everyday scratches, scuffs and heavy foot traffic</li><li><strong>Cushioned Backing</strong> — comfortable, warm and quiet underfoot</li><li><strong>Easy to Clean</strong> — resistant to most stains, simply sweep and mop</li><li><strong>Realistic Designs</strong> — high-definition printing creates convincing wood and stone effects</li><li><strong>Flexible Formats</strong> — sheet, tile and plank options available</li></ul>
<h3>Installation</h3><p>Can be laid loose, adhered with adhesive or as a click-lock floating floor depending on the product type. Subfloor must be clean, dry, smooth and free of contamination. Can be installed over existing smooth, well-bonded coverings. An expansion gap is required around the perimeter for floating installations.</p>
<h3>Care &amp; Maintenance</h3><p>Sweep or vacuum regularly with a soft brush. Mop with warm water and a mild pH-neutral floor cleaner. Avoid abrasive scrubbing pads and harsh chemical solvents. Vinyl is highly resistant to stains and bacteria — ideal for families and pet owners. Clean spills promptly.</p>
<h3>Why Factory Direct Flooring?</h3><p>We stock a huge range of vinyl flooring from top manufacturers at factory direct prices. Our knowledgeable team can help you find the perfect vinyl floor for your project. Free samples available, comprehensive technical advice and fast UK delivery on all orders.</p>",Factory Direct Flooring,,Vinyl Flooring,vinyl-flooring,TRUE,Title,Default Title,67426ST,0,shopify,100,deny,manual,11.51,11.51,TRUE,TRUE,,,Plain Colours Solid White 000S Vinyl Flooring,Plain Colours Solid White 000S Vinyl Flooring | Factory Direct Flooring,Buy Plain Colours Solid White 000S Vinyl Flooring at Factory Direct Flooring. Vinyl Flooring available at competitive prices. Free UK delivery and expert advice. Order free samples today.,active
plain-colours-solid-grey-910m-vinyl-flooring,Plain Colours Solid Grey 910M Vinyl Flooring,"<h2>Plain Colours Solid Grey 910M Vinyl Flooring</h2><p>Presenting the <strong>Plain Colours Solid Grey 910M Vinyl Flooring</strong> from Factory Direct Flooring in a stunning <strong>Grey</strong> finish. This premium vinyl floor offers exceptional performance and outstanding value, combining total waterproof protection with stylish, realistic designs. The ideal choice for kitchens, bathrooms, hallways and any room where practicality is every bit as important as appearance and style.</p>
<h3>Key Highlights</h3><ul><li><strong>Fully Waterproof</strong> — 100% impervious to water, safe for bathrooms, kitchens and wet rooms</li><li><strong>Durable Wear Surface</strong> — resists everyday scratches, scuffs and heavy foot traffic</li><li><strong>Cushioned Backing</strong> — comfortable, warm and quiet underfoot</li><li><strong>Easy to Clean</strong> — resistant to most stains, simply sweep and mop</li><li><strong>Realistic Designs</strong> — high-definition printing creates convincing wood and stone effects</li><li><strong>Flexible Formats</strong> — sheet, tile and plank options available</li></ul>
<h3>Installation</h3><p>Can be laid loose, adhered with adhesive or as a click-lock floating floor depending on the product type. Subfloor must be clean, dry, smooth and free of contamination. Can be installed over existing smooth, well-bonded coverings. An expansion gap is required around the perimeter for floating installations.</p>
<h3>Care &amp; Maintenance</h3><p>Sweep or vacuum regularly with a soft brush. Mop with warm water and a mild pH-neutral floor cleaner. Avoid abrasive scrubbing pads and harsh chemical solvents. Vinyl is highly resistant to stains and bacteria — ideal for families and pet owners. Clean spills promptly.</p>
<h3>Why Factory Direct Flooring?</h3><p>We stock a huge range of vinyl flooring from top manufacturers at factory direct prices. Our knowledgeable team can help you find the perfect vinyl floor for your project. Free samples available, comprehensive technical advice and fast UK delivery on all orders.</p>",Factory Direct Flooring,,Vinyl Flooring,vinyl-flooring,TRUE,Title,Default Title,67429ST,0,shopify,100,deny,manual,11.51,11.51,TRUE,TRUE,,,Plain Colours Solid Grey 910M Vinyl Flooring,Plain Colours Solid Grey 910M Vinyl Flooring | Factory Direct Flooring,Buy Plain Colours Solid Grey 910M Vinyl Flooring at Factory Direct Flooring. Vinyl Flooring available at competitive prices. Free UK delivery and expert advice. Order free samples today.,active
ultrafelt-vinyl-flooring-light-oak-plank,Ultrafelt Vinyl Flooring Light Oak Plank,"<h2>Ultrafelt Vinyl Flooring Light Oak Plank</h2><p>Presenting the <strong>Ultrafelt Vinyl Flooring Light Oak Plank</strong> from Factory Direct Flooring in a stunning <strong>Oak</strong> finish. This premium vinyl floor offers exceptional performance and outstanding value, combining total waterproof protection with stylish, realistic designs. The ideal choice for kitchens, bathrooms, hallways and any room where practicality is every bit as important as appearance and style.</p>
<h3>Key Highlights</h3><ul><li><strong>Fully Waterproof</strong> — 100% impervious to water, safe for bathrooms, kitchens and wet rooms</li><li><strong>Durable Wear Surface</strong> — resists everyday scratches, scuffs and heavy foot traffic</li><li><strong>Cushioned Backing</strong> — comfortable, warm and quiet underfoot</li><li><strong>Easy to Clean</strong> — resistant to most stains, simply sweep and mop</li><li><strong>Realistic Designs</strong> — high-definition printing creates convincing wood and stone effects</li><li><strong>Flexible Formats</strong> — sheet, tile and plank options available</li></ul>
<h3>Installation</h3><p>Can be laid loose, adhered with adhesive or as a click-lock floating floor depending on the product type. Subfloor must be clean, dry, smooth and free of contamination. Can be installed over existing smooth, well-bonded coverings. An expansion gap is required around the perimeter for floating installations.</p>
<h3>Care &amp; Maintenance</h3><p>Sweep or vacuum regularly with a soft brush. Mop with warm water and a mild pH-neutral floor cleaner. Avoid abrasive scrubbing pads and harsh chemical solvents. Vinyl is highly resistant to stains and bacteria — ideal for families and pet owners. Clean spills promptly.</p>
<h3>Why Factory Direct Flooring?</h3><p>We stock a huge range of vinyl flooring from top manufacturers at factory direct prices. Our knowledgeable team can help you find the perfect vinyl floor for your project. Free samples available, comprehensive technical advice and fast UK delivery on all orders.</p>",Factory Direct Flooring,,Vinyl Flooring,vinyl-flooring,TRUE,Title,Default Title,67889ST,0,shopify,100,deny,manual,17.87,17.87,TRUE,TRUE,,,Ultrafelt Vinyl Flooring Light Oak Plank,Ultrafelt Vinyl Flooring Light Oak Plank | Factory Direct Flooring,Buy Ultrafelt Vinyl Flooring Light Oak Plank at Factory Direct Flooring. Vinyl Flooring available at competitive prices. Free UK delivery and expert advice. Order free samples today.,active
ultrafelt-vinyl-flooring-smoked-oak-plank,Ultrafelt Vinyl Flooring Smoked Oak Plank,"<h2>Ultrafelt Vinyl Flooring Smoked Oak Plank</h2><p>Presenting the <strong>Ultrafelt Vinyl Flooring Smoked Oak Plank</strong> from Factory Direct Flooring in a stunning <strong>Oak</strong> finish. This premium vinyl floor offers exceptional performance and outstanding value, combining total waterproof protection with stylish, realistic designs. The ideal choice for kitchens, bathrooms, hallways and any room where practicality is every bit as important as appearance and style.</p>
<h3>Key Highlights</h3><ul><li><strong>Fully Waterproof</strong> — 100% impervious to water, safe for bathrooms, kitchens and wet rooms</li><li><strong>Durable Wear Surface</strong> — resists everyday scratches, scuffs and heavy foot traffic</li><li><strong>Cushioned Backing</strong> — comfortable, warm and quiet underfoot</li><li><strong>Easy to Clean</strong> — resistant to most stains, simply sweep and mop</li><li><strong>Realistic Designs</strong> — high-definition printing creates convincing wood and stone effects</li><li><strong>Flexible Formats</strong> — sheet, tile and plank options available</li></ul>
<h3>Installation</h3><p>Can be laid loose, adhered with adhesive or as a click-lock floating floor depending on the product type. Subfloor must be clean, dry, smooth and free of contamination. Can be installed over existing smooth, well-bonded coverings. An expansion gap is required around the perimeter for floating installations.</p>
<h3>Care &amp; Maintenance</h3><p>Sweep or vacuum regularly with a soft brush. Mop with warm water and a mild pH-neutral floor cleaner. Avoid abrasive scrubbing pads and harsh chemical solvents. Vinyl is highly resistant to stains and bacteria — ideal for families and pet owners. Clean spills promptly.</p>
<h3>Why Factory Direct Flooring?</h3><p>We stock a huge range of vinyl flooring from top manufacturers at factory direct prices. Our knowledgeable team can help you find the perfect vinyl floor for your project. Free samples available, comprehensive technical advice and fast UK delivery on all orders.</p>",Factory Direct Flooring,,Vinyl Flooring,vinyl-flooring,TRUE,Title,Default Title,67890ST,0,shopify,100,deny,manual,17.87,17.87,TRUE,TRUE,,,Ultrafelt Vinyl Flooring Smoked Oak Plank,Ultrafelt Vinyl Flooring Smoked Oak Plank | Factory Direct Flooring,Buy Ultrafelt Vinyl Flooring Smoked Oak Plank at Factory Direct Flooring. Vinyl Flooring available at competitive prices. Free UK delivery and expert advice. Order free samples today.,active
ultrafelt-vinyl-flooring-steel-grey-oak,Ultrafelt Vinyl Flooring Steel Grey Oak,"<h2>Ultrafelt Vinyl Flooring Steel Grey Oak</h2><p>Presenting the <strong>Ultrafelt Vinyl Flooring Steel Grey Oak</strong> from Factory Direct Flooring in a stunning <strong>Oak</strong> finish. This premium vinyl floor offers exceptional performance and outstanding value, combining total waterproof protection with stylish, realistic designs. The ideal choice for kitchens, bathrooms, hallways and any room where practicality is every bit as important as appearance and style.</p>
<h3>Key Highlights</h3><ul><li><strong>Fully Waterproof</strong> — 100% impervious to water, safe for bathrooms, kitchens and wet rooms</li><li><strong>Durable Wear Surface</strong> — resists everyday scratches, scuffs and heavy foot traffic</li><li><strong>Cushioned Backing</strong> — comfortable, warm and quiet underfoot</li><li><strong>Easy to Clean</strong> — resistant to most stains, simply sweep and mop</li><li><strong>Realistic Designs</strong> — high-definition printing creates convincing wood and stone effects</li><li><strong>Flexible Formats</strong> — sheet, tile and plank options available</li></ul>
<h3>Installation</h3><p>Can be laid loose, adhered with adhesive or as a click-lock floating floor depending on the product type. Subfloor must be clean, dry, smooth and free of contamination. Can be installed over existing smooth, well-bonded coverings. An expansion gap is required around the perimeter for floating installations.</p>
<h3>Care &amp; Maintenance</h3><p>Sweep or vacuum regularly with a soft brush. Mop with warm water and a mild pH-neutral floor cleaner. Avoid abrasive scrubbing pads and harsh chemical solvents. Vinyl is highly resistant to stains and bacteria — ideal for families and pet owners. Clean spills promptly.</p>
<h3>Why Factory Direct Flooring?</h3><p>We stock a huge range of vinyl flooring from top manufacturers at factory direct prices. Our knowledgeable team can help you find the perfect vinyl floor for your project. Free samples available, comprehensive technical advice and fast UK delivery on all orders.</p>",Factory Direct Flooring,,Vinyl Flooring,vinyl-flooring,TRUE,Title,Default Title,67891ST,0,shopify,100,deny,manual,17.87,17.87,TRUE,TRUE,,,Ultrafelt Vinyl Flooring Steel Grey Oak,Ultrafelt Vinyl Flooring Steel Grey Oak | Factory Direct Flooring,Buy Ultrafelt Vinyl Flooring Steel Grey Oak at Factory Direct Flooring. Vinyl Flooring available at competitive prices. Free UK delivery and expert advice. Order free samples today.,active
ultrafelt-vinyl-flooring-aged-parquet-oak,Ultrafelt Vinyl Flooring Aged Parquet Oak,"<h2>Ultrafelt Vinyl Flooring Aged Parquet Oak</h2><p>Presenting the <strong>Ultrafelt Vinyl Flooring Aged Parquet Oak</strong> from Factory Direct Flooring in a stunning <strong>Oak</strong> finish. This premium vinyl floor offers exceptional performance and outstanding value, combining total waterproof protection with stylish, realistic designs. The ideal choice for kitchens, bathrooms, hallways and any room where practicality is every bit as important as appearance and style.</p>
<h3>Key Highlights</h3><ul><li><strong>Fully Waterproof</strong> — 100% impervious to water, safe for bathrooms, kitchens and wet rooms</li><li><strong>Durable Wear Surface</strong> — resists everyday scratches, scuffs and heavy foot traffic</li><li><strong>Cushioned Backing</strong> — comfortable, warm and quiet underfoot</li><li><strong>Easy to Clean</strong> — resistant to most stains, simply sweep and mop</li><li><strong>Realistic Designs</strong> — high-definition printing creates convincing wood and stone effects</li><li><strong>Flexible Formats</strong> — sheet, tile and plank options available</li></ul>
<h3>Installation</h3><p>Can be laid loose, adhered with adhesive or as a click-lock floating floor depending on the product type. Subfloor must be clean, dry, smooth and free of contamination. Can be installed over existing smooth, well-bonded coverings. An expansion gap is required around the perimeter for floating installations.</p>
<h3>Care &amp; Maintenance</h3><p>Sweep or vacuum regularly with a soft brush. Mop with warm water and a mild pH-neutral floor cleaner. Avoid abrasive scrubbing pads and harsh chemical solvents. Vinyl is highly resistant to stains and bacteria — ideal for families and pet owners. Clean spills promptly.</p>
<h3>Why Factory Direct Flooring?</h3><p>We stock a huge range of vinyl flooring from top manufacturers at factory direct prices. Our knowledgeable team can help you find the perfect vinyl floor for your project. Free samples available, comprehensive technical advice and fast UK delivery on all orders.</p>",Factory Direct Flooring,,Vinyl Flooring,vinyl-flooring,TRUE,Title,Default Title,67894ST,0,shopify,100,deny,manual,17.87,17.87,TRUE,TRUE,,,Ultrafelt Vinyl Flooring Aged Parquet Oak,Ultrafelt Vinyl Flooring Aged Parquet Oak | Factory Direct Flooring,Buy Ultrafelt Vinyl Flooring Aged Parquet Oak at Factory Direct Flooring. Vinyl Flooring available at competitive prices. Free UK delivery and expert advice. Order free samples today.,active
plain-colours-solid-black-999e-vinyl-flooring,Plain Colours Solid Black 999E Vinyl Flooring,"<h2>Plain Colours Solid Black 999E Vinyl Flooring</h2><p>Presenting the <strong>Plain Colours Solid Black 999E Vinyl Flooring</strong> from Factory Direct Flooring in a stunning <strong>Black</strong> finish. This premium vinyl floor offers exceptional performance and outstanding value, combining total waterproof protection with stylish, realistic designs. The ideal choice for kitchens, bathrooms, hallways and any room where practicality is every bit as important as appearance and style.</p>
<h3>Key Highlights</h3><ul><li><strong>Fully Waterproof</strong> — 100% impervious to water, safe for bathrooms, kitchens and wet rooms</li><li><strong>Durable Wear Surface</strong> — resists everyday scratches, scuffs and heavy foot traffic</li><li><strong>Cushioned Backing</strong> — comfortable, warm and quiet underfoot</li><li><strong>Easy to Clean</strong> — resistant to most stains, simply sweep and mop</li><li><strong>Realistic Designs</strong> — high-definition printing creates convincing wood and stone effects</li><li><strong>Flexible Formats</strong> — sheet, tile and plank options available</li></ul>
<h3>Installation</h3><p>Can be laid loose, adhered with adhesive or as a click-lock floating floor depending on the product type. Subfloor must be clean, dry, smooth and free of contamination. Can be installed over existing smooth, well-bonded coverings. An expansion gap is required around the perimeter for floating installations.</p>
<h3>Care &amp; Maintenance</h3><p>Sweep or vacuum regularly with a soft brush. Mop with warm water and a mild pH-neutral floor cleaner. Avoid abrasive scrubbing pads and harsh chemical solvents. Vinyl is highly resistant to stains and bacteria — ideal for families and pet owners. Clean spills promptly.</p>
<h3>Why Factory Direct Flooring?</h3><p>We stock a huge range of vinyl flooring from top manufacturers at factory direct prices. Our knowledgeable team can help you find the perfect vinyl floor for your project. Free samples available, comprehensive technical advice and fast UK delivery on all orders.</p>",Factory Direct Flooring,,Vinyl Flooring,vinyl-flooring,TRUE,Title,Default Title,68135ST,0,shopify,100,deny,manual,11.51,11.51,TRUE,TRUE,,,Plain Colours Solid Black 999E Vinyl Flooring,Plain Colours Solid Black 999E Vinyl Flooring | Factory Direct Flooring,Buy Plain Colours Solid Black 999E Vinyl Flooring at Factory Direct Flooring. Vinyl Flooring available at competitive prices. Free UK delivery and expert advice. Order free samples today.,active
plain-colours-solid-dark-grey-919d-vinyl-flooring,Plain Colours Solid Dark Grey 919D Vinyl Flooring,"<h2>Plain Colours Solid Dark Grey 919D Vinyl Flooring</h2><p>Presenting the <strong>Plain Colours Solid Dark Grey 919D Vinyl Flooring</strong> from Factory Direct Flooring in a stunning <strong>Grey</strong> finish. This premium vinyl floor offers exceptional performance and outstanding value, combining total waterproof protection with stylish, realistic designs. The ideal choice for kitchens, bathrooms, hallways and any room where practicality is every bit as important as appearance and style.</p>
<h3>Key Highlights</h3><ul><li><strong>Fully Waterproof</strong> — 100% impervious to water, safe for bathrooms, kitchens and wet rooms</li><li><strong>Durable Wear Surface</strong> — resists everyday scratches, scuffs and heavy foot traffic</li><li><strong>Cushioned Backing</strong> — comfortable, warm and quiet underfoot</li><li><strong>Easy to Clean</strong> — resistant to most stains, simply sweep and mop</li><li><strong>Realistic Designs</strong> — high-definition printing creates convincing wood and stone effects</li><li><strong>Flexible Formats</strong> — sheet, tile and plank options available</li></ul>
<h3>Installation</h3><p>Can be laid loose, adhered with adhesive or as a click-lock floating floor depending on the product type. Subfloor must be clean, dry, smooth and free of contamination. Can be installed over existing smooth, well-bonded coverings. An expansion gap is required around the perimeter for floating installations.</p>
<h3>Care &amp; Maintenance</h3><p>Sweep or vacuum regularly with a soft brush. Mop with warm water and a mild pH-neutral floor cleaner. Avoid abrasive scrubbing pads and harsh chemical solvents. Vinyl is highly resistant to stains and bacteria — ideal for families and pet owners. Clean spills promptly.</p>
<h3>Why Factory Direct Flooring?</h3><p>We stock a huge range of vinyl flooring from top manufacturers at factory direct prices. Our knowledgeable team can help you find the perfect vinyl floor for your project. Free samples available, comprehensive technical advice and fast UK delivery on all orders.</p>",Factory Direct Flooring,,Vinyl Flooring,vinyl-flooring,TRUE,Title,Default Title,68196ST,0,shopify,100,deny,manual,11.51,11.51,TRUE,TRUE,,,Plain Colours Solid Dark Grey 919D Vinyl Flooring,Plain Colours Solid Dark Grey 919D Vinyl Flooring | Factory Direct Flooring,Buy Plain Colours Solid Dark Grey 919D Vinyl Flooring at Factory Direct Flooring. Vinyl Flooring available at competitive prices. Free UK delivery and expert advice. Order free samples today.,active
ecostep-vinyl-flooring-black-white-019d,Ecostep Vinyl Flooring Black White 019D,"<h2>Ecostep Vinyl Flooring Black White 019D</h2><p>Presenting the <strong>Ecostep Vinyl Flooring Black White 019D</strong> from Factory Direct Flooring in a stunning <strong>White</strong> finish. This premium vinyl floor offers exceptional performance and outstanding value, combining total waterproof protection with stylish, realistic designs. The ideal choice for kitchens, bathrooms, hallways and any room where practicality is every bit as important as appearance and style.</p>
<h3>Key Highlights</h3><ul><li><strong>Fully Waterproof</strong> — 100% impervious to water, safe for bathrooms, kitchens and wet rooms</li><li><strong>Durable Wear Surface</strong> — resists everyday scratches, scuffs and heavy foot traffic</li><li><strong>Cushioned Backing</strong> — comfortable, warm and quiet underfoot</li><li><strong>Easy to Clean</strong> — resistant to most stains, simply sweep and mop</li><li><strong>Realistic Designs</strong> — high-definition printing creates convincing wood and stone effects</li><li><strong>Flexible Formats</strong> — sheet, tile and plank options available</li></ul>
<h3>Installation</h3><p>Can be laid loose, adhered with adhesive or as a click-lock floating floor depending on the product type. Subfloor must be clean, dry, smooth and free of contamination. Can be installed over existing smooth, well-bonded coverings. An expansion gap is required around the perimeter for floating installations.</p>
<h3>Care &amp; Maintenance</h3><p>Sweep or vacuum regularly with a soft brush. Mop with warm water and a mild pH-neutral floor cleaner. Avoid abrasive scrubbing pads and harsh chemical solvents. Vinyl is highly resistant to stains and bacteria — ideal for families and pet owners. Clean spills promptly.</p>
<h3>Why Factory Direct Flooring?</h3><p>We stock a huge range of vinyl flooring from top manufacturers at factory direct prices. Our knowledgeable team can help you find the perfect vinyl floor for your project. Free samples available, comprehensive technical advice and fast UK delivery on all orders.</p>",Factory Direct Flooring,,Vinyl Flooring,vinyl-flooring,TRUE,Title,Default Title,69295ST,0,shopify,100,deny,manual,10.79,10.79,TRUE,TRUE,,,Ecostep Vinyl Flooring Black White 019D,Ecostep Vinyl Flooring Black White 019D | Factory Direct Flooring,Buy Ecostep Vinyl Flooring Black White 019D at Factory Direct Flooring. Vinyl Flooring available at competitive prices. Free UK delivery and expert advice. Order free samples today.,active
ecostep-vinyl-flooring-golden-oak-006m,Ecostep Vinyl Flooring Golden Oak 006M,"<h2>Ecostep Vinyl Flooring Golden Oak 006M</h2><p>Presenting the <strong>Ecostep Vinyl Flooring Golden Oak 006M</strong> from Factory Direct Flooring in a stunning <strong>Oak</strong> finish. This premium vinyl floor offers exceptional performance and outstanding value, combining total waterproof protection with stylish, realistic designs. The ideal choice for kitchens, bathrooms, hallways and any room where practicality is every bit as important as appearance and style.</p>
<h3>Key Highlights</h3><ul><li><strong>Fully Waterproof</strong> — 100% impervious to water, safe for bathrooms, kitchens and wet rooms</li><li><strong>Durable Wear Surface</strong> — resists everyday scratches, scuffs and heavy foot traffic</li><li><strong>Cushioned Backing</strong> — comfortable, warm and quiet underfoot</li><li><strong>Easy to Clean</strong> — resistant to most stains, simply sweep and mop</li><li><strong>Realistic Designs</strong> — high-definition printing creates convincing wood and stone effects</li><li><strong>Flexible Formats</strong> — sheet, tile and plank options available</li></ul>
<h3>Installation</h3><p>Can be laid loose, adhered with adhesive or as a click-lock floating floor depending on the product type. Subfloor must be clean, dry, smooth and free of contamination. Can be installed over existing smooth, well-bonded coverings. An expansion gap is required around the perimeter for floating installations.</p>
<h3>Care &amp; Maintenance</h3><p>Sweep or vacuum regularly with a soft brush. Mop with warm water and a mild pH-neutral floor cleaner. Avoid abrasive scrubbing pads and harsh chemical solvents. Vinyl is highly resistant to stains and bacteria — ideal for families and pet owners. Clean spills promptly.</p>
<h3>Why Factory Direct Flooring?</h3><p>We stock a huge range of vinyl flooring from top manufacturers at factory direct prices. Our knowledgeable team can help you find the perfect vinyl floor for your project. Free samples available, comprehensive technical advice and fast UK delivery on all orders.</p>",Factory Direct Flooring,,Vinyl Flooring,vinyl-flooring,TRUE,Title,Default Title,69489ST,0,shopify,100,deny,manual,10.79,10.79,TRUE,TRUE,,,Ecostep Vinyl Flooring Golden Oak 006M,Ecostep Vinyl Flooring Golden Oak 006M | Factory Direct Flooring,Buy Ecostep Vinyl Flooring Golden Oak 006M at Factory Direct Flooring. Vinyl Flooring available at competitive prices. Free UK delivery and expert advice. Order free samples today.,active
ecostep-vinyl-flooring-grey-chic-977m,Ecostep Vinyl Flooring Grey Chic 977M,"<h2>Ecostep Vinyl Flooring Grey Chic 977M</h2><p>Presenting the <strong>Ecostep Vinyl Flooring Grey Chic 977M</strong> from Factory Direct Flooring in a stunning <strong>Grey</strong> finish. This premium vinyl floor offers exceptional performance and outstanding value, combining total waterproof protection with stylish, realistic designs. The ideal choice for kitchens, bathrooms, hallways and any room where practicality is every bit as important as appearance and style.</p>
<h3>Key Highlights</h3><ul><li><strong>Fully Waterproof</strong> — 100% impervious to water, safe for bathrooms, kitchens and wet rooms</li><li><strong>Durable Wear Surface</strong> — resists everyday scratches, scuffs and heavy foot traffic</li><li><strong>Cushioned Backing</strong> — comfortable, warm and quiet underfoot</li><li><strong>Easy to Clean</strong> — resistant to most stains, simply sweep and mop</li><li><strong>Realistic Designs</strong> — high-definition printing creates convincing wood and stone effects</li><li><strong>Flexible Formats</strong> — sheet, tile and plank options available</li></ul>
<h3>Installation</h3><p>Can be laid loose, adhered with adhesive or as a click-lock floating floor depending on the product type. Subfloor must be clean, dry, smooth and free of contamination. Can be installed over existing smooth, well-bonded coverings. An expansion gap is required around the perimeter for floating installations.</p>
<h3>Care &amp; Maintenance</h3><p>Sweep or vacuum regularly with a soft brush. Mop with warm water and a mild pH-neutral floor cleaner. Avoid abrasive scrubbing pads and harsh chemical solvents. Vinyl is highly resistant to stains and bacteria — ideal for families and pet owners. Clean spills promptly.</p>
<h3>Why Factory Direct Flooring?</h3><p>We stock a huge range of vinyl flooring from top manufacturers at factory direct prices. Our knowledgeable team can help you find the perfect vinyl floor for your project. Free samples available, comprehensive technical advice and fast UK delivery on all orders.</p>",Factory Direct Flooring,,Vinyl Flooring,vinyl-flooring,TRUE,Title,Default Title,69490ST,0,shopify,100,deny,manual,10.79,10.79,TRUE,TRUE,,,Ecostep Vinyl Flooring Grey Chic 977M,Ecostep Vinyl Flooring Grey Chic 977M | Factory Direct Flooring,Buy Ecostep Vinyl Flooring Grey Chic 977M at Factory Direct Flooring. Vinyl Flooring available at competitive prices. Free UK delivery and expert advice. Order free samples today.,active
ecostep-vinyl-flooring-storm-grey-991m,Ecostep Vinyl Flooring Storm Grey 991M,"<h2>Ecostep Vinyl Flooring Storm Grey 991M</h2><p>Presenting the <strong>Ecostep Vinyl Flooring Storm Grey 991M</strong> from Factory Direct Flooring in a stunning <strong>Grey</strong> finish. This premium vinyl floor offers exceptional performance and outstanding value, combining total waterproof protection with stylish, realistic designs. The ideal choice for kitchens, bathrooms, hallways and any room where practicality is every bit as important as appearance and style.</p>
<h3>Key Highlights</h3><ul><li><strong>Fully Waterproof</strong> — 100% impervious to water, safe for bathrooms, kitchens and wet rooms</li><li><strong>Durable Wear Surface</strong> — resists everyday scratches, scuffs and heavy foot traffic</li><li><strong>Cushioned Backing</strong> — comfortable, warm and quiet underfoot</li><li><strong>Easy to Clean</strong> — resistant to most stains, simply sweep and mop</li><li><strong>Realistic Designs</strong> — high-definition printing creates convincing wood and stone effects</li><li><strong>Flexible Formats</strong> — sheet, tile and plank options available</li></ul>
<h3>Installation</h3><p>Can be laid loose, adhered with adhesive or as a click-lock floating floor depending on the product type. Subfloor must be clean, dry, smooth and free of contamination. Can be installed over existing smooth, well-bonded coverings. An expansion gap is required around the perimeter for floating installations.</p>
<h3>Care &amp; Maintenance</h3><p>Sweep or vacuum regularly with a soft brush. Mop with warm water and a mild pH-neutral floor cleaner. Avoid abrasive scrubbing pads and harsh chemical solvents. Vinyl is highly resistant to stains and bacteria — ideal for families and pet owners. Clean spills promptly.</p>
<h3>Why Factory Direct Flooring?</h3><p>We stock a huge range of vinyl flooring from top manufacturers at factory direct prices. Our knowledgeable team can help you find the perfect vinyl floor for your project. Free samples available, comprehensive technical advice and fast UK delivery on all orders.</p>",Factory Direct Flooring,,Vinyl Flooring,vinyl-flooring,TRUE,Title,Default Title,69491ST,0,shopify,100,deny,manual,10.79,10.79,TRUE,TRUE,,,Ecostep Vinyl Flooring Storm Grey 991M,Ecostep Vinyl Flooring Storm Grey 991M | Factory Direct Flooring,Buy Ecostep Vinyl Flooring Storm Grey 991M at Factory Direct Flooring. Vinyl Flooring available at competitive prices. Free UK delivery and expert advice. Order free samples today.,active
ecostep-vinyl-flooring-urban-slate-909e,Ecostep Vinyl Flooring Urban Slate 909E,"<h2>Ecostep Vinyl Flooring Urban Slate 909E</h2><p>Presenting the <strong>Ecostep Vinyl Flooring Urban Slate 909E</strong> from Factory Direct Flooring in a stunning <strong>Slate</strong> finish. This premium vinyl floor offers exceptional performance and outstanding value, combining total waterproof protection with stylish, realistic designs. The ideal choice for kitchens, bathrooms, hallways and any room where practicality is every bit as important as appearance and style.</p>
<h3>Key Highlights</h3><ul><li><strong>Fully Waterproof</strong> — 100% impervious to water, safe for bathrooms, kitchens and wet rooms</li><li><strong>Durable Wear Surface</strong> — resists everyday scratches, scuffs and heavy foot traffic</li><li><strong>Cushioned Backing</strong> — comfortable, warm and quiet underfoot</li><li><strong>Easy to Clean</strong> — resistant to most stains, simply sweep and mop</li><li><strong>Realistic Designs</strong> — high-definition printing creates convincing wood and stone effects</li><li><strong>Flexible Formats</strong> — sheet, tile and plank options available</li></ul>
<h3>Installation</h3><p>Can be laid loose, adhered with adhesive or as a click-lock floating floor depending on the product type. Subfloor must be clean, dry, smooth and free of contamination. Can be installed over existing smooth, well-bonded coverings. An expansion gap is required around the perimeter for floating installations.</p>
<h3>Care &amp; Maintenance</h3><p>Sweep or vacuum regularly with a soft brush. Mop with warm water and a mild pH-neutral floor cleaner. Avoid abrasive scrubbing pads and harsh chemical solvents. Vinyl is highly resistant to stains and bacteria — ideal for families and pet owners. Clean spills promptly.</p>
<h3>Why Factory Direct Flooring?</h3><p>We stock a huge range of vinyl flooring from top manufacturers at factory direct prices. Our knowledgeable team can help you find the perfect vinyl floor for your project. Free samples available, comprehensive technical advice and fast UK delivery on all orders.</p>",Factory Direct Flooring,,Vinyl Flooring,vinyl-flooring,TRUE,Title,Default Title,69492ST,0,shopify,100,deny,manual,10.79,10.79,TRUE,TRUE,,,Ecostep Vinyl Flooring Urban Slate 909E,Ecostep Vinyl Flooring Urban Slate 909E | Factory Direct Flooring,Buy Ecostep Vinyl Flooring Urban Slate 909E at Factory Direct Flooring. Vinyl Flooring available at competitive prices. Free UK delivery and expert advice. Order free samples today.,active
ecostep-vinyl-flooring-mist-white-009s,Ecostep Vinyl Flooring Mist White 009S,"<h2>Ecostep Vinyl Flooring Mist White 009S</h2><p>Presenting the <strong>Ecostep Vinyl Flooring Mist White 009S</strong> from Factory Direct Flooring in a stunning <strong>White</strong> finish. This premium vinyl floor offers exceptional performance and outstanding value, combining total waterproof protection with stylish, realistic designs. The ideal choice for kitchens, bathrooms, hallways and any room where practicality is every bit as important as appearance and style.</p>
<h3>Key Highlights</h3><ul><li><strong>Fully Waterproof</strong> — 100% impervious to water, safe for bathrooms, kitchens and wet rooms</li><li><strong>Durable Wear Surface</strong> — resists everyday scratches, scuffs and heavy foot traffic</li><li><strong>Cushioned Backing</strong> — comfortable, warm and quiet underfoot</li><li><strong>Easy to Clean</strong> — resistant to most stains, simply sweep and mop</li><li><strong>Realistic Designs</strong> — high-definition printing creates convincing wood and stone effects</li><li><strong>Flexible Formats</strong> — sheet, tile and plank options available</li></ul>
<h3>Installation</h3><p>Can be laid loose, adhered with adhesive or as a click-lock floating floor depending on the product type. Subfloor must be clean, dry, smooth and free of contamination. Can be installed over existing smooth, well-bonded coverings. An expansion gap is required around the perimeter for floating installations.</p>
<h3>Care &amp; Maintenance</h3><p>Sweep or vacuum regularly with a soft brush. Mop with warm water and a mild pH-neutral floor cleaner. Avoid abrasive scrubbing pads and harsh chemical solvents. Vinyl is highly resistant to stains and bacteria — ideal for families and pet owners. Clean spills promptly.</p>
<h3>Why Factory Direct Flooring?</h3><p>We stock a huge range of vinyl flooring from top manufacturers at factory direct prices. Our knowledgeable team can help you find the perfect vinyl floor for your project. Free samples available, comprehensive technical advice and fast UK delivery on all orders.</p>",Factory Direct Flooring,,Vinyl Flooring,vinyl-flooring,TRUE,Title,Default Title,69493ST,0,shopify,100,deny,manual,10.79,10.79,TRUE,TRUE,,,Ecostep Vinyl Flooring Mist White 009S,Ecostep Vinyl Flooring Mist White 009S | Factory Direct Flooring,Buy Ecostep Vinyl Flooring Mist White 009S at Factory Direct Flooring. Vinyl Flooring available at competitive prices. Free UK delivery and expert advice. Order free samples today.,active
ecostep-vinyl-flooring-lime-oak-949m,Ecostep Vinyl Flooring Lime Oak 949M,"<h2>Ecostep Vinyl Flooring Lime Oak 949M</h2><p>Presenting the <strong>Ecostep Vinyl Flooring Lime Oak 949M</strong> from Factory Direct Flooring in a stunning <strong>Oak</strong> finish. This premium vinyl floor offers exceptional performance and outstanding value, combining total waterproof protection with stylish, realistic designs. The ideal choice for kitchens, bathrooms, hallways and any room where practicality is every bit as important as appearance and style.</p>
<h3>Key Highlights</h3><ul><li><strong>Fully Waterproof</strong> — 100% impervious to water, safe for bathrooms, kitchens and wet rooms</li><li><strong>Durable Wear Surface</strong> — resists everyday scratches, scuffs and heavy foot traffic</li><li><strong>Cushioned Backing</strong> — comfortable, warm and quiet underfoot</li><li><strong>Easy to Clean</strong> — resistant to most stains, simply sweep and mop</li><li><strong>Realistic Designs</strong> — high-definition printing creates convincing wood and stone effects</li><li><strong>Flexible Formats</strong> — sheet, tile and plank options available</li></ul>
<h3>Installation</h3><p>Can be laid loose, adhered with adhesive or as a click-lock floating floor depending on the product type. Subfloor must be clean, dry, smooth and free of contamination. Can be installed over existing smooth, well-bonded coverings. An expansion gap is required around the perimeter for floating installations.</p>
<h3>Care &amp; Maintenance</h3><p>Sweep or vacuum regularly with a soft brush. Mop with warm water and a mild pH-neutral floor cleaner. Avoid abrasive scrubbing pads and harsh chemical solvents. Vinyl is highly resistant to stains and bacteria — ideal for families and pet owners. Clean spills promptly.</p>
<h3>Why Factory Direct Flooring?</h3><p>We stock a huge range of vinyl flooring from top manufacturers at factory direct prices. Our knowledgeable team can help you find the perfect vinyl floor for your project. Free samples available, comprehensive technical advice and fast UK delivery on all orders.</p>",Factory Direct Flooring,,Vinyl Flooring,vinyl-flooring,TRUE,Title,Default Title,69494ST,0,shopify,100,deny,manual,10.79,10.79,TRUE,TRUE,,,Ecostep Vinyl Flooring Lime Oak 949M,Ecostep Vinyl Flooring Lime Oak 949M | Factory Direct Flooring,Buy Ecostep Vinyl Flooring Lime Oak 949M at Factory Direct Flooring. Vinyl Flooring available at competitive prices. Free UK delivery and expert advice. Order free samples today.,active
ecostep-vinyl-flooring-oak-havanna-613m,Ecostep Vinyl Flooring Oak Havanna 613M,"<h2>Ecostep Vinyl Flooring Oak Havanna 613M</h2><p>Presenting the <strong>Ecostep Vinyl Flooring Oak Havanna 613M</strong> from Factory Direct Flooring in a stunning <strong>Oak</strong> finish. This premium vinyl floor offers exceptional performance and outstanding value, combining total waterproof protection with stylish, realistic designs. The ideal choice for kitchens, bathrooms, hallways and any room where practicality is every bit as important as appearance and style.</p>
<h3>Key Highlights</h3><ul><li><strong>Fully Waterproof</strong> — 100% impervious to water, safe for bathrooms, kitchens and wet rooms</li><li><strong>Durable Wear Surface</strong> — resists everyday scratches, scuffs and heavy foot traffic</li><li><strong>Cushioned Backing</strong> — comfortable, warm and quiet underfoot</li><li><strong>Easy to Clean</strong> — resistant to most stains, simply sweep and mop</li><li><strong>Realistic Designs</strong> — high-definition printing creates convincing wood and stone effects</li><li><strong>Flexible Formats</strong> — sheet, tile and plank options available</li></ul>
<h3>Installation</h3><p>Can be laid loose, adhered with adhesive or as a click-lock floating floor depending on the product type. Subfloor must be clean, dry, smooth and free of contamination. Can be installed over existing smooth, well-bonded coverings. An expansion gap is required around the perimeter for floating installations.</p>
<h3>Care &amp; Maintenance</h3><p>Sweep or vacuum regularly with a soft brush. Mop with warm water and a mild pH-neutral floor cleaner. Avoid abrasive scrubbing pads and harsh chemical solvents. Vinyl is highly resistant to stains and bacteria — ideal for families and pet owners. Clean spills promptly.</p>
<h3>Why Factory Direct Flooring?</h3><p>We stock a huge range of vinyl flooring from top manufacturers at factory direct prices. Our knowledgeable team can help you find the perfect vinyl floor for your project. Free samples available, comprehensive technical advice and fast UK delivery on all orders.</p>",Factory Direct Flooring,,Vinyl Flooring,vinyl-flooring,TRUE,Title,Default Title,69495ST,0,shopify,100,deny,manual,10.79,10.79,TRUE,TRUE,,,Ecostep Vinyl Flooring Oak Havanna 613M,Ecostep Vinyl Flooring Oak Havanna 613M | Factory Direct Flooring,Buy Ecostep Vinyl Flooring Oak Havanna 613M at Factory Direct Flooring. Vinyl Flooring available at competitive prices. Free UK delivery and expert advice. Order free samples today.,active
ecostep-vinyl-flooring-rustic-oak-606m,Ecostep Vinyl Flooring Rustic Oak 606M,"<h2>Ecostep Vinyl Flooring Rustic Oak 606M</h2><p>Presenting the <strong>Ecostep Vinyl Flooring Rustic Oak 606M</strong> from Factory Direct Flooring in a stunning <strong>Oak</strong> finish. This premium vinyl floor offers exceptional performance and outstanding value, combining total waterproof protection with stylish, realistic designs. The ideal choice for kitchens, bathrooms, hallways and any room where practicality is every bit as important as appearance and style.</p>
<h3>Key Highlights</h3><ul><li><strong>Fully Waterproof</strong> — 100% impervious to water, safe for bathrooms, kitchens and wet rooms</li><li><strong>Durable Wear Surface</strong> — resists everyday scratches, scuffs and heavy foot traffic</li><li><strong>Cushioned Backing</strong> — comfortable, warm and quiet underfoot</li><li><strong>Easy to Clean</strong> — resistant to most stains, simply sweep and mop</li><li><strong>Realistic Designs</strong> — high-definition printing creates convincing wood and stone effects</li><li><strong>Flexible Formats</strong> — sheet, tile and plank options available</li></ul>
<h3>Installation</h3><p>Can be laid loose, adhered with adhesive or as a click-lock floating floor depending on the product type. Subfloor must be clean, dry, smooth and free of contamination. Can be installed over existing smooth, well-bonded coverings. An expansion gap is required around the perimeter for floating installations.</p>
<h3>Care &amp; Maintenance</h3><p>Sweep or vacuum regularly with a soft brush. Mop with warm water and a mild pH-neutral floor cleaner. Avoid abrasive scrubbing pads and harsh chemical solvents. Vinyl is highly resistant to stains and bacteria — ideal for families and pet owners. Clean spills promptly.</p>
<h3>Why Factory Direct Flooring?</h3><p>We stock a huge range of vinyl flooring from top manufacturers at factory direct prices. Our knowledgeable team can help you find the perfect vinyl floor for your project. Free samples available, comprehensive technical advice and fast UK delivery on all orders.</p>",Factory Direct Flooring,,Vinyl Flooring,vinyl-flooring,TRUE,Title,Default Title,69496ST,0,shopify,100,deny,manual,10.79,10.79,TRUE,TRUE,,,Ecostep Vinyl Flooring Rustic Oak 606M,Ecostep Vinyl Flooring Rustic Oak 606M | Factory Direct Flooring,Buy Ecostep Vinyl Flooring Rustic Oak 606M at Factory Direct Flooring. Vinyl Flooring available at competitive prices. Free UK delivery and expert advice. Order free samples today.,active
texstep-real-oak-621l-felt-back,Texstep Real Oak 621L Felt Back,"<h2>Texstep Real Oak 621L Felt Back</h2><p>Presenting the <strong>Texstep Real Oak 621L Felt Back</strong> from Factory Direct Flooring in a stunning <strong>Oak</strong> finish. This premium vinyl floor offers exceptional performance and outstanding value, combining total waterproof protection with stylish, realistic designs. The ideal choice for kitchens, bathrooms, hallways and any room where practicality is every bit as important as appearance and style.</p>
<h3>Key Highlights</h3><ul><li><strong>Fully Waterproof</strong> — 100% impervious to water, safe for bathrooms, kitchens and wet rooms</li><li><strong>Durable Wear Surface</strong> — resists everyday scratches, scuffs and heavy foot traffic</li><li><strong>Cushioned Backing</strong> — comfortable, warm and quiet underfoot</li><li><strong>Easy to Clean</strong> — resistant to most stains, simply sweep and mop</li><li><strong>Realistic Designs</strong> — high-definition printing creates convincing wood and stone effects</li><li><strong>Flexible Formats</strong> — sheet, tile and plank options available</li></ul>
<h3>Installation</h3><p>Can be laid loose, adhered with adhesive or as a click-lock floating floor depending on the product type. Subfloor must be clean, dry, smooth and free of contamination. Can be installed over existing smooth, well-bonded coverings. An expansion gap is required around the perimeter for floating installations.</p>
<h3>Care &amp; Maintenance</h3><p>Sweep or vacuum regularly with a soft brush. Mop with warm water and a mild pH-neutral floor cleaner. Avoid abrasive scrubbing pads and harsh chemical solvents. Vinyl is highly resistant to stains and bacteria — ideal for families and pet owners. Clean spills promptly.</p>
<h3>Why Factory Direct Flooring?</h3><p>We stock a huge range of vinyl flooring from top manufacturers at factory direct prices. Our knowledgeable team can help you find the perfect vinyl floor for your project. Free samples available, comprehensive technical advice and fast UK delivery on all orders.</p>",Factory Direct Flooring,,Vinyl Flooring,vinyl-flooring,TRUE,Title,Default Title,69500ST,0,shopify,100,deny,manual,14.03,14.03,TRUE,TRUE,,,Texstep Real Oak 621L Felt Back,Texstep Real Oak 621L Felt Back | Factory Direct Flooring,Buy Texstep Real Oak 621L Felt Back at Factory Direct Flooring. Vinyl Flooring available at competitive prices. Free UK delivery and expert advice. Order free samples today.,active
texstep-pure-grey-960m-felt-back,Texstep Pure Grey 960M Felt Back,"<h2>Texstep Pure Grey 960M Felt Back</h2><p>Presenting the <strong>Texstep Pure Grey 960M Felt Back</strong> from Factory Direct Flooring in a stunning <strong>Grey</strong> finish. This premium vinyl floor offers exceptional performance and outstanding value, combining total waterproof protection with stylish, realistic designs. The ideal choice for kitchens, bathrooms, hallways and any room where practicality is every bit as important as appearance and style.</p>
<h3>Key Highlights</h3><ul><li><strong>Fully Waterproof</strong> — 100% impervious to water, safe for bathrooms, kitchens and wet rooms</li><li><strong>Durable Wear Surface</strong> — resists everyday scratches, scuffs and heavy foot traffic</li><li><strong>Cushioned Backing</strong> — comfortable, warm and quiet underfoot</li><li><strong>Easy to Clean</strong> — resistant to most stains, simply sweep and mop</li><li><strong>Realistic Designs</strong> — high-definition printing creates convincing wood and stone effects</li><li><strong>Flexible Formats</strong> — sheet, tile and plank options available</li></ul>
<h3>Installation</h3><p>Can be laid loose, adhered with adhesive or as a click-lock floating floor depending on the product type. Subfloor must be clean, dry, smooth and free of contamination. Can be installed over existing smooth, well-bonded coverings. An expansion gap is required around the perimeter for floating installations.</p>
<h3>Care &amp; Maintenance</h3><p>Sweep or vacuum regularly with a soft brush. Mop with warm water and a mild pH-neutral floor cleaner. Avoid abrasive scrubbing pads and harsh chemical solvents. Vinyl is highly resistant to stains and bacteria — ideal for families and pet owners. Clean spills promptly.</p>
<h3>Why Factory Direct Flooring?</h3><p>We stock a huge range of vinyl flooring from top manufacturers at factory direct prices. Our knowledgeable team can help you find the perfect vinyl floor for your project. Free samples available, comprehensive technical advice and fast UK delivery on all orders.</p>",Factory Direct Flooring,,Vinyl Flooring,vinyl-flooring,TRUE,Title,Default Title,69506ST,0,shopify,100,deny,manual,14.03,14.03,TRUE,TRUE,,,Texstep Pure Grey 960M Felt Back,Texstep Pure Grey 960M Felt Back | Factory Direct Flooring,Buy Texstep Pure Grey 960M Felt Back at Factory Direct Flooring. Vinyl Flooring available at competitive prices. Free UK delivery and expert advice. Order free samples today.,active
texstep-cloud-oak-019s-felt-back,Texstep Cloud Oak 019S Felt Back,"<h2>Texstep Cloud Oak 019S Felt Back</h2><p>Presenting the <strong>Texstep Cloud Oak 019S Felt Back</strong> from Factory Direct Flooring in a stunning <strong>Oak</strong> finish. This premium vinyl floor offers exceptional performance and outstanding value, combining total waterproof protection with stylish, realistic designs. The ideal choice for kitchens, bathrooms, hallways and any room where practicality is every bit as important as appearance and style.</p>
<h3>Key Highlights</h3><ul><li><strong>Fully Waterproof</strong> — 100% impervious to water, safe for bathrooms, kitchens and wet rooms</li><li><strong>Durable Wear Surface</strong> — resists everyday scratches, scuffs and heavy foot traffic</li><li><strong>Cushioned Backing</strong> — comfortable, warm and quiet underfoot</li><li><strong>Easy to Clean</strong> — resistant to most stains, simply sweep and mop</li><li><strong>Realistic Designs</strong> — high-definition printing creates convincing wood and stone effects</li><li><strong>Flexible Formats</strong> — sheet, tile and plank options available</li></ul>
<h3>Installation</h3><p>Can be laid loose, adhered with adhesive or as a click-lock floating floor depending on the product type. Subfloor must be clean, dry, smooth and free of contamination. Can be installed over existing smooth, well-bonded coverings. An expansion gap is required around the perimeter for floating installations.</p>
<h3>Care &amp; Maintenance</h3><p>Sweep or vacuum regularly with a soft brush. Mop with warm water and a mild pH-neutral floor cleaner. Avoid abrasive scrubbing pads and harsh chemical solvents. Vinyl is highly resistant to stains and bacteria — ideal for families and pet owners. Clean spills promptly.</p>
<h3>Why Factory Direct Flooring?</h3><p>We stock a huge range of vinyl flooring from top manufacturers at factory direct prices. Our knowledgeable team can help you find the perfect vinyl floor for your project. Free samples available, comprehensive technical advice and fast UK delivery on all orders.</p>",Factory Direct Flooring,,Vinyl Flooring,vinyl-flooring,TRUE,Title,Default Title,69507ST,0,shopify,100,deny,manual,14.03,14.03,TRUE,TRUE,,,Texstep Cloud Oak 019S Felt Back,Texstep Cloud Oak 019S Felt Back | Factory Direct Flooring,Buy Texstep Cloud Oak 019S Felt Back at Factory Direct Flooring. Vinyl Flooring available at competitive prices. Free UK delivery and expert advice. Order free samples today.,active
texstep-white-haze-010l-felt-back,Texstep White Haze 010L Felt Back,"<h2>Texstep White Haze 010L Felt Back</h2><p>Presenting the <strong>Texstep White Haze 010L Felt Back</strong> from Factory Direct Flooring in a stunning <strong>White</strong> finish. This premium vinyl floor offers exceptional performance and outstanding value, combining total waterproof protection with stylish, realistic designs. The ideal choice for kitchens, bathrooms, hallways and any room where practicality is every bit as important as appearance and style.</p>
<h3>Key Highlights</h3><ul><li><strong>Fully Waterproof</strong> — 100% impervious to water, safe for bathrooms, kitchens and wet rooms</li><li><strong>Durable Wear Surface</strong> — resists everyday scratches, scuffs and heavy foot traffic</li><li><strong>Cushioned Backing</strong> — comfortable, warm and quiet underfoot</li><li><strong>Easy to Clean</strong> — resistant to most stains, simply sweep and mop</li><li><strong>Realistic Designs</strong> — high-definition printing creates convincing wood and stone effects</li><li><strong>Flexible Formats</strong> — sheet, tile and plank options available</li></ul>
<h3>Installation</h3><p>Can be laid loose, adhered with adhesive or as a click-lock floating floor depending on the product type. Subfloor must be clean, dry, smooth and free of contamination. Can be installed over existing smooth, well-bonded coverings. An expansion gap is required around the perimeter for floating installations.</p>
<h3>Care &amp; Maintenance</h3><p>Sweep or vacuum regularly with a soft brush. Mop with warm water and a mild pH-neutral floor cleaner. Avoid abrasive scrubbing pads and harsh chemical solvents. Vinyl is highly resistant to stains and bacteria — ideal for families and pet owners. Clean spills promptly.</p>
<h3>Why Factory Direct Flooring?</h3><p>We stock a huge range of vinyl flooring from top manufacturers at factory direct prices. Our knowledgeable team can help you find the perfect vinyl floor for your project. Free samples available, comprehensive technical advice and fast UK delivery on all orders.</p>",Factory Direct Flooring,,Vinyl Flooring,vinyl-flooring,TRUE,Title,Default Title,69510ST,0,shopify,100,deny,manual,14.03,14.03,TRUE,TRUE,,,Texstep White Haze 010L Felt Back,Texstep White Haze 010L Felt Back | Factory Direct Flooring,Buy Texstep White Haze 010L Felt Back at Factory Direct Flooring. Vinyl Flooring available at competitive prices. Free UK delivery and expert advice. Order free samples today.,active
texstep-concrete-dark-996d-felt-back,Texstep Concrete Dark 996D Felt Back,"<h2>Texstep Concrete Dark 996D Felt Back</h2><p>Presenting the <strong>Texstep Concrete Dark 996D Felt Back</strong> from Factory Direct Flooring in a stunning <strong>Concrete</strong> finish. This premium vinyl floor offers exceptional performance and outstanding value, combining total waterproof protection with stylish, realistic designs. The ideal choice for kitchens, bathrooms, hallways and any room where practicality is every bit as important as appearance and style.</p>
<h3>Key Highlights</h3><ul><li><strong>Fully Waterproof</strong> — 100% impervious to water, safe for bathrooms, kitchens and wet rooms</li><li><strong>Durable Wear Surface</strong> — resists everyday scratches, scuffs and heavy foot traffic</li><li><strong>Cushioned Backing</strong> — comfortable, warm and quiet underfoot</li><li><strong>Easy to Clean</strong> — resistant to most stains, simply sweep and mop</li><li><strong>Realistic Designs</strong> — high-definition printing creates convincing wood and stone effects</li><li><strong>Flexible Formats</strong> — sheet, tile and plank options available</li></ul>
<h3>Installation</h3><p>Can be laid loose, adhered with adhesive or as a click-lock floating floor depending on the product type. Subfloor must be clean, dry, smooth and free of contamination. Can be installed over existing smooth, well-bonded coverings. An expansion gap is required around the perimeter for floating installations.</p>
<h3>Care &amp; Maintenance</h3><p>Sweep or vacuum regularly with a soft brush. Mop with warm water and a mild pH-neutral floor cleaner. Avoid abrasive scrubbing pads and harsh chemical solvents. Vinyl is highly resistant to stains and bacteria — ideal for families and pet owners. Clean spills promptly.</p>
<h3>Why Factory Direct Flooring?</h3><p>We stock a huge range of vinyl flooring from top manufacturers at factory direct prices. Our knowledgeable team can help you find the perfect vinyl floor for your project. Free samples available, comprehensive technical advice and fast UK delivery on all orders.</p>",Factory Direct Flooring,,Vinyl Flooring,vinyl-flooring,TRUE,Title,Default Title,69512ST,0,shopify,100,deny,manual,14.03,14.03,TRUE,TRUE,,,Texstep Concrete Dark 996D Felt Back,Texstep Concrete Dark 996D Felt Back | Factory Direct Flooring,Buy Texstep Concrete Dark 996D Felt Back at Factory Direct Flooring. Vinyl Flooring available at competitive prices. Free UK delivery and expert advice. Order free samples today.,active
texstep-concrete-light-979m-felt-back,Texstep Concrete Light 979M Felt Back,"<h2>Texstep Concrete Light 979M Felt Back</h2><p>Presenting the <strong>Texstep Concrete Light 979M Felt Back</strong> from Factory Direct Flooring in a stunning <strong>Concrete</strong> finish. This premium vinyl floor offers exceptional performance and outstanding value, combining total waterproof protection with stylish, realistic designs. The ideal choice for kitchens, bathrooms, hallways and any room where practicality is every bit as important as appearance and style.</p>
<h3>Key Highlights</h3><ul><li><strong>Fully Waterproof</strong> — 100% impervious to water, safe for bathrooms, kitchens and wet rooms</li><li><strong>Durable Wear Surface</strong> — resists everyday scratches, scuffs and heavy foot traffic</li><li><strong>Cushioned Backing</strong> — comfortable, warm and quiet underfoot</li><li><strong>Easy to Clean</strong> — resistant to most stains, simply sweep and mop</li><li><strong>Realistic Designs</strong> — high-definition printing creates convincing wood and stone effects</li><li><strong>Flexible Formats</strong> — sheet, tile and plank options available</li></ul>
<h3>Installation</h3><p>Can be laid loose, adhered with adhesive or as a click-lock floating floor depending on the product type. Subfloor must be clean, dry, smooth and free of contamination. Can be installed over existing smooth, well-bonded coverings. An expansion gap is required around the perimeter for floating installations.</p>
<h3>Care &amp; Maintenance</h3><p>Sweep or vacuum regularly with a soft brush. Mop with warm water and a mild pH-neutral floor cleaner. Avoid abrasive scrubbing pads and harsh chemical solvents. Vinyl is highly resistant to stains and bacteria — ideal for families and pet owners. Clean spills promptly.</p>
<h3>Why Factory Direct Flooring?</h3><p>We stock a huge range of vinyl flooring from top manufacturers at factory direct prices. Our knowledgeable team can help you find the perfect vinyl floor for your project. Free samples available, comprehensive technical advice and fast UK delivery on all orders.</p>",Factory Direct Flooring,,Vinyl Flooring,vinyl-flooring,TRUE,Title,Default Title,69513ST,0,shopify,100,deny,manual,14.03,14.03,TRUE,TRUE,,,Texstep Concrete Light 979M Felt Back,Texstep Concrete Light 979M Felt Back | Factory Direct Flooring,Buy Texstep Concrete Light 979M Felt Back at Factory Direct Flooring. Vinyl Flooring available at competitive prices. Free UK delivery and expert advice. Order free samples today.,active
texstep-linen-mist-101s-felt-back,Texstep Linen Mist 101S Felt Back,"<h2>Texstep Linen Mist 101S Felt Back</h2><p>Presenting the <strong>Texstep Linen Mist 101S Felt Back</strong> from Factory Direct Flooring. This premium vinyl floor offers exceptional performance and outstanding value, combining total waterproof protection with stylish, realistic designs. The ideal choice for kitchens, bathrooms, hallways and any room where practicality is every bit as important as appearance and style.</p>
<h3>Key Highlights</h3><ul><li><strong>Fully Waterproof</strong> — 100% impervious to water, safe for bathrooms, kitchens and wet rooms</li><li><strong>Durable Wear Surface</strong> — resists everyday scratches, scuffs and heavy foot traffic</li><li><strong>Cushioned Backing</strong> — comfortable, warm and quiet underfoot</li><li><strong>Easy to Clean</strong> — resistant to most stains, simply sweep and mop</li><li><strong>Realistic Designs</strong> — high-definition printing creates convincing wood and stone effects</li><li><strong>Flexible Formats</strong> — sheet, tile and plank options available</li></ul>
<h3>Installation</h3><p>Can be laid loose, adhered with adhesive or as a click-lock floating floor depending on the product type. Subfloor must be clean, dry, smooth and free of contamination. Can be installed over existing smooth, well-bonded coverings. An expansion gap is required around the perimeter for floating installations.</p>
<h3>Care &amp; Maintenance</h3><p>Sweep or vacuum regularly with a soft brush. Mop with warm water and a mild pH-neutral floor cleaner. Avoid abrasive scrubbing pads and harsh chemical solvents. Vinyl is highly resistant to stains and bacteria — ideal for families and pet owners. Clean spills promptly.</p>
<h3>Why Factory Direct Flooring?</h3><p>We stock a huge range of vinyl flooring from top manufacturers at factory direct prices. Our knowledgeable team can help you find the perfect vinyl floor for your project. Free samples available, comprehensive technical advice and fast UK delivery on all orders.</p>",Factory Direct Flooring,,Vinyl Flooring,vinyl-flooring,TRUE,Title,Default Title,69514ST,0,shopify,100,deny,manual,14.03,14.03,TRUE,TRUE,,,Texstep Linen Mist 101S Felt Back,Texstep Linen Mist 101S Felt Back | Factory Direct Flooring,Buy Texstep Linen Mist 101S Felt Back at Factory Direct Flooring. Vinyl Flooring available at competitive prices. Free UK delivery and expert advice. Order free samples today.,active
smartstep-vinyl-flooring-felt-helsinki-536,Smartstep Vinyl Flooring Felt Helsinki 536,"<h2>Smartstep Vinyl Flooring Felt Helsinki 536</h2><p>Presenting the <strong>Smartstep Vinyl Flooring Felt Helsinki 536</strong> from Factory Direct Flooring. This premium vinyl floor offers exceptional performance and outstanding value, combining total waterproof protection with stylish, realistic designs. The ideal choice for kitchens, bathrooms, hallways and any room where practicality is every bit as important as appearance and style.</p>
<h3>Key Highlights</h3><ul><li><strong>Fully Waterproof</strong> — 100% impervious to water, safe for bathrooms, kitchens and wet rooms</li><li><strong>Durable Wear Surface</strong> — resists everyday scratches, scuffs and heavy foot traffic</li><li><strong>Cushioned Backing</strong> — comfortable, warm and quiet underfoot</li><li><strong>Easy to Clean</strong> — resistant to most stains, simply sweep and mop</li><li><strong>Realistic Designs</strong> — high-definition printing creates convincing wood and stone effects</li><li><strong>Flexible Formats</strong> — sheet, tile and plank options available</li></ul>
<h3>Installation</h3><p>Can be laid loose, adhered with adhesive or as a click-lock floating floor depending on the product type. Subfloor must be clean, dry, smooth and free of contamination. Can be installed over existing smooth, well-bonded coverings. An expansion gap is required around the perimeter for floating installations.</p>
<h3>Care &amp; Maintenance</h3><p>Sweep or vacuum regularly with a soft brush. Mop with warm water and a mild pH-neutral floor cleaner. Avoid abrasive scrubbing pads and harsh chemical solvents. Vinyl is highly resistant to stains and bacteria — ideal for families and pet owners. Clean spills promptly.</p>
<h3>Why Factory Direct Flooring?</h3><p>We stock a huge range of vinyl flooring from top manufacturers at factory direct prices. Our knowledgeable team can help you find the perfect vinyl floor for your project. Free samples available, comprehensive technical advice and fast UK delivery on all orders.</p>",Factory Direct Flooring,,Vinyl Flooring,vinyl-flooring,TRUE,Title,Default Title,72229ST,0,shopify,100,deny,manual,14.03,14.03,TRUE,TRUE,,,Smartstep Vinyl Flooring Felt Helsinki 536,Smartstep Vinyl Flooring Felt Helsinki 536 | Factory Direct Flooring,Buy Smartstep Vinyl Flooring Felt Helsinki 536 at Factory Direct Flooring. Vinyl Flooring available at competitive prices. Free UK delivery and expert advice. Order free samples today.,active
smartstep-vinyl-flooring-felt-helsinki-592,Smartstep Vinyl Flooring Felt Helsinki 592,"<h2>Smartstep Vinyl Flooring Felt Helsinki 592</h2><p>Presenting the <strong>Smartstep Vinyl Flooring Felt Helsinki 592</strong> from Factory Direct Flooring. This premium vinyl floor offers exceptional performance and outstanding value, combining total waterproof protection with stylish, realistic designs. The ideal choice for kitchens, bathrooms, hallways and any room where practicality is every bit as important as appearance and style.</p>
<h3>Key Highlights</h3><ul><li><strong>Fully Waterproof</strong> — 100% impervious to water, safe for bathrooms, kitchens and wet rooms</li><li><strong>Durable Wear Surface</strong> — resists everyday scratches, scuffs and heavy foot traffic</li><li><strong>Cushioned Backing</strong> — comfortable, warm and quiet underfoot</li><li><strong>Easy to Clean</strong> — resistant to most stains, simply sweep and mop</li><li><strong>Realistic Designs</strong> — high-definition printing creates convincing wood and stone effects</li><li><strong>Flexible Formats</strong> — sheet, tile and plank options available</li></ul>
<h3>Installation</h3><p>Can be laid loose, adhered with adhesive or as a click-lock floating floor depending on the product type. Subfloor must be clean, dry, smooth and free of contamination. Can be installed over existing smooth, well-bonded coverings. An expansion gap is required around the perimeter for floating installations.</p>
<h3>Care &amp; Maintenance</h3><p>Sweep or vacuum regularly with a soft brush. Mop with warm water and a mild pH-neutral floor cleaner. Avoid abrasive scrubbing pads and harsh chemical solvents. Vinyl is highly resistant to stains and bacteria — ideal for families and pet owners. Clean spills promptly.</p>
<h3>Why Factory Direct Flooring?</h3><p>We stock a huge range of vinyl flooring from top manufacturers at factory direct prices. Our knowledgeable team can help you find the perfect vinyl floor for your project. Free samples available, comprehensive technical advice and fast UK delivery on all orders.</p>",Factory Direct Flooring,,Vinyl Flooring,vinyl-flooring,TRUE,Title,Default Title,72230ST,0,shopify,100,deny,manual,14.03,14.03,TRUE,TRUE,,,Smartstep Vinyl Flooring Felt Helsinki 592,Smartstep Vinyl Flooring Felt Helsinki 592 | Factory Direct Flooring,Buy Smartstep Vinyl Flooring Felt Helsinki 592 at Factory Direct Flooring. Vinyl Flooring available at competitive prices. Free UK delivery and expert advice. Order free samples today.,active
smartstep-vinyl-flooring-felt-nimes-592,Smartstep Vinyl Flooring Felt Nimes 592,"<h2>Smartstep Vinyl Flooring Felt Nimes 592</h2><p>Presenting the <strong>Smartstep Vinyl Flooring Felt Nimes 592</strong> from Factory Direct Flooring. This premium vinyl floor offers exceptional performance and outstanding value, combining total waterproof protection with stylish, realistic designs. The ideal choice for kitchens, bathrooms, hallways and any room where practicality is every bit as important as appearance and style.</p>
<h3>Key Highlights</h3><ul><li><strong>Fully Waterproof</strong> — 100% impervious to water, safe for bathrooms, kitchens and wet rooms</li><li><strong>Durable Wear Surface</strong> — resists everyday scratches, scuffs and heavy foot traffic</li><li><strong>Cushioned Backing</strong> — comfortable, warm and quiet underfoot</li><li><strong>Easy to Clean</strong> — resistant to most stains, simply sweep and mop</li><li><strong>Realistic Designs</strong> — high-definition printing creates convincing wood and stone effects</li><li><strong>Flexible Formats</strong> — sheet, tile and plank options available</li></ul>
<h3>Installation</h3><p>Can be laid loose, adhered with adhesive or as a click-lock floating floor depending on the product type. Subfloor must be clean, dry, smooth and free of contamination. Can be installed over existing smooth, well-bonded coverings. An expansion gap is required around the perimeter for floating installations.</p>
<h3>Care &amp; Maintenance</h3><p>Sweep or vacuum regularly with a soft brush. Mop with warm water and a mild pH-neutral floor cleaner. Avoid abrasive scrubbing pads and harsh chemical solvents. Vinyl is highly resistant to stains and bacteria — ideal for families and pet owners. Clean spills promptly.</p>
<h3>Why Factory Direct Flooring?</h3><p>We stock a huge range of vinyl flooring from top manufacturers at factory direct prices. Our knowledgeable team can help you find the perfect vinyl floor for your project. Free samples available, comprehensive technical advice and fast UK delivery on all orders.</p>",Factory Direct Flooring,,Vinyl Flooring,vinyl-flooring,TRUE,Title,Default Title,72232ST,0,shopify,100,deny,manual,14.03,14.03,TRUE,TRUE,,,Smartstep Vinyl Flooring Felt Nimes 592,Smartstep Vinyl Flooring Felt Nimes 592 | Factory Direct Flooring,Buy Smartstep Vinyl Flooring Felt Nimes 592 at Factory Direct Flooring. Vinyl Flooring available at competitive prices. Free UK delivery and expert advice. Order free samples today.,active
polysafe-standard-wild-mushroom-heavy-duty-safety-flooring,Polysafe Standard Wild Mushroom Heavy Duty Safety Flooring,"<h2>Polysafe Standard Wild Mushroom Heavy Duty Safety Flooring</h2><p>Presenting the <strong>Polysafe Standard Wild Mushroom Heavy Duty Safety Flooring</strong> from Factory Direct Flooring. This premium vinyl floor offers exceptional performance and outstanding value, combining total waterproof protection with stylish, realistic designs. The ideal choice for kitchens, bathrooms, hallways and any room where practicality is every bit as important as appearance and style.</p>
<h3>Key Highlights</h3><ul><li><strong>Fully Waterproof</strong> — 100% impervious to water, safe for bathrooms, kitchens and wet rooms</li><li><strong>Durable Wear Surface</strong> — resists everyday scratches, scuffs and heavy foot traffic</li><li><strong>Cushioned Backing</strong> — comfortable, warm and quiet underfoot</li><li><strong>Easy to Clean</strong> — resistant to most stains, simply sweep and mop</li><li><strong>Realistic Designs</strong> — high-definition printing creates convincing wood and stone effects</li><li><strong>Flexible Formats</strong> — sheet, tile and plank options available</li></ul>
<h3>Installation</h3><p>Can be laid loose, adhered with adhesive or as a click-lock floating floor depending on the product type. Subfloor must be clean, dry, smooth and free of contamination. Can be installed over existing smooth, well-bonded coverings. An expansion gap is required around the perimeter for floating installations.</p>
<h3>Care &amp; Maintenance</h3><p>Sweep or vacuum regularly with a soft brush. Mop with warm water and a mild pH-neutral floor cleaner. Avoid abrasive scrubbing pads and harsh chemical solvents. Vinyl is highly resistant to stains and bacteria — ideal for families and pet owners. Clean spills promptly.</p>
<h3>Why Factory Direct Flooring?</h3><p>We stock a huge range of vinyl flooring from top manufacturers at factory direct prices. Our knowledgeable team can help you find the perfect vinyl floor for your project. Free samples available, comprehensive technical advice and fast UK delivery on all orders.</p>",Factory Direct Flooring,,Vinyl Flooring,vinyl-flooring,TRUE,Title,Default Title,73631,0,shopify,100,deny,manual,34.54,34.54,TRUE,TRUE,,,Polysafe Standard Wild Mushroom Heavy Duty Safety Flooring,Polysafe Standard Wild Mushroom Heavy Duty Safety Flooring | Factory Direct Flooring,Buy Polysafe Standard Wild Mushroom Heavy Duty Safety Flooring at Factory Direct Flooring. Vinyl Flooring available at competitive prices. Free UK delivery and expert advice. Order free samples today.,active
polysafe-standard-taupe-heavy-duty-safety-flooring,Polysafe Standard Taupe Heavy Duty Safety Flooring,"<h2>Polysafe Standard Taupe Heavy Duty Safety Flooring</h2><p>Presenting the <strong>Polysafe Standard Taupe Heavy Duty Safety Flooring</strong> from Factory Direct Flooring. This premium vinyl floor offers exceptional performance and outstanding value, combining total waterproof protection with stylish, realistic designs. The ideal choice for kitchens, bathrooms, hallways and any room where practicality is every bit as important as appearance and style.</p>
<h3>Key Highlights</h3><ul><li><strong>Fully Waterproof</strong> — 100% impervious to water, safe for bathrooms, kitchens and wet rooms</li><li><strong>Durable Wear Surface</strong> — resists everyday scratches, scuffs and heavy foot traffic</li><li><strong>Cushioned Backing</strong> — comfortable, warm and quiet underfoot</li><li><strong>Easy to Clean</strong> — resistant to most stains, simply sweep and mop</li><li><strong>Realistic Designs</strong> — high-definition printing creates convincing wood and stone effects</li><li><strong>Flexible Formats</strong> — sheet, tile and plank options available</li></ul>
<h3>Installation</h3><p>Can be laid loose, adhered with adhesive or as a click-lock floating floor depending on the product type. Subfloor must be clean, dry, smooth and free of contamination. Can be installed over existing smooth, well-bonded coverings. An expansion gap is required around the perimeter for floating installations.</p>
<h3>Care &amp; Maintenance</h3><p>Sweep or vacuum regularly with a soft brush. Mop with warm water and a mild pH-neutral floor cleaner. Avoid abrasive scrubbing pads and harsh chemical solvents. Vinyl is highly resistant to stains and bacteria — ideal for families and pet owners. Clean spills promptly.</p>
<h3>Why Factory Direct Flooring?</h3><p>We stock a huge range of vinyl flooring from top manufacturers at factory direct prices. Our knowledgeable team can help you find the perfect vinyl floor for your project. Free samples available, comprehensive technical advice and fast UK delivery on all orders.</p>",Factory Direct Flooring,,Vinyl Flooring,vinyl-flooring,TRUE,Title,Default Title,73632,0,shopify,100,deny,manual,34.54,34.54,TRUE,TRUE,,,Polysafe Standard Taupe Heavy Duty Safety Flooring,Polysafe Standard Taupe Heavy Duty Safety Flooring | Factory Direct Flooring,Buy Polysafe Standard Taupe Heavy Duty Safety Flooring at Factory Direct Flooring. Vinyl Flooring available at competitive prices. Free UK delivery and expert advice. Order free samples today.,active
ecostep-vinyl-flooring-staple-oak-646e,Ecostep Vinyl Flooring Staple Oak 646E,"<h2>Ecostep Vinyl Flooring Staple Oak 646E</h2><p>Presenting the <strong>Ecostep Vinyl Flooring Staple Oak 646E</strong> from Factory Direct Flooring in a stunning <strong>Oak</strong> finish. This premium vinyl floor offers exceptional performance and outstanding value, combining total waterproof protection with stylish, realistic designs. The ideal choice for kitchens, bathrooms, hallways and any room where practicality is every bit as important as appearance and style.</p>
<h3>Key Highlights</h3><ul><li><strong>Fully Waterproof</strong> — 100% impervious to water, safe for bathrooms, kitchens and wet rooms</li><li><strong>Durable Wear Surface</strong> — resists everyday scratches, scuffs and heavy foot traffic</li><li><strong>Cushioned Backing</strong> — comfortable, warm and quiet underfoot</li><li><strong>Easy to Clean</strong> — resistant to most stains, simply sweep and mop</li><li><strong>Realistic Designs</strong> — high-definition printing creates convincing wood and stone effects</li><li><strong>Flexible Formats</strong> — sheet, tile and plank options available</li></ul>
<h3>Installation</h3><p>Can be laid loose, adhered with adhesive or as a click-lock floating floor depending on the product type. Subfloor must be clean, dry, smooth and free of contamination. Can be installed over existing smooth, well-bonded coverings. An expansion gap is required around the perimeter for floating installations.</p>
<h3>Care &amp; Maintenance</h3><p>Sweep or vacuum regularly with a soft brush. Mop with warm water and a mild pH-neutral floor cleaner. Avoid abrasive scrubbing pads and harsh chemical solvents. Vinyl is highly resistant to stains and bacteria — ideal for families and pet owners. Clean spills promptly.</p>
<h3>Why Factory Direct Flooring?</h3><p>We stock a huge range of vinyl flooring from top manufacturers at factory direct prices. Our knowledgeable team can help you find the perfect vinyl floor for your project. Free samples available, comprehensive technical advice and fast UK delivery on all orders.</p>",Factory Direct Flooring,,Vinyl Flooring,vinyl-flooring,TRUE,Title,Default Title,73833ST,0,shopify,100,deny,manual,10.79,10.79,TRUE,TRUE,,,Ecostep Vinyl Flooring Staple Oak 646E,Ecostep Vinyl Flooring Staple Oak 646E | Factory Direct Flooring,Buy Ecostep Vinyl Flooring Staple Oak 646E at Factory Direct Flooring. Vinyl Flooring available at competitive prices. Free UK delivery and expert advice. Order free samples today.,active
ecostep-vinyl-flooring-akoke-901l,Ecostep Vinyl Flooring Akoke 901L,"<h2>Ecostep Vinyl Flooring Akoke 901L</h2><p>Presenting the <strong>Ecostep Vinyl Flooring Akoke 901L</strong> from Factory Direct Flooring. This premium vinyl floor offers exceptional performance and outstanding value, combining total waterproof protection with stylish, realistic designs. The ideal choice for kitchens, bathrooms, hallways and any room where practicality is every bit as important as appearance and style.</p>
<h3>Key Highlights</h3><ul><li><strong>Fully Waterproof</strong> — 100% impervious to water, safe for bathrooms, kitchens and wet rooms</li><li><strong>Durable Wear Surface</strong> — resists everyday scratches, scuffs and heavy foot traffic</li><li><strong>Cushioned Backing</strong> — comfortable, warm and quiet underfoot</li><li><strong>Easy to Clean</strong> — resistant to most stains, simply sweep and mop</li><li><strong>Realistic Designs</strong> — high-definition printing creates convincing wood and stone effects</li><li><strong>Flexible Formats</strong> — sheet, tile and plank options available</li></ul>
<h3>Installation</h3><p>Can be laid loose, adhered with adhesive or as a click-lock floating floor depending on the product type. Subfloor must be clean, dry, smooth and free of contamination. Can be installed over existing smooth, well-bonded coverings. An expansion gap is required around the perimeter for floating installations.</p>
<h3>Care &amp; Maintenance</h3><p>Sweep or vacuum regularly with a soft brush. Mop with warm water and a mild pH-neutral floor cleaner. Avoid abrasive scrubbing pads and harsh chemical solvents. Vinyl is highly resistant to stains and bacteria — ideal for families and pet owners. Clean spills promptly.</p>
<h3>Why Factory Direct Flooring?</h3><p>We stock a huge range of vinyl flooring from top manufacturers at factory direct prices. Our knowledgeable team can help you find the perfect vinyl floor for your project. Free samples available, comprehensive technical advice and fast UK delivery on all orders.</p>",Factory Direct Flooring,,Vinyl Flooring,vinyl-flooring,TRUE,Title,Default Title,73836ST,0,shopify,100,deny,manual,10.79,10.79,TRUE,TRUE,,,Ecostep Vinyl Flooring Akoke 901L,Ecostep Vinyl Flooring Akoke 901L | Factory Direct Flooring,Buy Ecostep Vinyl Flooring Akoke 901L at Factory Direct Flooring. Vinyl Flooring available at competitive prices. Free UK delivery and expert advice. Order free samples today.,active
ecostep-vinyl-flooring-darwen-990m,Ecostep Vinyl Flooring Darwen 990M,"<h2>Ecostep Vinyl Flooring Darwen 990M</h2><p>Presenting the <strong>Ecostep Vinyl Flooring Darwen 990M</strong> from Factory Direct Flooring. This premium vinyl floor offers exceptional performance and outstanding value, combining total waterproof protection with stylish, realistic designs. The ideal choice for kitchens, bathrooms, hallways and any room where practicality is every bit as important as appearance and style.</p>
<h3>Key Highlights</h3><ul><li><strong>Fully Waterproof</strong> — 100% impervious to water, safe for bathrooms, kitchens and wet rooms</li><li><strong>Durable Wear Surface</strong> — resists everyday scratches, scuffs and heavy foot traffic</li><li><strong>Cushioned Backing</strong> — comfortable, warm and quiet underfoot</li><li><strong>Easy to Clean</strong> — resistant to most stains, simply sweep and mop</li><li><strong>Realistic Designs</strong> — high-definition printing creates convincing wood and stone effects</li><li><strong>Flexible Formats</strong> — sheet, tile and plank options available</li></ul>
<h3>Installation</h3><p>Can be laid loose, adhered with adhesive or as a click-lock floating floor depending on the product type. Subfloor must be clean, dry, smooth and free of contamination. Can be installed over existing smooth, well-bonded coverings. An expansion gap is required around the perimeter for floating installations.</p>
<h3>Care &amp; Maintenance</h3><p>Sweep or vacuum regularly with a soft brush. Mop with warm water and a mild pH-neutral floor cleaner. Avoid abrasive scrubbing pads and harsh chemical solvents. Vinyl is highly resistant to stains and bacteria — ideal for families and pet owners. Clean spills promptly.</p>
<h3>Why Factory Direct Flooring?</h3><p>We stock a huge range of vinyl flooring from top manufacturers at factory direct prices. Our knowledgeable team can help you find the perfect vinyl floor for your project. Free samples available, comprehensive technical advice and fast UK delivery on all orders.</p>",Factory Direct Flooring,,Vinyl Flooring,vinyl-flooring,TRUE,Title,Default Title,73840ST,0,shopify,100,deny,manual,10.79,10.79,TRUE,TRUE,,,Ecostep Vinyl Flooring Darwen 990M,Ecostep Vinyl Flooring Darwen 990M | Factory Direct Flooring,Buy Ecostep Vinyl Flooring Darwen 990M at Factory Direct Flooring. Vinyl Flooring available at competitive prices. Free UK delivery and expert advice. Order free samples today.,active
eprosafe-s34-silk-oak-commercial-vinyl,Eprosafe S34 Silk Oak Commercial Vinyl,"<h2>Eprosafe S34 Silk Oak Commercial Vinyl</h2><p>Presenting the <strong>Eprosafe S34 Silk Oak Commercial Vinyl</strong> from Factory Direct Flooring in a stunning <strong>Oak</strong> finish. This premium vinyl floor offers exceptional performance and outstanding value, combining total waterproof protection with stylish, realistic designs. The ideal choice for kitchens, bathrooms, hallways and any room where practicality is every bit as important as appearance and style.</p>
<h3>Key Highlights</h3><ul><li><strong>Fully Waterproof</strong> — 100% impervious to water, safe for bathrooms, kitchens and wet rooms</li><li><strong>Durable Wear Surface</strong> — resists everyday scratches, scuffs and heavy foot traffic</li><li><strong>Cushioned Backing</strong> — comfortable, warm and quiet underfoot</li><li><strong>Easy to Clean</strong> — resistant to most stains, simply sweep and mop</li><li><strong>Realistic Designs</strong> — high-definition printing creates convincing wood and stone effects</li><li><strong>Flexible Formats</strong> — sheet, tile and plank options available</li></ul>
<h3>Installation</h3><p>Can be laid loose, adhered with adhesive or as a click-lock floating floor depending on the product type. Subfloor must be clean, dry, smooth and free of contamination. Can be installed over existing smooth, well-bonded coverings. An expansion gap is required around the perimeter for floating installations.</p>
<h3>Care &amp; Maintenance</h3><p>Sweep or vacuum regularly with a soft brush. Mop with warm water and a mild pH-neutral floor cleaner. Avoid abrasive scrubbing pads and harsh chemical solvents. Vinyl is highly resistant to stains and bacteria — ideal for families and pet owners. Clean spills promptly.</p>
<h3>Why Factory Direct Flooring?</h3><p>We stock a huge range of vinyl flooring from top manufacturers at factory direct prices. Our knowledgeable team can help you find the perfect vinyl floor for your project. Free samples available, comprehensive technical advice and fast UK delivery on all orders.</p>",Factory Direct Flooring,,Vinyl Flooring,vinyl-flooring,TRUE,Title,Default Title,73920ST,0,shopify,100,deny,manual,20.39,20.39,TRUE,TRUE,,,Eprosafe S34 Silk Oak Commercial Vinyl,Eprosafe S34 Silk Oak Commercial Vinyl | Factory Direct Flooring,Buy Eprosafe S34 Silk Oak Commercial Vinyl at Factory Direct Flooring. Vinyl Flooring available at competitive prices. Free UK delivery and expert advice. Order free samples today.,active
eprosafe-s91-plank-grey-commercial-vinyl,Eprosafe S91 Plank Grey Commercial Vinyl,"<h2>Eprosafe S91 Plank Grey Commercial Vinyl</h2><p>Presenting the <strong>Eprosafe S91 Plank Grey Commercial Vinyl</strong> from Factory Direct Flooring in a stunning <strong>Grey</strong> finish. This premium vinyl floor offers exceptional performance and outstanding value, combining total waterproof protection with stylish, realistic designs. The ideal choice for kitchens, bathrooms, hallways and any room where practicality is every bit as important as appearance and style.</p>
<h3>Key Highlights</h3><ul><li><strong>Fully Waterproof</strong> — 100% impervious to water, safe for bathrooms, kitchens and wet rooms</li><li><strong>Durable Wear Surface</strong> — resists everyday scratches, scuffs and heavy foot traffic</li><li><strong>Cushioned Backing</strong> — comfortable, warm and quiet underfoot</li><li><strong>Easy to Clean</strong> — resistant to most stains, simply sweep and mop</li><li><strong>Realistic Designs</strong> — high-definition printing creates convincing wood and stone effects</li><li><strong>Flexible Formats</strong> — sheet, tile and plank options available</li></ul>
<h3>Installation</h3><p>Can be laid loose, adhered with adhesive or as a click-lock floating floor depending on the product type. Subfloor must be clean, dry, smooth and free of contamination. Can be installed over existing smooth, well-bonded coverings. An expansion gap is required around the perimeter for floating installations.</p>
<h3>Care &amp; Maintenance</h3><p>Sweep or vacuum regularly with a soft brush. Mop with warm water and a mild pH-neutral floor cleaner. Avoid abrasive scrubbing pads and harsh chemical solvents. Vinyl is highly resistant to stains and bacteria — ideal for families and pet owners. Clean spills promptly.</p>
<h3>Why Factory Direct Flooring?</h3><p>We stock a huge range of vinyl flooring from top manufacturers at factory direct prices. Our knowledgeable team can help you find the perfect vinyl floor for your project. Free samples available, comprehensive technical advice and fast UK delivery on all orders.</p>",Factory Direct Flooring,,Vinyl Flooring,vinyl-flooring,TRUE,Title,Default Title,73921ST,0,shopify,100,deny,manual,20.39,20.39,TRUE,TRUE,,,Eprosafe S91 Plank Grey Commercial Vinyl,Eprosafe S91 Plank Grey Commercial Vinyl | Factory Direct Flooring,Buy Eprosafe S91 Plank Grey Commercial Vinyl at Factory Direct Flooring. Vinyl Flooring available at competitive prices. Free UK delivery and expert advice. Order free samples today.,active
eprosafe-s50-oak-commercial-vinyl,Eprosafe S50 Oak Commercial Vinyl,"<h2>Eprosafe S50 Oak Commercial Vinyl</h2><p>Presenting the <strong>Eprosafe S50 Oak Commercial Vinyl</strong> from Factory Direct Flooring in a stunning <strong>Oak</strong> finish. This premium vinyl floor offers exceptional performance and outstanding value, combining total waterproof protection with stylish, realistic designs. The ideal choice for kitchens, bathrooms, hallways and any room where practicality is every bit as important as appearance and style.</p>
<h3>Key Highlights</h3><ul><li><strong>Fully Waterproof</strong> — 100% impervious to water, safe for bathrooms, kitchens and wet rooms</li><li><strong>Durable Wear Surface</strong> — resists everyday scratches, scuffs and heavy foot traffic</li><li><strong>Cushioned Backing</strong> — comfortable, warm and quiet underfoot</li><li><strong>Easy to Clean</strong> — resistant to most stains, simply sweep and mop</li><li><strong>Realistic Designs</strong> — high-definition printing creates convincing wood and stone effects</li><li><strong>Flexible Formats</strong> — sheet, tile and plank options available</li></ul>
<h3>Installation</h3><p>Can be laid loose, adhered with adhesive or as a click-lock floating floor depending on the product type. Subfloor must be clean, dry, smooth and free of contamination. Can be installed over existing smooth, well-bonded coverings. An expansion gap is required around the perimeter for floating installations.</p>
<h3>Care &amp; Maintenance</h3><p>Sweep or vacuum regularly with a soft brush. Mop with warm water and a mild pH-neutral floor cleaner. Avoid abrasive scrubbing pads and harsh chemical solvents. Vinyl is highly resistant to stains and bacteria — ideal for families and pet owners. Clean spills promptly.</p>
<h3>Why Factory Direct Flooring?</h3><p>We stock a huge range of vinyl flooring from top manufacturers at factory direct prices. Our knowledgeable team can help you find the perfect vinyl floor for your project. Free samples available, comprehensive technical advice and fast UK delivery on all orders.</p>",Factory Direct Flooring,,Vinyl Flooring,vinyl-flooring,TRUE,Title,Default Title,73922ST,0,shopify,100,deny,manual,20.39,20.39,TRUE,TRUE,,,Eprosafe S50 Oak Commercial Vinyl,Eprosafe S50 Oak Commercial Vinyl | Factory Direct Flooring,Buy Eprosafe S50 Oak Commercial Vinyl at Factory Direct Flooring. Vinyl Flooring available at competitive prices. Free UK delivery and expert advice. Order free samples today.,active
eprosafe-s95-concrete-dark-commercial-vinyl,Eprosafe S95 Concrete Dark Commercial Vinyl,"<h2>Eprosafe S95 Concrete Dark Commercial Vinyl</h2><p>Presenting the <strong>Eprosafe S95 Concrete Dark Commercial Vinyl</strong> from Factory Direct Flooring in a stunning <strong>Concrete</strong> finish. This premium vinyl floor offers exceptional performance and outstanding value, combining total waterproof protection with stylish, realistic designs. The ideal choice for kitchens, bathrooms, hallways and any room where practicality is every bit as important as appearance and style.</p>
<h3>Key Highlights</h3><ul><li><strong>Fully Waterproof</strong> — 100% impervious to water, safe for bathrooms, kitchens and wet rooms</li><li><strong>Durable Wear Surface</strong> — resists everyday scratches, scuffs and heavy foot traffic</li><li><strong>Cushioned Backing</strong> — comfortable, warm and quiet underfoot</li><li><strong>Easy to Clean</strong> — resistant to most stains, simply sweep and mop</li><li><strong>Realistic Designs</strong> — high-definition printing creates convincing wood and stone effects</li><li><strong>Flexible Formats</strong> — sheet, tile and plank options available</li></ul>
<h3>Installation</h3><p>Can be laid loose, adhered with adhesive or as a click-lock floating floor depending on the product type. Subfloor must be clean, dry, smooth and free of contamination. Can be installed over existing smooth, well-bonded coverings. An expansion gap is required around the perimeter for floating installations.</p>
<h3>Care &amp; Maintenance</h3><p>Sweep or vacuum regularly with a soft brush. Mop with warm water and a mild pH-neutral floor cleaner. Avoid abrasive scrubbing pads and harsh chemical solvents. Vinyl is highly resistant to stains and bacteria — ideal for families and pet owners. Clean spills promptly.</p>
<h3>Why Factory Direct Flooring?</h3><p>We stock a huge range of vinyl flooring from top manufacturers at factory direct prices. Our knowledgeable team can help you find the perfect vinyl floor for your project. Free samples available, comprehensive technical advice and fast UK delivery on all orders.</p>",Factory Direct Flooring,,Vinyl Flooring,vinyl-flooring,TRUE,Title,Default Title,73923ST,0,shopify,100,deny,manual,20.39,20.39,TRUE,TRUE,,,Eprosafe S95 Concrete Dark Commercial Vinyl,Eprosafe S95 Concrete Dark Commercial Vinyl | Factory Direct Flooring,Buy Eprosafe S95 Concrete Dark Commercial Vinyl at Factory Direct Flooring. Vinyl Flooring available at competitive prices. Free UK delivery and expert advice. Order free samples today.,active
eprosafe-s94-concrete-light-commercial-vinyl,Eprosafe S94 Concrete Light Commercial Vinyl,"<h2>Eprosafe S94 Concrete Light Commercial Vinyl</h2><p>Presenting the <strong>Eprosafe S94 Concrete Light Commercial Vinyl</strong> from Factory Direct Flooring in a stunning <strong>Concrete</strong> finish. This premium vinyl floor offers exceptional performance and outstanding value, combining total waterproof protection with stylish, realistic designs. The ideal choice for kitchens, bathrooms, hallways and any room where practicality is every bit as important as appearance and style.</p>
<h3>Key Highlights</h3><ul><li><strong>Fully Waterproof</strong> — 100% impervious to water, safe for bathrooms, kitchens and wet rooms</li><li><strong>Durable Wear Surface</strong> — resists everyday scratches, scuffs and heavy foot traffic</li><li><strong>Cushioned Backing</strong> — comfortable, warm and quiet underfoot</li><li><strong>Easy to Clean</strong> — resistant to most stains, simply sweep and mop</li><li><strong>Realistic Designs</strong> — high-definition printing creates convincing wood and stone effects</li><li><strong>Flexible Formats</strong> — sheet, tile and plank options available</li></ul>
<h3>Installation</h3><p>Can be laid loose, adhered with adhesive or as a click-lock floating floor depending on the product type. Subfloor must be clean, dry, smooth and free of contamination. Can be installed over existing smooth, well-bonded coverings. An expansion gap is required around the perimeter for floating installations.</p>
<h3>Care &amp; Maintenance</h3><p>Sweep or vacuum regularly with a soft brush. Mop with warm water and a mild pH-neutral floor cleaner. Avoid abrasive scrubbing pads and harsh chemical solvents. Vinyl is highly resistant to stains and bacteria — ideal for families and pet owners. Clean spills promptly.</p>
<h3>Why Factory Direct Flooring?</h3><p>We stock a huge range of vinyl flooring from top manufacturers at factory direct prices. Our knowledgeable team can help you find the perfect vinyl floor for your project. Free samples available, comprehensive technical advice and fast UK delivery on all orders.</p>",Factory Direct Flooring,,Vinyl Flooring,vinyl-flooring,TRUE,Title,Default Title,73924ST,0,shopify,100,deny,manual,20.39,20.39,TRUE,TRUE,,,Eprosafe S94 Concrete Light Commercial Vinyl,Eprosafe S94 Concrete Light Commercial Vinyl | Factory Direct Flooring,Buy Eprosafe S94 Concrete Light Commercial Vinyl at Factory Direct Flooring. Vinyl Flooring available at competitive prices. Free UK delivery and expert advice. Order free samples today.,active
eprosafe-s31-earth-stone-commercial-vinyl,Eprosafe S31 Earth Stone Commercial Vinyl,"<h2>Eprosafe S31 Earth Stone Commercial Vinyl</h2><p>Presenting the <strong>Eprosafe S31 Earth Stone Commercial Vinyl</strong> from Factory Direct Flooring in a stunning <strong>Stone</strong> finish. This premium vinyl floor offers exceptional performance and outstanding value, combining total waterproof protection with stylish, realistic designs. The ideal choice for kitchens, bathrooms, hallways and any room where practicality is every bit as important as appearance and style.</p>
<h3>Key Highlights</h3><ul><li><strong>Fully Waterproof</strong> — 100% impervious to water, safe for bathrooms, kitchens and wet rooms</li><li><strong>Durable Wear Surface</strong> — resists everyday scratches, scuffs and heavy foot traffic</li><li><strong>Cushioned Backing</strong> — comfortable, warm and quiet underfoot</li><li><strong>Easy to Clean</strong> — resistant to most stains, simply sweep and mop</li><li><strong>Realistic Designs</strong> — high-definition printing creates convincing wood and stone effects</li><li><strong>Flexible Formats</strong> — sheet, tile and plank options available</li></ul>
<h3>Installation</h3><p>Can be laid loose, adhered with adhesive or as a click-lock floating floor depending on the product type. Subfloor must be clean, dry, smooth and free of contamination. Can be installed over existing smooth, well-bonded coverings. An expansion gap is required around the perimeter for floating installations.</p>
<h3>Care &amp; Maintenance</h3><p>Sweep or vacuum regularly with a soft brush. Mop with warm water and a mild pH-neutral floor cleaner. Avoid abrasive scrubbing pads and harsh chemical solvents. Vinyl is highly resistant to stains and bacteria — ideal for families and pet owners. Clean spills promptly.</p>
<h3>Why Factory Direct Flooring?</h3><p>We stock a huge range of vinyl flooring from top manufacturers at factory direct prices. Our knowledgeable team can help you find the perfect vinyl floor for your project. Free samples available, comprehensive technical advice and fast UK delivery on all orders.</p>",Factory Direct Flooring,,Vinyl Flooring,vinyl-flooring,TRUE,Title,Default Title,73925ST,0,shopify,100,deny,manual,20.39,20.39,TRUE,TRUE,,,Eprosafe S31 Earth Stone Commercial Vinyl,Eprosafe S31 Earth Stone Commercial Vinyl | Factory Direct Flooring,Buy Eprosafe S31 Earth Stone Commercial Vinyl at Factory Direct Flooring. Vinyl Flooring available at competitive prices. Free UK delivery and expert advice. Order free samples today.,active
eprosafe-s91-white-stone-commercial-vinyl,Eprosafe S91 White Stone Commercial Vinyl,"<h2>Eprosafe S91 White Stone Commercial Vinyl</h2><p>Presenting the <strong>Eprosafe S91 White Stone Commercial Vinyl</strong> from Factory Direct Flooring in a stunning <strong>White</strong> finish. This premium vinyl floor offers exceptional performance and outstanding value, combining total waterproof protection with stylish, realistic designs. The ideal choice for kitchens, bathrooms, hallways and any room where practicality is every bit as important as appearance and style.</p>
<h3>Key Highlights</h3><ul><li><strong>Fully Waterproof</strong> — 100% impervious to water, safe for bathrooms, kitchens and wet rooms</li><li><strong>Durable Wear Surface</strong> — resists everyday scratches, scuffs and heavy foot traffic</li><li><strong>Cushioned Backing</strong> — comfortable, warm and quiet underfoot</li><li><strong>Easy to Clean</strong> — resistant to most stains, simply sweep and mop</li><li><strong>Realistic Designs</strong> — high-definition printing creates convincing wood and stone effects</li><li><strong>Flexible Formats</strong> — sheet, tile and plank options available</li></ul>
<h3>Installation</h3><p>Can be laid loose, adhered with adhesive or as a click-lock floating floor depending on the product type. Subfloor must be clean, dry, smooth and free of contamination. Can be installed over existing smooth, well-bonded coverings. An expansion gap is required around the perimeter for floating installations.</p>
<h3>Care &amp; Maintenance</h3><p>Sweep or vacuum regularly with a soft brush. Mop with warm water and a mild pH-neutral floor cleaner. Avoid abrasive scrubbing pads and harsh chemical solvents. Vinyl is highly resistant to stains and bacteria — ideal for families and pet owners. Clean spills promptly.</p>
<h3>Why Factory Direct Flooring?</h3><p>We stock a huge range of vinyl flooring from top manufacturers at factory direct prices. Our knowledgeable team can help you find the perfect vinyl floor for your project. Free samples available, comprehensive technical advice and fast UK delivery on all orders.</p>",Factory Direct Flooring,,Vinyl Flooring,vinyl-flooring,TRUE,Title,Default Title,73926ST,0,shopify,100,deny,manual,20.39,20.39,TRUE,TRUE,,,Eprosafe S91 White Stone Commercial Vinyl,Eprosafe S91 White Stone Commercial Vinyl | Factory Direct Flooring,Buy Eprosafe S91 White Stone Commercial Vinyl at Factory Direct Flooring. Vinyl Flooring available at competitive prices. Free UK delivery and expert advice. Order free samples today.,active
eprosafe-s97-dark-stone-commercial-vinyl,Eprosafe S97 Dark Stone Commercial Vinyl,"<h2>Eprosafe S97 Dark Stone Commercial Vinyl</h2><p>Presenting the <strong>Eprosafe S97 Dark Stone Commercial Vinyl</strong> from Factory Direct Flooring in a stunning <strong>Stone</strong> finish. This premium vinyl floor offers exceptional performance and outstanding value, combining total waterproof protection with stylish, realistic designs. The ideal choice for kitchens, bathrooms, hallways and any room where practicality is every bit as important as appearance and style.</p>
<h3>Key Highlights</h3><ul><li><strong>Fully Waterproof</strong> — 100% impervious to water, safe for bathrooms, kitchens and wet rooms</li><li><strong>Durable Wear Surface</strong> — resists everyday scratches, scuffs and heavy foot traffic</li><li><strong>Cushioned Backing</strong> — comfortable, warm and quiet underfoot</li><li><strong>Easy to Clean</strong> — resistant to most stains, simply sweep and mop</li><li><strong>Realistic Designs</strong> — high-definition printing creates convincing wood and stone effects</li><li><strong>Flexible Formats</strong> — sheet, tile and plank options available</li></ul>
<h3>Installation</h3><p>Can be laid loose, adhered with adhesive or as a click-lock floating floor depending on the product type. Subfloor must be clean, dry, smooth and free of contamination. Can be installed over existing smooth, well-bonded coverings. An expansion gap is required around the perimeter for floating installations.</p>
<h3>Care &amp; Maintenance</h3><p>Sweep or vacuum regularly with a soft brush. Mop with warm water and a mild pH-neutral floor cleaner. Avoid abrasive scrubbing pads and harsh chemical solvents. Vinyl is highly resistant to stains and bacteria — ideal for families and pet owners. Clean spills promptly.</p>
<h3>Why Factory Direct Flooring?</h3><p>We stock a huge range of vinyl flooring from top manufacturers at factory direct prices. Our knowledgeable team can help you find the perfect vinyl floor for your project. Free samples available, comprehensive technical advice and fast UK delivery on all orders.</p>",Factory Direct Flooring,,Vinyl Flooring,vinyl-flooring,TRUE,Title,Default Title,73927ST,0,shopify,100,deny,manual,20.39,20.39,TRUE,TRUE,,,Eprosafe S97 Dark Stone Commercial Vinyl,Eprosafe S97 Dark Stone Commercial Vinyl | Factory Direct Flooring,Buy Eprosafe S97 Dark Stone Commercial Vinyl at Factory Direct Flooring. Vinyl Flooring available at competitive prices. Free UK delivery and expert advice. Order free samples today.,active
eprosafe-s73-blue-stone-commercial-vinyl,Eprosafe S73 Blue Stone Commercial Vinyl,"<h2>Eprosafe S73 Blue Stone Commercial Vinyl</h2><p>Presenting the <strong>Eprosafe S73 Blue Stone Commercial Vinyl</strong> from Factory Direct Flooring in a stunning <strong>Stone</strong> finish. This premium vinyl floor offers exceptional performance and outstanding value, combining total waterproof protection with stylish, realistic designs. The ideal choice for kitchens, bathrooms, hallways and any room where practicality is every bit as important as appearance and style.</p>
<h3>Key Highlights</h3><ul><li><strong>Fully Waterproof</strong> — 100% impervious to water, safe for bathrooms, kitchens and wet rooms</li><li><strong>Durable Wear Surface</strong> — resists everyday scratches, scuffs and heavy foot traffic</li><li><strong>Cushioned Backing</strong> — comfortable, warm and quiet underfoot</li><li><strong>Easy to Clean</strong> — resistant to most stains, simply sweep and mop</li><li><strong>Realistic Designs</strong> — high-definition printing creates convincing wood and stone effects</li><li><strong>Flexible Formats</strong> — sheet, tile and plank options available</li></ul>
<h3>Installation</h3><p>Can be laid loose, adhered with adhesive or as a click-lock floating floor depending on the product type. Subfloor must be clean, dry, smooth and free of contamination. Can be installed over existing smooth, well-bonded coverings. An expansion gap is required around the perimeter for floating installations.</p>
<h3>Care &amp; Maintenance</h3><p>Sweep or vacuum regularly with a soft brush. Mop with warm water and a mild pH-neutral floor cleaner. Avoid abrasive scrubbing pads and harsh chemical solvents. Vinyl is highly resistant to stains and bacteria — ideal for families and pet owners. Clean spills promptly.</p>
<h3>Why Factory Direct Flooring?</h3><p>We stock a huge range of vinyl flooring from top manufacturers at factory direct prices. Our knowledgeable team can help you find the perfect vinyl floor for your project. Free samples available, comprehensive technical advice and fast UK delivery on all orders.</p>",Factory Direct Flooring,,Vinyl Flooring,vinyl-flooring,TRUE,Title,Default Title,73928ST,0,shopify,100,deny,manual,20.39,20.39,TRUE,TRUE,,,Eprosafe S73 Blue Stone Commercial Vinyl,Eprosafe S73 Blue Stone Commercial Vinyl | Factory Direct Flooring,Buy Eprosafe S73 Blue Stone Commercial Vinyl at Factory Direct Flooring. Vinyl Flooring available at competitive prices. Free UK delivery and expert advice. Order free samples today.,active
eprosafe-s93-grey-stone-commercial-vinyl,Eprosafe S93 Grey Stone Commercial Vinyl,"<h2>Eprosafe S93 Grey Stone Commercial Vinyl</h2><p>Presenting the <strong>Eprosafe S93 Grey Stone Commercial Vinyl</strong> from Factory Direct Flooring in a stunning <strong>Grey</strong> finish. This premium vinyl floor offers exceptional performance and outstanding value, combining total waterproof protection with stylish, realistic designs. The ideal choice for kitchens, bathrooms, hallways and any room where practicality is every bit as important as appearance and style.</p>
<h3>Key Highlights</h3><ul><li><strong>Fully Waterproof</strong> — 100% impervious to water, safe for bathrooms, kitchens and wet rooms</li><li><strong>Durable Wear Surface</strong> — resists everyday scratches, scuffs and heavy foot traffic</li><li><strong>Cushioned Backing</strong> — comfortable, warm and quiet underfoot</li><li><strong>Easy to Clean</strong> — resistant to most stains, simply sweep and mop</li><li><strong>Realistic Designs</strong> — high-definition printing creates convincing wood and stone effects</li><li><strong>Flexible Formats</strong> — sheet, tile and plank options available</li></ul>
<h3>Installation</h3><p>Can be laid loose, adhered with adhesive or as a click-lock floating floor depending on the product type. Subfloor must be clean, dry, smooth and free of contamination. Can be installed over existing smooth, well-bonded coverings. An expansion gap is required around the perimeter for floating installations.</p>
<h3>Care &amp; Maintenance</h3><p>Sweep or vacuum regularly with a soft brush. Mop with warm water and a mild pH-neutral floor cleaner. Avoid abrasive scrubbing pads and harsh chemical solvents. Vinyl is highly resistant to stains and bacteria — ideal for families and pet owners. Clean spills promptly.</p>
<h3>Why Factory Direct Flooring?</h3><p>We stock a huge range of vinyl flooring from top manufacturers at factory direct prices. Our knowledgeable team can help you find the perfect vinyl floor for your project. Free samples available, comprehensive technical advice and fast UK delivery on all orders.</p>",Factory Direct Flooring,,Vinyl Flooring,vinyl-flooring,TRUE,Title,Default Title,73929ST,0,shopify,100,deny,manual,20.39,20.39,TRUE,TRUE,,,Eprosafe S93 Grey Stone Commercial Vinyl,Eprosafe S93 Grey Stone Commercial Vinyl | Factory Direct Flooring,Buy Eprosafe S93 Grey Stone Commercial Vinyl at Factory Direct Flooring. Vinyl Flooring available at competitive prices. Free UK delivery and expert advice. Order free samples today.,active
eprosafe-s41-rustic-oak-commercial-vinyl,Eprosafe S41 Rustic Oak Commercial Vinyl,"<h2>Eprosafe S41 Rustic Oak Commercial Vinyl</h2><p>Presenting the <strong>Eprosafe S41 Rustic Oak Commercial Vinyl</strong> from Factory Direct Flooring in a stunning <strong>Oak</strong> finish. This premium vinyl floor offers exceptional performance and outstanding value, combining total waterproof protection with stylish, realistic designs. The ideal choice for kitchens, bathrooms, hallways and any room where practicality is every bit as important as appearance and style.</p>
<h3>Key Highlights</h3><ul><li><strong>Fully Waterproof</strong> — 100% impervious to water, safe for bathrooms, kitchens and wet rooms</li><li><strong>Durable Wear Surface</strong> — resists everyday scratches, scuffs and heavy foot traffic</li><li><strong>Cushioned Backing</strong> — comfortable, warm and quiet underfoot</li><li><strong>Easy to Clean</strong> — resistant to most stains, simply sweep and mop</li><li><strong>Realistic Designs</strong> — high-definition printing creates convincing wood and stone effects</li><li><strong>Flexible Formats</strong> — sheet, tile and plank options available</li></ul>
<h3>Installation</h3><p>Can be laid loose, adhered with adhesive or as a click-lock floating floor depending on the product type. Subfloor must be clean, dry, smooth and free of contamination. Can be installed over existing smooth, well-bonded coverings. An expansion gap is required around the perimeter for floating installations.</p>
<h3>Care &amp; Maintenance</h3><p>Sweep or vacuum regularly with a soft brush. Mop with warm water and a mild pH-neutral floor cleaner. Avoid abrasive scrubbing pads and harsh chemical solvents. Vinyl is highly resistant to stains and bacteria — ideal for families and pet owners. Clean spills promptly.</p>
<h3>Why Factory Direct Flooring?</h3><p>We stock a huge range of vinyl flooring from top manufacturers at factory direct prices. Our knowledgeable team can help you find the perfect vinyl floor for your project. Free samples available, comprehensive technical advice and fast UK delivery on all orders.</p>",Factory Direct Flooring,,Vinyl Flooring,vinyl-flooring,TRUE,Title,Default Title,73930ST,0,shopify,100,deny,manual,20.39,20.39,TRUE,TRUE,,,Eprosafe S41 Rustic Oak Commercial Vinyl,Eprosafe S41 Rustic Oak Commercial Vinyl | Factory Direct Flooring,Buy Eprosafe S41 Rustic Oak Commercial Vinyl at Factory Direct Flooring. Vinyl Flooring available at competitive prices. Free UK delivery and expert advice. Order free samples today.,active
ultrafelt-vinyl-flooring-concrete-grey-911m,Ultrafelt Vinyl Flooring Concrete Grey 911M,"<h2>Ultrafelt Vinyl Flooring Concrete Grey 911M</h2><p>Presenting the <strong>Ultrafelt Vinyl Flooring Concrete Grey 911M</strong> from Factory Direct Flooring in a stunning <strong>Grey</strong> finish. This premium vinyl floor offers exceptional performance and outstanding value, combining total waterproof protection with stylish, realistic designs. The ideal choice for kitchens, bathrooms, hallways and any room where practicality is every bit as important as appearance and style.</p>
<h3>Key Highlights</h3><ul><li><strong>Fully Waterproof</strong> — 100% impervious to water, safe for bathrooms, kitchens and wet rooms</li><li><strong>Durable Wear Surface</strong> — resists everyday scratches, scuffs and heavy foot traffic</li><li><strong>Cushioned Backing</strong> — comfortable, warm and quiet underfoot</li><li><strong>Easy to Clean</strong> — resistant to most stains, simply sweep and mop</li><li><strong>Realistic Designs</strong> — high-definition printing creates convincing wood and stone effects</li><li><strong>Flexible Formats</strong> — sheet, tile and plank options available</li></ul>
<h3>Installation</h3><p>Can be laid loose, adhered with adhesive or as a click-lock floating floor depending on the product type. Subfloor must be clean, dry, smooth and free of contamination. Can be installed over existing smooth, well-bonded coverings. An expansion gap is required around the perimeter for floating installations.</p>
<h3>Care &amp; Maintenance</h3><p>Sweep or vacuum regularly with a soft brush. Mop with warm water and a mild pH-neutral floor cleaner. Avoid abrasive scrubbing pads and harsh chemical solvents. Vinyl is highly resistant to stains and bacteria — ideal for families and pet owners. Clean spills promptly.</p>
<h3>Why Factory Direct Flooring?</h3><p>We stock a huge range of vinyl flooring from top manufacturers at factory direct prices. Our knowledgeable team can help you find the perfect vinyl floor for your project. Free samples available, comprehensive technical advice and fast UK delivery on all orders.</p>",Factory Direct Flooring,,Vinyl Flooring,vinyl-flooring,TRUE,Title,Default Title,73973ST,0,shopify,100,deny,manual,17.87,17.87,TRUE,TRUE,,,Ultrafelt Vinyl Flooring Concrete Grey 911M,Ultrafelt Vinyl Flooring Concrete Grey 911M | Factory Direct Flooring,Buy Ultrafelt Vinyl Flooring Concrete Grey 911M at Factory Direct Flooring. Vinyl Flooring available at competitive prices. Free UK delivery and expert advice. Order free samples today.,active
ultrafelt-vinyl-flooring-dark-concrete-969d,Ultrafelt Vinyl Flooring Dark Concrete 969D,"<h2>Ultrafelt Vinyl Flooring Dark Concrete 969D</h2><p>Presenting the <strong>Ultrafelt Vinyl Flooring Dark Concrete 969D</strong> from Factory Direct Flooring in a stunning <strong>Concrete</strong> finish. This premium vinyl floor offers exceptional performance and outstanding value, combining total waterproof protection with stylish, realistic designs. The ideal choice for kitchens, bathrooms, hallways and any room where practicality is every bit as important as appearance and style.</p>
<h3>Key Highlights</h3><ul><li><strong>Fully Waterproof</strong> — 100% impervious to water, safe for bathrooms, kitchens and wet rooms</li><li><strong>Durable Wear Surface</strong> — resists everyday scratches, scuffs and heavy foot traffic</li><li><strong>Cushioned Backing</strong> — comfortable, warm and quiet underfoot</li><li><strong>Easy to Clean</strong> — resistant to most stains, simply sweep and mop</li><li><strong>Realistic Designs</strong> — high-definition printing creates convincing wood and stone effects</li><li><strong>Flexible Formats</strong> — sheet, tile and plank options available</li></ul>
<h3>Installation</h3><p>Can be laid loose, adhered with adhesive or as a click-lock floating floor depending on the product type. Subfloor must be clean, dry, smooth and free of contamination. Can be installed over existing smooth, well-bonded coverings. An expansion gap is required around the perimeter for floating installations.</p>
<h3>Care &amp; Maintenance</h3><p>Sweep or vacuum regularly with a soft brush. Mop with warm water and a mild pH-neutral floor cleaner. Avoid abrasive scrubbing pads and harsh chemical solvents. Vinyl is highly resistant to stains and bacteria — ideal for families and pet owners. Clean spills promptly.</p>
<h3>Why Factory Direct Flooring?</h3><p>We stock a huge range of vinyl flooring from top manufacturers at factory direct prices. Our knowledgeable team can help you find the perfect vinyl floor for your project. Free samples available, comprehensive technical advice and fast UK delivery on all orders.</p>",Factory Direct Flooring,,Vinyl Flooring,vinyl-flooring,TRUE,Title,Default Title,73976ST,0,shopify,100,deny,manual,17.87,17.87,TRUE,TRUE,,,Ultrafelt Vinyl Flooring Dark Concrete 969D,Ultrafelt Vinyl Flooring Dark Concrete 969D | Factory Direct Flooring,Buy Ultrafelt Vinyl Flooring Dark Concrete 969D at Factory Direct Flooring. Vinyl Flooring available at competitive prices. Free UK delivery and expert advice. Order free samples today.,active
ecostep-vinyl-flooring-marble-s06,Ecostep Vinyl Flooring Marble S06,"<h2>Ecostep Vinyl Flooring Marble S06</h2><p>Presenting the <strong>Ecostep Vinyl Flooring Marble S06</strong> from Factory Direct Flooring in a stunning <strong>Marble</strong> finish. This premium vinyl floor offers exceptional performance and outstanding value, combining total waterproof protection with stylish, realistic designs. The ideal choice for kitchens, bathrooms, hallways and any room where practicality is every bit as important as appearance and style.</p>
<h3>Key Highlights</h3><ul><li><strong>Fully Waterproof</strong> — 100% impervious to water, safe for bathrooms, kitchens and wet rooms</li><li><strong>Durable Wear Surface</strong> — resists everyday scratches, scuffs and heavy foot traffic</li><li><strong>Cushioned Backing</strong> — comfortable, warm and quiet underfoot</li><li><strong>Easy to Clean</strong> — resistant to most stains, simply sweep and mop</li><li><strong>Realistic Designs</strong> — high-definition printing creates convincing wood and stone effects</li><li><strong>Flexible Formats</strong> — sheet, tile and plank options available</li></ul>
<h3>Installation</h3><p>Can be laid loose, adhered with adhesive or as a click-lock floating floor depending on the product type. Subfloor must be clean, dry, smooth and free of contamination. Can be installed over existing smooth, well-bonded coverings. An expansion gap is required around the perimeter for floating installations.</p>
<h3>Care &amp; Maintenance</h3><p>Sweep or vacuum regularly with a soft brush. Mop with warm water and a mild pH-neutral floor cleaner. Avoid abrasive scrubbing pads and harsh chemical solvents. Vinyl is highly resistant to stains and bacteria — ideal for families and pet owners. Clean spills promptly.</p>
<h3>Why Factory Direct Flooring?</h3><p>We stock a huge range of vinyl flooring from top manufacturers at factory direct prices. Our knowledgeable team can help you find the perfect vinyl floor for your project. Free samples available, comprehensive technical advice and fast UK delivery on all orders.</p>",Factory Direct Flooring,,Vinyl Flooring,vinyl-flooring,TRUE,Title,Default Title,74011ST,0,shopify,100,deny,manual,11.51,11.51,TRUE,TRUE,,,Ecostep Vinyl Flooring Marble S06,Ecostep Vinyl Flooring Marble S06 | Factory Direct Flooring,Buy Ecostep Vinyl Flooring Marble S06 at Factory Direct Flooring. Vinyl Flooring available at competitive prices. Free UK delivery and expert advice. Order free samples today.,active
ecostep-vinyl-flooring-dark-gravel-596,Ecostep Vinyl Flooring Dark Gravel 596,"<h2>Ecostep Vinyl Flooring Dark Gravel 596</h2><p>Presenting the <strong>Ecostep Vinyl Flooring Dark Gravel 596</strong> from Factory Direct Flooring in a stunning <strong>Dark</strong> finish. This premium vinyl floor offers exceptional performance and outstanding value, combining total waterproof protection with stylish, realistic designs. The ideal choice for kitchens, bathrooms, hallways and any room where practicality is every bit as important as appearance and style.</p>
<h3>Key Highlights</h3><ul><li><strong>Fully Waterproof</strong> — 100% impervious to water, safe for bathrooms, kitchens and wet rooms</li><li><strong>Durable Wear Surface</strong> — resists everyday scratches, scuffs and heavy foot traffic</li><li><strong>Cushioned Backing</strong> — comfortable, warm and quiet underfoot</li><li><strong>Easy to Clean</strong> — resistant to most stains, simply sweep and mop</li><li><strong>Realistic Designs</strong> — high-definition printing creates convincing wood and stone effects</li><li><strong>Flexible Formats</strong> — sheet, tile and plank options available</li></ul>
<h3>Installation</h3><p>Can be laid loose, adhered with adhesive or as a click-lock floating floor depending on the product type. Subfloor must be clean, dry, smooth and free of contamination. Can be installed over existing smooth, well-bonded coverings. An expansion gap is required around the perimeter for floating installations.</p>
<h3>Care &amp; Maintenance</h3><p>Sweep or vacuum regularly with a soft brush. Mop with warm water and a mild pH-neutral floor cleaner. Avoid abrasive scrubbing pads and harsh chemical solvents. Vinyl is highly resistant to stains and bacteria — ideal for families and pet owners. Clean spills promptly.</p>
<h3>Why Factory Direct Flooring?</h3><p>We stock a huge range of vinyl flooring from top manufacturers at factory direct prices. Our knowledgeable team can help you find the perfect vinyl floor for your project. Free samples available, comprehensive technical advice and fast UK delivery on all orders.</p>",Factory Direct Flooring,,Vinyl Flooring,vinyl-flooring,TRUE,Title,Default Title,74012ST,0,shopify,100,deny,manual,11.51,11.51,TRUE,TRUE,,,Ecostep Vinyl Flooring Dark Gravel 596,Ecostep Vinyl Flooring Dark Gravel 596 | Factory Direct Flooring,Buy Ecostep Vinyl Flooring Dark Gravel 596 at Factory Direct Flooring. Vinyl Flooring available at competitive prices. Free UK delivery and expert advice. Order free samples today.,active
ecostep-vinyl-flooring-light-gravel-592,Ecostep Vinyl Flooring Light Gravel 592,"<h2>Ecostep Vinyl Flooring Light Gravel 592</h2><p>Presenting the <strong>Ecostep Vinyl Flooring Light Gravel 592</strong> from Factory Direct Flooring in a stunning <strong>Light</strong> finish. This premium vinyl floor offers exceptional performance and outstanding value, combining total waterproof protection with stylish, realistic designs. The ideal choice for kitchens, bathrooms, hallways and any room where practicality is every bit as important as appearance and style.</p>
<h3>Key Highlights</h3><ul><li><strong>Fully Waterproof</strong> — 100% impervious to water, safe for bathrooms, kitchens and wet rooms</li><li><strong>Durable Wear Surface</strong> — resists everyday scratches, scuffs and heavy foot traffic</li><li><strong>Cushioned Backing</strong> — comfortable, warm and quiet underfoot</li><li><strong>Easy to Clean</strong> — resistant to most stains, simply sweep and mop</li><li><strong>Realistic Designs</strong> — high-definition printing creates convincing wood and stone effects</li><li><strong>Flexible Formats</strong> — sheet, tile and plank options available</li></ul>
<h3>Installation</h3><p>Can be laid loose, adhered with adhesive or as a click-lock floating floor depending on the product type. Subfloor must be clean, dry, smooth and free of contamination. Can be installed over existing smooth, well-bonded coverings. An expansion gap is required around the perimeter for floating installations.</p>
<h3>Care &amp; Maintenance</h3><p>Sweep or vacuum regularly with a soft brush. Mop with warm water and a mild pH-neutral floor cleaner. Avoid abrasive scrubbing pads and harsh chemical solvents. Vinyl is highly resistant to stains and bacteria — ideal for families and pet owners. Clean spills promptly.</p>
<h3>Why Factory Direct Flooring?</h3><p>We stock a huge range of vinyl flooring from top manufacturers at factory direct prices. Our knowledgeable team can help you find the perfect vinyl floor for your project. Free samples available, comprehensive technical advice and fast UK delivery on all orders.</p>",Factory Direct Flooring,,Vinyl Flooring,vinyl-flooring,TRUE,Title,Default Title,74013ST,0,shopify,100,deny,manual,11.51,11.51,TRUE,TRUE,,,Ecostep Vinyl Flooring Light Gravel 592,Ecostep Vinyl Flooring Light Gravel 592 | Factory Direct Flooring,Buy Ecostep Vinyl Flooring Light Gravel 592 at Factory Direct Flooring. Vinyl Flooring available at competitive prices. Free UK delivery and expert advice. Order free samples today.,active
ecostep-vinyl-flooring-stones-s05,Ecostep Vinyl Flooring Stones S05,"<h2>Ecostep Vinyl Flooring Stones S05</h2><p>Presenting the <strong>Ecostep Vinyl Flooring Stones S05</strong> from Factory Direct Flooring in a stunning <strong>Stone</strong> finish. This premium vinyl floor offers exceptional performance and outstanding value, combining total waterproof protection with stylish, realistic designs. The ideal choice for kitchens, bathrooms, hallways and any room where practicality is every bit as important as appearance and style.</p>
<h3>Key Highlights</h3><ul><li><strong>Fully Waterproof</strong> — 100% impervious to water, safe for bathrooms, kitchens and wet rooms</li><li><strong>Durable Wear Surface</strong> — resists everyday scratches, scuffs and heavy foot traffic</li><li><strong>Cushioned Backing</strong> — comfortable, warm and quiet underfoot</li><li><strong>Easy to Clean</strong> — resistant to most stains, simply sweep and mop</li><li><strong>Realistic Designs</strong> — high-definition printing creates convincing wood and stone effects</li><li><strong>Flexible Formats</strong> — sheet, tile and plank options available</li></ul>
<h3>Installation</h3><p>Can be laid loose, adhered with adhesive or as a click-lock floating floor depending on the product type. Subfloor must be clean, dry, smooth and free of contamination. Can be installed over existing smooth, well-bonded coverings. An expansion gap is required around the perimeter for floating installations.</p>
<h3>Care &amp; Maintenance</h3><p>Sweep or vacuum regularly with a soft brush. Mop with warm water and a mild pH-neutral floor cleaner. Avoid abrasive scrubbing pads and harsh chemical solvents. Vinyl is highly resistant to stains and bacteria — ideal for families and pet owners. Clean spills promptly.</p>
<h3>Why Factory Direct Flooring?</h3><p>We stock a huge range of vinyl flooring from top manufacturers at factory direct prices. Our knowledgeable team can help you find the perfect vinyl floor for your project. Free samples available, comprehensive technical advice and fast UK delivery on all orders.</p>",Factory Direct Flooring,,Vinyl Flooring,vinyl-flooring,TRUE,Title,Default Title,74014ST,0,shopify,100,deny,manual,11.51,11.51,TRUE,TRUE,,,Ecostep Vinyl Flooring Stones S05,Ecostep Vinyl Flooring Stones S05 | Factory Direct Flooring,Buy Ecostep Vinyl Flooring Stones S05 at Factory Direct Flooring. Vinyl Flooring available at competitive prices. Free UK delivery and expert advice. Order free samples today.,active
ecostep-vinyl-flooring-parquet-honey-536,Ecostep Vinyl Flooring Parquet Honey 536,"<h2>Ecostep Vinyl Flooring Parquet Honey 536</h2><p>Presenting the <strong>Ecostep Vinyl Flooring Parquet Honey 536</strong> from Factory Direct Flooring. This premium vinyl floor offers exceptional performance and outstanding value, combining total waterproof protection with stylish, realistic designs. The ideal choice for kitchens, bathrooms, hallways and any room where practicality is every bit as important as appearance and style.</p>
<h3>Key Highlights</h3><ul><li><strong>Fully Waterproof</strong> — 100% impervious to water, safe for bathrooms, kitchens and wet rooms</li><li><strong>Durable Wear Surface</strong> — resists everyday scratches, scuffs and heavy foot traffic</li><li><strong>Cushioned Backing</strong> — comfortable, warm and quiet underfoot</li><li><strong>Easy to Clean</strong> — resistant to most stains, simply sweep and mop</li><li><strong>Realistic Designs</strong> — high-definition printing creates convincing wood and stone effects</li><li><strong>Flexible Formats</strong> — sheet, tile and plank options available</li></ul>
<h3>Installation</h3><p>Can be laid loose, adhered with adhesive or as a click-lock floating floor depending on the product type. Subfloor must be clean, dry, smooth and free of contamination. Can be installed over existing smooth, well-bonded coverings. An expansion gap is required around the perimeter for floating installations.</p>
<h3>Care &amp; Maintenance</h3><p>Sweep or vacuum regularly with a soft brush. Mop with warm water and a mild pH-neutral floor cleaner. Avoid abrasive scrubbing pads and harsh chemical solvents. Vinyl is highly resistant to stains and bacteria — ideal for families and pet owners. Clean spills promptly.</p>
<h3>Why Factory Direct Flooring?</h3><p>We stock a huge range of vinyl flooring from top manufacturers at factory direct prices. Our knowledgeable team can help you find the perfect vinyl floor for your project. Free samples available, comprehensive technical advice and fast UK delivery on all orders.</p>",Factory Direct Flooring,,Vinyl Flooring,vinyl-flooring,TRUE,Title,Default Title,74015ST,0,shopify,100,deny,manual,11.99,11.99,TRUE,TRUE,,,Ecostep Vinyl Flooring Parquet Honey 536,Ecostep Vinyl Flooring Parquet Honey 536 | Factory Direct Flooring,Buy Ecostep Vinyl Flooring Parquet Honey 536 at Factory Direct Flooring. Vinyl Flooring available at competitive prices. Free UK delivery and expert advice. Order free samples today.,active
ecostep-vinyl-flooring-parquet-original-555,Ecostep Vinyl Flooring Parquet Original 555,"<h2>Ecostep Vinyl Flooring Parquet Original 555</h2><p>Presenting the <strong>Ecostep Vinyl Flooring Parquet Original 555</strong> from Factory Direct Flooring. This premium vinyl floor offers exceptional performance and outstanding value, combining total waterproof protection with stylish, realistic designs. The ideal choice for kitchens, bathrooms, hallways and any room where practicality is every bit as important as appearance and style.</p>
<h3>Key Highlights</h3><ul><li><strong>Fully Waterproof</strong> — 100% impervious to water, safe for bathrooms, kitchens and wet rooms</li><li><strong>Durable Wear Surface</strong> — resists everyday scratches, scuffs and heavy foot traffic</li><li><strong>Cushioned Backing</strong> — comfortable, warm and quiet underfoot</li><li><strong>Easy to Clean</strong> — resistant to most stains, simply sweep and mop</li><li><strong>Realistic Designs</strong> — high-definition printing creates convincing wood and stone effects</li><li><strong>Flexible Formats</strong> — sheet, tile and plank options available</li></ul>
<h3>Installation</h3><p>Can be laid loose, adhered with adhesive or as a click-lock floating floor depending on the product type. Subfloor must be clean, dry, smooth and free of contamination. Can be installed over existing smooth, well-bonded coverings. An expansion gap is required around the perimeter for floating installations.</p>
<h3>Care &amp; Maintenance</h3><p>Sweep or vacuum regularly with a soft brush. Mop with warm water and a mild pH-neutral floor cleaner. Avoid abrasive scrubbing pads and harsh chemical solvents. Vinyl is highly resistant to stains and bacteria — ideal for families and pet owners. Clean spills promptly.</p>
<h3>Why Factory Direct Flooring?</h3><p>We stock a huge range of vinyl flooring from top manufacturers at factory direct prices. Our knowledgeable team can help you find the perfect vinyl floor for your project. Free samples available, comprehensive technical advice and fast UK delivery on all orders.</p>",Factory Direct Flooring,,Vinyl Flooring,vinyl-flooring,TRUE,Title,Default Title,74016ST,0,shopify,100,deny,manual,11.99,11.99,TRUE,TRUE,,,Ecostep Vinyl Flooring Parquet Original 555,Ecostep Vinyl Flooring Parquet Original 555 | Factory Direct Flooring,Buy Ecostep Vinyl Flooring Parquet Original 555 at Factory Direct Flooring. Vinyl Flooring available at competitive prices. Free UK delivery and expert advice. Order free samples today.,active
ecostep-vinyl-flooring-parquet-sintra-583,Ecostep Vinyl Flooring Parquet Sintra 583,"<h2>Ecostep Vinyl Flooring Parquet Sintra 583</h2><p>Presenting the <strong>Ecostep Vinyl Flooring Parquet Sintra 583</strong> from Factory Direct Flooring. This premium vinyl floor offers exceptional performance and outstanding value, combining total waterproof protection with stylish, realistic designs. The ideal choice for kitchens, bathrooms, hallways and any room where practicality is every bit as important as appearance and style.</p>
<h3>Key Highlights</h3><ul><li><strong>Fully Waterproof</strong> — 100% impervious to water, safe for bathrooms, kitchens and wet rooms</li><li><strong>Durable Wear Surface</strong> — resists everyday scratches, scuffs and heavy foot traffic</li><li><strong>Cushioned Backing</strong> — comfortable, warm and quiet underfoot</li><li><strong>Easy to Clean</strong> — resistant to most stains, simply sweep and mop</li><li><strong>Realistic Designs</strong> — high-definition printing creates convincing wood and stone effects</li><li><strong>Flexible Formats</strong> — sheet, tile and plank options available</li></ul>
<h3>Installation</h3><p>Can be laid loose, adhered with adhesive or as a click-lock floating floor depending on the product type. Subfloor must be clean, dry, smooth and free of contamination. Can be installed over existing smooth, well-bonded coverings. An expansion gap is required around the perimeter for floating installations.</p>
<h3>Care &amp; Maintenance</h3><p>Sweep or vacuum regularly with a soft brush. Mop with warm water and a mild pH-neutral floor cleaner. Avoid abrasive scrubbing pads and harsh chemical solvents. Vinyl is highly resistant to stains and bacteria — ideal for families and pet owners. Clean spills promptly.</p>
<h3>Why Factory Direct Flooring?</h3><p>We stock a huge range of vinyl flooring from top manufacturers at factory direct prices. Our knowledgeable team can help you find the perfect vinyl floor for your project. Free samples available, comprehensive technical advice and fast UK delivery on all orders.</p>",Factory Direct Flooring,,Vinyl Flooring,vinyl-flooring,TRUE,Title,Default Title,74018ST,0,shopify,100,deny,manual,11.51,11.51,TRUE,TRUE,,,Ecostep Vinyl Flooring Parquet Sintra 583,Ecostep Vinyl Flooring Parquet Sintra 583 | Factory Direct Flooring,Buy Ecostep Vinyl Flooring Parquet Sintra 583 at Factory Direct Flooring. Vinyl Flooring available at competitive prices. Free UK delivery and expert advice. Order free samples today.,active
ecostep-vinyl-flooring-chic-noblesse-92,Ecostep Vinyl Flooring Chic Noblesse 92,"<h2>Ecostep Vinyl Flooring Chic Noblesse 92</h2><p>Presenting the <strong>Ecostep Vinyl Flooring Chic Noblesse 92</strong> from Factory Direct Flooring. This premium vinyl floor offers exceptional performance and outstanding value, combining total waterproof protection with stylish, realistic designs. The ideal choice for kitchens, bathrooms, hallways and any room where practicality is every bit as important as appearance and style.</p>
<h3>Key Highlights</h3><ul><li><strong>Fully Waterproof</strong> — 100% impervious to water, safe for bathrooms, kitchens and wet rooms</li><li><strong>Durable Wear Surface</strong> — resists everyday scratches, scuffs and heavy foot traffic</li><li><strong>Cushioned Backing</strong> — comfortable, warm and quiet underfoot</li><li><strong>Easy to Clean</strong> — resistant to most stains, simply sweep and mop</li><li><strong>Realistic Designs</strong> — high-definition printing creates convincing wood and stone effects</li><li><strong>Flexible Formats</strong> — sheet, tile and plank options available</li></ul>
<h3>Installation</h3><p>Can be laid loose, adhered with adhesive or as a click-lock floating floor depending on the product type. Subfloor must be clean, dry, smooth and free of contamination. Can be installed over existing smooth, well-bonded coverings. An expansion gap is required around the perimeter for floating installations.</p>
<h3>Care &amp; Maintenance</h3><p>Sweep or vacuum regularly with a soft brush. Mop with warm water and a mild pH-neutral floor cleaner. Avoid abrasive scrubbing pads and harsh chemical solvents. Vinyl is highly resistant to stains and bacteria — ideal for families and pet owners. Clean spills promptly.</p>
<h3>Why Factory Direct Flooring?</h3><p>We stock a huge range of vinyl flooring from top manufacturers at factory direct prices. Our knowledgeable team can help you find the perfect vinyl floor for your project. Free samples available, comprehensive technical advice and fast UK delivery on all orders.</p>",Factory Direct Flooring,,Vinyl Flooring,vinyl-flooring,TRUE,Title,Default Title,74019ST,0,shopify,100,deny,manual,11.51,11.51,TRUE,TRUE,,,Ecostep Vinyl Flooring Chic Noblesse 92,Ecostep Vinyl Flooring Chic Noblesse 92 | Factory Direct Flooring,Buy Ecostep Vinyl Flooring Chic Noblesse 92 at Factory Direct Flooring. Vinyl Flooring available at competitive prices. Free UK delivery and expert advice. Order free samples today.,active
ecostep-vinyl-flooring-new-alba-793,Ecostep Vinyl Flooring New Alba 793,"<h2>Ecostep Vinyl Flooring New Alba 793</h2><p>Presenting the <strong>Ecostep Vinyl Flooring New Alba 793</strong> from Factory Direct Flooring. This premium vinyl floor offers exceptional performance and outstanding value, combining total waterproof protection with stylish, realistic designs. The ideal choice for kitchens, bathrooms, hallways and any room where practicality is every bit as important as appearance and style.</p>
<h3>Key Highlights</h3><ul><li><strong>Fully Waterproof</strong> — 100% impervious to water, safe for bathrooms, kitchens and wet rooms</li><li><strong>Durable Wear Surface</strong> — resists everyday scratches, scuffs and heavy foot traffic</li><li><strong>Cushioned Backing</strong> — comfortable, warm and quiet underfoot</li><li><strong>Easy to Clean</strong> — resistant to most stains, simply sweep and mop</li><li><strong>Realistic Designs</strong> — high-definition printing creates convincing wood and stone effects</li><li><strong>Flexible Formats</strong> — sheet, tile and plank options available</li></ul>
<h3>Installation</h3><p>Can be laid loose, adhered with adhesive or as a click-lock floating floor depending on the product type. Subfloor must be clean, dry, smooth and free of contamination. Can be installed over existing smooth, well-bonded coverings. An expansion gap is required around the perimeter for floating installations.</p>
<h3>Care &amp; Maintenance</h3><p>Sweep or vacuum regularly with a soft brush. Mop with warm water and a mild pH-neutral floor cleaner. Avoid abrasive scrubbing pads and harsh chemical solvents. Vinyl is highly resistant to stains and bacteria — ideal for families and pet owners. Clean spills promptly.</p>
<h3>Why Factory Direct Flooring?</h3><p>We stock a huge range of vinyl flooring from top manufacturers at factory direct prices. Our knowledgeable team can help you find the perfect vinyl floor for your project. Free samples available, comprehensive technical advice and fast UK delivery on all orders.</p>",Factory Direct Flooring,,Vinyl Flooring,vinyl-flooring,TRUE,Title,Default Title,74029ST,0,shopify,100,deny,manual,11.51,11.51,TRUE,TRUE,,,Ecostep Vinyl Flooring New Alba 793,Ecostep Vinyl Flooring New Alba 793 | Factory Direct Flooring,Buy Ecostep Vinyl Flooring New Alba 793 at Factory Direct Flooring. Vinyl Flooring available at competitive prices. Free UK delivery and expert advice. Order free samples today.,active
ecostep-vinyl-flooring-barcelona-579,Ecostep Vinyl Flooring Barcelona 579,"<h2>Ecostep Vinyl Flooring Barcelona 579</h2><p>Presenting the <strong>Ecostep Vinyl Flooring Barcelona 579</strong> from Factory Direct Flooring. This premium vinyl floor offers exceptional performance and outstanding value, combining total waterproof protection with stylish, realistic designs. The ideal choice for kitchens, bathrooms, hallways and any room where practicality is every bit as important as appearance and style.</p>
<h3>Key Highlights</h3><ul><li><strong>Fully Waterproof</strong> — 100% impervious to water, safe for bathrooms, kitchens and wet rooms</li><li><strong>Durable Wear Surface</strong> — resists everyday scratches, scuffs and heavy foot traffic</li><li><strong>Cushioned Backing</strong> — comfortable, warm and quiet underfoot</li><li><strong>Easy to Clean</strong> — resistant to most stains, simply sweep and mop</li><li><strong>Realistic Designs</strong> — high-definition printing creates convincing wood and stone effects</li><li><strong>Flexible Formats</strong> — sheet, tile and plank options available</li></ul>
<h3>Installation</h3><p>Can be laid loose, adhered with adhesive or as a click-lock floating floor depending on the product type. Subfloor must be clean, dry, smooth and free of contamination. Can be installed over existing smooth, well-bonded coverings. An expansion gap is required around the perimeter for floating installations.</p>
<h3>Care &amp; Maintenance</h3><p>Sweep or vacuum regularly with a soft brush. Mop with warm water and a mild pH-neutral floor cleaner. Avoid abrasive scrubbing pads and harsh chemical solvents. Vinyl is highly resistant to stains and bacteria — ideal for families and pet owners. Clean spills promptly.</p>
<h3>Why Factory Direct Flooring?</h3><p>We stock a huge range of vinyl flooring from top manufacturers at factory direct prices. Our knowledgeable team can help you find the perfect vinyl floor for your project. Free samples available, comprehensive technical advice and fast UK delivery on all orders.</p>",Factory Direct Flooring,,Vinyl Flooring,vinyl-flooring,TRUE,Title,Default Title,74031ST,0,shopify,100,deny,manual,11.51,11.51,TRUE,TRUE,,,Ecostep Vinyl Flooring Barcelona 579,Ecostep Vinyl Flooring Barcelona 579 | Factory Direct Flooring,Buy Ecostep Vinyl Flooring Barcelona 579 at Factory Direct Flooring. Vinyl Flooring available at competitive prices. Free UK delivery and expert advice. Order free samples today.,active
ecostep-vinyl-flooring-new-evora-594,Ecostep Vinyl Flooring New Evora 594,"<h2>Ecostep Vinyl Flooring New Evora 594</h2><p>Presenting the <strong>Ecostep Vinyl Flooring New Evora 594</strong> from Factory Direct Flooring. This premium vinyl floor offers exceptional performance and outstanding value, combining total waterproof protection with stylish, realistic designs. The ideal choice for kitchens, bathrooms, hallways and any room where practicality is every bit as important as appearance and style.</p>
<h3>Key Highlights</h3><ul><li><strong>Fully Waterproof</strong> — 100% impervious to water, safe for bathrooms, kitchens and wet rooms</li><li><strong>Durable Wear Surface</strong> — resists everyday scratches, scuffs and heavy foot traffic</li><li><strong>Cushioned Backing</strong> — comfortable, warm and quiet underfoot</li><li><strong>Easy to Clean</strong> — resistant to most stains, simply sweep and mop</li><li><strong>Realistic Designs</strong> — high-definition printing creates convincing wood and stone effects</li><li><strong>Flexible Formats</strong> — sheet, tile and plank options available</li></ul>
<h3>Installation</h3><p>Can be laid loose, adhered with adhesive or as a click-lock floating floor depending on the product type. Subfloor must be clean, dry, smooth and free of contamination. Can be installed over existing smooth, well-bonded coverings. An expansion gap is required around the perimeter for floating installations.</p>
<h3>Care &amp; Maintenance</h3><p>Sweep or vacuum regularly with a soft brush. Mop with warm water and a mild pH-neutral floor cleaner. Avoid abrasive scrubbing pads and harsh chemical solvents. Vinyl is highly resistant to stains and bacteria — ideal for families and pet owners. Clean spills promptly.</p>
<h3>Why Factory Direct Flooring?</h3><p>We stock a huge range of vinyl flooring from top manufacturers at factory direct prices. Our knowledgeable team can help you find the perfect vinyl floor for your project. Free samples available, comprehensive technical advice and fast UK delivery on all orders.</p>",Factory Direct Flooring,,Vinyl Flooring,vinyl-flooring,TRUE,Title,Default Title,74032ST,0,shopify,100,deny,manual,11.99,11.99,TRUE,TRUE,,,Ecostep Vinyl Flooring New Evora 594,Ecostep Vinyl Flooring New Evora 594 | Factory Direct Flooring,Buy Ecostep Vinyl Flooring New Evora 594 at Factory Direct Flooring. Vinyl Flooring available at competitive prices. Free UK delivery and expert advice. Order free samples today.,active
ultrafelt-vinyl-flooring-battleship-grey-119m-parquet,Ultrafelt Vinyl Flooring Battleship Grey 119M Parquet,"<h2>Ultrafelt Vinyl Flooring Battleship Grey 119M Parquet</h2><p>Presenting the <strong>Ultrafelt Vinyl Flooring Battleship Grey 119M Parquet</strong> from Factory Direct Flooring in a stunning <strong>Grey</strong> finish. This premium vinyl floor offers exceptional performance and outstanding value, combining total waterproof protection with stylish, realistic designs. The ideal choice for kitchens, bathrooms, hallways and any room where practicality is every bit as important as appearance and style.</p>
<h3>Key Highlights</h3><ul><li><strong>Fully Waterproof</strong> — 100% impervious to water, safe for bathrooms, kitchens and wet rooms</li><li><strong>Durable Wear Surface</strong> — resists everyday scratches, scuffs and heavy foot traffic</li><li><strong>Cushioned Backing</strong> — comfortable, warm and quiet underfoot</li><li><strong>Easy to Clean</strong> — resistant to most stains, simply sweep and mop</li><li><strong>Realistic Designs</strong> — high-definition printing creates convincing wood and stone effects</li><li><strong>Flexible Formats</strong> — sheet, tile and plank options available</li></ul>
<h3>Installation</h3><p>Can be laid loose, adhered with adhesive or as a click-lock floating floor depending on the product type. Subfloor must be clean, dry, smooth and free of contamination. Can be installed over existing smooth, well-bonded coverings. An expansion gap is required around the perimeter for floating installations.</p>
<h3>Care &amp; Maintenance</h3><p>Sweep or vacuum regularly with a soft brush. Mop with warm water and a mild pH-neutral floor cleaner. Avoid abrasive scrubbing pads and harsh chemical solvents. Vinyl is highly resistant to stains and bacteria — ideal for families and pet owners. Clean spills promptly.</p>
<h3>Why Factory Direct Flooring?</h3><p>We stock a huge range of vinyl flooring from top manufacturers at factory direct prices. Our knowledgeable team can help you find the perfect vinyl floor for your project. Free samples available, comprehensive technical advice and fast UK delivery on all orders.</p>",Factory Direct Flooring,,Vinyl Flooring,vinyl-flooring,TRUE,Title,Default Title,74120ST,0,shopify,100,deny,manual,17.87,17.87,TRUE,TRUE,,,Ultrafelt Vinyl Flooring Battleship Grey 119M Parquet,Ultrafelt Vinyl Flooring Battleship Grey 119M Parquet | Factory Direct Flooring,Buy Ultrafelt Vinyl Flooring Battleship Grey 119M Parquet at Factory Direct Flooring. Vinyl Flooring available at competitive prices. Free UK delivery and expert advice. Order free samples today.,active
ultrafelt-vinyl-flooring-seasalt-grey-090s,Ultrafelt Vinyl Flooring Seasalt Grey 090S,"<h2>Ultrafelt Vinyl Flooring Seasalt Grey 090S</h2><p>Presenting the <strong>Ultrafelt Vinyl Flooring Seasalt Grey 090S</strong> from Factory Direct Flooring in a stunning <strong>Grey</strong> finish. This premium vinyl floor offers exceptional performance and outstanding value, combining total waterproof protection with stylish, realistic designs. The ideal choice for kitchens, bathrooms, hallways and any room where practicality is every bit as important as appearance and style.</p>
<h3>Key Highlights</h3><ul><li><strong>Fully Waterproof</strong> — 100% impervious to water, safe for bathrooms, kitchens and wet rooms</li><li><strong>Durable Wear Surface</strong> — resists everyday scratches, scuffs and heavy foot traffic</li><li><strong>Cushioned Backing</strong> — comfortable, warm and quiet underfoot</li><li><strong>Easy to Clean</strong> — resistant to most stains, simply sweep and mop</li><li><strong>Realistic Designs</strong> — high-definition printing creates convincing wood and stone effects</li><li><strong>Flexible Formats</strong> — sheet, tile and plank options available</li></ul>
<h3>Installation</h3><p>Can be laid loose, adhered with adhesive or as a click-lock floating floor depending on the product type. Subfloor must be clean, dry, smooth and free of contamination. Can be installed over existing smooth, well-bonded coverings. An expansion gap is required around the perimeter for floating installations.</p>
<h3>Care &amp; Maintenance</h3><p>Sweep or vacuum regularly with a soft brush. Mop with warm water and a mild pH-neutral floor cleaner. Avoid abrasive scrubbing pads and harsh chemical solvents. Vinyl is highly resistant to stains and bacteria — ideal for families and pet owners. Clean spills promptly.</p>
<h3>Why Factory Direct Flooring?</h3><p>We stock a huge range of vinyl flooring from top manufacturers at factory direct prices. Our knowledgeable team can help you find the perfect vinyl floor for your project. Free samples available, comprehensive technical advice and fast UK delivery on all orders.</p>",Factory Direct Flooring,,Vinyl Flooring,vinyl-flooring,TRUE,Title,Default Title,74121ST,0,shopify,100,deny,manual,17.87,17.87,TRUE,TRUE,,,Ultrafelt Vinyl Flooring Seasalt Grey 090S,Ultrafelt Vinyl Flooring Seasalt Grey 090S | Factory Direct Flooring,Buy Ultrafelt Vinyl Flooring Seasalt Grey 090S at Factory Direct Flooring. Vinyl Flooring available at competitive prices. Free UK delivery and expert advice. Order free samples today.,active
ultrafelt-vinyl-flooring-ochre-oak-629l,Ultrafelt Vinyl Flooring Ochre Oak 629L,"<h2>Ultrafelt Vinyl Flooring Ochre Oak 629L</h2><p>Presenting the <strong>Ultrafelt Vinyl Flooring Ochre Oak 629L</strong> from Factory Direct Flooring in a stunning <strong>Oak</strong> finish. This premium vinyl floor offers exceptional performance and outstanding value, combining total waterproof protection with stylish, realistic designs. The ideal choice for kitchens, bathrooms, hallways and any room where practicality is every bit as important as appearance and style.</p>
<h3>Key Highlights</h3><ul><li><strong>Fully Waterproof</strong> — 100% impervious to water, safe for bathrooms, kitchens and wet rooms</li><li><strong>Durable Wear Surface</strong> — resists everyday scratches, scuffs and heavy foot traffic</li><li><strong>Cushioned Backing</strong> — comfortable, warm and quiet underfoot</li><li><strong>Easy to Clean</strong> — resistant to most stains, simply sweep and mop</li><li><strong>Realistic Designs</strong> — high-definition printing creates convincing wood and stone effects</li><li><strong>Flexible Formats</strong> — sheet, tile and plank options available</li></ul>
<h3>Installation</h3><p>Can be laid loose, adhered with adhesive or as a click-lock floating floor depending on the product type. Subfloor must be clean, dry, smooth and free of contamination. Can be installed over existing smooth, well-bonded coverings. An expansion gap is required around the perimeter for floating installations.</p>
<h3>Care &amp; Maintenance</h3><p>Sweep or vacuum regularly with a soft brush. Mop with warm water and a mild pH-neutral floor cleaner. Avoid abrasive scrubbing pads and harsh chemical solvents. Vinyl is highly resistant to stains and bacteria — ideal for families and pet owners. Clean spills promptly.</p>
<h3>Why Factory Direct Flooring?</h3><p>We stock a huge range of vinyl flooring from top manufacturers at factory direct prices. Our knowledgeable team can help you find the perfect vinyl floor for your project. Free samples available, comprehensive technical advice and fast UK delivery on all orders.</p>",Factory Direct Flooring,,Vinyl Flooring,vinyl-flooring,TRUE,Title,Default Title,74122ST,0,shopify,100,deny,manual,17.87,17.87,TRUE,TRUE,,,Ultrafelt Vinyl Flooring Ochre Oak 629L,Ultrafelt Vinyl Flooring Ochre Oak 629L | Factory Direct Flooring,Buy Ultrafelt Vinyl Flooring Ochre Oak 629L at Factory Direct Flooring. Vinyl Flooring available at competitive prices. Free UK delivery and expert advice. Order free samples today.,active
cosystep-vinyl-flooring-cadet-grey-096l,Cosystep Vinyl Flooring Cadet Grey 096L,"<h2>Cosystep Vinyl Flooring Cadet Grey 096L</h2><p>Presenting the <strong>Cosystep Vinyl Flooring Cadet Grey 096L</strong> from Factory Direct Flooring in a stunning <strong>Grey</strong> finish. This premium vinyl floor offers exceptional performance and outstanding value, combining total waterproof protection with stylish, realistic designs. The ideal choice for kitchens, bathrooms, hallways and any room where practicality is every bit as important as appearance and style.</p>
<h3>Key Highlights</h3><ul><li><strong>Fully Waterproof</strong> — 100% impervious to water, safe for bathrooms, kitchens and wet rooms</li><li><strong>Durable Wear Surface</strong> — resists everyday scratches, scuffs and heavy foot traffic</li><li><strong>Cushioned Backing</strong> — comfortable, warm and quiet underfoot</li><li><strong>Easy to Clean</strong> — resistant to most stains, simply sweep and mop</li><li><strong>Realistic Designs</strong> — high-definition printing creates convincing wood and stone effects</li><li><strong>Flexible Formats</strong> — sheet, tile and plank options available</li></ul>
<h3>Installation</h3><p>Can be laid loose, adhered with adhesive or as a click-lock floating floor depending on the product type. Subfloor must be clean, dry, smooth and free of contamination. Can be installed over existing smooth, well-bonded coverings. An expansion gap is required around the perimeter for floating installations.</p>
<h3>Care &amp; Maintenance</h3><p>Sweep or vacuum regularly with a soft brush. Mop with warm water and a mild pH-neutral floor cleaner. Avoid abrasive scrubbing pads and harsh chemical solvents. Vinyl is highly resistant to stains and bacteria — ideal for families and pet owners. Clean spills promptly.</p>
<h3>Why Factory Direct Flooring?</h3><p>We stock a huge range of vinyl flooring from top manufacturers at factory direct prices. Our knowledgeable team can help you find the perfect vinyl floor for your project. Free samples available, comprehensive technical advice and fast UK delivery on all orders.</p>",Factory Direct Flooring,,Vinyl Flooring,vinyl-flooring,TRUE,Title,Default Title,74127ST,0,shopify,100,deny,manual,15.35,15.35,TRUE,TRUE,,,Cosystep Vinyl Flooring Cadet Grey 096L,Cosystep Vinyl Flooring Cadet Grey 096L | Factory Direct Flooring,Buy Cosystep Vinyl Flooring Cadet Grey 096L at Factory Direct Flooring. Vinyl Flooring available at competitive prices. Free UK delivery and expert advice. Order free samples today.,active
cosystep-vinyl-flooring-onyx-grey-790m,Cosystep Vinyl Flooring Onyx Grey 790M,"<h2>Cosystep Vinyl Flooring Onyx Grey 790M</h2><p>Presenting the <strong>Cosystep Vinyl Flooring Onyx Grey 790M</strong> from Factory Direct Flooring in a stunning <strong>Grey</strong> finish. This premium vinyl floor offers exceptional performance and outstanding value, combining total waterproof protection with stylish, realistic designs. The ideal choice for kitchens, bathrooms, hallways and any room where practicality is every bit as important as appearance and style.</p>
<h3>Key Highlights</h3><ul><li><strong>Fully Waterproof</strong> — 100% impervious to water, safe for bathrooms, kitchens and wet rooms</li><li><strong>Durable Wear Surface</strong> — resists everyday scratches, scuffs and heavy foot traffic</li><li><strong>Cushioned Backing</strong> — comfortable, warm and quiet underfoot</li><li><strong>Easy to Clean</strong> — resistant to most stains, simply sweep and mop</li><li><strong>Realistic Designs</strong> — high-definition printing creates convincing wood and stone effects</li><li><strong>Flexible Formats</strong> — sheet, tile and plank options available</li></ul>
<h3>Installation</h3><p>Can be laid loose, adhered with adhesive or as a click-lock floating floor depending on the product type. Subfloor must be clean, dry, smooth and free of contamination. Can be installed over existing smooth, well-bonded coverings. An expansion gap is required around the perimeter for floating installations.</p>
<h3>Care &amp; Maintenance</h3><p>Sweep or vacuum regularly with a soft brush. Mop with warm water and a mild pH-neutral floor cleaner. Avoid abrasive scrubbing pads and harsh chemical solvents. Vinyl is highly resistant to stains and bacteria — ideal for families and pet owners. Clean spills promptly.</p>
<h3>Why Factory Direct Flooring?</h3><p>We stock a huge range of vinyl flooring from top manufacturers at factory direct prices. Our knowledgeable team can help you find the perfect vinyl floor for your project. Free samples available, comprehensive technical advice and fast UK delivery on all orders.</p>",Factory Direct Flooring,,Vinyl Flooring,vinyl-flooring,TRUE,Title,Default Title,74128ST,0,shopify,100,deny,manual,15.35,15.35,TRUE,TRUE,,,Cosystep Vinyl Flooring Onyx Grey 790M,Cosystep Vinyl Flooring Onyx Grey 790M | Factory Direct Flooring,Buy Cosystep Vinyl Flooring Onyx Grey 790M at Factory Direct Flooring. Vinyl Flooring available at competitive prices. Free UK delivery and expert advice. Order free samples today.,active
cosystep-vinyl-flooring-caramel-oak-633d-parquet,Cosystep Vinyl Flooring Caramel Oak 633D Parquet,"<h2>Cosystep Vinyl Flooring Caramel Oak 633D Parquet</h2><p>Presenting the <strong>Cosystep Vinyl Flooring Caramel Oak 633D Parquet</strong> from Factory Direct Flooring in a stunning <strong>Oak</strong> finish. This premium vinyl floor offers exceptional performance and outstanding value, combining total waterproof protection with stylish, realistic designs. The ideal choice for kitchens, bathrooms, hallways and any room where practicality is every bit as important as appearance and style.</p>
<h3>Key Highlights</h3><ul><li><strong>Fully Waterproof</strong> — 100% impervious to water, safe for bathrooms, kitchens and wet rooms</li><li><strong>Durable Wear Surface</strong> — resists everyday scratches, scuffs and heavy foot traffic</li><li><strong>Cushioned Backing</strong> — comfortable, warm and quiet underfoot</li><li><strong>Easy to Clean</strong> — resistant to most stains, simply sweep and mop</li><li><strong>Realistic Designs</strong> — high-definition printing creates convincing wood and stone effects</li><li><strong>Flexible Formats</strong> — sheet, tile and plank options available</li></ul>
<h3>Installation</h3><p>Can be laid loose, adhered with adhesive or as a click-lock floating floor depending on the product type. Subfloor must be clean, dry, smooth and free of contamination. Can be installed over existing smooth, well-bonded coverings. An expansion gap is required around the perimeter for floating installations.</p>
<h3>Care &amp; Maintenance</h3><p>Sweep or vacuum regularly with a soft brush. Mop with warm water and a mild pH-neutral floor cleaner. Avoid abrasive scrubbing pads and harsh chemical solvents. Vinyl is highly resistant to stains and bacteria — ideal for families and pet owners. Clean spills promptly.</p>
<h3>Why Factory Direct Flooring?</h3><p>We stock a huge range of vinyl flooring from top manufacturers at factory direct prices. Our knowledgeable team can help you find the perfect vinyl floor for your project. Free samples available, comprehensive technical advice and fast UK delivery on all orders.</p>",Factory Direct Flooring,,Vinyl Flooring,vinyl-flooring,TRUE,Title,Default Title,74129ST,0,shopify,100,deny,manual,15.35,15.35,TRUE,TRUE,,,Cosystep Vinyl Flooring Caramel Oak 633D Parquet,Cosystep Vinyl Flooring Caramel Oak 633D Parquet | Factory Direct Flooring,Buy Cosystep Vinyl Flooring Caramel Oak 633D Parquet at Factory Direct Flooring. Vinyl Flooring available at competitive prices. Free UK delivery and expert advice. Order free samples today.,active
cosystep-vinyl-flooring-beaver-oak-336d,Cosystep Vinyl Flooring Beaver Oak 336D,"<h2>Cosystep Vinyl Flooring Beaver Oak 336D</h2><p>Presenting the <strong>Cosystep Vinyl Flooring Beaver Oak 336D</strong> from Factory Direct Flooring in a stunning <strong>Oak</strong> finish. This premium vinyl floor offers exceptional performance and outstanding value, combining total waterproof protection with stylish, realistic designs. The ideal choice for kitchens, bathrooms, hallways and any room where practicality is every bit as important as appearance and style.</p>
<h3>Key Highlights</h3><ul><li><strong>Fully Waterproof</strong> — 100% impervious to water, safe for bathrooms, kitchens and wet rooms</li><li><strong>Durable Wear Surface</strong> — resists everyday scratches, scuffs and heavy foot traffic</li><li><strong>Cushioned Backing</strong> — comfortable, warm and quiet underfoot</li><li><strong>Easy to Clean</strong> — resistant to most stains, simply sweep and mop</li><li><strong>Realistic Designs</strong> — high-definition printing creates convincing wood and stone effects</li><li><strong>Flexible Formats</strong> — sheet, tile and plank options available</li></ul>
<h3>Installation</h3><p>Can be laid loose, adhered with adhesive or as a click-lock floating floor depending on the product type. Subfloor must be clean, dry, smooth and free of contamination. Can be installed over existing smooth, well-bonded coverings. An expansion gap is required around the perimeter for floating installations.</p>
<h3>Care &amp; Maintenance</h3><p>Sweep or vacuum regularly with a soft brush. Mop with warm water and a mild pH-neutral floor cleaner. Avoid abrasive scrubbing pads and harsh chemical solvents. Vinyl is highly resistant to stains and bacteria — ideal for families and pet owners. Clean spills promptly.</p>
<h3>Why Factory Direct Flooring?</h3><p>We stock a huge range of vinyl flooring from top manufacturers at factory direct prices. Our knowledgeable team can help you find the perfect vinyl floor for your project. Free samples available, comprehensive technical advice and fast UK delivery on all orders.</p>",Factory Direct Flooring,,Vinyl Flooring,vinyl-flooring,TRUE,Title,Default Title,74130ST,0,shopify,100,deny,manual,15.35,15.35,TRUE,TRUE,,,Cosystep Vinyl Flooring Beaver Oak 336D,Cosystep Vinyl Flooring Beaver Oak 336D | Factory Direct Flooring,Buy Cosystep Vinyl Flooring Beaver Oak 336D at Factory Direct Flooring. Vinyl Flooring available at competitive prices. Free UK delivery and expert advice. Order free samples today.,active
cosystep-vinyl-flooring-vanilla-oak-360m,Cosystep Vinyl Flooring Vanilla Oak 360M,"<h2>Cosystep Vinyl Flooring Vanilla Oak 360M</h2><p>Presenting the <strong>Cosystep Vinyl Flooring Vanilla Oak 360M</strong> from Factory Direct Flooring in a stunning <strong>Oak</strong> finish. This premium vinyl floor offers exceptional performance and outstanding value, combining total waterproof protection with stylish, realistic designs. The ideal choice for kitchens, bathrooms, hallways and any room where practicality is every bit as important as appearance and style.</p>
<h3>Key Highlights</h3><ul><li><strong>Fully Waterproof</strong> — 100% impervious to water, safe for bathrooms, kitchens and wet rooms</li><li><strong>Durable Wear Surface</strong> — resists everyday scratches, scuffs and heavy foot traffic</li><li><strong>Cushioned Backing</strong> — comfortable, warm and quiet underfoot</li><li><strong>Easy to Clean</strong> — resistant to most stains, simply sweep and mop</li><li><strong>Realistic Designs</strong> — high-definition printing creates convincing wood and stone effects</li><li><strong>Flexible Formats</strong> — sheet, tile and plank options available</li></ul>
<h3>Installation</h3><p>Can be laid loose, adhered with adhesive or as a click-lock floating floor depending on the product type. Subfloor must be clean, dry, smooth and free of contamination. Can be installed over existing smooth, well-bonded coverings. An expansion gap is required around the perimeter for floating installations.</p>
<h3>Care &amp; Maintenance</h3><p>Sweep or vacuum regularly with a soft brush. Mop with warm water and a mild pH-neutral floor cleaner. Avoid abrasive scrubbing pads and harsh chemical solvents. Vinyl is highly resistant to stains and bacteria — ideal for families and pet owners. Clean spills promptly.</p>
<h3>Why Factory Direct Flooring?</h3><p>We stock a huge range of vinyl flooring from top manufacturers at factory direct prices. Our knowledgeable team can help you find the perfect vinyl floor for your project. Free samples available, comprehensive technical advice and fast UK delivery on all orders.</p>",Factory Direct Flooring,,Vinyl Flooring,vinyl-flooring,TRUE,Title,Default Title,74131ST,0,shopify,100,deny,manual,15.35,15.35,TRUE,TRUE,,,Cosystep Vinyl Flooring Vanilla Oak 360M,Cosystep Vinyl Flooring Vanilla Oak 360M | Factory Direct Flooring,Buy Cosystep Vinyl Flooring Vanilla Oak 360M at Factory Direct Flooring. Vinyl Flooring available at competitive prices. Free UK delivery and expert advice. Order free samples today.,active
cosystep-vinyl-flooring-wheat-oak-336m-parquet,Cosystep Vinyl Flooring Wheat Oak 336M Parquet,"<h2>Cosystep Vinyl Flooring Wheat Oak 336M Parquet</h2><p>Presenting the <strong>Cosystep Vinyl Flooring Wheat Oak 336M Parquet</strong> from Factory Direct Flooring in a stunning <strong>Oak</strong> finish. This premium vinyl floor offers exceptional performance and outstanding value, combining total waterproof protection with stylish, realistic designs. The ideal choice for kitchens, bathrooms, hallways and any room where practicality is every bit as important as appearance and style.</p>
<h3>Key Highlights</h3><ul><li><strong>Fully Waterproof</strong> — 100% impervious to water, safe for bathrooms, kitchens and wet rooms</li><li><strong>Durable Wear Surface</strong> — resists everyday scratches, scuffs and heavy foot traffic</li><li><strong>Cushioned Backing</strong> — comfortable, warm and quiet underfoot</li><li><strong>Easy to Clean</strong> — resistant to most stains, simply sweep and mop</li><li><strong>Realistic Designs</strong> — high-definition printing creates convincing wood and stone effects</li><li><strong>Flexible Formats</strong> — sheet, tile and plank options available</li></ul>
<h3>Installation</h3><p>Can be laid loose, adhered with adhesive or as a click-lock floating floor depending on the product type. Subfloor must be clean, dry, smooth and free of contamination. Can be installed over existing smooth, well-bonded coverings. An expansion gap is required around the perimeter for floating installations.</p>
<h3>Care &amp; Maintenance</h3><p>Sweep or vacuum regularly with a soft brush. Mop with warm water and a mild pH-neutral floor cleaner. Avoid abrasive scrubbing pads and harsh chemical solvents. Vinyl is highly resistant to stains and bacteria — ideal for families and pet owners. Clean spills promptly.</p>
<h3>Why Factory Direct Flooring?</h3><p>We stock a huge range of vinyl flooring from top manufacturers at factory direct prices. Our knowledgeable team can help you find the perfect vinyl floor for your project. Free samples available, comprehensive technical advice and fast UK delivery on all orders.</p>",Factory Direct Flooring,,Vinyl Flooring,vinyl-flooring,TRUE,Title,Default Title,74132ST,0,shopify,100,deny,manual,15.35,15.35,TRUE,TRUE,,,Cosystep Vinyl Flooring Wheat Oak 336M Parquet,Cosystep Vinyl Flooring Wheat Oak 336M Parquet | Factory Direct Flooring,Buy Cosystep Vinyl Flooring Wheat Oak 336M Parquet at Factory Direct Flooring. Vinyl Flooring available at competitive prices. Free UK delivery and expert advice. Order free samples today.,active
cosystep-vinyl-flooring-space-grey-989m-parquet,Cosystep Vinyl Flooring Space Grey 989M Parquet,"<h2>Cosystep Vinyl Flooring Space Grey 989M Parquet</h2><p>Presenting the <strong>Cosystep Vinyl Flooring Space Grey 989M Parquet</strong> from Factory Direct Flooring in a stunning <strong>Grey</strong> finish. This premium vinyl floor offers exceptional performance and outstanding value, combining total waterproof protection with stylish, realistic designs. The ideal choice for kitchens, bathrooms, hallways and any room where practicality is every bit as important as appearance and style.</p>
<h3>Key Highlights</h3><ul><li><strong>Fully Waterproof</strong> — 100% impervious to water, safe for bathrooms, kitchens and wet rooms</li><li><strong>Durable Wear Surface</strong> — resists everyday scratches, scuffs and heavy foot traffic</li><li><strong>Cushioned Backing</strong> — comfortable, warm and quiet underfoot</li><li><strong>Easy to Clean</strong> — resistant to most stains, simply sweep and mop</li><li><strong>Realistic Designs</strong> — high-definition printing creates convincing wood and stone effects</li><li><strong>Flexible Formats</strong> — sheet, tile and plank options available</li></ul>
<h3>Installation</h3><p>Can be laid loose, adhered with adhesive or as a click-lock floating floor depending on the product type. Subfloor must be clean, dry, smooth and free of contamination. Can be installed over existing smooth, well-bonded coverings. An expansion gap is required around the perimeter for floating installations.</p>
<h3>Care &amp; Maintenance</h3><p>Sweep or vacuum regularly with a soft brush. Mop with warm water and a mild pH-neutral floor cleaner. Avoid abrasive scrubbing pads and harsh chemical solvents. Vinyl is highly resistant to stains and bacteria — ideal for families and pet owners. Clean spills promptly.</p>
<h3>Why Factory Direct Flooring?</h3><p>We stock a huge range of vinyl flooring from top manufacturers at factory direct prices. Our knowledgeable team can help you find the perfect vinyl floor for your project. Free samples available, comprehensive technical advice and fast UK delivery on all orders.</p>",Factory Direct Flooring,,Vinyl Flooring,vinyl-flooring,TRUE,Title,Default Title,74140ST,0,shopify,100,deny,manual,15.35,15.35,TRUE,TRUE,,,Cosystep Vinyl Flooring Space Grey 989M Parquet,Cosystep Vinyl Flooring Space Grey 989M Parquet | Factory Direct Flooring,Buy Cosystep Vinyl Flooring Space Grey 989M Parquet at Factory Direct Flooring. Vinyl Flooring available at competitive prices. Free UK delivery and expert advice. Order free samples today.,active
cosystep-vinyl-flooring-shark-grey-989m,Cosystep Vinyl Flooring Shark Grey 989M,"<h2>Cosystep Vinyl Flooring Shark Grey 989M</h2><p>Presenting the <strong>Cosystep Vinyl Flooring Shark Grey 989M</strong> from Factory Direct Flooring in a stunning <strong>Grey</strong> finish. This premium vinyl floor offers exceptional performance and outstanding value, combining total waterproof protection with stylish, realistic designs. The ideal choice for kitchens, bathrooms, hallways and any room where practicality is every bit as important as appearance and style.</p>
<h3>Key Highlights</h3><ul><li><strong>Fully Waterproof</strong> — 100% impervious to water, safe for bathrooms, kitchens and wet rooms</li><li><strong>Durable Wear Surface</strong> — resists everyday scratches, scuffs and heavy foot traffic</li><li><strong>Cushioned Backing</strong> — comfortable, warm and quiet underfoot</li><li><strong>Easy to Clean</strong> — resistant to most stains, simply sweep and mop</li><li><strong>Realistic Designs</strong> — high-definition printing creates convincing wood and stone effects</li><li><strong>Flexible Formats</strong> — sheet, tile and plank options available</li></ul>
<h3>Installation</h3><p>Can be laid loose, adhered with adhesive or as a click-lock floating floor depending on the product type. Subfloor must be clean, dry, smooth and free of contamination. Can be installed over existing smooth, well-bonded coverings. An expansion gap is required around the perimeter for floating installations.</p>
<h3>Care &amp; Maintenance</h3><p>Sweep or vacuum regularly with a soft brush. Mop with warm water and a mild pH-neutral floor cleaner. Avoid abrasive scrubbing pads and harsh chemical solvents. Vinyl is highly resistant to stains and bacteria — ideal for families and pet owners. Clean spills promptly.</p>
<h3>Why Factory Direct Flooring?</h3><p>We stock a huge range of vinyl flooring from top manufacturers at factory direct prices. Our knowledgeable team can help you find the perfect vinyl floor for your project. Free samples available, comprehensive technical advice and fast UK delivery on all orders.</p>",Factory Direct Flooring,,Vinyl Flooring,vinyl-flooring,TRUE,Title,Default Title,74141ST,0,shopify,100,deny,manual,15.35,15.35,TRUE,TRUE,,,Cosystep Vinyl Flooring Shark Grey 989M,Cosystep Vinyl Flooring Shark Grey 989M | Factory Direct Flooring,Buy Cosystep Vinyl Flooring Shark Grey 989M at Factory Direct Flooring. Vinyl Flooring available at competitive prices. Free UK delivery and expert advice. Order free samples today.,active
cosystep-vinyl-flooring-pearl-grey-119l-parquet,Cosystep Vinyl Flooring Pearl Grey 119L Parquet,"<h2>Cosystep Vinyl Flooring Pearl Grey 119L Parquet</h2><p>Presenting the <strong>Cosystep Vinyl Flooring Pearl Grey 119L Parquet</strong> from Factory Direct Flooring in a stunning <strong>Grey</strong> finish. This premium vinyl floor offers exceptional performance and outstanding value, combining total waterproof protection with stylish, realistic designs. The ideal choice for kitchens, bathrooms, hallways and any room where practicality is every bit as important as appearance and style.</p>
<h3>Key Highlights</h3><ul><li><strong>Fully Waterproof</strong> — 100% impervious to water, safe for bathrooms, kitchens and wet rooms</li><li><strong>Durable Wear Surface</strong> — resists everyday scratches, scuffs and heavy foot traffic</li><li><strong>Cushioned Backing</strong> — comfortable, warm and quiet underfoot</li><li><strong>Easy to Clean</strong> — resistant to most stains, simply sweep and mop</li><li><strong>Realistic Designs</strong> — high-definition printing creates convincing wood and stone effects</li><li><strong>Flexible Formats</strong> — sheet, tile and plank options available</li></ul>
<h3>Installation</h3><p>Can be laid loose, adhered with adhesive or as a click-lock floating floor depending on the product type. Subfloor must be clean, dry, smooth and free of contamination. Can be installed over existing smooth, well-bonded coverings. An expansion gap is required around the perimeter for floating installations.</p>
<h3>Care &amp; Maintenance</h3><p>Sweep or vacuum regularly with a soft brush. Mop with warm water and a mild pH-neutral floor cleaner. Avoid abrasive scrubbing pads and harsh chemical solvents. Vinyl is highly resistant to stains and bacteria — ideal for families and pet owners. Clean spills promptly.</p>
<h3>Why Factory Direct Flooring?</h3><p>We stock a huge range of vinyl flooring from top manufacturers at factory direct prices. Our knowledgeable team can help you find the perfect vinyl floor for your project. Free samples available, comprehensive technical advice and fast UK delivery on all orders.</p>",Factory Direct Flooring,,Vinyl Flooring,vinyl-flooring,TRUE,Title,Default Title,74142ST,0,shopify,100,deny,manual,15.35,15.35,TRUE,TRUE,,,Cosystep Vinyl Flooring Pearl Grey 119L Parquet,Cosystep Vinyl Flooring Pearl Grey 119L Parquet | Factory Direct Flooring,Buy Cosystep Vinyl Flooring Pearl Grey 119L Parquet at Factory Direct Flooring. Vinyl Flooring available at competitive prices. Free UK delivery and expert advice. Order free samples today.,active
ecostep-vinyl-flooring-new-evora-t94,Ecostep Vinyl Flooring New Evora T94,"<h2>Ecostep Vinyl Flooring New Evora T94</h2><p>Presenting the <strong>Ecostep Vinyl Flooring New Evora T94</strong> from Factory Direct Flooring. This premium vinyl floor offers exceptional performance and outstanding value, combining total waterproof protection with stylish, realistic designs. The ideal choice for kitchens, bathrooms, hallways and any room where practicality is every bit as important as appearance and style.</p>
<h3>Key Highlights</h3><ul><li><strong>Fully Waterproof</strong> — 100% impervious to water, safe for bathrooms, kitchens and wet rooms</li><li><strong>Durable Wear Surface</strong> — resists everyday scratches, scuffs and heavy foot traffic</li><li><strong>Cushioned Backing</strong> — comfortable, warm and quiet underfoot</li><li><strong>Easy to Clean</strong> — resistant to most stains, simply sweep and mop</li><li><strong>Realistic Designs</strong> — high-definition printing creates convincing wood and stone effects</li><li><strong>Flexible Formats</strong> — sheet, tile and plank options available</li></ul>
<h3>Installation</h3><p>Can be laid loose, adhered with adhesive or as a click-lock floating floor depending on the product type. Subfloor must be clean, dry, smooth and free of contamination. Can be installed over existing smooth, well-bonded coverings. An expansion gap is required around the perimeter for floating installations.</p>
<h3>Care &amp; Maintenance</h3><p>Sweep or vacuum regularly with a soft brush. Mop with warm water and a mild pH-neutral floor cleaner. Avoid abrasive scrubbing pads and harsh chemical solvents. Vinyl is highly resistant to stains and bacteria — ideal for families and pet owners. Clean spills promptly.</p>
<h3>Why Factory Direct Flooring?</h3><p>We stock a huge range of vinyl flooring from top manufacturers at factory direct prices. Our knowledgeable team can help you find the perfect vinyl floor for your project. Free samples available, comprehensive technical advice and fast UK delivery on all orders.</p>",Factory Direct Flooring,,Vinyl Flooring,vinyl-flooring,TRUE,Title,Default Title,74179ST,0,shopify,100,deny,manual,11.99,11.99,TRUE,TRUE,,,Ecostep Vinyl Flooring New Evora T94,Ecostep Vinyl Flooring New Evora T94 | Factory Direct Flooring,Buy Ecostep Vinyl Flooring New Evora T94 at Factory Direct Flooring. Vinyl Flooring available at competitive prices. Free UK delivery and expert advice. Order free samples today.,active
lusora-chalkstone-190l-cushion-vinyl-flooring,Lusora Chalkstone 190L Cushion Vinyl Flooring,"<h2>Lusora Chalkstone 190L Cushion Vinyl Flooring</h2><p>Presenting the <strong>Lusora Chalkstone 190L Cushion Vinyl Flooring</strong> from Factory Direct Flooring in a stunning <strong>Stone</strong> finish. This premium vinyl floor offers exceptional performance and outstanding value, combining total waterproof protection with stylish, realistic designs. The ideal choice for kitchens, bathrooms, hallways and any room where practicality is every bit as important as appearance and style.</p>
<h3>Key Highlights</h3><ul><li><strong>Fully Waterproof</strong> — 100% impervious to water, safe for bathrooms, kitchens and wet rooms</li><li><strong>Durable Wear Surface</strong> — resists everyday scratches, scuffs and heavy foot traffic</li><li><strong>Cushioned Backing</strong> — comfortable, warm and quiet underfoot</li><li><strong>Easy to Clean</strong> — resistant to most stains, simply sweep and mop</li><li><strong>Realistic Designs</strong> — high-definition printing creates convincing wood and stone effects</li><li><strong>Flexible Formats</strong> — sheet, tile and plank options available</li></ul>
<h3>Installation</h3><p>Can be laid loose, adhered with adhesive or as a click-lock floating floor depending on the product type. Subfloor must be clean, dry, smooth and free of contamination. Can be installed over existing smooth, well-bonded coverings. An expansion gap is required around the perimeter for floating installations.</p>
<h3>Care &amp; Maintenance</h3><p>Sweep or vacuum regularly with a soft brush. Mop with warm water and a mild pH-neutral floor cleaner. Avoid abrasive scrubbing pads and harsh chemical solvents. Vinyl is highly resistant to stains and bacteria — ideal for families and pet owners. Clean spills promptly.</p>
<h3>Why Factory Direct Flooring?</h3><p>We stock a huge range of vinyl flooring from top manufacturers at factory direct prices. Our knowledgeable team can help you find the perfect vinyl floor for your project. Free samples available, comprehensive technical advice and fast UK delivery on all orders.</p>",Factory Direct Flooring,,Vinyl Flooring,vinyl-flooring,TRUE,Title,Default Title,74181ST,0,shopify,100,deny,manual,22.79,22.79,TRUE,TRUE,,,Lusora Chalkstone 190L Cushion Vinyl Flooring,Lusora Chalkstone 190L Cushion Vinyl Flooring | Factory Direct Flooring,Buy Lusora Chalkstone 190L Cushion Vinyl Flooring at Factory Direct Flooring. Vinyl Flooring available at competitive prices. Free UK delivery and expert advice. Order free samples today.,active
lusora-pale-ash-herringbone-609m-cushion-vinyl-flooring,Lusora Pale Ash Herringbone 609M Cushion Vinyl Flooring,"<h2>Lusora Pale Ash Herringbone 609M Cushion Vinyl Flooring</h2><p>Presenting the <strong>Lusora Pale Ash Herringbone 609M Cushion Vinyl Flooring</strong> from Factory Direct Flooring in a stunning <strong>Ash</strong> finish. This premium vinyl floor offers exceptional performance and outstanding value, combining total waterproof protection with stylish, realistic designs. The ideal choice for kitchens, bathrooms, hallways and any room where practicality is every bit as important as appearance and style.</p>
<h3>Key Highlights</h3><ul><li><strong>Fully Waterproof</strong> — 100% impervious to water, safe for bathrooms, kitchens and wet rooms</li><li><strong>Durable Wear Surface</strong> — resists everyday scratches, scuffs and heavy foot traffic</li><li><strong>Cushioned Backing</strong> — comfortable, warm and quiet underfoot</li><li><strong>Easy to Clean</strong> — resistant to most stains, simply sweep and mop</li><li><strong>Realistic Designs</strong> — high-definition printing creates convincing wood and stone effects</li><li><strong>Flexible Formats</strong> — sheet, tile and plank options available</li></ul>
<h3>Installation</h3><p>Can be laid loose, adhered with adhesive or as a click-lock floating floor depending on the product type. Subfloor must be clean, dry, smooth and free of contamination. Can be installed over existing smooth, well-bonded coverings. An expansion gap is required around the perimeter for floating installations.</p>
<h3>Care &amp; Maintenance</h3><p>Sweep or vacuum regularly with a soft brush. Mop with warm water and a mild pH-neutral floor cleaner. Avoid abrasive scrubbing pads and harsh chemical solvents. Vinyl is highly resistant to stains and bacteria — ideal for families and pet owners. Clean spills promptly.</p>
<h3>Why Factory Direct Flooring?</h3><p>We stock a huge range of vinyl flooring from top manufacturers at factory direct prices. Our knowledgeable team can help you find the perfect vinyl floor for your project. Free samples available, comprehensive technical advice and fast UK delivery on all orders.</p>",Factory Direct Flooring,,Vinyl Flooring,vinyl-flooring,TRUE,Title,Default Title,74182ST,0,shopify,100,deny,manual,22.79,22.79,TRUE,TRUE,,,Lusora Pale Ash Herringbone 609M Cushion Vinyl Flooring,Lusora Pale Ash Herringbone 609M Cushion Vinyl Flooring | Factory Direct Flooring,Buy Lusora Pale Ash Herringbone 609M Cushion Vinyl Flooring at Factory Direct Flooring. Vinyl Flooring available at competitive prices. Free UK delivery and expert advice. Order free samples today.,active
lusora-ashen-oak-090s-cushion-vinyl-flooring,Lusora Ashen Oak 090S Cushion Vinyl Flooring,"<h2>Lusora Ashen Oak 090S Cushion Vinyl Flooring</h2><p>Presenting the <strong>Lusora Ashen Oak 090S Cushion Vinyl Flooring</strong> from Factory Direct Flooring in a stunning <strong>Oak</strong> finish. This premium vinyl floor offers exceptional performance and outstanding value, combining total waterproof protection with stylish, realistic designs. The ideal choice for kitchens, bathrooms, hallways and any room where practicality is every bit as important as appearance and style.</p>
<h3>Key Highlights</h3><ul><li><strong>Fully Waterproof</strong> — 100% impervious to water, safe for bathrooms, kitchens and wet rooms</li><li><strong>Durable Wear Surface</strong> — resists everyday scratches, scuffs and heavy foot traffic</li><li><strong>Cushioned Backing</strong> — comfortable, warm and quiet underfoot</li><li><strong>Easy to Clean</strong> — resistant to most stains, simply sweep and mop</li><li><strong>Realistic Designs</strong> — high-definition printing creates convincing wood and stone effects</li><li><strong>Flexible Formats</strong> — sheet, tile and plank options available</li></ul>
<h3>Installation</h3><p>Can be laid loose, adhered with adhesive or as a click-lock floating floor depending on the product type. Subfloor must be clean, dry, smooth and free of contamination. Can be installed over existing smooth, well-bonded coverings. An expansion gap is required around the perimeter for floating installations.</p>
<h3>Care &amp; Maintenance</h3><p>Sweep or vacuum regularly with a soft brush. Mop with warm water and a mild pH-neutral floor cleaner. Avoid abrasive scrubbing pads and harsh chemical solvents. Vinyl is highly resistant to stains and bacteria — ideal for families and pet owners. Clean spills promptly.</p>
<h3>Why Factory Direct Flooring?</h3><p>We stock a huge range of vinyl flooring from top manufacturers at factory direct prices. Our knowledgeable team can help you find the perfect vinyl floor for your project. Free samples available, comprehensive technical advice and fast UK delivery on all orders.</p>",Factory Direct Flooring,,Vinyl Flooring,vinyl-flooring,TRUE,Title,Default Title,74183ST,0,shopify,100,deny,manual,22.79,22.79,TRUE,TRUE,,,Lusora Ashen Oak 090S Cushion Vinyl Flooring,Lusora Ashen Oak 090S Cushion Vinyl Flooring | Factory Direct Flooring,Buy Lusora Ashen Oak 090S Cushion Vinyl Flooring at Factory Direct Flooring. Vinyl Flooring available at competitive prices. Free UK delivery and expert advice. Order free samples today.,active
lusora-noir-oak-909d-cushion-vinyl-flooring,Lusora Noir Oak 909D Cushion Vinyl Flooring,"<h2>Lusora Noir Oak 909D Cushion Vinyl Flooring</h2><p>Presenting the <strong>Lusora Noir Oak 909D Cushion Vinyl Flooring</strong> from Factory Direct Flooring in a stunning <strong>Oak</strong> finish. This premium vinyl floor offers exceptional performance and outstanding value, combining total waterproof protection with stylish, realistic designs. The ideal choice for kitchens, bathrooms, hallways and any room where practicality is every bit as important as appearance and style.</p>
<h3>Key Highlights</h3><ul><li><strong>Fully Waterproof</strong> — 100% impervious to water, safe for bathrooms, kitchens and wet rooms</li><li><strong>Durable Wear Surface</strong> — resists everyday scratches, scuffs and heavy foot traffic</li><li><strong>Cushioned Backing</strong> — comfortable, warm and quiet underfoot</li><li><strong>Easy to Clean</strong> — resistant to most stains, simply sweep and mop</li><li><strong>Realistic Designs</strong> — high-definition printing creates convincing wood and stone effects</li><li><strong>Flexible Formats</strong> — sheet, tile and plank options available</li></ul>
<h3>Installation</h3><p>Can be laid loose, adhered with adhesive or as a click-lock floating floor depending on the product type. Subfloor must be clean, dry, smooth and free of contamination. Can be installed over existing smooth, well-bonded coverings. An expansion gap is required around the perimeter for floating installations.</p>
<h3>Care &amp; Maintenance</h3><p>Sweep or vacuum regularly with a soft brush. Mop with warm water and a mild pH-neutral floor cleaner. Avoid abrasive scrubbing pads and harsh chemical solvents. Vinyl is highly resistant to stains and bacteria — ideal for families and pet owners. Clean spills promptly.</p>
<h3>Why Factory Direct Flooring?</h3><p>We stock a huge range of vinyl flooring from top manufacturers at factory direct prices. Our knowledgeable team can help you find the perfect vinyl floor for your project. Free samples available, comprehensive technical advice and fast UK delivery on all orders.</p>",Factory Direct Flooring,,Vinyl Flooring,vinyl-flooring,TRUE,Title,Default Title,74184ST,0,shopify,100,deny,manual,22.79,22.79,TRUE,TRUE,,,Lusora Noir Oak 909D Cushion Vinyl Flooring,Lusora Noir Oak 909D Cushion Vinyl Flooring | Factory Direct Flooring,Buy Lusora Noir Oak 909D Cushion Vinyl Flooring at Factory Direct Flooring. Vinyl Flooring available at competitive prices. Free UK delivery and expert advice. Order free samples today.,active
lusora-smoked-ember-oak-666d-cushion-vinyl-flooring,Lusora Smoked Ember Oak 666D Cushion Vinyl Flooring,"<h2>Lusora Smoked Ember Oak 666D Cushion Vinyl Flooring</h2><p>Presenting the <strong>Lusora Smoked Ember Oak 666D Cushion Vinyl Flooring</strong> from Factory Direct Flooring in a stunning <strong>Oak</strong> finish. This premium vinyl floor offers exceptional performance and outstanding value, combining total waterproof protection with stylish, realistic designs. The ideal choice for kitchens, bathrooms, hallways and any room where practicality is every bit as important as appearance and style.</p>
<h3>Key Highlights</h3><ul><li><strong>Fully Waterproof</strong> — 100% impervious to water, safe for bathrooms, kitchens and wet rooms</li><li><strong>Durable Wear Surface</strong> — resists everyday scratches, scuffs and heavy foot traffic</li><li><strong>Cushioned Backing</strong> — comfortable, warm and quiet underfoot</li><li><strong>Easy to Clean</strong> — resistant to most stains, simply sweep and mop</li><li><strong>Realistic Designs</strong> — high-definition printing creates convincing wood and stone effects</li><li><strong>Flexible Formats</strong> — sheet, tile and plank options available</li></ul>
<h3>Installation</h3><p>Can be laid loose, adhered with adhesive or as a click-lock floating floor depending on the product type. Subfloor must be clean, dry, smooth and free of contamination. Can be installed over existing smooth, well-bonded coverings. An expansion gap is required around the perimeter for floating installations.</p>
<h3>Care &amp; Maintenance</h3><p>Sweep or vacuum regularly with a soft brush. Mop with warm water and a mild pH-neutral floor cleaner. Avoid abrasive scrubbing pads and harsh chemical solvents. Vinyl is highly resistant to stains and bacteria — ideal for families and pet owners. Clean spills promptly.</p>
<h3>Why Factory Direct Flooring?</h3><p>We stock a huge range of vinyl flooring from top manufacturers at factory direct prices. Our knowledgeable team can help you find the perfect vinyl floor for your project. Free samples available, comprehensive technical advice and fast UK delivery on all orders.</p>",Factory Direct Flooring,,Vinyl Flooring,vinyl-flooring,TRUE,Title,Default Title,74185ST,0,shopify,100,deny,manual,22.79,22.79,TRUE,TRUE,,,Lusora Smoked Ember Oak 666D Cushion Vinyl Flooring,Lusora Smoked Ember Oak 666D Cushion Vinyl Flooring | Factory Direct Flooring,Buy Lusora Smoked Ember Oak 666D Cushion Vinyl Flooring at Factory Direct Flooring. Vinyl Flooring available at competitive prices. Free UK delivery and expert advice. Order free samples today.,active
lusora-sunlit-oak-herringbone-662d-cushion-vinyl-flooring,Lusora Sunlit Oak Herringbone 662D Cushion Vinyl Flooring,"<h2>Lusora Sunlit Oak Herringbone 662D Cushion Vinyl Flooring</h2><p>Presenting the <strong>Lusora Sunlit Oak Herringbone 662D Cushion Vinyl Flooring</strong> from Factory Direct Flooring in a stunning <strong>Oak</strong> finish. This premium vinyl floor offers exceptional performance and outstanding value, combining total waterproof protection with stylish, realistic designs. The ideal choice for kitchens, bathrooms, hallways and any room where practicality is every bit as important as appearance and style.</p>
<h3>Key Highlights</h3><ul><li><strong>Fully Waterproof</strong> — 100% impervious to water, safe for bathrooms, kitchens and wet rooms</li><li><strong>Durable Wear Surface</strong> — resists everyday scratches, scuffs and heavy foot traffic</li><li><strong>Cushioned Backing</strong> — comfortable, warm and quiet underfoot</li><li><strong>Easy to Clean</strong> — resistant to most stains, simply sweep and mop</li><li><strong>Realistic Designs</strong> — high-definition printing creates convincing wood and stone effects</li><li><strong>Flexible Formats</strong> — sheet, tile and plank options available</li></ul>
<h3>Installation</h3><p>Can be laid loose, adhered with adhesive or as a click-lock floating floor depending on the product type. Subfloor must be clean, dry, smooth and free of contamination. Can be installed over existing smooth, well-bonded coverings. An expansion gap is required around the perimeter for floating installations.</p>
<h3>Care &amp; Maintenance</h3><p>Sweep or vacuum regularly with a soft brush. Mop with warm water and a mild pH-neutral floor cleaner. Avoid abrasive scrubbing pads and harsh chemical solvents. Vinyl is highly resistant to stains and bacteria — ideal for families and pet owners. Clean spills promptly.</p>
<h3>Why Factory Direct Flooring?</h3><p>We stock a huge range of vinyl flooring from top manufacturers at factory direct prices. Our knowledgeable team can help you find the perfect vinyl floor for your project. Free samples available, comprehensive technical advice and fast UK delivery on all orders.</p>",Factory Direct Flooring,,Vinyl Flooring,vinyl-flooring,TRUE,Title,Default Title,74186ST,0,shopify,100,deny,manual,22.79,22.79,TRUE,TRUE,,,Lusora Sunlit Oak Herringbone 662D Cushion Vinyl Flooring,Lusora Sunlit Oak Herringbone 662D Cushion Vinyl Flooring | Factory Direct Flooring,Buy Lusora Sunlit Oak Herringbone 662D Cushion Vinyl Flooring at Factory Direct Flooring. Vinyl Flooring available at competitive prices. Free UK delivery and expert advice. Order free samples today.,active
lusora-honeywood-oak-636d-cushion-vinyl-flooring,Lusora Honeywood Oak 636D Cushion Vinyl Flooring,"<h2>Lusora Honeywood Oak 636D Cushion Vinyl Flooring</h2><p>Presenting the <strong>Lusora Honeywood Oak 636D Cushion Vinyl Flooring</strong> from Factory Direct Flooring in a stunning <strong>Oak</strong> finish. This premium vinyl floor offers exceptional performance and outstanding value, combining total waterproof protection with stylish, realistic designs. The ideal choice for kitchens, bathrooms, hallways and any room where practicality is every bit as important as appearance and style.</p>
<h3>Key Highlights</h3><ul><li><strong>Fully Waterproof</strong> — 100% impervious to water, safe for bathrooms, kitchens and wet rooms</li><li><strong>Durable Wear Surface</strong> — resists everyday scratches, scuffs and heavy foot traffic</li><li><strong>Cushioned Backing</strong> — comfortable, warm and quiet underfoot</li><li><strong>Easy to Clean</strong> — resistant to most stains, simply sweep and mop</li><li><strong>Realistic Designs</strong> — high-definition printing creates convincing wood and stone effects</li><li><strong>Flexible Formats</strong> — sheet, tile and plank options available</li></ul>
<h3>Installation</h3><p>Can be laid loose, adhered with adhesive or as a click-lock floating floor depending on the product type. Subfloor must be clean, dry, smooth and free of contamination. Can be installed over existing smooth, well-bonded coverings. An expansion gap is required around the perimeter for floating installations.</p>
<h3>Care &amp; Maintenance</h3><p>Sweep or vacuum regularly with a soft brush. Mop with warm water and a mild pH-neutral floor cleaner. Avoid abrasive scrubbing pads and harsh chemical solvents. Vinyl is highly resistant to stains and bacteria — ideal for families and pet owners. Clean spills promptly.</p>
<h3>Why Factory Direct Flooring?</h3><p>We stock a huge range of vinyl flooring from top manufacturers at factory direct prices. Our knowledgeable team can help you find the perfect vinyl floor for your project. Free samples available, comprehensive technical advice and fast UK delivery on all orders.</p>",Factory Direct Flooring,,Vinyl Flooring,vinyl-flooring,TRUE,Title,Default Title,74187ST,0,shopify,100,deny,manual,22.79,22.79,TRUE,TRUE,,,Lusora Honeywood Oak 636D Cushion Vinyl Flooring,Lusora Honeywood Oak 636D Cushion Vinyl Flooring | Factory Direct Flooring,Buy Lusora Honeywood Oak 636D Cushion Vinyl Flooring at Factory Direct Flooring. Vinyl Flooring available at competitive prices. Free UK delivery and expert advice. Order free samples today.,active
lusora-softgrain-oak-130l-cushion-vinyl-flooring,Lusora Softgrain Oak 130L Cushion Vinyl Flooring,"<h2>Lusora Softgrain Oak 130L Cushion Vinyl Flooring</h2><p>Presenting the <strong>Lusora Softgrain Oak 130L Cushion Vinyl Flooring</strong> from Factory Direct Flooring in a stunning <strong>Oak</strong> finish. This premium vinyl floor offers exceptional performance and outstanding value, combining total waterproof protection with stylish, realistic designs. The ideal choice for kitchens, bathrooms, hallways and any room where practicality is every bit as important as appearance and style.</p>
<h3>Key Highlights</h3><ul><li><strong>Fully Waterproof</strong> — 100% impervious to water, safe for bathrooms, kitchens and wet rooms</li><li><strong>Durable Wear Surface</strong> — resists everyday scratches, scuffs and heavy foot traffic</li><li><strong>Cushioned Backing</strong> — comfortable, warm and quiet underfoot</li><li><strong>Easy to Clean</strong> — resistant to most stains, simply sweep and mop</li><li><strong>Realistic Designs</strong> — high-definition printing creates convincing wood and stone effects</li><li><strong>Flexible Formats</strong> — sheet, tile and plank options available</li></ul>
<h3>Installation</h3><p>Can be laid loose, adhered with adhesive or as a click-lock floating floor depending on the product type. Subfloor must be clean, dry, smooth and free of contamination. Can be installed over existing smooth, well-bonded coverings. An expansion gap is required around the perimeter for floating installations.</p>
<h3>Care &amp; Maintenance</h3><p>Sweep or vacuum regularly with a soft brush. Mop with warm water and a mild pH-neutral floor cleaner. Avoid abrasive scrubbing pads and harsh chemical solvents. Vinyl is highly resistant to stains and bacteria — ideal for families and pet owners. Clean spills promptly.</p>
<h3>Why Factory Direct Flooring?</h3><p>We stock a huge range of vinyl flooring from top manufacturers at factory direct prices. Our knowledgeable team can help you find the perfect vinyl floor for your project. Free samples available, comprehensive technical advice and fast UK delivery on all orders.</p>",Factory Direct Flooring,,Vinyl Flooring,vinyl-flooring,TRUE,Title,Default Title,74188ST,0,shopify,100,deny,manual,22.79,22.79,TRUE,TRUE,,,Lusora Softgrain Oak 130L Cushion Vinyl Flooring,Lusora Softgrain Oak 130L Cushion Vinyl Flooring | Factory Direct Flooring,Buy Lusora Softgrain Oak 130L Cushion Vinyl Flooring at Factory Direct Flooring. Vinyl Flooring available at competitive prices. Free UK delivery and expert advice. Order free samples today.,active
lusora-sandrift-oak-269m-cushion-vinyl-flooring,Lusora Sandrift Oak 269M Cushion Vinyl Flooring,"<h2>Lusora Sandrift Oak 269M Cushion Vinyl Flooring</h2><p>Presenting the <strong>Lusora Sandrift Oak 269M Cushion Vinyl Flooring</strong> from Factory Direct Flooring in a stunning <strong>Oak</strong> finish. This premium vinyl floor offers exceptional performance and outstanding value, combining total waterproof protection with stylish, realistic designs. The ideal choice for kitchens, bathrooms, hallways and any room where practicality is every bit as important as appearance and style.</p>
<h3>Key Highlights</h3><ul><li><strong>Fully Waterproof</strong> — 100% impervious to water, safe for bathrooms, kitchens and wet rooms</li><li><strong>Durable Wear Surface</strong> — resists everyday scratches, scuffs and heavy foot traffic</li><li><strong>Cushioned Backing</strong> — comfortable, warm and quiet underfoot</li><li><strong>Easy to Clean</strong> — resistant to most stains, simply sweep and mop</li><li><strong>Realistic Designs</strong> — high-definition printing creates convincing wood and stone effects</li><li><strong>Flexible Formats</strong> — sheet, tile and plank options available</li></ul>
<h3>Installation</h3><p>Can be laid loose, adhered with adhesive or as a click-lock floating floor depending on the product type. Subfloor must be clean, dry, smooth and free of contamination. Can be installed over existing smooth, well-bonded coverings. An expansion gap is required around the perimeter for floating installations.</p>
<h3>Care &amp; Maintenance</h3><p>Sweep or vacuum regularly with a soft brush. Mop with warm water and a mild pH-neutral floor cleaner. Avoid abrasive scrubbing pads and harsh chemical solvents. Vinyl is highly resistant to stains and bacteria — ideal for families and pet owners. Clean spills promptly.</p>
<h3>Why Factory Direct Flooring?</h3><p>We stock a huge range of vinyl flooring from top manufacturers at factory direct prices. Our knowledgeable team can help you find the perfect vinyl floor for your project. Free samples available, comprehensive technical advice and fast UK delivery on all orders.</p>",Factory Direct Flooring,,Vinyl Flooring,vinyl-flooring,TRUE,Title,Default Title,74189ST,0,shopify,100,deny,manual,22.79,22.79,TRUE,TRUE,,,Lusora Sandrift Oak 269M Cushion Vinyl Flooring,Lusora Sandrift Oak 269M Cushion Vinyl Flooring | Factory Direct Flooring,Buy Lusora Sandrift Oak 269M Cushion Vinyl Flooring at Factory Direct Flooring. Vinyl Flooring available at competitive prices. Free UK delivery and expert advice. Order free samples today.,active
polythene-damp-proof-membrane-dpm-ewa11,Polythene Damp Proof Membrane (DPM) EWA11,"<h2>Polythene Damp Proof Membrane (DPM) EWA11</h2><p>Complete your flooring installation to a truly professional standard with the <strong>Polythene Damp Proof Membrane (DPM) EWA11</strong> from Factory Direct Flooring. Quality finishing accessories are the critical detail that distinguishes a truly professional flooring installation — providing a neat, durable and visually pleasing finish to all joins, edges and transitions.</p>
<h3>Key Highlights</h3><ul><li><strong>Professional Quality</strong> — manufactured to trade specification for lasting performance</li><li><strong>Precision Engineered</strong> — ensures a consistently neat and durable finish</li><li><strong>Wide Compatibility</strong> — suitable for use with laminate, LVT, wood and carpet</li><li><strong>Easy Installation</strong> — straightforward fixing for a professional result</li><li><strong>Excellent Value</strong> — premium quality at a genuinely competitive price point</li></ul>
<h3>Installation</h3><p>Please refer carefully to the product packaging and manufacturer guidelines before fitting. Correct installation is essential for both appearance and long-term performance. Contact our expert team if you need advice on selecting the right accessory for your specific flooring transition or application.</p>
<h3>Care &amp; Maintenance</h3><p>Most flooring accessories are maintenance-free once correctly installed. Wipe clean with a damp cloth and mild detergent as required. Periodically check all mechanical fixings and tighten if necessary. Accessory profiles can usually be replaced independently without disturbing the floor covering.</p>
<h3>Why Factory Direct Flooring?</h3><p>We stock everything needed to complete your installation professionally — trims, threshold strips, adhesives, cleaning products and more. Our accessories are chosen to complement our flooring ranges perfectly. Competitive prices and fast UK delivery available on all orders.</p>",Factory Direct Flooring,,Accessories,accessories,TRUE,Title,Default Title,5191,0,shopify,100,deny,manual,26.87,26.87,TRUE,TRUE,,,Polythene Damp Proof Membrane (DPM) EWA11,Polythene Damp Proof Membrane (DPM) EWA11 | Factory Direct Flooring,Buy Polythene Damp Proof Membrane (DPM) EWA11 at Factory Direct Flooring. Accessories available at competitive prices. Free UK delivery and expert advice. Order free samples today.,active
solid-wood-pipe-roses-ewa20,Solid Wood Pipe Roses EWA20,"<h2>Solid Wood Pipe Roses EWA20</h2><p>Complete your flooring installation to a truly professional standard with the <strong>Solid Wood Pipe Roses EWA20</strong> from Factory Direct Flooring. Quality finishing accessories are the critical detail that distinguishes a truly professional flooring installation — providing a neat, durable and visually pleasing finish to all joins, edges and transitions.</p>
<h3>Key Highlights</h3><ul><li><strong>Professional Quality</strong> — manufactured to trade specification for lasting performance</li><li><strong>Precision Engineered</strong> — ensures a consistently neat and durable finish</li><li><strong>Wide Compatibility</strong> — suitable for use with laminate, LVT, wood and carpet</li><li><strong>Easy Installation</strong> — straightforward fixing for a professional result</li><li><strong>Excellent Value</strong> — premium quality at a genuinely competitive price point</li></ul>
<h3>Installation</h3><p>Please refer carefully to the product packaging and manufacturer guidelines before fitting. Correct installation is essential for both appearance and long-term performance. Contact our expert team if you need advice on selecting the right accessory for your specific flooring transition or application.</p>
<h3>Care &amp; Maintenance</h3><p>Most flooring accessories are maintenance-free once correctly installed. Wipe clean with a damp cloth and mild detergent as required. Periodically check all mechanical fixings and tighten if necessary. Accessory profiles can usually be replaced independently without disturbing the floor covering.</p>
<h3>Why Factory Direct Flooring?</h3><p>We stock everything needed to complete your installation professionally — trims, threshold strips, adhesives, cleaning products and more. Our accessories are chosen to complement our flooring ranges perfectly. Competitive prices and fast UK delivery available on all orders.</p>",Factory Direct Flooring,,Accessories,accessories,TRUE,Title,Default Title,5194,0,shopify,100,deny,manual,13.24,13.24,TRUE,TRUE,,,Solid Wood Pipe Roses EWA20,Solid Wood Pipe Roses EWA20 | Factory Direct Flooring,Buy Solid Wood Pipe Roses EWA20 at Factory Direct Flooring. Accessories available at competitive prices. Free UK delivery and expert advice. Order free samples today.,active
pre-finished-skirting-white,Pre-Finished Skirting White,"<h2>Pre-Finished Skirting White</h2><p>Complete your flooring installation to a truly professional standard with the <strong>Pre-Finished Skirting White</strong> from Factory Direct Flooring. Quality finishing accessories are the critical detail that distinguishes a truly professional flooring installation — providing a neat, durable and visually pleasing finish to all joins, edges and transitions.</p>
<h3>Key Highlights</h3><ul><li><strong>Professional Quality</strong> — manufactured to trade specification for lasting performance</li><li><strong>Precision Engineered</strong> — ensures a consistently neat and durable finish</li><li><strong>Wide Compatibility</strong> — suitable for use with laminate, LVT, wood and carpet</li><li><strong>Easy Installation</strong> — straightforward fixing for a professional result</li><li><strong>Excellent Value</strong> — premium quality at a genuinely competitive price point</li></ul>
<h3>Installation</h3><p>Please refer carefully to the product packaging and manufacturer guidelines before fitting. Correct installation is essential for both appearance and long-term performance. Contact our expert team if you need advice on selecting the right accessory for your specific flooring transition or application.</p>
<h3>Care &amp; Maintenance</h3><p>Most flooring accessories are maintenance-free once correctly installed. Wipe clean with a damp cloth and mild detergent as required. Periodically check all mechanical fixings and tighten if necessary. Accessory profiles can usually be replaced independently without disturbing the floor covering.</p>
<h3>Why Factory Direct Flooring?</h3><p>We stock everything needed to complete your installation professionally — trims, threshold strips, adhesives, cleaning products and more. Our accessories are chosen to complement our flooring ranges perfectly. Competitive prices and fast UK delivery available on all orders.</p>",Factory Direct Flooring,,Accessories,accessories,TRUE,Title,Default Title,5214,0,shopify,100,deny,manual,21.40,21.40,TRUE,TRUE,,,Pre-Finished Skirting White,Pre-Finished Skirting White | Factory Direct Flooring,Buy Pre-Finished Skirting White at Factory Direct Flooring. Accessories available at competitive prices. Free UK delivery and expert advice. Order free samples today.,active
colour-sealant-ewa24,Colour Sealant EWA24,"<h2>Colour Sealant EWA24</h2><p>Complete your flooring installation to a truly professional standard with the <strong>Colour Sealant EWA24</strong> from Factory Direct Flooring. Quality finishing accessories are the critical detail that distinguishes a truly professional flooring installation — providing a neat, durable and visually pleasing finish to all joins, edges and transitions.</p>
<h3>Key Highlights</h3><ul><li><strong>Professional Quality</strong> — manufactured to trade specification for lasting performance</li><li><strong>Precision Engineered</strong> — ensures a consistently neat and durable finish</li><li><strong>Wide Compatibility</strong> — suitable for use with laminate, LVT, wood and carpet</li><li><strong>Easy Installation</strong> — straightforward fixing for a professional result</li><li><strong>Excellent Value</strong> — premium quality at a genuinely competitive price point</li></ul>
<h3>Installation</h3><p>Please refer carefully to the product packaging and manufacturer guidelines before fitting. Correct installation is essential for both appearance and long-term performance. Contact our expert team if you need advice on selecting the right accessory for your specific flooring transition or application.</p>
<h3>Care &amp; Maintenance</h3><p>Most flooring accessories are maintenance-free once correctly installed. Wipe clean with a damp cloth and mild detergent as required. Periodically check all mechanical fixings and tighten if necessary. Accessory profiles can usually be replaced independently without disturbing the floor covering.</p>
<h3>Why Factory Direct Flooring?</h3><p>We stock everything needed to complete your installation professionally — trims, threshold strips, adhesives, cleaning products and more. Our accessories are chosen to complement our flooring ranges perfectly. Competitive prices and fast UK delivery available on all orders.</p>",Factory Direct Flooring,,Accessories,accessories,TRUE,Title,Default Title,5215,0,shopify,100,deny,manual,11.98,11.98,TRUE,TRUE,,,Colour Sealant EWA24,Colour Sealant EWA24 | Factory Direct Flooring,Buy Colour Sealant EWA24 at Factory Direct Flooring. Accessories available at competitive prices. Free UK delivery and expert advice. Order free samples today.,active
pipe-roses,Pipe Roses,"<h2>Pipe Roses</h2><p>Complete your flooring installation to a truly professional standard with the <strong>Pipe Roses</strong> from Factory Direct Flooring. Quality finishing accessories are the critical detail that distinguishes a truly professional flooring installation — providing a neat, durable and visually pleasing finish to all joins, edges and transitions.</p>
<h3>Key Highlights</h3><ul><li><strong>Professional Quality</strong> — manufactured to trade specification for lasting performance</li><li><strong>Precision Engineered</strong> — ensures a consistently neat and durable finish</li><li><strong>Wide Compatibility</strong> — suitable for use with laminate, LVT, wood and carpet</li><li><strong>Easy Installation</strong> — straightforward fixing for a professional result</li><li><strong>Excellent Value</strong> — premium quality at a genuinely competitive price point</li></ul>
<h3>Installation</h3><p>Please refer carefully to the product packaging and manufacturer guidelines before fitting. Correct installation is essential for both appearance and long-term performance. Contact our expert team if you need advice on selecting the right accessory for your specific flooring transition or application.</p>
<h3>Care &amp; Maintenance</h3><p>Most flooring accessories are maintenance-free once correctly installed. Wipe clean with a damp cloth and mild detergent as required. Periodically check all mechanical fixings and tighten if necessary. Accessory profiles can usually be replaced independently without disturbing the floor covering.</p>
<h3>Why Factory Direct Flooring?</h3><p>We stock everything needed to complete your installation professionally — trims, threshold strips, adhesives, cleaning products and more. Our accessories are chosen to complement our flooring ranges perfectly. Competitive prices and fast UK delivery available on all orders.</p>",Factory Direct Flooring,,Accessories,accessories,TRUE,Title,Default Title,5220,0,shopify,100,deny,manual,12.38,12.38,TRUE,TRUE,,,Pipe Roses,Pipe Roses | Factory Direct Flooring,Buy Pipe Roses at Factory Direct Flooring. Accessories available at competitive prices. Free UK delivery and expert advice. Order free samples today.,active
classic-fibre-board-ewa8,Classic Fibre Board EWA8,"<h2>Classic Fibre Board EWA8</h2><p>Complete your flooring installation to a truly professional standard with the <strong>Classic Fibre Board EWA8</strong> from Factory Direct Flooring. Quality finishing accessories are the critical detail that distinguishes a truly professional flooring installation — providing a neat, durable and visually pleasing finish to all joins, edges and transitions.</p>
<h3>Key Highlights</h3><ul><li><strong>Professional Quality</strong> — manufactured to trade specification for lasting performance</li><li><strong>Precision Engineered</strong> — ensures a consistently neat and durable finish</li><li><strong>Wide Compatibility</strong> — suitable for use with laminate, LVT, wood and carpet</li><li><strong>Easy Installation</strong> — straightforward fixing for a professional result</li><li><strong>Excellent Value</strong> — premium quality at a genuinely competitive price point</li></ul>
<h3>Installation</h3><p>Please refer carefully to the product packaging and manufacturer guidelines before fitting. Correct installation is essential for both appearance and long-term performance. Contact our expert team if you need advice on selecting the right accessory for your specific flooring transition or application.</p>
<h3>Care &amp; Maintenance</h3><p>Most flooring accessories are maintenance-free once correctly installed. Wipe clean with a damp cloth and mild detergent as required. Periodically check all mechanical fixings and tighten if necessary. Accessory profiles can usually be replaced independently without disturbing the floor covering.</p>
<h3>Why Factory Direct Flooring?</h3><p>We stock everything needed to complete your installation professionally — trims, threshold strips, adhesives, cleaning products and more. Our accessories are chosen to complement our flooring ranges perfectly. Competitive prices and fast UK delivery available on all orders.</p>",Factory Direct Flooring,,Accessories,accessories,TRUE,Title,Default Title,5226,0,shopify,100,deny,manual,47.30,47.30,TRUE,TRUE,,,Classic Fibre Board EWA8,Classic Fibre Board EWA8 | Factory Direct Flooring,Buy Classic Fibre Board EWA8 at Factory Direct Flooring. Accessories available at competitive prices. Free UK delivery and expert advice. Order free samples today.,active
pva-wood-flooring-adhesive-ewa12,PVA Wood Flooring Adhesive EWA12,"<h2>PVA Wood Flooring Adhesive EWA12</h2><p>Complete your flooring installation to a truly professional standard with the <strong>PVA Wood Flooring Adhesive EWA12</strong> from Factory Direct Flooring. Quality finishing accessories are the critical detail that distinguishes a truly professional flooring installation — providing a neat, durable and visually pleasing finish to all joins, edges and transitions.</p>
<h3>Key Highlights</h3><ul><li><strong>Professional Quality</strong> — manufactured to trade specification for lasting performance</li><li><strong>Precision Engineered</strong> — ensures a consistently neat and durable finish</li><li><strong>Wide Compatibility</strong> — suitable for use with laminate, LVT, wood and carpet</li><li><strong>Easy Installation</strong> — straightforward fixing for a professional result</li><li><strong>Excellent Value</strong> — premium quality at a genuinely competitive price point</li></ul>
<h3>Installation</h3><p>Please refer carefully to the product packaging and manufacturer guidelines before fitting. Correct installation is essential for both appearance and long-term performance. Contact our expert team if you need advice on selecting the right accessory for your specific flooring transition or application.</p>
<h3>Care &amp; Maintenance</h3><p>Most flooring accessories are maintenance-free once correctly installed. Wipe clean with a damp cloth and mild detergent as required. Periodically check all mechanical fixings and tighten if necessary. Accessory profiles can usually be replaced independently without disturbing the floor covering.</p>
<h3>Why Factory Direct Flooring?</h3><p>We stock everything needed to complete your installation professionally — trims, threshold strips, adhesives, cleaning products and more. Our accessories are chosen to complement our flooring ranges perfectly. Competitive prices and fast UK delivery available on all orders.</p>",Factory Direct Flooring,,Accessories,accessories,TRUE,Title,Default Title,5242,0,shopify,100,deny,manual,15.56,15.56,TRUE,TRUE,,,PVA Wood Flooring Adhesive EWA12,PVA Wood Flooring Adhesive EWA12 | Factory Direct Flooring,Buy PVA Wood Flooring Adhesive EWA12 at Factory Direct Flooring. Accessories available at competitive prices. Free UK delivery and expert advice. Order free samples today.,active
heat-therm-underlay-for-underfloor-heating-ewa3,Heat Therm Underlay For Underfloor Heating EWA3,"<h2>Heat Therm Underlay For Underfloor Heating EWA3</h2><p>Complete your flooring installation to a truly professional standard with the <strong>Heat Therm Underlay For Underfloor Heating EWA3</strong> from Factory Direct Flooring. Quality finishing accessories are the critical detail that distinguishes a truly professional flooring installation — providing a neat, durable and visually pleasing finish to all joins, edges and transitions.</p>
<h3>Key Highlights</h3><ul><li><strong>Professional Quality</strong> — manufactured to trade specification for lasting performance</li><li><strong>Precision Engineered</strong> — ensures a consistently neat and durable finish</li><li><strong>Wide Compatibility</strong> — suitable for use with laminate, LVT, wood and carpet</li><li><strong>Easy Installation</strong> — straightforward fixing for a professional result</li><li><strong>Excellent Value</strong> — premium quality at a genuinely competitive price point</li></ul>
<h3>Installation</h3><p>Please refer carefully to the product packaging and manufacturer guidelines before fitting. Correct installation is essential for both appearance and long-term performance. Contact our expert team if you need advice on selecting the right accessory for your specific flooring transition or application.</p>
<h3>Care &amp; Maintenance</h3><p>Most flooring accessories are maintenance-free once correctly installed. Wipe clean with a damp cloth and mild detergent as required. Periodically check all mechanical fixings and tighten if necessary. Accessory profiles can usually be replaced independently without disturbing the floor covering.</p>
<h3>Why Factory Direct Flooring?</h3><p>We stock everything needed to complete your installation professionally — trims, threshold strips, adhesives, cleaning products and more. Our accessories are chosen to complement our flooring ranges perfectly. Competitive prices and fast UK delivery available on all orders.</p>",Factory Direct Flooring,,Accessories,accessories,TRUE,Title,Default Title,5303,0,shopify,100,deny,manual,42.94,42.94,TRUE,TRUE,,,Heat Therm Underlay For Underfloor Heating EWA3,Heat Therm Underlay For Underfloor Heating EWA3 | Factory Direct Flooring,Buy Heat Therm Underlay For Underfloor Heating EWA3 at Factory Direct Flooring. Accessories available at competitive prices. Free UK delivery and expert advice. Order free samples today.,active
vapour-tape-ewa26,Vapour Tape EWA26,"<h2>Vapour Tape EWA26</h2><p>Complete your flooring installation to a truly professional standard with the <strong>Vapour Tape EWA26</strong> from Factory Direct Flooring. Quality finishing accessories are the critical detail that distinguishes a truly professional flooring installation — providing a neat, durable and visually pleasing finish to all joins, edges and transitions.</p>
<h3>Key Highlights</h3><ul><li><strong>Professional Quality</strong> — manufactured to trade specification for lasting performance</li><li><strong>Precision Engineered</strong> — ensures a consistently neat and durable finish</li><li><strong>Wide Compatibility</strong> — suitable for use with laminate, LVT, wood and carpet</li><li><strong>Easy Installation</strong> — straightforward fixing for a professional result</li><li><strong>Excellent Value</strong> — premium quality at a genuinely competitive price point</li></ul>
<h3>Installation</h3><p>Please refer carefully to the product packaging and manufacturer guidelines before fitting. Correct installation is essential for both appearance and long-term performance. Contact our expert team if you need advice on selecting the right accessory for your specific flooring transition or application.</p>
<h3>Care &amp; Maintenance</h3><p>Most flooring accessories are maintenance-free once correctly installed. Wipe clean with a damp cloth and mild detergent as required. Periodically check all mechanical fixings and tighten if necessary. Accessory profiles can usually be replaced independently without disturbing the floor covering.</p>
<h3>Why Factory Direct Flooring?</h3><p>We stock everything needed to complete your installation professionally — trims, threshold strips, adhesives, cleaning products and more. Our accessories are chosen to complement our flooring ranges perfectly. Competitive prices and fast UK delivery available on all orders.</p>",Factory Direct Flooring,,Accessories,accessories,TRUE,Title,Default Title,5323,0,shopify,100,deny,manual,6.72,6.72,TRUE,TRUE,,,Vapour Tape EWA26,Vapour Tape EWA26 | Factory Direct Flooring,Buy Vapour Tape EWA26 at Factory Direct Flooring. Accessories available at competitive prices. Free UK delivery and expert advice. Order free samples today.,active
compact-board-underlay-system-ewa22,Compact Board Underlay System EWA22,"<h2>Compact Board Underlay System EWA22</h2><p>Complete your flooring installation to a truly professional standard with the <strong>Compact Board Underlay System EWA22</strong> from Factory Direct Flooring. Quality finishing accessories are the critical detail that distinguishes a truly professional flooring installation — providing a neat, durable and visually pleasing finish to all joins, edges and transitions.</p>
<h3>Key Highlights</h3><ul><li><strong>Professional Quality</strong> — manufactured to trade specification for lasting performance</li><li><strong>Precision Engineered</strong> — ensures a consistently neat and durable finish</li><li><strong>Wide Compatibility</strong> — suitable for use with laminate, LVT, wood and carpet</li><li><strong>Easy Installation</strong> — straightforward fixing for a professional result</li><li><strong>Excellent Value</strong> — premium quality at a genuinely competitive price point</li></ul>
<h3>Installation</h3><p>Please refer carefully to the product packaging and manufacturer guidelines before fitting. Correct installation is essential for both appearance and long-term performance. Contact our expert team if you need advice on selecting the right accessory for your specific flooring transition or application.</p>
<h3>Care &amp; Maintenance</h3><p>Most flooring accessories are maintenance-free once correctly installed. Wipe clean with a damp cloth and mild detergent as required. Periodically check all mechanical fixings and tighten if necessary. Accessory profiles can usually be replaced independently without disturbing the floor covering.</p>
<h3>Why Factory Direct Flooring?</h3><p>We stock everything needed to complete your installation professionally — trims, threshold strips, adhesives, cleaning products and more. Our accessories are chosen to complement our flooring ranges perfectly. Competitive prices and fast UK delivery available on all orders.</p>",Factory Direct Flooring,,Accessories,accessories,TRUE,Title,Default Title,6377,0,shopify,100,deny,manual,47.30,47.30,TRUE,TRUE,,,Compact Board Underlay System EWA22,Compact Board Underlay System EWA22 | Factory Direct Flooring,Buy Compact Board Underlay System EWA22 at Factory Direct Flooring. Accessories available at competitive prices. Free UK delivery and expert advice. Order free samples today.,active
hardwood-profile-semi-ramp-ewa16,Hardwood Profile ( Semi-Ramp ) EWA16,"<h2>Hardwood Profile ( Semi-Ramp ) EWA16</h2><p>Complete your flooring installation to a truly professional standard with the <strong>Hardwood Profile ( Semi-Ramp ) EWA16</strong> from Factory Direct Flooring. Quality finishing accessories are the critical detail that distinguishes a truly professional flooring installation — providing a neat, durable and visually pleasing finish to all joins, edges and transitions.</p>
<h3>Key Highlights</h3><ul><li><strong>Professional Quality</strong> — manufactured to trade specification for lasting performance</li><li><strong>Precision Engineered</strong> — ensures a consistently neat and durable finish</li><li><strong>Wide Compatibility</strong> — suitable for use with laminate, LVT, wood and carpet</li><li><strong>Easy Installation</strong> — straightforward fixing for a professional result</li><li><strong>Excellent Value</strong> — premium quality at a genuinely competitive price point</li></ul>
<h3>Installation</h3><p>Please refer carefully to the product packaging and manufacturer guidelines before fitting. Correct installation is essential for both appearance and long-term performance. Contact our expert team if you need advice on selecting the right accessory for your specific flooring transition or application.</p>
<h3>Care &amp; Maintenance</h3><p>Most flooring accessories are maintenance-free once correctly installed. Wipe clean with a damp cloth and mild detergent as required. Periodically check all mechanical fixings and tighten if necessary. Accessory profiles can usually be replaced independently without disturbing the floor covering.</p>
<h3>Why Factory Direct Flooring?</h3><p>We stock everything needed to complete your installation professionally — trims, threshold strips, adhesives, cleaning products and more. Our accessories are chosen to complement our flooring ranges perfectly. Competitive prices and fast UK delivery available on all orders.</p>",Factory Direct Flooring,,Accessories,accessories,TRUE,Title,Default Title,6480,0,shopify,100,deny,manual,24.07,24.07,TRUE,TRUE,,,Hardwood Profile ( Semi-Ramp ) EWA16,Hardwood Profile ( Semi-Ramp ) EWA16 | Factory Direct Flooring,Buy Hardwood Profile ( Semi-Ramp ) EWA16 at Factory Direct Flooring. Accessories available at competitive prices. Free UK delivery and expert advice. Order free samples today.,active
woca-spray-spot-remover-ewa33,Woca Spray Spot Remover EWA33,"<h2>Woca Spray Spot Remover EWA33</h2><p>Complete your flooring installation to a truly professional standard with the <strong>Woca Spray Spot Remover EWA33</strong> from Factory Direct Flooring. Quality finishing accessories are the critical detail that distinguishes a truly professional flooring installation — providing a neat, durable and visually pleasing finish to all joins, edges and transitions.</p>
<h3>Key Highlights</h3><ul><li><strong>Professional Quality</strong> — manufactured to trade specification for lasting performance</li><li><strong>Precision Engineered</strong> — ensures a consistently neat and durable finish</li><li><strong>Wide Compatibility</strong> — suitable for use with laminate, LVT, wood and carpet</li><li><strong>Easy Installation</strong> — straightforward fixing for a professional result</li><li><strong>Excellent Value</strong> — premium quality at a genuinely competitive price point</li></ul>
<h3>Installation</h3><p>Please refer carefully to the product packaging and manufacturer guidelines before fitting. Correct installation is essential for both appearance and long-term performance. Contact our expert team if you need advice on selecting the right accessory for your specific flooring transition or application.</p>
<h3>Care &amp; Maintenance</h3><p>Most flooring accessories are maintenance-free once correctly installed. Wipe clean with a damp cloth and mild detergent as required. Periodically check all mechanical fixings and tighten if necessary. Accessory profiles can usually be replaced independently without disturbing the floor covering.</p>
<h3>Why Factory Direct Flooring?</h3><p>We stock everything needed to complete your installation professionally — trims, threshold strips, adhesives, cleaning products and more. Our accessories are chosen to complement our flooring ranges perfectly. Competitive prices and fast UK delivery available on all orders.</p>",Factory Direct Flooring,,Accessories,accessories,TRUE,Title,Default Title,7324,0,shopify,100,deny,manual,16.69,16.69,TRUE,TRUE,,,Woca Spray Spot Remover EWA33,Woca Spray Spot Remover EWA33 | Factory Direct Flooring,Buy Woca Spray Spot Remover EWA33 at Factory Direct Flooring. Accessories available at competitive prices. Free UK delivery and expert advice. Order free samples today.,active
woca-intensive-cleaner-spray-ewa32,Woca Intensive Cleaner Spray EWA32,"<h2>Woca Intensive Cleaner Spray EWA32</h2><p>Complete your flooring installation to a truly professional standard with the <strong>Woca Intensive Cleaner Spray EWA32</strong> from Factory Direct Flooring. Quality finishing accessories are the critical detail that distinguishes a truly professional flooring installation — providing a neat, durable and visually pleasing finish to all joins, edges and transitions.</p>
<h3>Key Highlights</h3><ul><li><strong>Professional Quality</strong> — manufactured to trade specification for lasting performance</li><li><strong>Precision Engineered</strong> — ensures a consistently neat and durable finish</li><li><strong>Wide Compatibility</strong> — suitable for use with laminate, LVT, wood and carpet</li><li><strong>Easy Installation</strong> — straightforward fixing for a professional result</li><li><strong>Excellent Value</strong> — premium quality at a genuinely competitive price point</li></ul>
<h3>Installation</h3><p>Please refer carefully to the product packaging and manufacturer guidelines before fitting. Correct installation is essential for both appearance and long-term performance. Contact our expert team if you need advice on selecting the right accessory for your specific flooring transition or application.</p>
<h3>Care &amp; Maintenance</h3><p>Most flooring accessories are maintenance-free once correctly installed. Wipe clean with a damp cloth and mild detergent as required. Periodically check all mechanical fixings and tighten if necessary. Accessory profiles can usually be replaced independently without disturbing the floor covering.</p>
<h3>Why Factory Direct Flooring?</h3><p>We stock everything needed to complete your installation professionally — trims, threshold strips, adhesives, cleaning products and more. Our accessories are chosen to complement our flooring ranges perfectly. Competitive prices and fast UK delivery available on all orders.</p>",Factory Direct Flooring,,Accessories,accessories,TRUE,Title,Default Title,7320,0,shopify,100,deny,manual,19.58,19.58,TRUE,TRUE,,,Woca Intensive Cleaner Spray EWA32,Woca Intensive Cleaner Spray EWA32 | Factory Direct Flooring,Buy Woca Intensive Cleaner Spray EWA32 at Factory Direct Flooring. Accessories available at competitive prices. Free UK delivery and expert advice. Order free samples today.,active
woca-natural-soap-spray-ewa31,Woca Natural Soap Spray EWA31,"<h2>Woca Natural Soap Spray EWA31</h2><p>Complete your flooring installation to a truly professional standard with the <strong>Woca Natural Soap Spray EWA31</strong> from Factory Direct Flooring. Quality finishing accessories are the critical detail that distinguishes a truly professional flooring installation — providing a neat, durable and visually pleasing finish to all joins, edges and transitions.</p>
<h3>Key Highlights</h3><ul><li><strong>Professional Quality</strong> — manufactured to trade specification for lasting performance</li><li><strong>Precision Engineered</strong> — ensures a consistently neat and durable finish</li><li><strong>Wide Compatibility</strong> — suitable for use with laminate, LVT, wood and carpet</li><li><strong>Easy Installation</strong> — straightforward fixing for a professional result</li><li><strong>Excellent Value</strong> — premium quality at a genuinely competitive price point</li></ul>
<h3>Installation</h3><p>Please refer carefully to the product packaging and manufacturer guidelines before fitting. Correct installation is essential for both appearance and long-term performance. Contact our expert team if you need advice on selecting the right accessory for your specific flooring transition or application.</p>
<h3>Care &amp; Maintenance</h3><p>Most flooring accessories are maintenance-free once correctly installed. Wipe clean with a damp cloth and mild detergent as required. Periodically check all mechanical fixings and tighten if necessary. Accessory profiles can usually be replaced independently without disturbing the floor covering.</p>
<h3>Why Factory Direct Flooring?</h3><p>We stock everything needed to complete your installation professionally — trims, threshold strips, adhesives, cleaning products and more. Our accessories are chosen to complement our flooring ranges perfectly. Competitive prices and fast UK delivery available on all orders.</p>",Factory Direct Flooring,,Accessories,accessories,TRUE,Title,Default Title,7319,0,shopify,100,deny,manual,19.73,19.73,TRUE,TRUE,,,Woca Natural Soap Spray EWA31,Woca Natural Soap Spray EWA31 | Factory Direct Flooring,Buy Woca Natural Soap Spray EWA31 at Factory Direct Flooring. Accessories available at competitive prices. Free UK delivery and expert advice. Order free samples today.,active
epoxy-damp-proof-membrane-dpm-ewa9,Epoxy Damp Proof Membrane DPM EWA9,"<h2>Epoxy Damp Proof Membrane DPM EWA9</h2><p>Complete your flooring installation to a truly professional standard with the <strong>Epoxy Damp Proof Membrane DPM EWA9</strong> from Factory Direct Flooring. Quality finishing accessories are the critical detail that distinguishes a truly professional flooring installation — providing a neat, durable and visually pleasing finish to all joins, edges and transitions.</p>
<h3>Key Highlights</h3><ul><li><strong>Professional Quality</strong> — manufactured to trade specification for lasting performance</li><li><strong>Precision Engineered</strong> — ensures a consistently neat and durable finish</li><li><strong>Wide Compatibility</strong> — suitable for use with laminate, LVT, wood and carpet</li><li><strong>Easy Installation</strong> — straightforward fixing for a professional result</li><li><strong>Excellent Value</strong> — premium quality at a genuinely competitive price point</li></ul>
<h3>Installation</h3><p>Please refer carefully to the product packaging and manufacturer guidelines before fitting. Correct installation is essential for both appearance and long-term performance. Contact our expert team if you need advice on selecting the right accessory for your specific flooring transition or application.</p>
<h3>Care &amp; Maintenance</h3><p>Most flooring accessories are maintenance-free once correctly installed. Wipe clean with a damp cloth and mild detergent as required. Periodically check all mechanical fixings and tighten if necessary. Accessory profiles can usually be replaced independently without disturbing the floor covering.</p>
<h3>Why Factory Direct Flooring?</h3><p>We stock everything needed to complete your installation professionally — trims, threshold strips, adhesives, cleaning products and more. Our accessories are chosen to complement our flooring ranges perfectly. Competitive prices and fast UK delivery available on all orders.</p>",Factory Direct Flooring,,Accessories,accessories,TRUE,Title,Default Title,7325,0,shopify,100,deny,manual,144.22,144.22,TRUE,TRUE,,,Epoxy Damp Proof Membrane DPM EWA9,Epoxy Damp Proof Membrane DPM EWA9 | Factory Direct Flooring,Buy Epoxy Damp Proof Membrane DPM EWA9 at Factory Direct Flooring. Accessories available at competitive prices. Free UK delivery and expert advice. Order free samples today.,active
vinyl-spray-adhesive-500ml,Vinyl Spray Adhesive 500ml,"<h2>Vinyl Spray Adhesive 500ml</h2><p>Complete your flooring installation to a truly professional standard with the <strong>Vinyl Spray Adhesive 500ml</strong> from Factory Direct Flooring. Quality finishing accessories are the critical detail that distinguishes a truly professional flooring installation — providing a neat, durable and visually pleasing finish to all joins, edges and transitions.</p>
<h3>Key Highlights</h3><ul><li><strong>Professional Quality</strong> — manufactured to trade specification for lasting performance</li><li><strong>Precision Engineered</strong> — ensures a consistently neat and durable finish</li><li><strong>Wide Compatibility</strong> — suitable for use with laminate, LVT, wood and carpet</li><li><strong>Easy Installation</strong> — straightforward fixing for a professional result</li><li><strong>Excellent Value</strong> — premium quality at a genuinely competitive price point</li></ul>
<h3>Installation</h3><p>Please refer carefully to the product packaging and manufacturer guidelines before fitting. Correct installation is essential for both appearance and long-term performance. Contact our expert team if you need advice on selecting the right accessory for your specific flooring transition or application.</p>
<h3>Care &amp; Maintenance</h3><p>Most flooring accessories are maintenance-free once correctly installed. Wipe clean with a damp cloth and mild detergent as required. Periodically check all mechanical fixings and tighten if necessary. Accessory profiles can usually be replaced independently without disturbing the floor covering.</p>
<h3>Why Factory Direct Flooring?</h3><p>We stock everything needed to complete your installation professionally — trims, threshold strips, adhesives, cleaning products and more. Our accessories are chosen to complement our flooring ranges perfectly. Competitive prices and fast UK delivery available on all orders.</p>",Factory Direct Flooring,,Accessories,accessories,TRUE,Title,Default Title,10099,0,shopify,100,deny,manual,11.00,11.00,TRUE,TRUE,,,Vinyl Spray Adhesive 500ml,Vinyl Spray Adhesive 500ml | Factory Direct Flooring,Buy Vinyl Spray Adhesive 500ml at Factory Direct Flooring. Accessories available at competitive prices. Free UK delivery and expert advice. Order free samples today.,active
wood-floor-6mm-adhesive-trowel,Wood Floor 6mm Adhesive Trowel,"<h2>Wood Floor 6mm Adhesive Trowel</h2><p>Complete your flooring installation to a truly professional standard with the <strong>Wood Floor 6mm Adhesive Trowel</strong> from Factory Direct Flooring. Quality finishing accessories are the critical detail that distinguishes a truly professional flooring installation — providing a neat, durable and visually pleasing finish to all joins, edges and transitions.</p>
<h3>Key Highlights</h3><ul><li><strong>Professional Quality</strong> — manufactured to trade specification for lasting performance</li><li><strong>Precision Engineered</strong> — ensures a consistently neat and durable finish</li><li><strong>Wide Compatibility</strong> — suitable for use with laminate, LVT, wood and carpet</li><li><strong>Easy Installation</strong> — straightforward fixing for a professional result</li><li><strong>Excellent Value</strong> — premium quality at a genuinely competitive price point</li></ul>
<h3>Installation</h3><p>Please refer carefully to the product packaging and manufacturer guidelines before fitting. Correct installation is essential for both appearance and long-term performance. Contact our expert team if you need advice on selecting the right accessory for your specific flooring transition or application.</p>
<h3>Care &amp; Maintenance</h3><p>Most flooring accessories are maintenance-free once correctly installed. Wipe clean with a damp cloth and mild detergent as required. Periodically check all mechanical fixings and tighten if necessary. Accessory profiles can usually be replaced independently without disturbing the floor covering.</p>
<h3>Why Factory Direct Flooring?</h3><p>We stock everything needed to complete your installation professionally — trims, threshold strips, adhesives, cleaning products and more. Our accessories are chosen to complement our flooring ranges perfectly. Competitive prices and fast UK delivery available on all orders.</p>",Factory Direct Flooring,,Accessories,accessories,TRUE,Title,Default Title,30809,0,shopify,100,deny,manual,13.85,13.85,TRUE,TRUE,,,Wood Floor 6mm Adhesive Trowel,Wood Floor 6mm Adhesive Trowel | Factory Direct Flooring,Buy Wood Floor 6mm Adhesive Trowel at Factory Direct Flooring. Accessories available at competitive prices. Free UK delivery and expert advice. Order free samples today.,active
acrylic-adhesive-vinyl-flooring,Acrylic Adhesive - Vinyl Floor Adhesive,"<h2>Acrylic Adhesive - Vinyl Floor Adhesive</h2><p>Complete your flooring installation to a truly professional standard with the <strong>Acrylic Adhesive - Vinyl Floor Adhesive</strong> from Factory Direct Flooring. Quality finishing accessories are the critical detail that distinguishes a truly professional flooring installation — providing a neat, durable and visually pleasing finish to all joins, edges and transitions.</p>
<h3>Key Highlights</h3><ul><li><strong>Professional Quality</strong> — manufactured to trade specification for lasting performance</li><li><strong>Precision Engineered</strong> — ensures a consistently neat and durable finish</li><li><strong>Wide Compatibility</strong> — suitable for use with laminate, LVT, wood and carpet</li><li><strong>Easy Installation</strong> — straightforward fixing for a professional result</li><li><strong>Excellent Value</strong> — premium quality at a genuinely competitive price point</li></ul>
<h3>Installation</h3><p>Please refer carefully to the product packaging and manufacturer guidelines before fitting. Correct installation is essential for both appearance and long-term performance. Contact our expert team if you need advice on selecting the right accessory for your specific flooring transition or application.</p>
<h3>Care &amp; Maintenance</h3><p>Most flooring accessories are maintenance-free once correctly installed. Wipe clean with a damp cloth and mild detergent as required. Periodically check all mechanical fixings and tighten if necessary. Accessory profiles can usually be replaced independently without disturbing the floor covering.</p>
<h3>Why Factory Direct Flooring?</h3><p>We stock everything needed to complete your installation professionally — trims, threshold strips, adhesives, cleaning products and more. Our accessories are chosen to complement our flooring ranges perfectly. Competitive prices and fast UK delivery available on all orders.</p>",Factory Direct Flooring,,Accessories,accessories,TRUE,Title,Default Title,31109,0,shopify,100,deny,manual,51.18,51.18,TRUE,TRUE,,,Acrylic Adhesive - Vinyl Floor Adhesive,Acrylic Adhesive - Vinyl Floor Adhesive | Factory Direct Flooring,Buy Acrylic Adhesive - Vinyl Floor Adhesive at Factory Direct Flooring. Accessories available at competitive prices. Free UK delivery and expert advice. Order free samples today.,active
pressure-sensitive-adhesive,Pressure Sensitive Adhesive,"<h2>Pressure Sensitive Adhesive</h2><p>Complete your flooring installation to a truly professional standard with the <strong>Pressure Sensitive Adhesive</strong> from Factory Direct Flooring. Quality finishing accessories are the critical detail that distinguishes a truly professional flooring installation — providing a neat, durable and visually pleasing finish to all joins, edges and transitions.</p>
<h3>Key Highlights</h3><ul><li><strong>Professional Quality</strong> — manufactured to trade specification for lasting performance</li><li><strong>Precision Engineered</strong> — ensures a consistently neat and durable finish</li><li><strong>Wide Compatibility</strong> — suitable for use with laminate, LVT, wood and carpet</li><li><strong>Easy Installation</strong> — straightforward fixing for a professional result</li><li><strong>Excellent Value</strong> — premium quality at a genuinely competitive price point</li></ul>
<h3>Installation</h3><p>Please refer carefully to the product packaging and manufacturer guidelines before fitting. Correct installation is essential for both appearance and long-term performance. Contact our expert team if you need advice on selecting the right accessory for your specific flooring transition or application.</p>
<h3>Care &amp; Maintenance</h3><p>Most flooring accessories are maintenance-free once correctly installed. Wipe clean with a damp cloth and mild detergent as required. Periodically check all mechanical fixings and tighten if necessary. Accessory profiles can usually be replaced independently without disturbing the floor covering.</p>
<h3>Why Factory Direct Flooring?</h3><p>We stock everything needed to complete your installation professionally — trims, threshold strips, adhesives, cleaning products and more. Our accessories are chosen to complement our flooring ranges perfectly. Competitive prices and fast UK delivery available on all orders.</p>",Factory Direct Flooring,,Accessories,accessories,TRUE,Title,Default Title,31110,0,shopify,100,deny,manual,89.90,89.90,TRUE,TRUE,,,Pressure Sensitive Adhesive,Pressure Sensitive Adhesive | Factory Direct Flooring,Buy Pressure Sensitive Adhesive at Factory Direct Flooring. Accessories available at competitive prices. Free UK delivery and expert advice. Order free samples today.,active
vinyl-floor-0-5mm-adhesive-trowel,Vinyl Floor 0.5mm Adhesive Trowel,"<h2>Vinyl Floor 0.5mm Adhesive Trowel</h2><p>Complete your flooring installation to a truly professional standard with the <strong>Vinyl Floor 0.5mm Adhesive Trowel</strong> from Factory Direct Flooring. Quality finishing accessories are the critical detail that distinguishes a truly professional flooring installation — providing a neat, durable and visually pleasing finish to all joins, edges and transitions.</p>
<h3>Key Highlights</h3><ul><li><strong>Professional Quality</strong> — manufactured to trade specification for lasting performance</li><li><strong>Precision Engineered</strong> — ensures a consistently neat and durable finish</li><li><strong>Wide Compatibility</strong> — suitable for use with laminate, LVT, wood and carpet</li><li><strong>Easy Installation</strong> — straightforward fixing for a professional result</li><li><strong>Excellent Value</strong> — premium quality at a genuinely competitive price point</li></ul>
<h3>Installation</h3><p>Please refer carefully to the product packaging and manufacturer guidelines before fitting. Correct installation is essential for both appearance and long-term performance. Contact our expert team if you need advice on selecting the right accessory for your specific flooring transition or application.</p>
<h3>Care &amp; Maintenance</h3><p>Most flooring accessories are maintenance-free once correctly installed. Wipe clean with a damp cloth and mild detergent as required. Periodically check all mechanical fixings and tighten if necessary. Accessory profiles can usually be replaced independently without disturbing the floor covering.</p>
<h3>Why Factory Direct Flooring?</h3><p>We stock everything needed to complete your installation professionally — trims, threshold strips, adhesives, cleaning products and more. Our accessories are chosen to complement our flooring ranges perfectly. Competitive prices and fast UK delivery available on all orders.</p>",Factory Direct Flooring,,Accessories,accessories,TRUE,Title,Default Title,31133,0,shopify,100,deny,manual,9.50,9.50,TRUE,TRUE,,,Vinyl Floor 0.5mm Adhesive Trowel,Vinyl Floor 0.5mm Adhesive Trowel | Factory Direct Flooring,Buy Vinyl Floor 0.5mm Adhesive Trowel at Factory Direct Flooring. Accessories available at competitive prices. Free UK delivery and expert advice. Order free samples today.,active
0-5mm-adhesive-trowel-handle-blade,0.5mm Adhesive Trowel Handle & Blade,"<h2>0.5mm Adhesive Trowel Handle & Blade</h2><p>Complete your flooring installation to a truly professional standard with the <strong>0.5mm Adhesive Trowel Handle & Blade</strong> from Factory Direct Flooring. Quality finishing accessories are the critical detail that distinguishes a truly professional flooring installation — providing a neat, durable and visually pleasing finish to all joins, edges and transitions.</p>
<h3>Key Highlights</h3><ul><li><strong>Professional Quality</strong> — manufactured to trade specification for lasting performance</li><li><strong>Precision Engineered</strong> — ensures a consistently neat and durable finish</li><li><strong>Wide Compatibility</strong> — suitable for use with laminate, LVT, wood and carpet</li><li><strong>Easy Installation</strong> — straightforward fixing for a professional result</li><li><strong>Excellent Value</strong> — premium quality at a genuinely competitive price point</li></ul>
<h3>Installation</h3><p>Please refer carefully to the product packaging and manufacturer guidelines before fitting. Correct installation is essential for both appearance and long-term performance. Contact our expert team if you need advice on selecting the right accessory for your specific flooring transition or application.</p>
<h3>Care &amp; Maintenance</h3><p>Most flooring accessories are maintenance-free once correctly installed. Wipe clean with a damp cloth and mild detergent as required. Periodically check all mechanical fixings and tighten if necessary. Accessory profiles can usually be replaced independently without disturbing the floor covering.</p>
<h3>Why Factory Direct Flooring?</h3><p>We stock everything needed to complete your installation professionally — trims, threshold strips, adhesives, cleaning products and more. Our accessories are chosen to complement our flooring ranges perfectly. Competitive prices and fast UK delivery available on all orders.</p>",Factory Direct Flooring,,Accessories,accessories,TRUE,Title,Default Title,31134,0,shopify,100,deny,manual,37.51,37.51,TRUE,TRUE,,,0.5mm Adhesive Trowel Handle & Blade,0.5mm Adhesive Trowel Handle & Blade | Factory Direct Flooring,Buy 0.5mm Adhesive Trowel Handle & Blade at Factory Direct Flooring. Accessories available at competitive prices. Free UK delivery and expert advice. Order free samples today.,active
vinyl-floor-0-5mm-adhesive-trowel-replacement-blade,Vinyl Floor 0.5mm Adhesive Trowel Replacement Blade,"<h2>Vinyl Floor 0.5mm Adhesive Trowel Replacement Blade</h2><p>Complete your flooring installation to a truly professional standard with the <strong>Vinyl Floor 0.5mm Adhesive Trowel Replacement Blade</strong> from Factory Direct Flooring. Quality finishing accessories are the critical detail that distinguishes a truly professional flooring installation — providing a neat, durable and visually pleasing finish to all joins, edges and transitions.</p>
<h3>Key Highlights</h3><ul><li><strong>Professional Quality</strong> — manufactured to trade specification for lasting performance</li><li><strong>Precision Engineered</strong> — ensures a consistently neat and durable finish</li><li><strong>Wide Compatibility</strong> — suitable for use with laminate, LVT, wood and carpet</li><li><strong>Easy Installation</strong> — straightforward fixing for a professional result</li><li><strong>Excellent Value</strong> — premium quality at a genuinely competitive price point</li></ul>
<h3>Installation</h3><p>Please refer carefully to the product packaging and manufacturer guidelines before fitting. Correct installation is essential for both appearance and long-term performance. Contact our expert team if you need advice on selecting the right accessory for your specific flooring transition or application.</p>
<h3>Care &amp; Maintenance</h3><p>Most flooring accessories are maintenance-free once correctly installed. Wipe clean with a damp cloth and mild detergent as required. Periodically check all mechanical fixings and tighten if necessary. Accessory profiles can usually be replaced independently without disturbing the floor covering.</p>
<h3>Why Factory Direct Flooring?</h3><p>We stock everything needed to complete your installation professionally — trims, threshold strips, adhesives, cleaning products and more. Our accessories are chosen to complement our flooring ranges perfectly. Competitive prices and fast UK delivery available on all orders.</p>",Factory Direct Flooring,,Accessories,accessories,TRUE,Title,Default Title,31137,0,shopify,100,deny,manual,15.58,15.58,TRUE,TRUE,,,Vinyl Floor 0.5mm Adhesive Trowel Replacement Blade,Vinyl Floor 0.5mm Adhesive Trowel Replacement Blade | Factory Direct Flooring,Buy Vinyl Floor 0.5mm Adhesive Trowel Replacement Blade at Factory Direct Flooring. Accessories available at competitive prices. Free UK delivery and expert advice. Order free samples today.,active
safety-flooring-plus-weld-rod,Safety Flooring Plus Weld Rod,"<h2>Safety Flooring Plus Weld Rod</h2><p>Complete your flooring installation to a truly professional standard with the <strong>Safety Flooring Plus Weld Rod</strong> from Factory Direct Flooring. Quality finishing accessories are the critical detail that distinguishes a truly professional flooring installation — providing a neat, durable and visually pleasing finish to all joins, edges and transitions.</p>
<h3>Key Highlights</h3><ul><li><strong>Professional Quality</strong> — manufactured to trade specification for lasting performance</li><li><strong>Precision Engineered</strong> — ensures a consistently neat and durable finish</li><li><strong>Wide Compatibility</strong> — suitable for use with laminate, LVT, wood and carpet</li><li><strong>Easy Installation</strong> — straightforward fixing for a professional result</li><li><strong>Excellent Value</strong> — premium quality at a genuinely competitive price point</li></ul>
<h3>Installation</h3><p>Please refer carefully to the product packaging and manufacturer guidelines before fitting. Correct installation is essential for both appearance and long-term performance. Contact our expert team if you need advice on selecting the right accessory for your specific flooring transition or application.</p>
<h3>Care &amp; Maintenance</h3><p>Most flooring accessories are maintenance-free once correctly installed. Wipe clean with a damp cloth and mild detergent as required. Periodically check all mechanical fixings and tighten if necessary. Accessory profiles can usually be replaced independently without disturbing the floor covering.</p>
<h3>Why Factory Direct Flooring?</h3><p>We stock everything needed to complete your installation professionally — trims, threshold strips, adhesives, cleaning products and more. Our accessories are chosen to complement our flooring ranges perfectly. Competitive prices and fast UK delivery available on all orders.</p>",Factory Direct Flooring,,Accessories,accessories,TRUE,Title,Default Title,31349,0,shopify,100,deny,manual,44.84,44.84,TRUE,TRUE,,,Safety Flooring Plus Weld Rod,Safety Flooring Plus Weld Rod | Factory Direct Flooring,Buy Safety Flooring Plus Weld Rod at Factory Direct Flooring. Accessories available at competitive prices. Free UK delivery and expert advice. Order free samples today.,active
sit-on-skirting-100mm-qz100-so,Sit On Skirting 100mm QZ100 SO,"<h2>Sit On Skirting 100mm QZ100 SO</h2><p>Complete your flooring installation to a truly professional standard with the <strong>Sit On Skirting 100mm QZ100 SO</strong> from Factory Direct Flooring. Quality finishing accessories are the critical detail that distinguishes a truly professional flooring installation — providing a neat, durable and visually pleasing finish to all joins, edges and transitions.</p>
<h3>Key Highlights</h3><ul><li><strong>Professional Quality</strong> — manufactured to trade specification for lasting performance</li><li><strong>Precision Engineered</strong> — ensures a consistently neat and durable finish</li><li><strong>Wide Compatibility</strong> — suitable for use with laminate, LVT, wood and carpet</li><li><strong>Easy Installation</strong> — straightforward fixing for a professional result</li><li><strong>Excellent Value</strong> — premium quality at a genuinely competitive price point</li></ul>
<h3>Installation</h3><p>Please refer carefully to the product packaging and manufacturer guidelines before fitting. Correct installation is essential for both appearance and long-term performance. Contact our expert team if you need advice on selecting the right accessory for your specific flooring transition or application.</p>
<h3>Care &amp; Maintenance</h3><p>Most flooring accessories are maintenance-free once correctly installed. Wipe clean with a damp cloth and mild detergent as required. Periodically check all mechanical fixings and tighten if necessary. Accessory profiles can usually be replaced independently without disturbing the floor covering.</p>
<h3>Why Factory Direct Flooring?</h3><p>We stock everything needed to complete your installation professionally — trims, threshold strips, adhesives, cleaning products and more. Our accessories are chosen to complement our flooring ranges perfectly. Competitive prices and fast UK delivery available on all orders.</p>",Factory Direct Flooring,,Accessories,accessories,TRUE,Title,Default Title,31350,0,shopify,100,deny,manual,6.11,6.11,TRUE,TRUE,,,Sit On Skirting 100mm QZ100 SO,Sit On Skirting 100mm QZ100 SO | Factory Direct Flooring,Buy Sit On Skirting 100mm QZ100 SO at Factory Direct Flooring. Accessories available at competitive prices. Free UK delivery and expert advice. Order free samples today.,active
flexible-diminishing-strip-2-5mm,Flexible Diminishing Strip 2.5mm,"<h2>Flexible Diminishing Strip 2.5mm</h2><p>Complete your flooring installation to a truly professional standard with the <strong>Flexible Diminishing Strip 2.5mm</strong> from Factory Direct Flooring. Quality finishing accessories are the critical detail that distinguishes a truly professional flooring installation — providing a neat, durable and visually pleasing finish to all joins, edges and transitions.</p>
<h3>Key Highlights</h3><ul><li><strong>Professional Quality</strong> — manufactured to trade specification for lasting performance</li><li><strong>Precision Engineered</strong> — ensures a consistently neat and durable finish</li><li><strong>Wide Compatibility</strong> — suitable for use with laminate, LVT, wood and carpet</li><li><strong>Easy Installation</strong> — straightforward fixing for a professional result</li><li><strong>Excellent Value</strong> — premium quality at a genuinely competitive price point</li></ul>
<h3>Installation</h3><p>Please refer carefully to the product packaging and manufacturer guidelines before fitting. Correct installation is essential for both appearance and long-term performance. Contact our expert team if you need advice on selecting the right accessory for your specific flooring transition or application.</p>
<h3>Care &amp; Maintenance</h3><p>Most flooring accessories are maintenance-free once correctly installed. Wipe clean with a damp cloth and mild detergent as required. Periodically check all mechanical fixings and tighten if necessary. Accessory profiles can usually be replaced independently without disturbing the floor covering.</p>
<h3>Why Factory Direct Flooring?</h3><p>We stock everything needed to complete your installation professionally — trims, threshold strips, adhesives, cleaning products and more. Our accessories are chosen to complement our flooring ranges perfectly. Competitive prices and fast UK delivery available on all orders.</p>",Factory Direct Flooring,,Accessories,accessories,TRUE,Title,Default Title,31351,0,shopify,100,deny,manual,3.30,3.30,TRUE,TRUE,,,Flexible Diminishing Strip 2.5mm,Flexible Diminishing Strip 2.5mm | Factory Direct Flooring,Buy Flexible Diminishing Strip 2.5mm at Factory Direct Flooring. Accessories available at competitive prices. Free UK delivery and expert advice. Order free samples today.,active
cove-former-38mm,Cove Former 38mm,"<h2>Cove Former 38mm</h2><p>Complete your flooring installation to a truly professional standard with the <strong>Cove Former 38mm</strong> from Factory Direct Flooring. Quality finishing accessories are the critical detail that distinguishes a truly professional flooring installation — providing a neat, durable and visually pleasing finish to all joins, edges and transitions.</p>
<h3>Key Highlights</h3><ul><li><strong>Professional Quality</strong> — manufactured to trade specification for lasting performance</li><li><strong>Precision Engineered</strong> — ensures a consistently neat and durable finish</li><li><strong>Wide Compatibility</strong> — suitable for use with laminate, LVT, wood and carpet</li><li><strong>Easy Installation</strong> — straightforward fixing for a professional result</li><li><strong>Excellent Value</strong> — premium quality at a genuinely competitive price point</li></ul>
<h3>Installation</h3><p>Please refer carefully to the product packaging and manufacturer guidelines before fitting. Correct installation is essential for both appearance and long-term performance. Contact our expert team if you need advice on selecting the right accessory for your specific flooring transition or application.</p>
<h3>Care &amp; Maintenance</h3><p>Most flooring accessories are maintenance-free once correctly installed. Wipe clean with a damp cloth and mild detergent as required. Periodically check all mechanical fixings and tighten if necessary. Accessory profiles can usually be replaced independently without disturbing the floor covering.</p>
<h3>Why Factory Direct Flooring?</h3><p>We stock everything needed to complete your installation professionally — trims, threshold strips, adhesives, cleaning products and more. Our accessories are chosen to complement our flooring ranges perfectly. Competitive prices and fast UK delivery available on all orders.</p>",Factory Direct Flooring,,Accessories,accessories,TRUE,Title,Default Title,31354,0,shopify,100,deny,manual,6.56,6.56,TRUE,TRUE,,,Cove Former 38mm,Cove Former 38mm | Factory Direct Flooring,Buy Cove Former 38mm at Factory Direct Flooring. Accessories available at competitive prices. Free UK delivery and expert advice. Order free samples today.,active
capping-seal-2m,Capping Seal 2m,"<h2>Capping Seal 2m</h2><p>Complete your flooring installation to a truly professional standard with the <strong>Capping Seal 2m</strong> from Factory Direct Flooring. Quality finishing accessories are the critical detail that distinguishes a truly professional flooring installation — providing a neat, durable and visually pleasing finish to all joins, edges and transitions.</p>
<h3>Key Highlights</h3><ul><li><strong>Professional Quality</strong> — manufactured to trade specification for lasting performance</li><li><strong>Precision Engineered</strong> — ensures a consistently neat and durable finish</li><li><strong>Wide Compatibility</strong> — suitable for use with laminate, LVT, wood and carpet</li><li><strong>Easy Installation</strong> — straightforward fixing for a professional result</li><li><strong>Excellent Value</strong> — premium quality at a genuinely competitive price point</li></ul>
<h3>Installation</h3><p>Please refer carefully to the product packaging and manufacturer guidelines before fitting. Correct installation is essential for both appearance and long-term performance. Contact our expert team if you need advice on selecting the right accessory for your specific flooring transition or application.</p>
<h3>Care &amp; Maintenance</h3><p>Most flooring accessories are maintenance-free once correctly installed. Wipe clean with a damp cloth and mild detergent as required. Periodically check all mechanical fixings and tighten if necessary. Accessory profiles can usually be replaced independently without disturbing the floor covering.</p>
<h3>Why Factory Direct Flooring?</h3><p>We stock everything needed to complete your installation professionally — trims, threshold strips, adhesives, cleaning products and more. Our accessories are chosen to complement our flooring ranges perfectly. Competitive prices and fast UK delivery available on all orders.</p>",Factory Direct Flooring,,Accessories,accessories,TRUE,Title,Default Title,31355,0,shopify,100,deny,manual,7.80,7.80,TRUE,TRUE,,,Capping Seal 2m,Capping Seal 2m | Factory Direct Flooring,Buy Capping Seal 2m at Factory Direct Flooring. Accessories available at competitive prices. Free UK delivery and expert advice. Order free samples today.,active
pro-gold-underlay-vapour-barrier,Pro Gold Underlay Vapour Barrier,"<h2>Pro Gold Underlay Vapour Barrier</h2><p>Complete your flooring installation to a truly professional standard with the <strong>Pro Gold Underlay Vapour Barrier</strong> from Factory Direct Flooring. Quality finishing accessories are the critical detail that distinguishes a truly professional flooring installation — providing a neat, durable and visually pleasing finish to all joins, edges and transitions.</p>
<h3>Key Highlights</h3><ul><li><strong>Professional Quality</strong> — manufactured to trade specification for lasting performance</li><li><strong>Precision Engineered</strong> — ensures a consistently neat and durable finish</li><li><strong>Wide Compatibility</strong> — suitable for use with laminate, LVT, wood and carpet</li><li><strong>Easy Installation</strong> — straightforward fixing for a professional result</li><li><strong>Excellent Value</strong> — premium quality at a genuinely competitive price point</li></ul>
<h3>Installation</h3><p>Please refer carefully to the product packaging and manufacturer guidelines before fitting. Correct installation is essential for both appearance and long-term performance. Contact our expert team if you need advice on selecting the right accessory for your specific flooring transition or application.</p>
<h3>Care &amp; Maintenance</h3><p>Most flooring accessories are maintenance-free once correctly installed. Wipe clean with a damp cloth and mild detergent as required. Periodically check all mechanical fixings and tighten if necessary. Accessory profiles can usually be replaced independently without disturbing the floor covering.</p>
<h3>Why Factory Direct Flooring?</h3><p>We stock everything needed to complete your installation professionally — trims, threshold strips, adhesives, cleaning products and more. Our accessories are chosen to complement our flooring ranges perfectly. Competitive prices and fast UK delivery available on all orders.</p>",Factory Direct Flooring,,Accessories,accessories,TRUE,Title,Default Title,31617,0,shopify,100,deny,manual,46.54,46.54,TRUE,TRUE,,,Pro Gold Underlay Vapour Barrier,Pro Gold Underlay Vapour Barrier | Factory Direct Flooring,Buy Pro Gold Underlay Vapour Barrier at Factory Direct Flooring. Accessories available at competitive prices. Free UK delivery and expert advice. Order free samples today.,active
ridged-diminishing-strip-4-5mm,Ridged Diminishing Strip 4.5mm,"<h2>Ridged Diminishing Strip 4.5mm</h2><p>Complete your flooring installation to a truly professional standard with the <strong>Ridged Diminishing Strip 4.5mm</strong> from Factory Direct Flooring. Quality finishing accessories are the critical detail that distinguishes a truly professional flooring installation — providing a neat, durable and visually pleasing finish to all joins, edges and transitions.</p>
<h3>Key Highlights</h3><ul><li><strong>Professional Quality</strong> — manufactured to trade specification for lasting performance</li><li><strong>Precision Engineered</strong> — ensures a consistently neat and durable finish</li><li><strong>Wide Compatibility</strong> — suitable for use with laminate, LVT, wood and carpet</li><li><strong>Easy Installation</strong> — straightforward fixing for a professional result</li><li><strong>Excellent Value</strong> — premium quality at a genuinely competitive price point</li></ul>
<h3>Installation</h3><p>Please refer carefully to the product packaging and manufacturer guidelines before fitting. Correct installation is essential for both appearance and long-term performance. Contact our expert team if you need advice on selecting the right accessory for your specific flooring transition or application.</p>
<h3>Care &amp; Maintenance</h3><p>Most flooring accessories are maintenance-free once correctly installed. Wipe clean with a damp cloth and mild detergent as required. Periodically check all mechanical fixings and tighten if necessary. Accessory profiles can usually be replaced independently without disturbing the floor covering.</p>
<h3>Why Factory Direct Flooring?</h3><p>We stock everything needed to complete your installation professionally — trims, threshold strips, adhesives, cleaning products and more. Our accessories are chosen to complement our flooring ranges perfectly. Competitive prices and fast UK delivery available on all orders.</p>",Factory Direct Flooring,,Accessories,accessories,TRUE,Title,Default Title,9068,0,shopify,100,deny,manual,17.95,17.95,TRUE,TRUE,,,Ridged Diminishing Strip 4.5mm,Ridged Diminishing Strip 4.5mm | Factory Direct Flooring,Buy Ridged Diminishing Strip 4.5mm at Factory Direct Flooring. Accessories available at competitive prices. Free UK delivery and expert advice. Order free samples today.,active
hardwood-floor-profile-reducer-ewa14,Hardwood Floor Profile Reducer EWA14,"<h2>Hardwood Floor Profile Reducer EWA14</h2><p>Complete your flooring installation to a truly professional standard with the <strong>Hardwood Floor Profile Reducer EWA14</strong> from Factory Direct Flooring. Quality finishing accessories are the critical detail that distinguishes a truly professional flooring installation — providing a neat, durable and visually pleasing finish to all joins, edges and transitions.</p>
<h3>Key Highlights</h3><ul><li><strong>Professional Quality</strong> — manufactured to trade specification for lasting performance</li><li><strong>Precision Engineered</strong> — ensures a consistently neat and durable finish</li><li><strong>Wide Compatibility</strong> — suitable for use with laminate, LVT, wood and carpet</li><li><strong>Easy Installation</strong> — straightforward fixing for a professional result</li><li><strong>Excellent Value</strong> — premium quality at a genuinely competitive price point</li></ul>
<h3>Installation</h3><p>Please refer carefully to the product packaging and manufacturer guidelines before fitting. Correct installation is essential for both appearance and long-term performance. Contact our expert team if you need advice on selecting the right accessory for your specific flooring transition or application.</p>
<h3>Care &amp; Maintenance</h3><p>Most flooring accessories are maintenance-free once correctly installed. Wipe clean with a damp cloth and mild detergent as required. Periodically check all mechanical fixings and tighten if necessary. Accessory profiles can usually be replaced independently without disturbing the floor covering.</p>
<h3>Why Factory Direct Flooring?</h3><p>We stock everything needed to complete your installation professionally — trims, threshold strips, adhesives, cleaning products and more. Our accessories are chosen to complement our flooring ranges perfectly. Competitive prices and fast UK delivery available on all orders.</p>",Factory Direct Flooring,,Accessories,accessories,TRUE,Title,Default Title,5152,0,shopify,100,deny,manual,24.07,24.07,TRUE,TRUE,,,Hardwood Floor Profile Reducer EWA14,Hardwood Floor Profile Reducer EWA14 | Factory Direct Flooring,Buy Hardwood Floor Profile Reducer EWA14 at Factory Direct Flooring. Accessories available at competitive prices. Free UK delivery and expert advice. Order free samples today.,draft
flooring-adaptor-profiles-multi-use-ewa37,Flooring Adaptor Profiles (Multi Use) EWA37,"<h2>Flooring Adaptor Profiles (Multi Use) EWA37</h2><p>Complete your flooring installation to a truly professional standard with the <strong>Flooring Adaptor Profiles (Multi Use) EWA37</strong> from Factory Direct Flooring. Quality finishing accessories are the critical detail that distinguishes a truly professional flooring installation — providing a neat, durable and visually pleasing finish to all joins, edges and transitions.</p>
<h3>Key Highlights</h3><ul><li><strong>Professional Quality</strong> — manufactured to trade specification for lasting performance</li><li><strong>Precision Engineered</strong> — ensures a consistently neat and durable finish</li><li><strong>Wide Compatibility</strong> — suitable for use with laminate, LVT, wood and carpet</li><li><strong>Easy Installation</strong> — straightforward fixing for a professional result</li><li><strong>Excellent Value</strong> — premium quality at a genuinely competitive price point</li></ul>
<h3>Installation</h3><p>Please refer carefully to the product packaging and manufacturer guidelines before fitting. Correct installation is essential for both appearance and long-term performance. Contact our expert team if you need advice on selecting the right accessory for your specific flooring transition or application.</p>
<h3>Care &amp; Maintenance</h3><p>Most flooring accessories are maintenance-free once correctly installed. Wipe clean with a damp cloth and mild detergent as required. Periodically check all mechanical fixings and tighten if necessary. Accessory profiles can usually be replaced independently without disturbing the floor covering.</p>
<h3>Why Factory Direct Flooring?</h3><p>We stock everything needed to complete your installation professionally — trims, threshold strips, adhesives, cleaning products and more. Our accessories are chosen to complement our flooring ranges perfectly. Competitive prices and fast UK delivery available on all orders.</p>",Factory Direct Flooring,,Accessories,accessories,TRUE,Title,Default Title,5153,0,shopify,100,deny,manual,17.99,17.99,TRUE,TRUE,,,Flooring Adaptor Profiles (Multi Use) EWA37,Flooring Adaptor Profiles (Multi Use) EWA37 | Factory Direct Flooring,Buy Flooring Adaptor Profiles (Multi Use) EWA37 at Factory Direct Flooring. Accessories available at competitive prices. Free UK delivery and expert advice. Order free samples today.,active
laminate-scotia-beadings-colour-matched-white-ewa21,Laminate Scotia / Beadings Colour Matched / White EWA21,"<h2>Laminate Scotia / Beadings Colour Matched / White EWA21</h2><p>Complete your flooring installation to a truly professional standard with the <strong>Laminate Scotia / Beadings Colour Matched / White EWA21</strong> from Factory Direct Flooring. Quality finishing accessories are the critical detail that distinguishes a truly professional flooring installation — providing a neat, durable and visually pleasing finish to all joins, edges and transitions.</p>
<h3>Key Highlights</h3><ul><li><strong>Professional Quality</strong> — manufactured to trade specification for lasting performance</li><li><strong>Precision Engineered</strong> — ensures a consistently neat and durable finish</li><li><strong>Wide Compatibility</strong> — suitable for use with laminate, LVT, wood and carpet</li><li><strong>Easy Installation</strong> — straightforward fixing for a professional result</li><li><strong>Excellent Value</strong> — premium quality at a genuinely competitive price point</li></ul>
<h3>Installation</h3><p>Please refer carefully to the product packaging and manufacturer guidelines before fitting. Correct installation is essential for both appearance and long-term performance. Contact our expert team if you need advice on selecting the right accessory for your specific flooring transition or application.</p>
<h3>Care &amp; Maintenance</h3><p>Most flooring accessories are maintenance-free once correctly installed. Wipe clean with a damp cloth and mild detergent as required. Periodically check all mechanical fixings and tighten if necessary. Accessory profiles can usually be replaced independently without disturbing the floor covering.</p>
<h3>Why Factory Direct Flooring?</h3><p>We stock everything needed to complete your installation professionally — trims, threshold strips, adhesives, cleaning products and more. Our accessories are chosen to complement our flooring ranges perfectly. Competitive prices and fast UK delivery available on all orders.</p>",Factory Direct Flooring,,Accessories,accessories,TRUE,Title,Default Title,5155,0,shopify,100,deny,manual,9.56,9.56,TRUE,TRUE,,,Laminate Scotia / Beadings Colour Matched / White EWA21,Laminate Scotia / Beadings Colour Matched / White EWA21 | Factory Direct Flooring,Buy Laminate Scotia / Beadings Colour Matched / White EWA21 at Factory Direct Flooring. Accessories available at competitive prices. Free UK delivery and expert advice. Order free samples today.,active
underlay-budget-ewa6,Underlay - Budget EWA6,"<h2>Underlay - Budget EWA6</h2><p>Complete your flooring installation to a truly professional standard with the <strong>Underlay - Budget EWA6</strong> from Factory Direct Flooring. Quality finishing accessories are the critical detail that distinguishes a truly professional flooring installation — providing a neat, durable and visually pleasing finish to all joins, edges and transitions.</p>
<h3>Key Highlights</h3><ul><li><strong>Professional Quality</strong> — manufactured to trade specification for lasting performance</li><li><strong>Precision Engineered</strong> — ensures a consistently neat and durable finish</li><li><strong>Wide Compatibility</strong> — suitable for use with laminate, LVT, wood and carpet</li><li><strong>Easy Installation</strong> — straightforward fixing for a professional result</li><li><strong>Excellent Value</strong> — premium quality at a genuinely competitive price point</li></ul>
<h3>Installation</h3><p>Please refer carefully to the product packaging and manufacturer guidelines before fitting. Correct installation is essential for both appearance and long-term performance. Contact our expert team if you need advice on selecting the right accessory for your specific flooring transition or application.</p>
<h3>Care &amp; Maintenance</h3><p>Most flooring accessories are maintenance-free once correctly installed. Wipe clean with a damp cloth and mild detergent as required. Periodically check all mechanical fixings and tighten if necessary. Accessory profiles can usually be replaced independently without disturbing the floor covering.</p>
<h3>Why Factory Direct Flooring?</h3><p>We stock everything needed to complete your installation professionally — trims, threshold strips, adhesives, cleaning products and more. Our accessories are chosen to complement our flooring ranges perfectly. Competitive prices and fast UK delivery available on all orders.</p>",Factory Direct Flooring,,Accessories,accessories,TRUE,Title,Default Title,5156,0,shopify,100,deny,manual,30.62,30.62,TRUE,TRUE,,,Underlay - Budget EWA6,Underlay - Budget EWA6 | Factory Direct Flooring,Buy Underlay - Budget EWA6 at Factory Direct Flooring. Accessories available at competitive prices. Free UK delivery and expert advice. Order free samples today.,active
underlay-supreme-with-moisture-barrier-ewa2,Underlay Supreme With Moisture Barrier EWA2,"<h2>Underlay Supreme With Moisture Barrier EWA2</h2><p>Complete your flooring installation to a truly professional standard with the <strong>Underlay Supreme With Moisture Barrier EWA2</strong> from Factory Direct Flooring. Quality finishing accessories are the critical detail that distinguishes a truly professional flooring installation — providing a neat, durable and visually pleasing finish to all joins, edges and transitions.</p>
<h3>Key Highlights</h3><ul><li><strong>Professional Quality</strong> — manufactured to trade specification for lasting performance</li><li><strong>Precision Engineered</strong> — ensures a consistently neat and durable finish</li><li><strong>Wide Compatibility</strong> — suitable for use with laminate, LVT, wood and carpet</li><li><strong>Easy Installation</strong> — straightforward fixing for a professional result</li><li><strong>Excellent Value</strong> — premium quality at a genuinely competitive price point</li></ul>
<h3>Installation</h3><p>Please refer carefully to the product packaging and manufacturer guidelines before fitting. Correct installation is essential for both appearance and long-term performance. Contact our expert team if you need advice on selecting the right accessory for your specific flooring transition or application.</p>
<h3>Care &amp; Maintenance</h3><p>Most flooring accessories are maintenance-free once correctly installed. Wipe clean with a damp cloth and mild detergent as required. Periodically check all mechanical fixings and tighten if necessary. Accessory profiles can usually be replaced independently without disturbing the floor covering.</p>
<h3>Why Factory Direct Flooring?</h3><p>We stock everything needed to complete your installation professionally — trims, threshold strips, adhesives, cleaning products and more. Our accessories are chosen to complement our flooring ranges perfectly. Competitive prices and fast UK delivery available on all orders.</p>",Factory Direct Flooring,,Accessories,accessories,TRUE,Title,Default Title,5157,0,shopify,100,deny,manual,35.47,35.47,TRUE,TRUE,,,Underlay Supreme With Moisture Barrier EWA2,Underlay Supreme With Moisture Barrier EWA2 | Factory Direct Flooring,Buy Underlay Supreme With Moisture Barrier EWA2 at Factory Direct Flooring. Accessories available at competitive prices. Free UK delivery and expert advice. Order free samples today.,active
laminate-flooring-fitting-kit,Laminate Flooring Fitting Kit,"<h2>Laminate Flooring Fitting Kit</h2><p>Complete your flooring installation to a truly professional standard with the <strong>Laminate Flooring Fitting Kit</strong> from Factory Direct Flooring. Quality finishing accessories are the critical detail that distinguishes a truly professional flooring installation — providing a neat, durable and visually pleasing finish to all joins, edges and transitions.</p>
<h3>Key Highlights</h3><ul><li><strong>Professional Quality</strong> — manufactured to trade specification for lasting performance</li><li><strong>Precision Engineered</strong> — ensures a consistently neat and durable finish</li><li><strong>Wide Compatibility</strong> — suitable for use with laminate, LVT, wood and carpet</li><li><strong>Easy Installation</strong> — straightforward fixing for a professional result</li><li><strong>Excellent Value</strong> — premium quality at a genuinely competitive price point</li></ul>
<h3>Installation</h3><p>Please refer carefully to the product packaging and manufacturer guidelines before fitting. Correct installation is essential for both appearance and long-term performance. Contact our expert team if you need advice on selecting the right accessory for your specific flooring transition or application.</p>
<h3>Care &amp; Maintenance</h3><p>Most flooring accessories are maintenance-free once correctly installed. Wipe clean with a damp cloth and mild detergent as required. Periodically check all mechanical fixings and tighten if necessary. Accessory profiles can usually be replaced independently without disturbing the floor covering.</p>
<h3>Why Factory Direct Flooring?</h3><p>We stock everything needed to complete your installation professionally — trims, threshold strips, adhesives, cleaning products and more. Our accessories are chosen to complement our flooring ranges perfectly. Competitive prices and fast UK delivery available on all orders.</p>",Factory Direct Flooring,,Accessories,accessories,TRUE,Title,Default Title,5163,0,shopify,100,deny,manual,15.58,15.58,TRUE,TRUE,,,Laminate Flooring Fitting Kit,Laminate Flooring Fitting Kit | Factory Direct Flooring,Buy Laminate Flooring Fitting Kit at Factory Direct Flooring. Accessories available at competitive prices. Free UK delivery and expert advice. Order free samples today.,active
vinyl-and-cushion-floor-anti-plas-15mtr-double-sided-tape,Vinyl and Cushion Floor Anti Plas 15mtr Double Sided Tape,"<h2>Vinyl and Cushion Floor Anti Plas 15mtr Double Sided Tape</h2><p>Complete your flooring installation to a truly professional standard with the <strong>Vinyl and Cushion Floor Anti Plas 15mtr Double Sided Tape</strong> from Factory Direct Flooring. Quality finishing accessories are the critical detail that distinguishes a truly professional flooring installation — providing a neat, durable and visually pleasing finish to all joins, edges and transitions.</p>
<h3>Key Highlights</h3><ul><li><strong>Professional Quality</strong> — manufactured to trade specification for lasting performance</li><li><strong>Precision Engineered</strong> — ensures a consistently neat and durable finish</li><li><strong>Wide Compatibility</strong> — suitable for use with laminate, LVT, wood and carpet</li><li><strong>Easy Installation</strong> — straightforward fixing for a professional result</li><li><strong>Excellent Value</strong> — premium quality at a genuinely competitive price point</li></ul>
<h3>Installation</h3><p>Please refer carefully to the product packaging and manufacturer guidelines before fitting. Correct installation is essential for both appearance and long-term performance. Contact our expert team if you need advice on selecting the right accessory for your specific flooring transition or application.</p>
<h3>Care &amp; Maintenance</h3><p>Most flooring accessories are maintenance-free once correctly installed. Wipe clean with a damp cloth and mild detergent as required. Periodically check all mechanical fixings and tighten if necessary. Accessory profiles can usually be replaced independently without disturbing the floor covering.</p>
<h3>Why Factory Direct Flooring?</h3><p>We stock everything needed to complete your installation professionally — trims, threshold strips, adhesives, cleaning products and more. Our accessories are chosen to complement our flooring ranges perfectly. Competitive prices and fast UK delivery available on all orders.</p>",Factory Direct Flooring,,Accessories,accessories,TRUE,Title,Default Title,33030,0,shopify,100,deny,manual,12.62,12.62,TRUE,TRUE,,,Vinyl and Cushion Floor Anti Plas 15mtr Double Sided Tape,Vinyl and Cushion Floor Anti Plas 15mtr Double Sided Tape | Factory Direct Flooring,Buy Vinyl and Cushion Floor Anti Plas 15mtr Double Sided Tape at Factory Direct Flooring. Accessories available at competitive prices. Free UK delivery and expert advice. Order free samples today.,active
vinyl-and-cushion-floor-anti-plas-50mtr-double-sided-tape,Vinyl and Cushion Floor Anti Plas 50mtr Double Sided Tape,"<h2>Vinyl and Cushion Floor Anti Plas 50mtr Double Sided Tape</h2><p>Complete your flooring installation to a truly professional standard with the <strong>Vinyl and Cushion Floor Anti Plas 50mtr Double Sided Tape</strong> from Factory Direct Flooring. Quality finishing accessories are the critical detail that distinguishes a truly professional flooring installation — providing a neat, durable and visually pleasing finish to all joins, edges and transitions.</p>
<h3>Key Highlights</h3><ul><li><strong>Professional Quality</strong> — manufactured to trade specification for lasting performance</li><li><strong>Precision Engineered</strong> — ensures a consistently neat and durable finish</li><li><strong>Wide Compatibility</strong> — suitable for use with laminate, LVT, wood and carpet</li><li><strong>Easy Installation</strong> — straightforward fixing for a professional result</li><li><strong>Excellent Value</strong> — premium quality at a genuinely competitive price point</li></ul>
<h3>Installation</h3><p>Please refer carefully to the product packaging and manufacturer guidelines before fitting. Correct installation is essential for both appearance and long-term performance. Contact our expert team if you need advice on selecting the right accessory for your specific flooring transition or application.</p>
<h3>Care &amp; Maintenance</h3><p>Most flooring accessories are maintenance-free once correctly installed. Wipe clean with a damp cloth and mild detergent as required. Periodically check all mechanical fixings and tighten if necessary. Accessory profiles can usually be replaced independently without disturbing the floor covering.</p>
<h3>Why Factory Direct Flooring?</h3><p>We stock everything needed to complete your installation professionally — trims, threshold strips, adhesives, cleaning products and more. Our accessories are chosen to complement our flooring ranges perfectly. Competitive prices and fast UK delivery available on all orders.</p>",Factory Direct Flooring,,Accessories,accessories,TRUE,Title,Default Title,33031,0,shopify,100,deny,manual,25.48,25.48,TRUE,TRUE,,,Vinyl and Cushion Floor Anti Plas 50mtr Double Sided Tape,Vinyl and Cushion Floor Anti Plas 50mtr Double Sided Tape | Factory Direct Flooring,Buy Vinyl and Cushion Floor Anti Plas 50mtr Double Sided Tape at Factory Direct Flooring. Accessories available at competitive prices. Free UK delivery and expert advice. Order free samples today.,active
high-performance-universal-spray-contact-adhesive,High Performance Universal Spray Contact Adhesive,"<h2>High Performance Universal Spray Contact Adhesive</h2><p>Complete your flooring installation to a truly professional standard with the <strong>High Performance Universal Spray Contact Adhesive</strong> from Factory Direct Flooring. Quality finishing accessories are the critical detail that distinguishes a truly professional flooring installation — providing a neat, durable and visually pleasing finish to all joins, edges and transitions.</p>
<h3>Key Highlights</h3><ul><li><strong>Professional Quality</strong> — manufactured to trade specification for lasting performance</li><li><strong>Precision Engineered</strong> — ensures a consistently neat and durable finish</li><li><strong>Wide Compatibility</strong> — suitable for use with laminate, LVT, wood and carpet</li><li><strong>Easy Installation</strong> — straightforward fixing for a professional result</li><li><strong>Excellent Value</strong> — premium quality at a genuinely competitive price point</li></ul>
<h3>Installation</h3><p>Please refer carefully to the product packaging and manufacturer guidelines before fitting. Correct installation is essential for both appearance and long-term performance. Contact our expert team if you need advice on selecting the right accessory for your specific flooring transition or application.</p>
<h3>Care &amp; Maintenance</h3><p>Most flooring accessories are maintenance-free once correctly installed. Wipe clean with a damp cloth and mild detergent as required. Periodically check all mechanical fixings and tighten if necessary. Accessory profiles can usually be replaced independently without disturbing the floor covering.</p>
<h3>Why Factory Direct Flooring?</h3><p>We stock everything needed to complete your installation professionally — trims, threshold strips, adhesives, cleaning products and more. Our accessories are chosen to complement our flooring ranges perfectly. Competitive prices and fast UK delivery available on all orders.</p>",Factory Direct Flooring,,Accessories,accessories,TRUE,Title,Default Title,33072,0,shopify,100,deny,manual,11.98,11.98,TRUE,TRUE,,,High Performance Universal Spray Contact Adhesive,High Performance Universal Spray Contact Adhesive | Factory Direct Flooring,Buy High Performance Universal Spray Contact Adhesive at Factory Direct Flooring. Accessories available at competitive prices. Free UK delivery and expert advice. Order free samples today.,active
silicone-sealant-clear-white-cartridge,Silicone Sealant Clear White Cartridge,"<h2>Silicone Sealant Clear White Cartridge</h2><p>Complete your flooring installation to a truly professional standard with the <strong>Silicone Sealant Clear White Cartridge</strong> from Factory Direct Flooring. Quality finishing accessories are the critical detail that distinguishes a truly professional flooring installation — providing a neat, durable and visually pleasing finish to all joins, edges and transitions.</p>
<h3>Key Highlights</h3><ul><li><strong>Professional Quality</strong> — manufactured to trade specification for lasting performance</li><li><strong>Precision Engineered</strong> — ensures a consistently neat and durable finish</li><li><strong>Wide Compatibility</strong> — suitable for use with laminate, LVT, wood and carpet</li><li><strong>Easy Installation</strong> — straightforward fixing for a professional result</li><li><strong>Excellent Value</strong> — premium quality at a genuinely competitive price point</li></ul>
<h3>Installation</h3><p>Please refer carefully to the product packaging and manufacturer guidelines before fitting. Correct installation is essential for both appearance and long-term performance. Contact our expert team if you need advice on selecting the right accessory for your specific flooring transition or application.</p>
<h3>Care &amp; Maintenance</h3><p>Most flooring accessories are maintenance-free once correctly installed. Wipe clean with a damp cloth and mild detergent as required. Periodically check all mechanical fixings and tighten if necessary. Accessory profiles can usually be replaced independently without disturbing the floor covering.</p>
<h3>Why Factory Direct Flooring?</h3><p>We stock everything needed to complete your installation professionally — trims, threshold strips, adhesives, cleaning products and more. Our accessories are chosen to complement our flooring ranges perfectly. Competitive prices and fast UK delivery available on all orders.</p>",Factory Direct Flooring,,Accessories,accessories,TRUE,Title,Default Title,33076,0,shopify,100,deny,manual,11.98,11.98,TRUE,TRUE,,,Silicone Sealant Clear White Cartridge,Silicone Sealant Clear White Cartridge | Factory Direct Flooring,Buy Silicone Sealant Clear White Cartridge at Factory Direct Flooring. Accessories available at competitive prices. Free UK delivery and expert advice. Order free samples today.,active
self-adhesive-8mm-angledge-profile-ewa43,Self Adhesive 8mm Angledge Profile EWA43,"<h2>Self Adhesive 8mm Angledge Profile EWA43</h2><p>Complete your flooring installation to a truly professional standard with the <strong>Self Adhesive 8mm Angledge Profile EWA43</strong> from Factory Direct Flooring. Quality finishing accessories are the critical detail that distinguishes a truly professional flooring installation — providing a neat, durable and visually pleasing finish to all joins, edges and transitions.</p>
<h3>Key Highlights</h3><ul><li><strong>Professional Quality</strong> — manufactured to trade specification for lasting performance</li><li><strong>Precision Engineered</strong> — ensures a consistently neat and durable finish</li><li><strong>Wide Compatibility</strong> — suitable for use with laminate, LVT, wood and carpet</li><li><strong>Easy Installation</strong> — straightforward fixing for a professional result</li><li><strong>Excellent Value</strong> — premium quality at a genuinely competitive price point</li></ul>
<h3>Installation</h3><p>Please refer carefully to the product packaging and manufacturer guidelines before fitting. Correct installation is essential for both appearance and long-term performance. Contact our expert team if you need advice on selecting the right accessory for your specific flooring transition or application.</p>
<h3>Care &amp; Maintenance</h3><p>Most flooring accessories are maintenance-free once correctly installed. Wipe clean with a damp cloth and mild detergent as required. Periodically check all mechanical fixings and tighten if necessary. Accessory profiles can usually be replaced independently without disturbing the floor covering.</p>
<h3>Why Factory Direct Flooring?</h3><p>We stock everything needed to complete your installation professionally — trims, threshold strips, adhesives, cleaning products and more. Our accessories are chosen to complement our flooring ranges perfectly. Competitive prices and fast UK delivery available on all orders.</p>",Factory Direct Flooring,,Accessories,accessories,TRUE,Title,Default Title,33451,0,shopify,100,deny,manual,11.75,11.75,TRUE,TRUE,,,Self Adhesive 8mm Angledge Profile EWA43,Self Adhesive 8mm Angledge Profile EWA43 | Factory Direct Flooring,Buy Self Adhesive 8mm Angledge Profile EWA43 at Factory Direct Flooring. Accessories available at competitive prices. Free UK delivery and expert advice. Order free samples today.,active
self-adhesive-14mm-angledge-profile-ewa42,Self Adhesive 14mm Angledge Profile EWA42,"<h2>Self Adhesive 14mm Angledge Profile EWA42</h2><p>Complete your flooring installation to a truly professional standard with the <strong>Self Adhesive 14mm Angledge Profile EWA42</strong> from Factory Direct Flooring. Quality finishing accessories are the critical detail that distinguishes a truly professional flooring installation — providing a neat, durable and visually pleasing finish to all joins, edges and transitions.</p>
<h3>Key Highlights</h3><ul><li><strong>Professional Quality</strong> — manufactured to trade specification for lasting performance</li><li><strong>Precision Engineered</strong> — ensures a consistently neat and durable finish</li><li><strong>Wide Compatibility</strong> — suitable for use with laminate, LVT, wood and carpet</li><li><strong>Easy Installation</strong> — straightforward fixing for a professional result</li><li><strong>Excellent Value</strong> — premium quality at a genuinely competitive price point</li></ul>
<h3>Installation</h3><p>Please refer carefully to the product packaging and manufacturer guidelines before fitting. Correct installation is essential for both appearance and long-term performance. Contact our expert team if you need advice on selecting the right accessory for your specific flooring transition or application.</p>
<h3>Care &amp; Maintenance</h3><p>Most flooring accessories are maintenance-free once correctly installed. Wipe clean with a damp cloth and mild detergent as required. Periodically check all mechanical fixings and tighten if necessary. Accessory profiles can usually be replaced independently without disturbing the floor covering.</p>
<h3>Why Factory Direct Flooring?</h3><p>We stock everything needed to complete your installation professionally — trims, threshold strips, adhesives, cleaning products and more. Our accessories are chosen to complement our flooring ranges perfectly. Competitive prices and fast UK delivery available on all orders.</p>",Factory Direct Flooring,,Accessories,accessories,TRUE,Title,Default Title,33452,0,shopify,100,deny,manual,12.25,12.25,TRUE,TRUE,,,Self Adhesive 14mm Angledge Profile EWA42,Self Adhesive 14mm Angledge Profile EWA42 | Factory Direct Flooring,Buy Self Adhesive 14mm Angledge Profile EWA42 at Factory Direct Flooring. Accessories available at competitive prices. Free UK delivery and expert advice. Order free samples today.,active
flooring-expansion-profile-metal-ewa40,Flooring Expansion Profile Metal EWA40,"<h2>Flooring Expansion Profile Metal EWA40</h2><p>Complete your flooring installation to a truly professional standard with the <strong>Flooring Expansion Profile Metal EWA40</strong> from Factory Direct Flooring. Quality finishing accessories are the critical detail that distinguishes a truly professional flooring installation — providing a neat, durable and visually pleasing finish to all joins, edges and transitions.</p>
<h3>Key Highlights</h3><ul><li><strong>Professional Quality</strong> — manufactured to trade specification for lasting performance</li><li><strong>Precision Engineered</strong> — ensures a consistently neat and durable finish</li><li><strong>Wide Compatibility</strong> — suitable for use with laminate, LVT, wood and carpet</li><li><strong>Easy Installation</strong> — straightforward fixing for a professional result</li><li><strong>Excellent Value</strong> — premium quality at a genuinely competitive price point</li></ul>
<h3>Installation</h3><p>Please refer carefully to the product packaging and manufacturer guidelines before fitting. Correct installation is essential for both appearance and long-term performance. Contact our expert team if you need advice on selecting the right accessory for your specific flooring transition or application.</p>
<h3>Care &amp; Maintenance</h3><p>Most flooring accessories are maintenance-free once correctly installed. Wipe clean with a damp cloth and mild detergent as required. Periodically check all mechanical fixings and tighten if necessary. Accessory profiles can usually be replaced independently without disturbing the floor covering.</p>
<h3>Why Factory Direct Flooring?</h3><p>We stock everything needed to complete your installation professionally — trims, threshold strips, adhesives, cleaning products and more. Our accessories are chosen to complement our flooring ranges perfectly. Competitive prices and fast UK delivery available on all orders.</p>",Factory Direct Flooring,,Accessories,accessories,TRUE,Title,Default Title,33465,0,shopify,100,deny,manual,17.50,17.50,TRUE,TRUE,,,Flooring Expansion Profile Metal EWA40,Flooring Expansion Profile Metal EWA40 | Factory Direct Flooring,Buy Flooring Expansion Profile Metal EWA40 at Factory Direct Flooring. Accessories available at competitive prices. Free UK delivery and expert advice. Order free samples today.,active
flooring-expansion-ramp-profile-metal-ewa41,Flooring Expansion Ramp Profile Metal EWA41,"<h2>Flooring Expansion Ramp Profile Metal EWA41</h2><p>Complete your flooring installation to a truly professional standard with the <strong>Flooring Expansion Ramp Profile Metal EWA41</strong> from Factory Direct Flooring. Quality finishing accessories are the critical detail that distinguishes a truly professional flooring installation — providing a neat, durable and visually pleasing finish to all joins, edges and transitions.</p>
<h3>Key Highlights</h3><ul><li><strong>Professional Quality</strong> — manufactured to trade specification for lasting performance</li><li><strong>Precision Engineered</strong> — ensures a consistently neat and durable finish</li><li><strong>Wide Compatibility</strong> — suitable for use with laminate, LVT, wood and carpet</li><li><strong>Easy Installation</strong> — straightforward fixing for a professional result</li><li><strong>Excellent Value</strong> — premium quality at a genuinely competitive price point</li></ul>
<h3>Installation</h3><p>Please refer carefully to the product packaging and manufacturer guidelines before fitting. Correct installation is essential for both appearance and long-term performance. Contact our expert team if you need advice on selecting the right accessory for your specific flooring transition or application.</p>
<h3>Care &amp; Maintenance</h3><p>Most flooring accessories are maintenance-free once correctly installed. Wipe clean with a damp cloth and mild detergent as required. Periodically check all mechanical fixings and tighten if necessary. Accessory profiles can usually be replaced independently without disturbing the floor covering.</p>
<h3>Why Factory Direct Flooring?</h3><p>We stock everything needed to complete your installation professionally — trims, threshold strips, adhesives, cleaning products and more. Our accessories are chosen to complement our flooring ranges perfectly. Competitive prices and fast UK delivery available on all orders.</p>",Factory Direct Flooring,,Accessories,accessories,TRUE,Title,Default Title,33467,0,shopify,100,deny,manual,0.00,,TRUE,TRUE,,,Flooring Expansion Ramp Profile Metal EWA41,Flooring Expansion Ramp Profile Metal EWA41 | Factory Direct Flooring,Buy Flooring Expansion Ramp Profile Metal EWA41 at Factory Direct Flooring. Accessories available at competitive prices. Free UK delivery and expert advice. Order free samples today.,active
heat-therm-plus-vapour-underlay-for-underfloor-heating-ewa47,Heat Therm Plus Vapour Underlay For Underfloor Heating EWA47,"<h2>Heat Therm Plus Vapour Underlay For Underfloor Heating EWA47</h2><p>Complete your flooring installation to a truly professional standard with the <strong>Heat Therm Plus Vapour Underlay For Underfloor Heating EWA47</strong> from Factory Direct Flooring. Quality finishing accessories are the critical detail that distinguishes a truly professional flooring installation — providing a neat, durable and visually pleasing finish to all joins, edges and transitions.</p>
<h3>Key Highlights</h3><ul><li><strong>Professional Quality</strong> — manufactured to trade specification for lasting performance</li><li><strong>Precision Engineered</strong> — ensures a consistently neat and durable finish</li><li><strong>Wide Compatibility</strong> — suitable for use with laminate, LVT, wood and carpet</li><li><strong>Easy Installation</strong> — straightforward fixing for a professional result</li><li><strong>Excellent Value</strong> — premium quality at a genuinely competitive price point</li></ul>
<h3>Installation</h3><p>Please refer carefully to the product packaging and manufacturer guidelines before fitting. Correct installation is essential for both appearance and long-term performance. Contact our expert team if you need advice on selecting the right accessory for your specific flooring transition or application.</p>
<h3>Care &amp; Maintenance</h3><p>Most flooring accessories are maintenance-free once correctly installed. Wipe clean with a damp cloth and mild detergent as required. Periodically check all mechanical fixings and tighten if necessary. Accessory profiles can usually be replaced independently without disturbing the floor covering.</p>
<h3>Why Factory Direct Flooring?</h3><p>We stock everything needed to complete your installation professionally — trims, threshold strips, adhesives, cleaning products and more. Our accessories are chosen to complement our flooring ranges perfectly. Competitive prices and fast UK delivery available on all orders.</p>",Factory Direct Flooring,,Accessories,accessories,TRUE,Title,Default Title,34116,0,shopify,100,deny,manual,47.88,47.88,TRUE,TRUE,,,Heat Therm Plus Vapour Underlay For Underfloor Heating EWA47,Heat Therm Plus Vapour Underlay For Underfloor Heating EWA47 | Factory Direct Flooring,Buy Heat Therm Plus Vapour Underlay For Underfloor Heating EWA47 at Factory Direct Flooring. Accessories available at competitive prices. Free UK delivery and expert advice. Order free samples today.,active
hardwood-profile-deep-ramp-reducer-ewa48,Hardwood Profile Deep Ramp Reducer EWA48,"<h2>Hardwood Profile Deep Ramp Reducer EWA48</h2><p>Complete your flooring installation to a truly professional standard with the <strong>Hardwood Profile Deep Ramp Reducer EWA48</strong> from Factory Direct Flooring. Quality finishing accessories are the critical detail that distinguishes a truly professional flooring installation — providing a neat, durable and visually pleasing finish to all joins, edges and transitions.</p>
<h3>Key Highlights</h3><ul><li><strong>Professional Quality</strong> — manufactured to trade specification for lasting performance</li><li><strong>Precision Engineered</strong> — ensures a consistently neat and durable finish</li><li><strong>Wide Compatibility</strong> — suitable for use with laminate, LVT, wood and carpet</li><li><strong>Easy Installation</strong> — straightforward fixing for a professional result</li><li><strong>Excellent Value</strong> — premium quality at a genuinely competitive price point</li></ul>
<h3>Installation</h3><p>Please refer carefully to the product packaging and manufacturer guidelines before fitting. Correct installation is essential for both appearance and long-term performance. Contact our expert team if you need advice on selecting the right accessory for your specific flooring transition or application.</p>
<h3>Care &amp; Maintenance</h3><p>Most flooring accessories are maintenance-free once correctly installed. Wipe clean with a damp cloth and mild detergent as required. Periodically check all mechanical fixings and tighten if necessary. Accessory profiles can usually be replaced independently without disturbing the floor covering.</p>
<h3>Why Factory Direct Flooring?</h3><p>We stock everything needed to complete your installation professionally — trims, threshold strips, adhesives, cleaning products and more. Our accessories are chosen to complement our flooring ranges perfectly. Competitive prices and fast UK delivery available on all orders.</p>",Factory Direct Flooring,,Accessories,accessories,TRUE,Title,Default Title,34521,0,shopify,100,deny,manual,31.49,31.49,TRUE,TRUE,,,Hardwood Profile Deep Ramp Reducer EWA48,Hardwood Profile Deep Ramp Reducer EWA48 | Factory Direct Flooring,Buy Hardwood Profile Deep Ramp Reducer EWA48 at Factory Direct Flooring. Accessories available at competitive prices. Free UK delivery and expert advice. Order free samples today.,active
prolay-acoustic-click-vinyl-underlay-ewa50,Prolay Acoustic Click Vinyl Underlay EWA50,"<h2>Prolay Acoustic Click Vinyl Underlay EWA50</h2><p>Complete your flooring installation to a truly professional standard with the <strong>Prolay Acoustic Click Vinyl Underlay EWA50</strong> from Factory Direct Flooring. Quality finishing accessories are the critical detail that distinguishes a truly professional flooring installation — providing a neat, durable and visually pleasing finish to all joins, edges and transitions.</p>
<h3>Key Highlights</h3><ul><li><strong>Professional Quality</strong> — manufactured to trade specification for lasting performance</li><li><strong>Precision Engineered</strong> — ensures a consistently neat and durable finish</li><li><strong>Wide Compatibility</strong> — suitable for use with laminate, LVT, wood and carpet</li><li><strong>Easy Installation</strong> — straightforward fixing for a professional result</li><li><strong>Excellent Value</strong> — premium quality at a genuinely competitive price point</li></ul>
<h3>Installation</h3><p>Please refer carefully to the product packaging and manufacturer guidelines before fitting. Correct installation is essential for both appearance and long-term performance. Contact our expert team if you need advice on selecting the right accessory for your specific flooring transition or application.</p>
<h3>Care &amp; Maintenance</h3><p>Most flooring accessories are maintenance-free once correctly installed. Wipe clean with a damp cloth and mild detergent as required. Periodically check all mechanical fixings and tighten if necessary. Accessory profiles can usually be replaced independently without disturbing the floor covering.</p>
<h3>Why Factory Direct Flooring?</h3><p>We stock everything needed to complete your installation professionally — trims, threshold strips, adhesives, cleaning products and more. Our accessories are chosen to complement our flooring ranges perfectly. Competitive prices and fast UK delivery available on all orders.</p>",Factory Direct Flooring,,Accessories,accessories,TRUE,Title,Default Title,34524,0,shopify,100,deny,manual,35.93,35.93,TRUE,TRUE,,,Prolay Acoustic Click Vinyl Underlay EWA50,Prolay Acoustic Click Vinyl Underlay EWA50 | Factory Direct Flooring,Buy Prolay Acoustic Click Vinyl Underlay EWA50 at Factory Direct Flooring. Accessories available at competitive prices. Free UK delivery and expert advice. Order free samples today.,active
lvt-click-installation-hand-roller,LVT Click Installation Hand Roller,"<h2>LVT Click Installation Hand Roller</h2><p>Complete your flooring installation to a truly professional standard with the <strong>LVT Click Installation Hand Roller</strong> from Factory Direct Flooring. Quality finishing accessories are the critical detail that distinguishes a truly professional flooring installation — providing a neat, durable and visually pleasing finish to all joins, edges and transitions.</p>
<h3>Key Highlights</h3><ul><li><strong>Professional Quality</strong> — manufactured to trade specification for lasting performance</li><li><strong>Precision Engineered</strong> — ensures a consistently neat and durable finish</li><li><strong>Wide Compatibility</strong> — suitable for use with laminate, LVT, wood and carpet</li><li><strong>Easy Installation</strong> — straightforward fixing for a professional result</li><li><strong>Excellent Value</strong> — premium quality at a genuinely competitive price point</li></ul>
<h3>Installation</h3><p>Please refer carefully to the product packaging and manufacturer guidelines before fitting. Correct installation is essential for both appearance and long-term performance. Contact our expert team if you need advice on selecting the right accessory for your specific flooring transition or application.</p>
<h3>Care &amp; Maintenance</h3><p>Most flooring accessories are maintenance-free once correctly installed. Wipe clean with a damp cloth and mild detergent as required. Periodically check all mechanical fixings and tighten if necessary. Accessory profiles can usually be replaced independently without disturbing the floor covering.</p>
<h3>Why Factory Direct Flooring?</h3><p>We stock everything needed to complete your installation professionally — trims, threshold strips, adhesives, cleaning products and more. Our accessories are chosen to complement our flooring ranges perfectly. Competitive prices and fast UK delivery available on all orders.</p>",Factory Direct Flooring,,Accessories,accessories,TRUE,Title,Default Title,64202,0,shopify,100,deny,manual,16.99,16.99,TRUE,TRUE,,,LVT Click Installation Hand Roller,LVT Click Installation Hand Roller | Factory Direct Flooring,Buy LVT Click Installation Hand Roller at Factory Direct Flooring. Accessories available at competitive prices. Free UK delivery and expert advice. Order free samples today.,active
coir-entrance-matting-natural-1mtr-wide,Coir Entrance Matting Natural,"<h2>Coir Entrance Matting Natural</h2><p>Complete your flooring installation to a truly professional standard with the <strong>Coir Entrance Matting Natural</strong> from Factory Direct Flooring. Quality finishing accessories are the critical detail that distinguishes a truly professional flooring installation — providing a neat, durable and visually pleasing finish to all joins, edges and transitions.</p>
<h3>Key Highlights</h3><ul><li><strong>Professional Quality</strong> — manufactured to trade specification for lasting performance</li><li><strong>Precision Engineered</strong> — ensures a consistently neat and durable finish</li><li><strong>Wide Compatibility</strong> — suitable for use with laminate, LVT, wood and carpet</li><li><strong>Easy Installation</strong> — straightforward fixing for a professional result</li><li><strong>Excellent Value</strong> — premium quality at a genuinely competitive price point</li></ul>
<h3>Installation</h3><p>Please refer carefully to the product packaging and manufacturer guidelines before fitting. Correct installation is essential for both appearance and long-term performance. Contact our expert team if you need advice on selecting the right accessory for your specific flooring transition or application.</p>
<h3>Care &amp; Maintenance</h3><p>Most flooring accessories are maintenance-free once correctly installed. Wipe clean with a damp cloth and mild detergent as required. Periodically check all mechanical fixings and tighten if necessary. Accessory profiles can usually be replaced independently without disturbing the floor covering.</p>
<h3>Why Factory Direct Flooring?</h3><p>We stock everything needed to complete your installation professionally — trims, threshold strips, adhesives, cleaning products and more. Our accessories are chosen to complement our flooring ranges perfectly. Competitive prices and fast UK delivery available on all orders.</p>",Factory Direct Flooring,,Accessories,accessories,TRUE,Title,Default Title,6351ST,0,shopify,100,deny,manual,25.62,25.62,TRUE,TRUE,,,Coir Entrance Matting Natural,Coir Entrance Matting Natural | Factory Direct Flooring,Buy Coir Entrance Matting Natural at Factory Direct Flooring. Accessories available at competitive prices. Free UK delivery and expert advice. Order free samples today.,active
ardex-p51-5kg-primer,Ardex P51 5Kg Primer,"<h2>Ardex P51 5Kg Primer</h2><p>Complete your flooring installation to a truly professional standard with the <strong>Ardex P51 5Kg Primer</strong> from Factory Direct Flooring. Quality finishing accessories are the critical detail that distinguishes a truly professional flooring installation — providing a neat, durable and visually pleasing finish to all joins, edges and transitions.</p>
<h3>Key Highlights</h3><ul><li><strong>Professional Quality</strong> — manufactured to trade specification for lasting performance</li><li><strong>Precision Engineered</strong> — ensures a consistently neat and durable finish</li><li><strong>Wide Compatibility</strong> — suitable for use with laminate, LVT, wood and carpet</li><li><strong>Easy Installation</strong> — straightforward fixing for a professional result</li><li><strong>Excellent Value</strong> — premium quality at a genuinely competitive price point</li></ul>
<h3>Installation</h3><p>Please refer carefully to the product packaging and manufacturer guidelines before fitting. Correct installation is essential for both appearance and long-term performance. Contact our expert team if you need advice on selecting the right accessory for your specific flooring transition or application.</p>
<h3>Care &amp; Maintenance</h3><p>Most flooring accessories are maintenance-free once correctly installed. Wipe clean with a damp cloth and mild detergent as required. Periodically check all mechanical fixings and tighten if necessary. Accessory profiles can usually be replaced independently without disturbing the floor covering.</p>
<h3>Why Factory Direct Flooring?</h3><p>We stock everything needed to complete your installation professionally — trims, threshold strips, adhesives, cleaning products and more. Our accessories are chosen to complement our flooring ranges perfectly. Competitive prices and fast UK delivery available on all orders.</p>",Factory Direct Flooring,,Accessories,accessories,TRUE,Title,Default Title,65876,0,shopify,100,deny,manual,80.41,80.41,TRUE,TRUE,,,Ardex P51 5Kg Primer,Ardex P51 5Kg Primer | Factory Direct Flooring,Buy Ardex P51 5Kg Primer at Factory Direct Flooring. Accessories available at competitive prices. Free UK delivery and expert advice. Order free samples today.,active
premium-sound-reduction-underlay,Premium Sound Reduction Underlay,"<h2>Premium Sound Reduction Underlay</h2><p>Complete your flooring installation to a truly professional standard with the <strong>Premium Sound Reduction Underlay</strong> from Factory Direct Flooring. Quality finishing accessories are the critical detail that distinguishes a truly professional flooring installation — providing a neat, durable and visually pleasing finish to all joins, edges and transitions.</p>
<h3>Key Highlights</h3><ul><li><strong>Professional Quality</strong> — manufactured to trade specification for lasting performance</li><li><strong>Precision Engineered</strong> — ensures a consistently neat and durable finish</li><li><strong>Wide Compatibility</strong> — suitable for use with laminate, LVT, wood and carpet</li><li><strong>Easy Installation</strong> — straightforward fixing for a professional result</li><li><strong>Excellent Value</strong> — premium quality at a genuinely competitive price point</li></ul>
<h3>Installation</h3><p>Please refer carefully to the product packaging and manufacturer guidelines before fitting. Correct installation is essential for both appearance and long-term performance. Contact our expert team if you need advice on selecting the right accessory for your specific flooring transition or application.</p>
<h3>Care &amp; Maintenance</h3><p>Most flooring accessories are maintenance-free once correctly installed. Wipe clean with a damp cloth and mild detergent as required. Periodically check all mechanical fixings and tighten if necessary. Accessory profiles can usually be replaced independently without disturbing the floor covering.</p>
<h3>Why Factory Direct Flooring?</h3><p>We stock everything needed to complete your installation professionally — trims, threshold strips, adhesives, cleaning products and more. Our accessories are chosen to complement our flooring ranges perfectly. Competitive prices and fast UK delivery available on all orders.</p>",Factory Direct Flooring,,Accessories,accessories,TRUE,Title,Default Title,69894,0,shopify,100,deny,manual,93.53,93.53,TRUE,TRUE,,,Premium Sound Reduction Underlay,Premium Sound Reduction Underlay | Factory Direct Flooring,Buy Premium Sound Reduction Underlay at Factory Direct Flooring. Accessories available at competitive prices. Free UK delivery and expert advice. Order free samples today.,active
wood-veneered-scotia-beading-ewa55,Wood Veneered Scotia Beading EWA55,"<h2>Wood Veneered Scotia Beading EWA55</h2><p>Complete your flooring installation to a truly professional standard with the <strong>Wood Veneered Scotia Beading EWA55</strong> from Factory Direct Flooring. Quality finishing accessories are the critical detail that distinguishes a truly professional flooring installation — providing a neat, durable and visually pleasing finish to all joins, edges and transitions.</p>
<h3>Key Highlights</h3><ul><li><strong>Professional Quality</strong> — manufactured to trade specification for lasting performance</li><li><strong>Precision Engineered</strong> — ensures a consistently neat and durable finish</li><li><strong>Wide Compatibility</strong> — suitable for use with laminate, LVT, wood and carpet</li><li><strong>Easy Installation</strong> — straightforward fixing for a professional result</li><li><strong>Excellent Value</strong> — premium quality at a genuinely competitive price point</li></ul>
<h3>Installation</h3><p>Please refer carefully to the product packaging and manufacturer guidelines before fitting. Correct installation is essential for both appearance and long-term performance. Contact our expert team if you need advice on selecting the right accessory for your specific flooring transition or application.</p>
<h3>Care &amp; Maintenance</h3><p>Most flooring accessories are maintenance-free once correctly installed. Wipe clean with a damp cloth and mild detergent as required. Periodically check all mechanical fixings and tighten if necessary. Accessory profiles can usually be replaced independently without disturbing the floor covering.</p>
<h3>Why Factory Direct Flooring?</h3><p>We stock everything needed to complete your installation professionally — trims, threshold strips, adhesives, cleaning products and more. Our accessories are chosen to complement our flooring ranges perfectly. Competitive prices and fast UK delivery available on all orders.</p>",Factory Direct Flooring,,Accessories,accessories,TRUE,Title,Default Title,70836,0,shopify,100,deny,manual,17.23,17.23,TRUE,TRUE,,,Wood Veneered Scotia Beading EWA55,Wood Veneered Scotia Beading EWA55 | Factory Direct Flooring,Buy Wood Veneered Scotia Beading EWA55 at Factory Direct Flooring. Accessories available at competitive prices. Free UK delivery and expert advice. Order free samples today.,active
wood-veneered-t-section-profile-ewa53,Wood Veneered T-Section Profile EWA53,"<h2>Wood Veneered T-Section Profile EWA53</h2><p>Complete your flooring installation to a truly professional standard with the <strong>Wood Veneered T-Section Profile EWA53</strong> from Factory Direct Flooring. Quality finishing accessories are the critical detail that distinguishes a truly professional flooring installation — providing a neat, durable and visually pleasing finish to all joins, edges and transitions.</p>
<h3>Key Highlights</h3><ul><li><strong>Professional Quality</strong> — manufactured to trade specification for lasting performance</li><li><strong>Precision Engineered</strong> — ensures a consistently neat and durable finish</li><li><strong>Wide Compatibility</strong> — suitable for use with laminate, LVT, wood and carpet</li><li><strong>Easy Installation</strong> — straightforward fixing for a professional result</li><li><strong>Excellent Value</strong> — premium quality at a genuinely competitive price point</li></ul>
<h3>Installation</h3><p>Please refer carefully to the product packaging and manufacturer guidelines before fitting. Correct installation is essential for both appearance and long-term performance. Contact our expert team if you need advice on selecting the right accessory for your specific flooring transition or application.</p>
<h3>Care &amp; Maintenance</h3><p>Most flooring accessories are maintenance-free once correctly installed. Wipe clean with a damp cloth and mild detergent as required. Periodically check all mechanical fixings and tighten if necessary. Accessory profiles can usually be replaced independently without disturbing the floor covering.</p>
<h3>Why Factory Direct Flooring?</h3><p>We stock everything needed to complete your installation professionally — trims, threshold strips, adhesives, cleaning products and more. Our accessories are chosen to complement our flooring ranges perfectly. Competitive prices and fast UK delivery available on all orders.</p>",Factory Direct Flooring,,Accessories,accessories,TRUE,Title,Default Title,70837,0,shopify,100,deny,manual,21.90,21.90,TRUE,TRUE,,,Wood Veneered T-Section Profile EWA53,Wood Veneered T-Section Profile EWA53 | Factory Direct Flooring,Buy Wood Veneered T-Section Profile EWA53 at Factory Direct Flooring. Accessories available at competitive prices. Free UK delivery and expert advice. Order free samples today.,active
wood-veneered-reducer-profile-ewa54,Wood Veneered Reducer Profile EWA54,"<h2>Wood Veneered Reducer Profile EWA54</h2><p>Complete your flooring installation to a truly professional standard with the <strong>Wood Veneered Reducer Profile EWA54</strong> from Factory Direct Flooring. Quality finishing accessories are the critical detail that distinguishes a truly professional flooring installation — providing a neat, durable and visually pleasing finish to all joins, edges and transitions.</p>
<h3>Key Highlights</h3><ul><li><strong>Professional Quality</strong> — manufactured to trade specification for lasting performance</li><li><strong>Precision Engineered</strong> — ensures a consistently neat and durable finish</li><li><strong>Wide Compatibility</strong> — suitable for use with laminate, LVT, wood and carpet</li><li><strong>Easy Installation</strong> — straightforward fixing for a professional result</li><li><strong>Excellent Value</strong> — premium quality at a genuinely competitive price point</li></ul>
<h3>Installation</h3><p>Please refer carefully to the product packaging and manufacturer guidelines before fitting. Correct installation is essential for both appearance and long-term performance. Contact our expert team if you need advice on selecting the right accessory for your specific flooring transition or application.</p>
<h3>Care &amp; Maintenance</h3><p>Most flooring accessories are maintenance-free once correctly installed. Wipe clean with a damp cloth and mild detergent as required. Periodically check all mechanical fixings and tighten if necessary. Accessory profiles can usually be replaced independently without disturbing the floor covering.</p>
<h3>Why Factory Direct Flooring?</h3><p>We stock everything needed to complete your installation professionally — trims, threshold strips, adhesives, cleaning products and more. Our accessories are chosen to complement our flooring ranges perfectly. Competitive prices and fast UK delivery available on all orders.</p>",Factory Direct Flooring,,Accessories,accessories,TRUE,Title,Default Title,70838,0,shopify,100,deny,manual,29.88,29.88,TRUE,TRUE,,,Wood Veneered Reducer Profile EWA54,Wood Veneered Reducer Profile EWA54 | Factory Direct Flooring,Buy Wood Veneered Reducer Profile EWA54 at Factory Direct Flooring. Accessories available at competitive prices. Free UK delivery and expert advice. Order free samples today.,active
solid-wood-pre-glued-flooring-underlay,Solid Wood Pre-Glued Flooring Underlay,"<h2>Solid Wood Pre-Glued Flooring Underlay</h2><p>Complete your flooring installation to a truly professional standard with the <strong>Solid Wood Pre-Glued Flooring Underlay</strong> from Factory Direct Flooring. Quality finishing accessories are the critical detail that distinguishes a truly professional flooring installation — providing a neat, durable and visually pleasing finish to all joins, edges and transitions.</p>
<h3>Key Highlights</h3><ul><li><strong>Professional Quality</strong> — manufactured to trade specification for lasting performance</li><li><strong>Precision Engineered</strong> — ensures a consistently neat and durable finish</li><li><strong>Wide Compatibility</strong> — suitable for use with laminate, LVT, wood and carpet</li><li><strong>Easy Installation</strong> — straightforward fixing for a professional result</li><li><strong>Excellent Value</strong> — premium quality at a genuinely competitive price point</li></ul>
<h3>Installation</h3><p>Please refer carefully to the product packaging and manufacturer guidelines before fitting. Correct installation is essential for both appearance and long-term performance. Contact our expert team if you need advice on selecting the right accessory for your specific flooring transition or application.</p>
<h3>Care &amp; Maintenance</h3><p>Most flooring accessories are maintenance-free once correctly installed. Wipe clean with a damp cloth and mild detergent as required. Periodically check all mechanical fixings and tighten if necessary. Accessory profiles can usually be replaced independently without disturbing the floor covering.</p>
<h3>Why Factory Direct Flooring?</h3><p>We stock everything needed to complete your installation professionally — trims, threshold strips, adhesives, cleaning products and more. Our accessories are chosen to complement our flooring ranges perfectly. Competitive prices and fast UK delivery available on all orders.</p>",Factory Direct Flooring,,Accessories,accessories,TRUE,Title,Default Title,5189,0,shopify,100,deny,manual,69.89,69.89,TRUE,TRUE,,,Solid Wood Pre-Glued Flooring Underlay,Solid Wood Pre-Glued Flooring Underlay | Factory Direct Flooring,Buy Solid Wood Pre-Glued Flooring Underlay at Factory Direct Flooring. Accessories available at competitive prices. Free UK delivery and expert advice. Order free samples today.,active
solid-wood-dpm-plus-pre-glued-flooring-underlay,Solid Wood DPM Plus Pre-Glued Flooring Underlay,"<h2>Solid Wood DPM Plus Pre-Glued Flooring Underlay</h2><p>Complete your flooring installation to a truly professional standard with the <strong>Solid Wood DPM Plus Pre-Glued Flooring Underlay</strong> from Factory Direct Flooring. Quality finishing accessories are the critical detail that distinguishes a truly professional flooring installation — providing a neat, durable and visually pleasing finish to all joins, edges and transitions.</p>
<h3>Key Highlights</h3><ul><li><strong>Professional Quality</strong> — manufactured to trade specification for lasting performance</li><li><strong>Precision Engineered</strong> — ensures a consistently neat and durable finish</li><li><strong>Wide Compatibility</strong> — suitable for use with laminate, LVT, wood and carpet</li><li><strong>Easy Installation</strong> — straightforward fixing for a professional result</li><li><strong>Excellent Value</strong> — premium quality at a genuinely competitive price point</li></ul>
<h3>Installation</h3><p>Please refer carefully to the product packaging and manufacturer guidelines before fitting. Correct installation is essential for both appearance and long-term performance. Contact our expert team if you need advice on selecting the right accessory for your specific flooring transition or application.</p>
<h3>Care &amp; Maintenance</h3><p>Most flooring accessories are maintenance-free once correctly installed. Wipe clean with a damp cloth and mild detergent as required. Periodically check all mechanical fixings and tighten if necessary. Accessory profiles can usually be replaced independently without disturbing the floor covering.</p>
<h3>Why Factory Direct Flooring?</h3><p>We stock everything needed to complete your installation professionally — trims, threshold strips, adhesives, cleaning products and more. Our accessories are chosen to complement our flooring ranges perfectly. Competitive prices and fast UK delivery available on all orders.</p>",Factory Direct Flooring,,Accessories,accessories,TRUE,Title,Default Title,7127,0,shopify,100,deny,manual,78.65,78.65,TRUE,TRUE,,,Solid Wood DPM Plus Pre-Glued Flooring Underlay,Solid Wood DPM Plus Pre-Glued Flooring Underlay | Factory Direct Flooring,Buy Solid Wood DPM Plus Pre-Glued Flooring Underlay at Factory Direct Flooring. Accessories available at competitive prices. Free UK delivery and expert advice. Order free samples today.,active
polishing-cloth-500mm-x-550mm-ewa36,Polishing Cloth 500mm x 550mm EWA36,"<h2>Polishing Cloth 500mm x 550mm EWA36</h2><p>Complete your flooring installation to a truly professional standard with the <strong>Polishing Cloth 500mm x 550mm EWA36</strong> from Factory Direct Flooring. Quality finishing accessories are the critical detail that distinguishes a truly professional flooring installation — providing a neat, durable and visually pleasing finish to all joins, edges and transitions.</p>
<h3>Key Highlights</h3><ul><li><strong>Professional Quality</strong> — manufactured to trade specification for lasting performance</li><li><strong>Precision Engineered</strong> — ensures a consistently neat and durable finish</li><li><strong>Wide Compatibility</strong> — suitable for use with laminate, LVT, wood and carpet</li><li><strong>Easy Installation</strong> — straightforward fixing for a professional result</li><li><strong>Excellent Value</strong> — premium quality at a genuinely competitive price point</li></ul>
<h3>Installation</h3><p>Please refer carefully to the product packaging and manufacturer guidelines before fitting. Correct installation is essential for both appearance and long-term performance. Contact our expert team if you need advice on selecting the right accessory for your specific flooring transition or application.</p>
<h3>Care &amp; Maintenance</h3><p>Most flooring accessories are maintenance-free once correctly installed. Wipe clean with a damp cloth and mild detergent as required. Periodically check all mechanical fixings and tighten if necessary. Accessory profiles can usually be replaced independently without disturbing the floor covering.</p>
<h3>Why Factory Direct Flooring?</h3><p>We stock everything needed to complete your installation professionally — trims, threshold strips, adhesives, cleaning products and more. Our accessories are chosen to complement our flooring ranges perfectly. Competitive prices and fast UK delivery available on all orders.</p>",Factory Direct Flooring,,Accessories,accessories,TRUE,Title,Default Title,71260,0,shopify,100,deny,manual,4.78,4.78,TRUE,TRUE,,,Polishing Cloth 500mm x 550mm EWA36,Polishing Cloth 500mm x 550mm EWA36 | Factory Direct Flooring,Buy Polishing Cloth 500mm x 550mm EWA36 at Factory Direct Flooring. Accessories available at competitive prices. Free UK delivery and expert advice. Order free samples today.,active
maintenance-gel-oil-200ml-ewa35,Maintenance Gel Oil 200ml EWA35,"<h2>Maintenance Gel Oil 200ml EWA35</h2><p>Complete your flooring installation to a truly professional standard with the <strong>Maintenance Gel Oil 200ml EWA35</strong> from Factory Direct Flooring. Quality finishing accessories are the critical detail that distinguishes a truly professional flooring installation — providing a neat, durable and visually pleasing finish to all joins, edges and transitions.</p>
<h3>Key Highlights</h3><ul><li><strong>Professional Quality</strong> — manufactured to trade specification for lasting performance</li><li><strong>Precision Engineered</strong> — ensures a consistently neat and durable finish</li><li><strong>Wide Compatibility</strong> — suitable for use with laminate, LVT, wood and carpet</li><li><strong>Easy Installation</strong> — straightforward fixing for a professional result</li><li><strong>Excellent Value</strong> — premium quality at a genuinely competitive price point</li></ul>
<h3>Installation</h3><p>Please refer carefully to the product packaging and manufacturer guidelines before fitting. Correct installation is essential for both appearance and long-term performance. Contact our expert team if you need advice on selecting the right accessory for your specific flooring transition or application.</p>
<h3>Care &amp; Maintenance</h3><p>Most flooring accessories are maintenance-free once correctly installed. Wipe clean with a damp cloth and mild detergent as required. Periodically check all mechanical fixings and tighten if necessary. Accessory profiles can usually be replaced independently without disturbing the floor covering.</p>
<h3>Why Factory Direct Flooring?</h3><p>We stock everything needed to complete your installation professionally — trims, threshold strips, adhesives, cleaning products and more. Our accessories are chosen to complement our flooring ranges perfectly. Competitive prices and fast UK delivery available on all orders.</p>",Factory Direct Flooring,,Accessories,accessories,TRUE,Title,Default Title,71261,0,shopify,100,deny,manual,35.28,35.28,TRUE,TRUE,,,Maintenance Gel Oil 200ml EWA35,Maintenance Gel Oil 200ml EWA35 | Factory Direct Flooring,Buy Maintenance Gel Oil 200ml EWA35 at Factory Direct Flooring. Accessories available at competitive prices. Free UK delivery and expert advice. Order free samples today.,active
high-temperature-vinyl-adhesive,High Temperature Vinyl Adhesive,"<h2>High Temperature Vinyl Adhesive</h2><p>Complete your flooring installation to a truly professional standard with the <strong>High Temperature Vinyl Adhesive</strong> from Factory Direct Flooring. Quality finishing accessories are the critical detail that distinguishes a truly professional flooring installation — providing a neat, durable and visually pleasing finish to all joins, edges and transitions.</p>
<h3>Key Highlights</h3><ul><li><strong>Professional Quality</strong> — manufactured to trade specification for lasting performance</li><li><strong>Precision Engineered</strong> — ensures a consistently neat and durable finish</li><li><strong>Wide Compatibility</strong> — suitable for use with laminate, LVT, wood and carpet</li><li><strong>Easy Installation</strong> — straightforward fixing for a professional result</li><li><strong>Excellent Value</strong> — premium quality at a genuinely competitive price point</li></ul>
<h3>Installation</h3><p>Please refer carefully to the product packaging and manufacturer guidelines before fitting. Correct installation is essential for both appearance and long-term performance. Contact our expert team if you need advice on selecting the right accessory for your specific flooring transition or application.</p>
<h3>Care &amp; Maintenance</h3><p>Most flooring accessories are maintenance-free once correctly installed. Wipe clean with a damp cloth and mild detergent as required. Periodically check all mechanical fixings and tighten if necessary. Accessory profiles can usually be replaced independently without disturbing the floor covering.</p>
<h3>Why Factory Direct Flooring?</h3><p>We stock everything needed to complete your installation professionally — trims, threshold strips, adhesives, cleaning products and more. Our accessories are chosen to complement our flooring ranges perfectly. Competitive prices and fast UK delivery available on all orders.</p>",Factory Direct Flooring,,Accessories,accessories,TRUE,Title,Default Title,71394,0,shopify,100,deny,manual,71.74,71.74,TRUE,TRUE,,,High Temperature Vinyl Adhesive,High Temperature Vinyl Adhesive | Factory Direct Flooring,Buy High Temperature Vinyl Adhesive at Factory Direct Flooring. Accessories available at competitive prices. Free UK delivery and expert advice. Order free samples today.,active
real-wood-flooring-adhesive-ewa66,Real Wood Flooring Adhesive EWA66,"<h2>Real Wood Flooring Adhesive EWA66</h2><p>Complete your flooring installation to a truly professional standard with the <strong>Real Wood Flooring Adhesive EWA66</strong> from Factory Direct Flooring. Quality finishing accessories are the critical detail that distinguishes a truly professional flooring installation — providing a neat, durable and visually pleasing finish to all joins, edges and transitions.</p>
<h3>Key Highlights</h3><ul><li><strong>Professional Quality</strong> — manufactured to trade specification for lasting performance</li><li><strong>Precision Engineered</strong> — ensures a consistently neat and durable finish</li><li><strong>Wide Compatibility</strong> — suitable for use with laminate, LVT, wood and carpet</li><li><strong>Easy Installation</strong> — straightforward fixing for a professional result</li><li><strong>Excellent Value</strong> — premium quality at a genuinely competitive price point</li></ul>
<h3>Installation</h3><p>Please refer carefully to the product packaging and manufacturer guidelines before fitting. Correct installation is essential for both appearance and long-term performance. Contact our expert team if you need advice on selecting the right accessory for your specific flooring transition or application.</p>
<h3>Care &amp; Maintenance</h3><p>Most flooring accessories are maintenance-free once correctly installed. Wipe clean with a damp cloth and mild detergent as required. Periodically check all mechanical fixings and tighten if necessary. Accessory profiles can usually be replaced independently without disturbing the floor covering.</p>
<h3>Why Factory Direct Flooring?</h3><p>We stock everything needed to complete your installation professionally — trims, threshold strips, adhesives, cleaning products and more. Our accessories are chosen to complement our flooring ranges perfectly. Competitive prices and fast UK delivery available on all orders.</p>",Factory Direct Flooring,,Accessories,accessories,TRUE,Title,Default Title,72833,0,shopify,100,deny,manual,113.98,113.98,TRUE,TRUE,,,Real Wood Flooring Adhesive EWA66,Real Wood Flooring Adhesive EWA66 | Factory Direct Flooring,Buy Real Wood Flooring Adhesive EWA66 at Factory Direct Flooring. Accessories available at competitive prices. Free UK delivery and expert advice. Order free samples today.,active
waterproof-self-adhesive-12mm-beading,Waterproof Self Adhesive 12mm Beading,"<h2>Waterproof Self Adhesive 12mm Beading</h2><p>Complete your flooring installation to a truly professional standard with the <strong>Waterproof Self Adhesive 12mm Beading</strong> from Factory Direct Flooring. Quality finishing accessories are the critical detail that distinguishes a truly professional flooring installation — providing a neat, durable and visually pleasing finish to all joins, edges and transitions.</p>
<h3>Key Highlights</h3><ul><li><strong>Professional Quality</strong> — manufactured to trade specification for lasting performance</li><li><strong>Precision Engineered</strong> — ensures a consistently neat and durable finish</li><li><strong>Wide Compatibility</strong> — suitable for use with laminate, LVT, wood and carpet</li><li><strong>Easy Installation</strong> — straightforward fixing for a professional result</li><li><strong>Excellent Value</strong> — premium quality at a genuinely competitive price point</li></ul>
<h3>Installation</h3><p>Please refer carefully to the product packaging and manufacturer guidelines before fitting. Correct installation is essential for both appearance and long-term performance. Contact our expert team if you need advice on selecting the right accessory for your specific flooring transition or application.</p>
<h3>Care &amp; Maintenance</h3><p>Most flooring accessories are maintenance-free once correctly installed. Wipe clean with a damp cloth and mild detergent as required. Periodically check all mechanical fixings and tighten if necessary. Accessory profiles can usually be replaced independently without disturbing the floor covering.</p>
<h3>Why Factory Direct Flooring?</h3><p>We stock everything needed to complete your installation professionally — trims, threshold strips, adhesives, cleaning products and more. Our accessories are chosen to complement our flooring ranges perfectly. Competitive prices and fast UK delivery available on all orders.</p>",Factory Direct Flooring,,Accessories,accessories,TRUE,Title,Default Title,73148,0,shopify,100,deny,manual,11.45,11.45,TRUE,TRUE,,,Waterproof Self Adhesive 12mm Beading,Waterproof Self Adhesive 12mm Beading | Factory Direct Flooring,Buy Waterproof Self Adhesive 12mm Beading at Factory Direct Flooring. Accessories available at competitive prices. Free UK delivery and expert advice. Order free samples today.,active
patch-it-10kg-rapid-repair-mortar,Patch It 10kg Rapid Repair Mortar,"<h2>Patch It 10kg Rapid Repair Mortar</h2><p>Complete your flooring installation to a truly professional standard with the <strong>Patch It 10kg Rapid Repair Mortar</strong> from Factory Direct Flooring. Quality finishing accessories are the critical detail that distinguishes a truly professional flooring installation — providing a neat, durable and visually pleasing finish to all joins, edges and transitions.</p>
<h3>Key Highlights</h3><ul><li><strong>Professional Quality</strong> — manufactured to trade specification for lasting performance</li><li><strong>Precision Engineered</strong> — ensures a consistently neat and durable finish</li><li><strong>Wide Compatibility</strong> — suitable for use with laminate, LVT, wood and carpet</li><li><strong>Easy Installation</strong> — straightforward fixing for a professional result</li><li><strong>Excellent Value</strong> — premium quality at a genuinely competitive price point</li></ul>
<h3>Installation</h3><p>Please refer carefully to the product packaging and manufacturer guidelines before fitting. Correct installation is essential for both appearance and long-term performance. Contact our expert team if you need advice on selecting the right accessory for your specific flooring transition or application.</p>
<h3>Care &amp; Maintenance</h3><p>Most flooring accessories are maintenance-free once correctly installed. Wipe clean with a damp cloth and mild detergent as required. Periodically check all mechanical fixings and tighten if necessary. Accessory profiles can usually be replaced independently without disturbing the floor covering.</p>
<h3>Why Factory Direct Flooring?</h3><p>We stock everything needed to complete your installation professionally — trims, threshold strips, adhesives, cleaning products and more. Our accessories are chosen to complement our flooring ranges perfectly. Competitive prices and fast UK delivery available on all orders.</p>",Factory Direct Flooring,,Accessories,accessories,TRUE,Title,Default Title,73196,0,shopify,100,deny,manual,35.99,35.99,TRUE,TRUE,,,Patch It 10kg Rapid Repair Mortar,Patch It 10kg Rapid Repair Mortar | Factory Direct Flooring,Buy Patch It 10kg Rapid Repair Mortar at Factory Direct Flooring. Accessories available at competitive prices. Free UK delivery and expert advice. Order free samples today.,active
premium-wood-underlay-ewa1-inc-vapour-barrier,Premium Wood Underlay EWA1 Inc Vapour Barrier,"<h2>Premium Wood Underlay EWA1 Inc Vapour Barrier</h2><p>Complete your flooring installation to a truly professional standard with the <strong>Premium Wood Underlay EWA1 Inc Vapour Barrier</strong> from Factory Direct Flooring. Quality finishing accessories are the critical detail that distinguishes a truly professional flooring installation — providing a neat, durable and visually pleasing finish to all joins, edges and transitions.</p>
<h3>Key Highlights</h3><ul><li><strong>Professional Quality</strong> — manufactured to trade specification for lasting performance</li><li><strong>Precision Engineered</strong> — ensures a consistently neat and durable finish</li><li><strong>Wide Compatibility</strong> — suitable for use with laminate, LVT, wood and carpet</li><li><strong>Easy Installation</strong> — straightforward fixing for a professional result</li><li><strong>Excellent Value</strong> — premium quality at a genuinely competitive price point</li></ul>
<h3>Installation</h3><p>Please refer carefully to the product packaging and manufacturer guidelines before fitting. Correct installation is essential for both appearance and long-term performance. Contact our expert team if you need advice on selecting the right accessory for your specific flooring transition or application.</p>
<h3>Care &amp; Maintenance</h3><p>Most flooring accessories are maintenance-free once correctly installed. Wipe clean with a damp cloth and mild detergent as required. Periodically check all mechanical fixings and tighten if necessary. Accessory profiles can usually be replaced independently without disturbing the floor covering.</p>
<h3>Why Factory Direct Flooring?</h3><p>We stock everything needed to complete your installation professionally — trims, threshold strips, adhesives, cleaning products and more. Our accessories are chosen to complement our flooring ranges perfectly. Competitive prices and fast UK delivery available on all orders.</p>",Factory Direct Flooring,,Accessories,accessories,TRUE,Title,Default Title,73838,0,shopify,100,deny,manual,59.56,59.56,TRUE,TRUE,,,Premium Wood Underlay EWA1 Inc Vapour Barrier,Premium Wood Underlay EWA1 Inc Vapour Barrier | Factory Direct Flooring,Buy Premium Wood Underlay EWA1 Inc Vapour Barrier at Factory Direct Flooring. Accessories available at competitive prices. Free UK delivery and expert advice. Order free samples today.,active
cold-weld-sealant,Cold Weld Sealant,"<h2>Cold Weld Sealant</h2><p>Complete your flooring installation to a truly professional standard with the <strong>Cold Weld Sealant</strong> from Factory Direct Flooring. Quality finishing accessories are the critical detail that distinguishes a truly professional flooring installation — providing a neat, durable and visually pleasing finish to all joins, edges and transitions.</p>
<h3>Key Highlights</h3><ul><li><strong>Professional Quality</strong> — manufactured to trade specification for lasting performance</li><li><strong>Precision Engineered</strong> — ensures a consistently neat and durable finish</li><li><strong>Wide Compatibility</strong> — suitable for use with laminate, LVT, wood and carpet</li><li><strong>Easy Installation</strong> — straightforward fixing for a professional result</li><li><strong>Excellent Value</strong> — premium quality at a genuinely competitive price point</li></ul>
<h3>Installation</h3><p>Please refer carefully to the product packaging and manufacturer guidelines before fitting. Correct installation is essential for both appearance and long-term performance. Contact our expert team if you need advice on selecting the right accessory for your specific flooring transition or application.</p>
<h3>Care &amp; Maintenance</h3><p>Most flooring accessories are maintenance-free once correctly installed. Wipe clean with a damp cloth and mild detergent as required. Periodically check all mechanical fixings and tighten if necessary. Accessory profiles can usually be replaced independently without disturbing the floor covering.</p>
<h3>Why Factory Direct Flooring?</h3><p>We stock everything needed to complete your installation professionally — trims, threshold strips, adhesives, cleaning products and more. Our accessories are chosen to complement our flooring ranges perfectly. Competitive prices and fast UK delivery available on all orders.</p>",Factory Direct Flooring,,Accessories,accessories,TRUE,Title,Default Title,73863,0,shopify,100,deny,manual,23.98,23.98,TRUE,TRUE,,,Cold Weld Sealant,Cold Weld Sealant | Factory Direct Flooring,Buy Cold Weld Sealant at Factory Direct Flooring. Accessories available at competitive prices. Free UK delivery and expert advice. Order free samples today.,active
felt-pad-protectors,Felt Pad Protectors,"<h2>Felt Pad Protectors</h2><p>Complete your flooring installation to a truly professional standard with the <strong>Felt Pad Protectors</strong> from Factory Direct Flooring. Quality finishing accessories are the critical detail that distinguishes a truly professional flooring installation — providing a neat, durable and visually pleasing finish to all joins, edges and transitions.</p>
<h3>Key Highlights</h3><ul><li><strong>Professional Quality</strong> — manufactured to trade specification for lasting performance</li><li><strong>Precision Engineered</strong> — ensures a consistently neat and durable finish</li><li><strong>Wide Compatibility</strong> — suitable for use with laminate, LVT, wood and carpet</li><li><strong>Easy Installation</strong> — straightforward fixing for a professional result</li><li><strong>Excellent Value</strong> — premium quality at a genuinely competitive price point</li></ul>
<h3>Installation</h3><p>Please refer carefully to the product packaging and manufacturer guidelines before fitting. Correct installation is essential for both appearance and long-term performance. Contact our expert team if you need advice on selecting the right accessory for your specific flooring transition or application.</p>
<h3>Care &amp; Maintenance</h3><p>Most flooring accessories are maintenance-free once correctly installed. Wipe clean with a damp cloth and mild detergent as required. Periodically check all mechanical fixings and tighten if necessary. Accessory profiles can usually be replaced independently without disturbing the floor covering.</p>
<h3>Why Factory Direct Flooring?</h3><p>We stock everything needed to complete your installation professionally — trims, threshold strips, adhesives, cleaning products and more. Our accessories are chosen to complement our flooring ranges perfectly. Competitive prices and fast UK delivery available on all orders.</p>",Factory Direct Flooring,,Accessories,accessories,TRUE,Title,Default Title,73911,0,shopify,100,deny,manual,5.98,5.98,TRUE,TRUE,,,Felt Pad Protectors,Felt Pad Protectors | Factory Direct Flooring,Buy Felt Pad Protectors at Factory Direct Flooring. Accessories available at competitive prices. Free UK delivery and expert advice. Order free samples today.,active
