Handle,Title,Body (HTML),Vendor,Product Category,Type,Tags,Published,Option1 Name,Option1 Value,Variant SKU,Variant Grams,Variant Inventory Tracker,Variant Inventory Qty,Variant Inventory Policy,Variant Fulfillment Service,Variant Price,Variant Compare At Price,Variant Requires Shipping,Variant Taxable,Image Src,Image Position,Image Alt Text,SEO Title,SEO Description,Status,Google Shopping / Google Product Category,Collection
advice-centre,Advice Centre,,Factory Direct Flooring,Home & Garden > Decor > Flooring,Advice Centre,"Advice Centre, Factory Direct Flooring, flooring, UK flooring",TRUE,Title,Default Title,,0,shopify,100,deny,manual,30.00,,TRUE,TRUE,,,Advice Centre,Advice Centre,,active,Home & Garden > Decor > Flooring,advice-centre
luxury-vinyl-tiles,Luxury Vinyl Tiles,,Factory Direct Flooring,Home & Garden > Decor > Flooring,Advice Centre,"Advice Centre, Factory Direct Flooring, flooring, UK flooring",TRUE,Title,Default Title,,0,shopify,100,deny,manual,40.00,,TRUE,TRUE,,,Luxury Vinyl Tiles,Luxury Vinyl Tiles,,active,Home & Garden > Decor > Flooring,advice-centre
chic-parquet-dry-back-lvt-herringbone-flooring-outland,Chic Parquet Dry Back Lvt Herringbone Flooring Outland,,Factory Direct Flooring,Home & Garden > Decor > Flooring,Glue Down,"Glue Down, flooring, UK flooring",TRUE,Title,Default Title,73662ST,0,shopify,100,deny,manual,22.78,,TRUE,TRUE,https://imagely.factory-direct-flooring.co.uk/media/catalog/product/cache/07f4e6a093cd3c305a832187014ed50b/7/3/73662stoutland11cropped.jpg,1,Chic Parquet Dry Back Lvt Herringbone Flooring Outland,Chic Parquet Dry Back Lvt Herringbone Flooring Outland,,active,Home & Garden > Decor > Flooring,glue-down
chic-parquet-dry-back-lvt-herringbone-flooring-outland,,,,,,,,,,,,,,,,,,,,https://imagely.factory-direct-flooring.co.uk/media/catalog/product/cache/07f4e6a093cd3c305a832187014ed50b/6/3/63662stoutlandcropped.jpg,2,Chic Parquet Dry Back Lvt Herringbone Flooring Outland,,,,,
chic-parquet-dry-back-lvt-herringbone-flooring-harbour,Chic Parquet Dry Back Lvt Herringbone Flooring Harbour,,Factory Direct Flooring,Home & Garden > Decor > Flooring,Glue Down,"Glue Down, flooring, UK flooring",TRUE,Title,Default Title,73939ST,0,shopify,100,deny,manual,22.76,,TRUE,TRUE,https://imagely.factory-direct-flooring.co.uk/media/catalog/product/cache/07f4e6a093cd3c305a832187014ed50b/c/h/chic_parquet_dry_back_herringbone_harbour_12_1.jpg,1,Chic Parquet Dry Back Lvt Herringbone Flooring Harbour,Chic Parquet Dry Back Lvt Herringbone Flooring Harbour,,active,Home & Garden > Decor > Flooring,glue-down
chic-parquet-dry-back-lvt-herringbone-flooring-harbour,,,,,,,,,,,,,,,,,,,,https://imagely.factory-direct-flooring.co.uk/media/catalog/product/cache/07f4e6a093cd3c305a832187014ed50b/c/h/chic_parquet_dry_back_herringbone_harbour_7_2.jpg,2,Chic Parquet Dry Back Lvt Herringbone Flooring Harbour,,,,,
accessories,Accessories,,Factory Direct Flooring,Home & Garden > Decor > Flooring,Advice Centre,"Advice Centre, Factory Direct Flooring, flooring, UK flooring",TRUE,Title,Default Title,,0,shopify,100,deny,manual,40.00,,TRUE,TRUE,,,Accessories,Accessories,,active,Home & Garden > Decor > Flooring,advice-centre
chic-parquet-lvt-flooring-dry-back-oak-diverse-8004,Chic Parquet LVT Flooring Dry Back Oak Diverse 8004,,Factory Direct Flooring,Home & Garden > Decor > Flooring,Glue Down,"Glue Down, flooring, UK flooring",TRUE,Title,Default Title,73954-8004,0,shopify,100,deny,manual,22.79,,TRUE,TRUE,https://imagely.factory-direct-flooring.co.uk/media/catalog/product/cache/07f4e6a093cd3c305a832187014ed50b/c/h/chic_parquet_lvt_dry_back_oak_diverse_8004_1_1.jpg,1,Chic Parquet LVT Flooring Dry Back Oak Diverse 8004,Chic Parquet LVT Flooring Dry Back Oak Diverse 8004,,active,Home & Garden > Decor > Flooring,glue-down
chic-parquet-lvt-flooring-dry-back-oak-diverse-8004,,,,,,,,,,,,,,,,,,,,https://imagely.factory-direct-flooring.co.uk/media/catalog/product/cache/07f4e6a093cd3c305a832187014ed50b/c/h/chic_parquet_lvt_dry_back_oak_diverse_8004_15.jpg,2,Chic Parquet LVT Flooring Dry Back Oak Diverse 8004,,,,,
chic-parquet-lvt-dry-back-flooring-driftwood-8006,Chic Parquet LVT Dry Back Flooring Driftwood 8006,,Factory Direct Flooring,Home & Garden > Decor > Flooring,Glue Down,"Glue Down, flooring, UK flooring",TRUE,Title,Default Title,73956-8006,0,shopify,100,deny,manual,22.79,,TRUE,TRUE,https://imagely.factory-direct-flooring.co.uk/media/catalog/product/cache/07f4e6a093cd3c305a832187014ed50b/c/h/chic_parquet_lvt_dry_back_driftwood_8006_5_1.jpg,1,Chic Parquet LVT Dry Back Flooring Driftwood 8006,Chic Parquet LVT Dry Back Flooring Driftwood 8006,,active,Home & Garden > Decor > Flooring,glue-down
chic-parquet-lvt-dry-back-flooring-driftwood-8006,,,,,,,,,,,,,,,,,,,,https://imagely.factory-direct-flooring.co.uk/media/catalog/product/cache/07f4e6a093cd3c305a832187014ed50b/c/h/chic_parquet_lvt_dry_back_driftwood_8006_4_1.jpg,2,Chic Parquet LVT Dry Back Flooring Driftwood 8006,,,,,
engrave-oak-diverse-luxury-vinyl-flooring-plank-7004,Engrave Oak Diverse Luxury Vinyl Flooring Plank 7004,,Factory Direct Flooring,Home & Garden > Decor > Flooring,Glue Down,"Glue Down, flooring, UK flooring",TRUE,Title,Default Title,73962-7004,0,shopify,100,deny,manual,20.39,,TRUE,TRUE,https://imagely.factory-direct-flooring.co.uk/media/catalog/product/cache/07f4e6a093cd3c305a832187014ed50b/e/n/engrave_oak_diverse_luxury_vinyl_plank_7004_1.jpg,1,Engrave Oak Diverse Luxury Vinyl Flooring Plank 7004,Engrave Oak Diverse Luxury Vinyl Flooring Plank 7004,,active,Home & Garden > Decor > Flooring,glue-down
engrave-oak-diverse-luxury-vinyl-flooring-plank-7004,,,,,,,,,,,,,,,,,,,,https://imagely.factory-direct-flooring.co.uk/media/catalog/product/cache/07f4e6a093cd3c305a832187014ed50b/e/n/engrave_oak_diverse_luxury_vinyl_plank_7004_2.jpg,2,Engrave Oak Diverse Luxury Vinyl Flooring Plank 7004,,,,,
engrave-driftwood-luxury-vinyl-flooring-plank-7006,Engrave Driftwood Luxury Vinyl Flooring Plank 7006,,Factory Direct Flooring,Home & Garden > Decor > Flooring,Glue Down,"Glue Down, flooring, UK flooring",TRUE,Title,Default Title,73964-7006,0,shopify,100,deny,manual,20.39,,TRUE,TRUE,https://imagely.factory-direct-flooring.co.uk/media/catalog/product/cache/07f4e6a093cd3c305a832187014ed50b/e/n/engrave_driftwood_luxury_vinyl_plank_7006_6_1.jpg,1,Engrave Driftwood Luxury Vinyl Flooring Plank 7006,Engrave Driftwood Luxury Vinyl Flooring Plank 7006,,active,Home & Garden > Decor > Flooring,glue-down
engrave-driftwood-luxury-vinyl-flooring-plank-7006,,,,,,,,,,,,,,,,,,,,https://imagely.factory-direct-flooring.co.uk/media/catalog/product/cache/07f4e6a093cd3c305a832187014ed50b/e/n/engrave_driftwood_luxury_vinyl_plank_7006_5_1.jpg,2,Engrave Driftwood Luxury Vinyl Flooring Plank 7006,,,,,
engrave-oak-nature-luxury-vinyl-flooring-plank-7002,Engrave Oak Nature Luxury Vinyl Flooring Plank 7002,,Factory Direct Flooring,Home & Garden > Decor > Flooring,Glue Down,"Glue Down, flooring, UK flooring",TRUE,Title,Default Title,73960-7002,0,shopify,100,deny,manual,20.39,,TRUE,TRUE,https://imagely.factory-direct-flooring.co.uk/media/catalog/product/cache/07f4e6a093cd3c305a832187014ed50b/e/n/engrave_oak_nature_luxury_vinyl_plank_7002_4_1.jpg,1,Engrave Oak Nature Luxury Vinyl Flooring Plank 7002,Engrave Oak Nature Luxury Vinyl Flooring Plank 7002,,active,Home & Garden > Decor > Flooring,glue-down
engrave-oak-nature-luxury-vinyl-flooring-plank-7002,,,,,,,,,,,,,,,,,,,,https://imagely.factory-direct-flooring.co.uk/media/catalog/product/cache/07f4e6a093cd3c305a832187014ed50b/e/n/engrave_oak_nature_luxury_vinyl_plank_7002_3_1.jpg,2,Engrave Oak Nature Luxury Vinyl Flooring Plank 7002,,,,,
chic-parquet-lvt-flooring-dry-back-oak-haze-8001,Chic Parquet LVT Flooring Dry Back Oak Haze 8001,,Factory Direct Flooring,Home & Garden > Decor > Flooring,Glue Down,"Glue Down, flooring, UK flooring",TRUE,Title,Default Title,73951-8001,0,shopify,100,deny,manual,22.79,,TRUE,TRUE,https://imagely.factory-direct-flooring.co.uk/media/catalog/product/cache/07f4e6a093cd3c305a832187014ed50b/c/h/chic_parquet_lvt_dry_back_oak_haze_8001_1_2.jpg,1,Chic Parquet LVT Flooring Dry Back Oak Haze 8001,Chic Parquet LVT Flooring Dry Back Oak Haze 8001,,active,Home & Garden > Decor > Flooring,glue-down
chic-parquet-lvt-flooring-dry-back-oak-haze-8001,,,,,,,,,,,,,,,,,,,,https://imagely.factory-direct-flooring.co.uk/media/catalog/product/cache/07f4e6a093cd3c305a832187014ed50b/c/h/chic_parquet_lvt_dry_back_oak_haze_8001_13.jpg,2,Chic Parquet LVT Flooring Dry Back Oak Haze 8001,,,,,
chic-parquet-lvt-flooring-dry-back-oak-nature-8002,Chic Parquet LVT Flooring Dry Back Oak Nature 8002,,Factory Direct Flooring,Home & Garden > Decor > Flooring,Glue Down,"Glue Down, flooring, UK flooring",TRUE,Title,Default Title,73952-8002,0,shopify,100,deny,manual,22.79,,TRUE,TRUE,https://imagely.factory-direct-flooring.co.uk/media/catalog/product/cache/07f4e6a093cd3c305a832187014ed50b/c/h/chic_parquet_lvt_dry_back_oak_nature_8002_1_1.jpg,1,Chic Parquet LVT Flooring Dry Back Oak Nature 8002,Chic Parquet LVT Flooring Dry Back Oak Nature 8002,,active,Home & Garden > Decor > Flooring,glue-down
chic-parquet-lvt-flooring-dry-back-oak-nature-8002,,,,,,,,,,,,,,,,,,,,https://imagely.factory-direct-flooring.co.uk/media/catalog/product/cache/07f4e6a093cd3c305a832187014ed50b/c/h/chic_parquet_lvt_dry_back_oak_nature_8002_7_3.jpg,2,Chic Parquet LVT Flooring Dry Back Oak Nature 8002,,,,,
chic-parquet-lvt-flooring-dry-back-oak-limed-8005,Chic Parquet LVT Flooring Dry Back Oak Limed 8005,,Factory Direct Flooring,Home & Garden > Decor > Flooring,Glue Down,"Glue Down, flooring, UK flooring",TRUE,Title,Default Title,73955-8005,0,shopify,100,deny,manual,22.79,,TRUE,TRUE,https://imagely.factory-direct-flooring.co.uk/media/catalog/product/cache/07f4e6a093cd3c305a832187014ed50b/c/h/chic_parquet_lvt_dry_back_oak_limed_8005_1_1.jpg,1,Chic Parquet LVT Flooring Dry Back Oak Limed 8005,Chic Parquet LVT Flooring Dry Back Oak Limed 8005,,active,Home & Garden > Decor > Flooring,glue-down
chic-parquet-lvt-flooring-dry-back-oak-limed-8005,,,,,,,,,,,,,,,,,,,,https://imagely.factory-direct-flooring.co.uk/media/catalog/product/cache/07f4e6a093cd3c305a832187014ed50b/c/h/chic_parquet_lvt_dry_back_oak_limed_8005_3_1.jpg,2,Chic Parquet LVT Flooring Dry Back Oak Limed 8005,,,,,
chic-parquet-lvt-flooring-dry-back-light-walnut-8003,Chic Parquet LVT Flooring Dry Back Light Walnut 8003,,Factory Direct Flooring,Home & Garden > Decor > Flooring,Glue Down,"Glue Down, flooring, UK flooring",TRUE,Title,Default Title,73953-8003,0,shopify,100,deny,manual,22.79,,TRUE,TRUE,https://imagely.factory-direct-flooring.co.uk/media/catalog/product/cache/07f4e6a093cd3c305a832187014ed50b/c/h/chic_parquet_lvt_dry_back_light_walnut_8003_14_1.jpg,1,Chic Parquet LVT Flooring Dry Back Light Walnut 8003,Chic Parquet LVT Flooring Dry Back Light Walnut 8003,,active,Home & Garden > Decor > Flooring,glue-down
chic-parquet-lvt-flooring-dry-back-light-walnut-8003,,,,,,,,,,,,,,,,,,,,https://imagely.factory-direct-flooring.co.uk/media/catalog/product/cache/07f4e6a093cd3c305a832187014ed50b/c/h/chic_parquet_lvt_dry_back_light_walnut_8003_6_5.jpg,2,Chic Parquet LVT Flooring Dry Back Light Walnut 8003,,,,,
chic-parquet-lvt-flooring-dry-back-oak-grey-8007,Chic Parquet LVT Flooring Dry Back Oak Grey 8007,,Factory Direct Flooring,Home & Garden > Decor > Flooring,Glue Down,"Glue Down, flooring, UK flooring",TRUE,Title,Default Title,73957-8007,0,shopify,100,deny,manual,22.79,,TRUE,TRUE,https://imagely.factory-direct-flooring.co.uk/media/catalog/product/cache/07f4e6a093cd3c305a832187014ed50b/c/h/chic_parquet_lvt_dry_back_oak_grey_8007_2_1.jpg,1,Chic Parquet LVT Flooring Dry Back Oak Grey 8007,Chic Parquet LVT Flooring Dry Back Oak Grey 8007,,active,Home & Garden > Decor > Flooring,glue-down
chic-parquet-lvt-flooring-dry-back-oak-grey-8007,,,,,,,,,,,,,,,,,,,,https://imagely.factory-direct-flooring.co.uk/media/catalog/product/cache/07f4e6a093cd3c305a832187014ed50b/c/h/chic_parquet_lvt_dry_back_oak_grey_8007_2.jpg,2,Chic Parquet LVT Flooring Dry Back Oak Grey 8007,,,,,
chic-parquet-lvt-flooring-dry-back-pale-oak-8008,Chic Parquet LVT Flooring Dry Back Pale Oak 8008,,Factory Direct Flooring,Home & Garden > Decor > Flooring,Glue Down,"Glue Down, flooring, UK flooring",TRUE,Title,Default Title,73958-8008,0,shopify,100,deny,manual,22.79,,TRUE,TRUE,https://imagely.factory-direct-flooring.co.uk/media/catalog/product/cache/07f4e6a093cd3c305a832187014ed50b/c/h/chic_parquet_lvt_dry_back_pale_oak_8008_1.jpg,1,Chic Parquet LVT Flooring Dry Back Pale Oak 8008,Chic Parquet LVT Flooring Dry Back Pale Oak 8008,,active,Home & Garden > Decor > Flooring,glue-down
chic-parquet-lvt-flooring-dry-back-pale-oak-8008,,,,,,,,,,,,,,,,,,,,https://imagely.factory-direct-flooring.co.uk/media/catalog/product/cache/07f4e6a093cd3c305a832187014ed50b/c/h/chic_parquet_lvt_dry_back_pale_oak_8008_1_1.jpg,2,Chic Parquet LVT Flooring Dry Back Pale Oak 8008,,,,,
engrave-oak-haze-luxury-vinyl-flooring-plank-7001,Engrave Oak Haze Luxury Vinyl Flooring Plank 7001,,Factory Direct Flooring,Home & Garden > Decor > Flooring,Glue Down,"Glue Down, flooring, UK flooring",TRUE,Title,Default Title,73959-7001,0,shopify,100,deny,manual,20.39,,TRUE,TRUE,https://imagely.factory-direct-flooring.co.uk/media/catalog/product/cache/07f4e6a093cd3c305a832187014ed50b/e/n/engrave_oak_haze_luxury_vinyl_plank_7001_29.03_1.jpg,1,Engrave Oak Haze Luxury Vinyl Flooring Plank 7001,Engrave Oak Haze Luxury Vinyl Flooring Plank 7001,,active,Home & Garden > Decor > Flooring,glue-down
engrave-oak-haze-luxury-vinyl-flooring-plank-7001,,,,,,,,,,,,,,,,,,,,https://imagely.factory-direct-flooring.co.uk/media/catalog/product/cache/07f4e6a093cd3c305a832187014ed50b/e/n/engrave_oak_haze_luxury_vinyl_plank_7001_7_1.jpg,2,Engrave Oak Haze Luxury Vinyl Flooring Plank 7001,,,,,
engrave-light-walnut-luxury-vinyl-flooring-plank-7003,Engrave Light Walnut Luxury Vinyl Flooring Plank 7003,,Factory Direct Flooring,Home & Garden > Decor > Flooring,Glue Down,"Glue Down, flooring, UK flooring",TRUE,Title,Default Title,73961-7003,0,shopify,100,deny,manual,20.39,,TRUE,TRUE,https://imagely.factory-direct-flooring.co.uk/media/catalog/product/cache/07f4e6a093cd3c305a832187014ed50b/e/n/engrave_light_walnut_luxury_vinyl_plank_7003_1_1.jpg,1,Engrave Light Walnut Luxury Vinyl Flooring Plank 7003,Engrave Light Walnut Luxury Vinyl Flooring Plank 7003,,active,Home & Garden > Decor > Flooring,glue-down
engrave-light-walnut-luxury-vinyl-flooring-plank-7003,,,,,,,,,,,,,,,,,,,,https://imagely.factory-direct-flooring.co.uk/media/catalog/product/cache/07f4e6a093cd3c305a832187014ed50b/e/n/engrave_light_walnut_luxury_vinyl_plank_7003_2.jpg,2,Engrave Light Walnut Luxury Vinyl Flooring Plank 7003,,,,,
engrave-oak-limed-luxury-vinyl-flooring-plank-7005,Engrave Oak Limed Luxury Vinyl Flooring Plank 7005,,Factory Direct Flooring,Home & Garden > Decor > Flooring,Glue Down,"Glue Down, flooring, UK flooring",TRUE,Title,Default Title,73963-7005,0,shopify,100,deny,manual,20.39,,TRUE,TRUE,https://imagely.factory-direct-flooring.co.uk/media/catalog/product/cache/07f4e6a093cd3c305a832187014ed50b/e/n/engrave_oak_limed_luxury_vinyl_plank_7005_1_1.jpg,1,Engrave Oak Limed Luxury Vinyl Flooring Plank 7005,Engrave Oak Limed Luxury Vinyl Flooring Plank 7005,,active,Home & Garden > Decor > Flooring,glue-down
engrave-oak-limed-luxury-vinyl-flooring-plank-7005,,,,,,,,,,,,,,,,,,,,https://imagely.factory-direct-flooring.co.uk/media/catalog/product/cache/07f4e6a093cd3c305a832187014ed50b/e/n/engrave_oak_limed_luxury_vinyl_plank_7005_8.jpg,2,Engrave Oak Limed Luxury Vinyl Flooring Plank 7005,,,,,
engrave-oak-grey-luxury-vinyl-flooring-plank-7007,Engrave Oak Grey Luxury Vinyl Flooring Plank 7007,,Factory Direct Flooring,Home & Garden > Decor > Flooring,Glue Down,"Glue Down, flooring, UK flooring",TRUE,Title,Default Title,73965-7007,0,shopify,100,deny,manual,20.39,,TRUE,TRUE,https://imagely.factory-direct-flooring.co.uk/media/catalog/product/cache/07f4e6a093cd3c305a832187014ed50b/e/n/engrave_oak_grey_luxury_vinyl_plank_7007_1_2.jpg,1,Engrave Oak Grey Luxury Vinyl Flooring Plank 7007,Engrave Oak Grey Luxury Vinyl Flooring Plank 7007,,active,Home & Garden > Decor > Flooring,glue-down
engrave-oak-grey-luxury-vinyl-flooring-plank-7007,,,,,,,,,,,,,,,,,,,,https://imagely.factory-direct-flooring.co.uk/media/catalog/product/cache/07f4e6a093cd3c305a832187014ed50b/e/n/engrave_oak_grey_luxury_vinyl_plank_7007_2.jpg,2,Engrave Oak Grey Luxury Vinyl Flooring Plank 7007,,,,,
engrave-pale-oak-luxury-vinyl-flooring-plank-7008,Engrave Pale Oak Luxury Vinyl Flooring Plank 7008,,Factory Direct Flooring,Home & Garden > Decor > Flooring,Glue Down,"Glue Down, flooring, UK flooring",TRUE,Title,Default Title,73965-7008,0,shopify,100,deny,manual,20.39,,TRUE,TRUE,https://imagely.factory-direct-flooring.co.uk/media/catalog/product/cache/07f4e6a093cd3c305a832187014ed50b/e/n/engrave_pale_oak_luxury_vinyl_plank_7008_3_1_1.jpg,1,Engrave Pale Oak Luxury Vinyl Flooring Plank 7008,Engrave Pale Oak Luxury Vinyl Flooring Plank 7008,,active,Home & Garden > Decor > Flooring,glue-down
engrave-pale-oak-luxury-vinyl-flooring-plank-7008,,,,,,,,,,,,,,,,,,,,https://imagely.factory-direct-flooring.co.uk/media/catalog/product/cache/07f4e6a093cd3c305a832187014ed50b/e/n/engrave_pale_oak_luxury_vinyl_plank_7008_1_1_1.jpg,2,Engrave Pale Oak Luxury Vinyl Flooring Plank 7008,,,,,
chic-parquet-mini-lvt-flooring-dry-back-country-oak-852,Chic Parquet Mini LVT Flooring Dry Back Country Oak 852,,Factory Direct Flooring,Home & Garden > Decor > Flooring,Glue Down,"Glue Down, flooring, UK flooring",TRUE,Title,Default Title,73969-54852,0,shopify,100,deny,manual,31.19,,TRUE,TRUE,https://imagely.factory-direct-flooring.co.uk/media/catalog/product/cache/07f4e6a093cd3c305a832187014ed50b/c/h/chic_parquet_mini_lvt_dry_back_country_oak_852_2_1.jpg,1,Chic Parquet Mini LVT Flooring Dry Back Country Oak 852,Chic Parquet Mini LVT Flooring Dry Back Country Oak 852,,active,Home & Garden > Decor > Flooring,glue-down
chic-parquet-mini-lvt-flooring-dry-back-country-oak-852,,,,,,,,,,,,,,,,,,,,https://imagely.factory-direct-flooring.co.uk/media/catalog/product/cache/07f4e6a093cd3c305a832187014ed50b/c/h/chic_parquet_mini_lvt_dry_back_country_oak_852_1.jpg,2,Chic Parquet Mini LVT Flooring Dry Back Country Oak 852,,,,,
chic-parquet-mini-lvt-flooring-dry-back-blackjack-oak-229,Chic Parquet Mini LVT Flooring Dry Back Blackjack Oak 229,,Factory Direct Flooring,Home & Garden > Decor > Flooring,Glue Down,"Glue Down, flooring, UK flooring",TRUE,Title,Default Title,73967-22229,0,shopify,100,deny,manual,31.19,,TRUE,TRUE,https://imagely.factory-direct-flooring.co.uk/media/catalog/product/cache/07f4e6a093cd3c305a832187014ed50b/c/h/chic_parquet_mini_lvt_dry_back_blackjack_oak_229_5.jpg,1,Chic Parquet Mini LVT Flooring Dry Back Blackjack Oak 229,Chic Parquet Mini LVT Flooring Dry Back Blackjack Oak 229,,active,Home & Garden > Decor > Flooring,glue-down
chic-parquet-mini-lvt-flooring-dry-back-blackjack-oak-229,,,,,,,,,,,,,,,,,,,,https://imagely.factory-direct-flooring.co.uk/media/catalog/product/cache/07f4e6a093cd3c305a832187014ed50b/c/h/chic_parquet_mini_lvt_dry_back_blackjack_oak_229_1.jpg,2,Chic Parquet Mini LVT Flooring Dry Back Blackjack Oak 229,,,,,
chic-parquet-mini-lvt-flooring-dry-back-country-oak-991,Chic Parquet Mini LVT Flooring Dry Back Country Oak 991,,Factory Direct Flooring,Home & Garden > Decor > Flooring,Glue Down,"Glue Down, flooring, UK flooring",TRUE,Title,Default Title,73968-54991,0,shopify,100,deny,manual,23.99,,TRUE,TRUE,https://imagely.factory-direct-flooring.co.uk/media/catalog/product/cache/07f4e6a093cd3c305a832187014ed50b/c/h/chic_parquet_mini_lvt_dry_back_country_oak_991_1_1.jpg,1,Chic Parquet Mini LVT Flooring Dry Back Country Oak 991,Chic Parquet Mini LVT Flooring Dry Back Country Oak 991,,active,Home & Garden > Decor > Flooring,glue-down
chic-parquet-mini-lvt-flooring-dry-back-country-oak-991,,,,,,,,,,,,,,,,,,,,https://imagely.factory-direct-flooring.co.uk/media/catalog/product/cache/07f4e6a093cd3c305a832187014ed50b/c/h/chic_parquet_mini_lvt_dry_back_country_oak_991_4_1.jpg,2,Chic Parquet Mini LVT Flooring Dry Back Country Oak 991,,,,,
chic-parquet-mini-lvt-flooring-dry-back-sierra-oak-346,Chic Parquet Mini LVT Flooring Dry Back Sierra Oak 346,,Factory Direct Flooring,Home & Garden > Decor > Flooring,Glue Down,"Glue Down, flooring, UK flooring",TRUE,Title,Default Title,73971-58346,0,shopify,100,deny,manual,27.35,,TRUE,TRUE,https://imagely.factory-direct-flooring.co.uk/media/catalog/product/cache/07f4e6a093cd3c305a832187014ed50b/c/h/chic_parquet_mini_lvt_dry_back_sierra_oak_346_1_1.jpg,1,Chic Parquet Mini LVT Flooring Dry Back Sierra Oak 346,Chic Parquet Mini LVT Flooring Dry Back Sierra Oak 346,,active,Home & Garden > Decor > Flooring,glue-down
chic-parquet-mini-lvt-flooring-dry-back-sierra-oak-346,,,,,,,,,,,,,,,,,,,,https://imagely.factory-direct-flooring.co.uk/media/catalog/product/cache/07f4e6a093cd3c305a832187014ed50b/c/h/chic_parquet_mini_lvt_dry_back_sierra_oak_346_1.jpg,2,Chic Parquet Mini LVT Flooring Dry Back Sierra Oak 346,,,,,
aqua-plank-natural-oak-click-vinyl-flooring,Aqua Plank Natural Oak Click Vinyl Flooring,,Factory Direct Flooring,Home & Garden > Decor > Flooring,Click Vinyl,"Click Vinyl, flooring, UK flooring",TRUE,Title,Default Title,AP73941N,0,shopify,0,deny,manual,25.18,,TRUE,TRUE,https://imagely.factory-direct-flooring.co.uk/media/catalog/product/cache/07f4e6a093cd3c305a832187014ed50b/a/q/aqua_plank_natural_oak_click_vinyl_flooring_10.jpg,1,Aqua Plank Natural Oak Click Vinyl Flooring,Aqua Plank Natural Oak Click Vinyl Flooring,,draft,Home & Garden > Decor > Flooring,click-vinyl
aqua-plank-natural-oak-click-vinyl-flooring,,,,,,,,,,,,,,,,,,,,https://imagely.factory-direct-flooring.co.uk/media/catalog/product/cache/07f4e6a093cd3c305a832187014ed50b/a/q/aqua_plank_natural_oak_click_vinyl_flooring_11.jpg,2,Aqua Plank Natural Oak Click Vinyl Flooring,,,,,
aqua-plank-colorado-oak-click-vinyl-flooring,Aqua Plank Colorado Oak Click Vinyl Flooring,,Factory Direct Flooring,Home & Garden > Decor > Flooring,Click Vinyl,"Click Vinyl, flooring, UK flooring",TRUE,Title,Default Title,AP73943N,0,shopify,100,deny,manual,25.18,,TRUE,TRUE,https://imagely.factory-direct-flooring.co.uk/media/catalog/product/cache/07f4e6a093cd3c305a832187014ed50b/a/q/aqua_plank_colorado_oak_click_vinyl_flooring_10.jpg,1,Aqua Plank Colorado Oak Click Vinyl Flooring,Aqua Plank Colorado Oak Click Vinyl Flooring,,active,Home & Garden > Decor > Flooring,click-vinyl
aqua-plank-colorado-oak-click-vinyl-flooring,,,,,,,,,,,,,,,,,,,,https://imagely.factory-direct-flooring.co.uk/media/catalog/product/cache/07f4e6a093cd3c305a832187014ed50b/a/q/aqua_plank_colorado_oak_click_vinyl_flooring_21.jpg,2,Aqua Plank Colorado Oak Click Vinyl Flooring,,,,,
aqua-plank-thimble-oak-click-vinyl-flooring,Aqua Plank Thimble Oak Click Vinyl Flooring,,Factory Direct Flooring,Home & Garden > Decor > Flooring,Click Vinyl,"Click Vinyl, flooring, UK flooring",TRUE,Title,Default Title,AP73995N,0,shopify,100,deny,manual,25.18,,TRUE,TRUE,https://imagely.factory-direct-flooring.co.uk/media/catalog/product/cache/07f4e6a093cd3c305a832187014ed50b/a/p/ap73995n_16.jpg,1,Aqua Plank Thimble Oak Click Vinyl Flooring,Aqua Plank Thimble Oak Click Vinyl Flooring,,active,Home & Garden > Decor > Flooring,click-vinyl
aqua-plank-thimble-oak-click-vinyl-flooring,,,,,,,,,,,,,,,,,,,,https://imagely.factory-direct-flooring.co.uk/media/catalog/product/cache/07f4e6a093cd3c305a832187014ed50b/a/p/ap73995n_9.jpg,2,Aqua Plank Thimble Oak Click Vinyl Flooring,,,,,
aqua-plank-lumber-oak-click-vinyl-flooring,Aqua Plank Lumber Oak Click Vinyl Flooring,,Factory Direct Flooring,Home & Garden > Decor > Flooring,Click Vinyl,"Click Vinyl, flooring, UK flooring",TRUE,Title,Default Title,AP73944N,0,shopify,100,deny,manual,25.18,,TRUE,TRUE,https://imagely.factory-direct-flooring.co.uk/media/catalog/product/cache/07f4e6a093cd3c305a832187014ed50b/a/q/aqua_plank_lumber_oak_click_vinyl_flooring_10.jpg,1,Aqua Plank Lumber Oak Click Vinyl Flooring,Aqua Plank Lumber Oak Click Vinyl Flooring,,active,Home & Garden > Decor > Flooring,click-vinyl
aqua-plank-lumber-oak-click-vinyl-flooring,,,,,,,,,,,,,,,,,,,,https://imagely.factory-direct-flooring.co.uk/media/catalog/product/cache/07f4e6a093cd3c305a832187014ed50b/a/q/aqua_plank_lumber_oak_click_vinyl_flooring_20.jpg,2,Aqua Plank Lumber Oak Click Vinyl Flooring,,,,,
aqua-plank-kansas-oak-click-vinyl-flooring,Aqua Plank Kansas Oak Click Vinyl Flooring,,Factory Direct Flooring,Home & Garden > Decor > Flooring,Click Vinyl,"Click Vinyl, flooring, UK flooring",TRUE,Title,Default Title,AP73998N,0,shopify,100,deny,manual,25.18,,TRUE,TRUE,https://imagely.factory-direct-flooring.co.uk/media/catalog/product/cache/07f4e6a093cd3c305a832187014ed50b/a/p/ap73998_15.jpg,1,Aqua Plank Kansas Oak Click Vinyl Flooring,Aqua Plank Kansas Oak Click Vinyl Flooring,,active,Home & Garden > Decor > Flooring,click-vinyl
aqua-plank-kansas-oak-click-vinyl-flooring,,,,,,,,,,,,,,,,,,,,https://imagely.factory-direct-flooring.co.uk/media/catalog/product/cache/07f4e6a093cd3c305a832187014ed50b/a/p/ap73998_7.jpg,2,Aqua Plank Kansas Oak Click Vinyl Flooring,,,,,
aqua-plank-stove-oak-click-vinyl-flooring,Aqua Plank Stove Oak Click Vinyl Flooring,,Factory Direct Flooring,Home & Garden > Decor > Flooring,Click Vinyl,"Click Vinyl, flooring, UK flooring",TRUE,Title,Default Title,AP73997N,0,shopify,100,deny,manual,25.18,,TRUE,TRUE,https://imagely.factory-direct-flooring.co.uk/media/catalog/product/cache/07f4e6a093cd3c305a832187014ed50b/a/p/ap73997_1.jpg,1,Aqua Plank Stove Oak Click Vinyl Flooring,Aqua Plank Stove Oak Click Vinyl Flooring,,active,Home & Garden > Decor > Flooring,click-vinyl
aqua-plank-stove-oak-click-vinyl-flooring,,,,,,,,,,,,,,,,,,,,https://imagely.factory-direct-flooring.co.uk/media/catalog/product/cache/07f4e6a093cd3c305a832187014ed50b/a/q/aqua_plank_stove_oak_click_vinyl_flooring_21.jpg,2,Aqua Plank Stove Oak Click Vinyl Flooring,,,,,
aqua-plank-shale-grey-oak-click-vinyl-flooring,Aqua Plank Shale Grey Oak Click Vinyl Flooring,,Factory Direct Flooring,Home & Garden > Decor > Flooring,Click Vinyl,"Click Vinyl, flooring, UK flooring",TRUE,Title,Default Title,AP74002N,0,shopify,100,deny,manual,25.18,,TRUE,TRUE,https://imagely.factory-direct-flooring.co.uk/media/catalog/product/cache/07f4e6a093cd3c305a832187014ed50b/a/p/ap74002n_2.jpg,1,Aqua Plank Shale Grey Oak Click Vinyl Flooring,Aqua Plank Shale Grey Oak Click Vinyl Flooring,,active,Home & Garden > Decor > Flooring,click-vinyl
aqua-plank-shale-grey-oak-click-vinyl-flooring,,,,,,,,,,,,,,,,,,,,https://imagely.factory-direct-flooring.co.uk/media/catalog/product/cache/07f4e6a093cd3c305a832187014ed50b/a/p/ap74002n_16.jpg,2,Aqua Plank Shale Grey Oak Click Vinyl Flooring,,,,,
aqua-plank-putty-grey-oak-click-vinyl-flooring,Aqua Plank Putty Grey Oak Click Vinyl Flooring,,Factory Direct Flooring,Home & Garden > Decor > Flooring,Click Vinyl,"Click Vinyl, flooring, UK flooring",TRUE,Title,Default Title,AP74001N,0,shopify,100,deny,manual,25.18,,TRUE,TRUE,https://imagely.factory-direct-flooring.co.uk/media/catalog/product/cache/07f4e6a093cd3c305a832187014ed50b/a/p/ap74001n_1.jpg,1,Aqua Plank Putty Grey Oak Click Vinyl Flooring,Aqua Plank Putty Grey Oak Click Vinyl Flooring,,active,Home & Garden > Decor > Flooring,click-vinyl
aqua-plank-putty-grey-oak-click-vinyl-flooring,,,,,,,,,,,,,,,,,,,,https://imagely.factory-direct-flooring.co.uk/media/catalog/product/cache/07f4e6a093cd3c305a832187014ed50b/a/p/ap74001n_17.jpg,2,Aqua Plank Putty Grey Oak Click Vinyl Flooring,,,,,
aqua-plank-metal-oak-click-vinyl-flooring,Aqua Plank Metal Oak Click Vinyl Flooring,,Factory Direct Flooring,Home & Garden > Decor > Flooring,Click Vinyl,"Click Vinyl, flooring, UK flooring",TRUE,Title,Default Title,AP74000N,0,shopify,100,deny,manual,25.18,,TRUE,TRUE,https://imagely.factory-direct-flooring.co.uk/media/catalog/product/cache/07f4e6a093cd3c305a832187014ed50b/a/p/ap74000n_15.jpg,1,Aqua Plank Metal Oak Click Vinyl Flooring,Aqua Plank Metal Oak Click Vinyl Flooring,,active,Home & Garden > Decor > Flooring,click-vinyl
aqua-plank-metal-oak-click-vinyl-flooring,,,,,,,,,,,,,,,,,,,,https://imagely.factory-direct-flooring.co.uk/media/catalog/product/cache/07f4e6a093cd3c305a832187014ed50b/a/q/aqua_plank_metal_oak_click_vinyl_flooring_21.jpg,2,Aqua Plank Metal Oak Click Vinyl Flooring,,,,,
aqua-plank-ingot-grey-herringbone-click-vinyl-flooring,Aqua Plank Ingot Grey Herringbone Click Vinyl Flooring,,Factory Direct Flooring,Home & Garden > Decor > Flooring,Click Vinyl,"Click Vinyl, flooring, UK flooring",TRUE,Title,Default Title,AP74004H,0,shopify,100,deny,manual,29.98,,TRUE,TRUE,https://imagely.factory-direct-flooring.co.uk/media/catalog/product/cache/07f4e6a093cd3c305a832187014ed50b/a/q/aqua_plank_ingot_grey_herringbone_click_vinyl_flooring_11.jpg,1,Aqua Plank Ingot Grey Herringbone Click Vinyl Flooring,Aqua Plank Ingot Grey Herringbone Click Vinyl Flooring,,active,Home & Garden > Decor > Flooring,click-vinyl
aqua-plank-ingot-grey-herringbone-click-vinyl-flooring,,,,,,,,,,,,,,,,,,,,https://imagely.factory-direct-flooring.co.uk/media/catalog/product/cache/07f4e6a093cd3c305a832187014ed50b/a/q/aqua_plank_ingot_grey_herringbone_click_vinyl_flooring_1.jpg,2,Aqua Plank Ingot Grey Herringbone Click Vinyl Flooring,,,,,
aqua-plank-ravine-grey-herringbone-click-vinyl-flooring,Aqua Plank Ravine Grey Herringbone Click Vinyl Flooring,,Factory Direct Flooring,Home & Garden > Decor > Flooring,Click Vinyl,"Click Vinyl, flooring, UK flooring",TRUE,Title,Default Title,AP74003H,0,shopify,100,deny,manual,29.98,,TRUE,TRUE,https://imagely.factory-direct-flooring.co.uk/media/catalog/product/cache/07f4e6a093cd3c305a832187014ed50b/a/q/aqua_plank_ravine_grey_herringbone_click_vinyl_flooring_3.jpg,1,Aqua Plank Ravine Grey Herringbone Click Vinyl Flooring,Aqua Plank Ravine Grey Herringbone Click Vinyl Flooring,,active,Home & Garden > Decor > Flooring,click-vinyl
aqua-plank-ravine-grey-herringbone-click-vinyl-flooring,,,,,,,,,,,,,,,,,,,,https://imagely.factory-direct-flooring.co.uk/media/catalog/product/cache/07f4e6a093cd3c305a832187014ed50b/a/q/aqua_plank_ravine_grey_herringbone_click_vinyl_flooring_2.jpg,2,Aqua Plank Ravine Grey Herringbone Click Vinyl Flooring,,,,,
aqua-plank-savanna-oak-click-vinyl-flooring,Aqua Plank Savanna Oak Click Vinyl Flooring,,Factory Direct Flooring,Home & Garden > Decor > Flooring,Click Vinyl,"Click Vinyl, flooring, UK flooring",TRUE,Title,Default Title,AP74056N,0,shopify,100,deny,manual,23.97,,TRUE,TRUE,https://imagely.factory-direct-flooring.co.uk/media/catalog/product/cache/07f4e6a093cd3c305a832187014ed50b/a/p/ap74056n_8.jpg,1,Aqua Plank Savanna Oak Click Vinyl Flooring,Aqua Plank Savanna Oak Click Vinyl Flooring,,active,Home & Garden > Decor > Flooring,click-vinyl
aqua-plank-savanna-oak-click-vinyl-flooring,,,,,,,,,,,,,,,,,,,,https://imagely.factory-direct-flooring.co.uk/media/catalog/product/cache/07f4e6a093cd3c305a832187014ed50b/a/p/ap74056n_14.jpg,2,Aqua Plank Savanna Oak Click Vinyl Flooring,,,,,
aqua-plank-live-oak-herringbone-click-vinyl-flooring,Aqua Plank Live Oak Herringbone Click Vinyl Flooring,,Factory Direct Flooring,Home & Garden > Decor > Flooring,Click Vinyl,"Click Vinyl, flooring, UK flooring",TRUE,Title,Default Title,AP74005H,0,shopify,100,deny,manual,29.98,,TRUE,TRUE,https://imagely.factory-direct-flooring.co.uk/media/catalog/product/cache/07f4e6a093cd3c305a832187014ed50b/a/p/ap74005h_18.jpg,1,Aqua Plank Live Oak Herringbone Click Vinyl Flooring,Aqua Plank Live Oak Herringbone Click Vinyl Flooring,,active,Home & Garden > Decor > Flooring,click-vinyl
aqua-plank-live-oak-herringbone-click-vinyl-flooring,,,,,,,,,,,,,,,,,,,,https://imagely.factory-direct-flooring.co.uk/media/catalog/product/cache/07f4e6a093cd3c305a832187014ed50b/a/p/ap74005h_22.jpg,2,Aqua Plank Live Oak Herringbone Click Vinyl Flooring,,,,,
aqua-plank-mercury-grey-click-vinyl-flooring,Aqua Plank Mercury Grey Click Vinyl Flooring,,Factory Direct Flooring,Home & Garden > Decor > Flooring,Click Vinyl,"Click Vinyl, flooring, UK flooring",TRUE,Title,Default Title,AP74060N,0,shopify,100,deny,manual,23.97,,TRUE,TRUE,https://imagely.factory-direct-flooring.co.uk/media/catalog/product/cache/07f4e6a093cd3c305a832187014ed50b/a/p/ap74060n_9.jpg,1,Aqua Plank Mercury Grey Click Vinyl Flooring,Aqua Plank Mercury Grey Click Vinyl Flooring,,active,Home & Garden > Decor > Flooring,click-vinyl
aqua-plank-mercury-grey-click-vinyl-flooring,,,,,,,,,,,,,,,,,,,,https://imagely.factory-direct-flooring.co.uk/media/catalog/product/cache/07f4e6a093cd3c305a832187014ed50b/a/p/ap74060n_12.jpg,2,Aqua Plank Mercury Grey Click Vinyl Flooring,,,,,
aqua-plank-shingle-oak-herringbone-click-vinyl-flooring,Aqua Plank Shingle Oak Herringbone Click Vinyl Flooring,,Factory Direct Flooring,Home & Garden > Decor > Flooring,Click Vinyl,"Click Vinyl, flooring, UK flooring",TRUE,Title,Default Title,AP74006H,0,shopify,100,deny,manual,29.98,,TRUE,TRUE,https://imagely.factory-direct-flooring.co.uk/media/catalog/product/cache/07f4e6a093cd3c305a832187014ed50b/a/p/ap74006h_11.jpg,1,Aqua Plank Shingle Oak Herringbone Click Vinyl Flooring,Aqua Plank Shingle Oak Herringbone Click Vinyl Flooring,,active,Home & Garden > Decor > Flooring,click-vinyl
aqua-plank-shingle-oak-herringbone-click-vinyl-flooring,,,,,,,,,,,,,,,,,,,,https://imagely.factory-direct-flooring.co.uk/media/catalog/product/cache/07f4e6a093cd3c305a832187014ed50b/a/p/ap74006h_13.jpg,2,Aqua Plank Shingle Oak Herringbone Click Vinyl Flooring,,,,,
aqua-plank-bisque-oak-click-vinyl-flooring,Aqua Plank Bisque Oak Click Vinyl Flooring,,Factory Direct Flooring,Home & Garden > Decor > Flooring,Click Vinyl,"Click Vinyl, flooring, UK flooring",TRUE,Title,Default Title,AP74055N,0,shopify,100,deny,manual,23.97,,TRUE,TRUE,https://imagely.factory-direct-flooring.co.uk/media/catalog/product/cache/07f4e6a093cd3c305a832187014ed50b/a/p/ap74055n_10.jpg,1,Aqua Plank Bisque Oak Click Vinyl Flooring,Aqua Plank Bisque Oak Click Vinyl Flooring,,active,Home & Garden > Decor > Flooring,click-vinyl
aqua-plank-bisque-oak-click-vinyl-flooring,,,,,,,,,,,,,,,,,,,,https://imagely.factory-direct-flooring.co.uk/media/catalog/product/cache/07f4e6a093cd3c305a832187014ed50b/a/p/ap74055n_15.jpg,2,Aqua Plank Bisque Oak Click Vinyl Flooring,,,,,
aqua-plank-saddle-oak-click-vinyl-flooring,Aqua Plank Saddle Oak Click Vinyl Flooring,,Factory Direct Flooring,Home & Garden > Decor > Flooring,Click Vinyl,"Click Vinyl, flooring, UK flooring",TRUE,Title,Default Title,AP74059N,0,shopify,100,deny,manual,23.97,,TRUE,TRUE,https://imagely.factory-direct-flooring.co.uk/media/catalog/product/cache/07f4e6a093cd3c305a832187014ed50b/a/p/ap74059n_13_1.jpg,1,Aqua Plank Saddle Oak Click Vinyl Flooring,Aqua Plank Saddle Oak Click Vinyl Flooring,,active,Home & Garden > Decor > Flooring,click-vinyl
aqua-plank-saddle-oak-click-vinyl-flooring,,,,,,,,,,,,,,,,,,,,https://imagely.factory-direct-flooring.co.uk/media/catalog/product/cache/07f4e6a093cd3c305a832187014ed50b/a/p/ap74059n_15_1.jpg,2,Aqua Plank Saddle Oak Click Vinyl Flooring,,,,,
aqua-plank-ultra-cottage-oak-click-vinyl-floor,Aqua Plank Ultra Cottage Oak Click Vinyl Floor,,Factory Direct Flooring,Home & Garden > Decor > Flooring,Click Vinyl,"Click Vinyl, flooring, UK flooring",TRUE,Title,Default Title,AUL73877,0,shopify,100,deny,manual,29.99,,TRUE,TRUE,https://imagely.factory-direct-flooring.co.uk/media/catalog/product/cache/07f4e6a093cd3c305a832187014ed50b/a/q/aqua_plank_ultra_cottage_oak_click_vinyl_floor_4.jpg,1,Aqua Plank Ultra Cottage Oak Click Vinyl Floor,Aqua Plank Ultra Cottage Oak Click Vinyl Floor,,active,Home & Garden > Decor > Flooring,click-vinyl
aqua-plank-ultra-cottage-oak-click-vinyl-floor,,,,,,,,,,,,,,,,,,,,https://imagely.factory-direct-flooring.co.uk/media/catalog/product/cache/07f4e6a093cd3c305a832187014ed50b/a/q/aqua_plank_ultra_cottage_oak_click_vinyl_floor_6.jpg,2,Aqua Plank Ultra Cottage Oak Click Vinyl Floor,,,,,
aqua-plank-columbian-oak-herringbone-click-vinyl,Aqua Plank Columbian Oak Herringbone Click Vinyl,,Factory Direct Flooring,Home & Garden > Decor > Flooring,Click Vinyl,"Click Vinyl, flooring, UK flooring",TRUE,Title,Default Title,AP73980H,0,shopify,100,deny,manual,29.98,,TRUE,TRUE,https://imagely.factory-direct-flooring.co.uk/media/catalog/product/cache/07f4e6a093cd3c305a832187014ed50b/a/q/aqua_plank_columbian_oak_herringbone_click_vinyl_10.jpg,1,Aqua Plank Columbian Oak Herringbone Click Vinyl,Aqua Plank Columbian Oak Herringbone Click Vinyl,,active,Home & Garden > Decor > Flooring,click-vinyl
aqua-plank-columbian-oak-herringbone-click-vinyl,,,,,,,,,,,,,,,,,,,,https://imagely.factory-direct-flooring.co.uk/media/catalog/product/cache/07f4e6a093cd3c305a832187014ed50b/a/q/aqua_plank_columbian_oak_herringbone_click_vinyl_11.jpg,2,Aqua Plank Columbian Oak Herringbone Click Vinyl,,,,,
aqua-plank-nature-oak-herringbone-click-vinyl,Aqua Plank Nature Oak Herringbone Click Vinyl,,Factory Direct Flooring,Home & Garden > Decor > Flooring,Click Vinyl,"Click Vinyl, flooring, UK flooring",TRUE,Title,Default Title,AP73982H,0,shopify,100,deny,manual,29.98,,TRUE,TRUE,https://imagely.factory-direct-flooring.co.uk/media/catalog/product/cache/07f4e6a093cd3c305a832187014ed50b/a/p/ap73982h_11.jpg,1,Aqua Plank Nature Oak Herringbone Click Vinyl,Aqua Plank Nature Oak Herringbone Click Vinyl,,active,Home & Garden > Decor > Flooring,click-vinyl
aqua-plank-nature-oak-herringbone-click-vinyl,,,,,,,,,,,,,,,,,,,,https://imagely.factory-direct-flooring.co.uk/media/catalog/product/cache/07f4e6a093cd3c305a832187014ed50b/a/p/ap73982h_16.jpg,2,Aqua Plank Nature Oak Herringbone Click Vinyl,,,,,
aqua-plank-pendosa-oak-herringbone-click-vinyl,Aqua Plank Pendosa Oak Herringbone Click Vinyl,,Factory Direct Flooring,Home & Garden > Decor > Flooring,Click Vinyl,"Click Vinyl, flooring, UK flooring",TRUE,Title,Default Title,AP73981H,0,shopify,100,deny,manual,29.98,,TRUE,TRUE,https://imagely.factory-direct-flooring.co.uk/media/catalog/product/cache/07f4e6a093cd3c305a832187014ed50b/a/q/aqua_plank_pendosa_oak_herringbone_click_vinyl_10.jpg,1,Aqua Plank Pendosa Oak Herringbone Click Vinyl,Aqua Plank Pendosa Oak Herringbone Click Vinyl,,active,Home & Garden > Decor > Flooring,click-vinyl
aqua-plank-pendosa-oak-herringbone-click-vinyl,,,,,,,,,,,,,,,,,,,,https://imagely.factory-direct-flooring.co.uk/media/catalog/product/cache/07f4e6a093cd3c305a832187014ed50b/a/q/aqua_plank_pendosa_oak_herringbone_click_vinyl_13.jpg,2,Aqua Plank Pendosa Oak Herringbone Click Vinyl,,,,,
aqua-plank-hazel-oak-herringbone-click-vinyl,Aqua Plank Hazel Oak Herringbone Click Vinyl,,Factory Direct Flooring,Home & Garden > Decor > Flooring,Click Vinyl,"Click Vinyl, flooring, UK flooring",TRUE,Title,Default Title,AP74159H,0,shopify,100,deny,manual,29.98,,TRUE,TRUE,https://imagely.factory-direct-flooring.co.uk/media/catalog/product/cache/07f4e6a093cd3c305a832187014ed50b/a/p/ap74159h_16_2.jpg,1,Aqua Plank Hazel Oak Herringbone Click Vinyl,Aqua Plank Hazel Oak Herringbone Click Vinyl,,active,Home & Garden > Decor > Flooring,click-vinyl
aqua-plank-hazel-oak-herringbone-click-vinyl,,,,,,,,,,,,,,,,,,,,https://imagely.factory-direct-flooring.co.uk/media/catalog/product/cache/07f4e6a093cd3c305a832187014ed50b/a/p/ap74159h_10_2.jpg,2,Aqua Plank Hazel Oak Herringbone Click Vinyl,,,,,
aqua-plank-pure-oak-herringbone-click-vinyl,Aqua Plank Pure Oak Herringbone Click Vinyl,,Factory Direct Flooring,Home & Garden > Decor > Flooring,Click Vinyl,"Click Vinyl, flooring, UK flooring",TRUE,Title,Default Title,AP73979H,0,shopify,100,deny,manual,29.98,,TRUE,TRUE,https://imagely.factory-direct-flooring.co.uk/media/catalog/product/cache/07f4e6a093cd3c305a832187014ed50b/a/p/ap73979h-12.jpg,1,Aqua Plank Pure Oak Herringbone Click Vinyl,Aqua Plank Pure Oak Herringbone Click Vinyl,,active,Home & Garden > Decor > Flooring,click-vinyl
aqua-plank-pure-oak-herringbone-click-vinyl,,,,,,,,,,,,,,,,,,,,https://imagely.factory-direct-flooring.co.uk/media/catalog/product/cache/07f4e6a093cd3c305a832187014ed50b/a/p/ap73979h-8.jpg,2,Aqua Plank Pure Oak Herringbone Click Vinyl,,,,,
aqua-plank-white-antique-oak-click-vinyl,Aqua Plank White Antique Oak Click Vinyl,,Factory Direct Flooring,Home & Garden > Decor > Flooring,Click Vinyl,"Click Vinyl, flooring, UK flooring",TRUE,Title,Default Title,AP73994N,0,shopify,100,deny,manual,25.09,,TRUE,TRUE,https://imagely.factory-direct-flooring.co.uk/media/catalog/product/cache/07f4e6a093cd3c305a832187014ed50b/a/p/ap73994n_3.jpg,1,Aqua Plank White Antique Oak Click Vinyl,Aqua Plank White Antique Oak Click Vinyl,,active,Home & Garden > Decor > Flooring,click-vinyl
aqua-plank-white-antique-oak-click-vinyl,,,,,,,,,,,,,,,,,,,,https://imagely.factory-direct-flooring.co.uk/media/catalog/product/cache/07f4e6a093cd3c305a832187014ed50b/a/p/ap73994n_14.jpg,2,Aqua Plank White Antique Oak Click Vinyl,,,,,
aqua-plank-ultra-sand-dune-click-vinyl-flooring,Aqua Plank Ultra Sand Dune Click Vinyl Flooring,,Factory Direct Flooring,Home & Garden > Decor > Flooring,Click Vinyl,"Click Vinyl, flooring, UK flooring",TRUE,Title,Default Title,UL74106,0,shopify,100,deny,manual,31.18,,TRUE,TRUE,https://imagely.factory-direct-flooring.co.uk/media/catalog/product/cache/07f4e6a093cd3c305a832187014ed50b/u/l/ul74106-15.jpg,1,Aqua Plank Ultra Sand Dune Click Vinyl Flooring,Aqua Plank Ultra Sand Dune Click Vinyl Flooring,,active,Home & Garden > Decor > Flooring,click-vinyl
aqua-plank-ultra-sand-dune-click-vinyl-flooring,,,,,,,,,,,,,,,,,,,,https://imagely.factory-direct-flooring.co.uk/media/catalog/product/cache/07f4e6a093cd3c305a832187014ed50b/u/l/ul74106-13.jpg,2,Aqua Plank Ultra Sand Dune Click Vinyl Flooring,,,,,
aqua-plank-ultra-heritage-oak-click-vinyl-flooring,Aqua Plank Ultra Heritage Oak Click Vinyl Flooring,,Factory Direct Flooring,Home & Garden > Decor > Flooring,Click Vinyl,"Click Vinyl, flooring, UK flooring",TRUE,Title,Default Title,UL74105,0,shopify,100,deny,manual,31.18,,TRUE,TRUE,https://imagely.factory-direct-flooring.co.uk/media/catalog/product/cache/07f4e6a093cd3c305a832187014ed50b/u/l/ul74105-12.jpg,1,Aqua Plank Ultra Heritage Oak Click Vinyl Flooring,Aqua Plank Ultra Heritage Oak Click Vinyl Flooring,,active,Home & Garden > Decor > Flooring,click-vinyl
aqua-plank-ultra-heritage-oak-click-vinyl-flooring,,,,,,,,,,,,,,,,,,,,https://imagely.factory-direct-flooring.co.uk/media/catalog/product/cache/07f4e6a093cd3c305a832187014ed50b/u/l/ul74105-6.jpg,2,Aqua Plank Ultra Heritage Oak Click Vinyl Flooring,,,,,
aqua-plank-ultra-greige-click-vinyl-flooring,Aqua Plank Ultra Greige Click Vinyl Flooring,,Factory Direct Flooring,Home & Garden > Decor > Flooring,Click Vinyl,"Click Vinyl, flooring, UK flooring",TRUE,Title,Default Title,UL74104,0,shopify,100,deny,manual,31.18,,TRUE,TRUE,https://imagely.factory-direct-flooring.co.uk/media/catalog/product/cache/07f4e6a093cd3c305a832187014ed50b/u/l/ul74104-9.jpg,1,Aqua Plank Ultra Greige Click Vinyl Flooring,Aqua Plank Ultra Greige Click Vinyl Flooring,,active,Home & Garden > Decor > Flooring,click-vinyl
aqua-plank-ultra-greige-click-vinyl-flooring,,,,,,,,,,,,,,,,,,,,https://imagely.factory-direct-flooring.co.uk/media/catalog/product/cache/07f4e6a093cd3c305a832187014ed50b/u/l/ul74104-4.jpg,2,Aqua Plank Ultra Greige Click Vinyl Flooring,,,,,
aqua-plank-ultra-navada-oak-click-vinyl-flooring,Aqua Plank Ultra Navada Oak Click Vinyl Flooring,,Factory Direct Flooring,Home & Garden > Decor > Flooring,Click Vinyl,"Click Vinyl, flooring, UK flooring",TRUE,Title,Default Title,UL74107,0,shopify,100,deny,manual,31.18,,TRUE,TRUE,https://imagely.factory-direct-flooring.co.uk/media/catalog/product/cache/07f4e6a093cd3c305a832187014ed50b/u/l/ul74107-10.jpg,1,Aqua Plank Ultra Navada Oak Click Vinyl Flooring,Aqua Plank Ultra Navada Oak Click Vinyl Flooring,,active,Home & Garden > Decor > Flooring,click-vinyl
aqua-plank-ultra-navada-oak-click-vinyl-flooring,,,,,,,,,,,,,,,,,,,,https://imagely.factory-direct-flooring.co.uk/media/catalog/product/cache/07f4e6a093cd3c305a832187014ed50b/u/l/ul74107-8.jpg,2,Aqua Plank Ultra Navada Oak Click Vinyl Flooring,,,,,
aqua-plank-ultra-southern-oak-click-vinyl-flooring,Aqua Plank Ultra Southern Oak Click Vinyl Flooring,,Factory Direct Flooring,Home & Garden > Decor > Flooring,Click Vinyl,"Click Vinyl, flooring, UK flooring",TRUE,Title,Default Title,UL74108,0,shopify,100,deny,manual,31.18,,TRUE,TRUE,https://imagely.factory-direct-flooring.co.uk/media/catalog/product/cache/07f4e6a093cd3c305a832187014ed50b/u/l/ul74108-10.jpg,1,Aqua Plank Ultra Southern Oak Click Vinyl Flooring,Aqua Plank Ultra Southern Oak Click Vinyl Flooring,,active,Home & Garden > Decor > Flooring,click-vinyl
aqua-plank-ultra-southern-oak-click-vinyl-flooring,,,,,,,,,,,,,,,,,,,,https://imagely.factory-direct-flooring.co.uk/media/catalog/product/cache/07f4e6a093cd3c305a832187014ed50b/u/l/ul74108-14.jpg,2,Aqua Plank Ultra Southern Oak Click Vinyl Flooring,,,,,
aqua-plank-ultra-northern-oak-click-vinyl-flooring,Aqua Plank Ultra Northern Oak Click Vinyl Flooring,,Factory Direct Flooring,Home & Garden > Decor > Flooring,Click Vinyl,"Click Vinyl, flooring, UK flooring",TRUE,Title,Default Title,UL74109,0,shopify,100,deny,manual,31.18,,TRUE,TRUE,https://imagely.factory-direct-flooring.co.uk/media/catalog/product/cache/07f4e6a093cd3c305a832187014ed50b/u/l/ul74109-12.jpg,1,Aqua Plank Ultra Northern Oak Click Vinyl Flooring,Aqua Plank Ultra Northern Oak Click Vinyl Flooring,,active,Home & Garden > Decor > Flooring,click-vinyl
aqua-plank-ultra-northern-oak-click-vinyl-flooring,,,,,,,,,,,,,,,,,,,,https://imagely.factory-direct-flooring.co.uk/media/catalog/product/cache/07f4e6a093cd3c305a832187014ed50b/u/l/ul74109-6.jpg,2,Aqua Plank Ultra Northern Oak Click Vinyl Flooring,,,,,
hyper-loc-elderflower-h049-click-vinyl,Hyper Loc Elderflower H049 Click Vinyl,,Factory Direct Flooring,Home & Garden > Decor > Flooring,Click Vinyl,"Click Vinyl, flooring, UK flooring",TRUE,Title,Default Title,933WL049,0,shopify,100,deny,manual,34.50,,TRUE,TRUE,https://imagely.factory-direct-flooring.co.uk/media/catalog/product/cache/07f4e6a093cd3c305a832187014ed50b/w/l/wl049_home.jpg,1,Hyper Loc Elderflower H049 Click Vinyl,Hyper Loc Elderflower H049 Click Vinyl,,active,Home & Garden > Decor > Flooring,click-vinyl
hyper-loc-elderflower-h049-click-vinyl,,,,,,,,,,,,,,,,,,,,https://imagely.factory-direct-flooring.co.uk/media/catalog/product/cache/07f4e6a093cd3c305a832187014ed50b/w/l/wl049.jpg,2,Hyper Loc Elderflower H049 Click Vinyl,,,,,
hyper-loc-toffee-oak-h052-click-vinyl,Hyper Loc Toffee Oak H052 Click Vinyl,,Factory Direct Flooring,Home & Garden > Decor > Flooring,Click Vinyl,"Click Vinyl, flooring, UK flooring",TRUE,Title,Default Title,936WL052,0,shopify,100,deny,manual,34.50,,TRUE,TRUE,https://imagely.factory-direct-flooring.co.uk/media/catalog/product/cache/07f4e6a093cd3c305a832187014ed50b/h/y/hyper_loc_toffee_oak_h052_click_vinyl_1.jpg,1,Hyper Loc Toffee Oak H052 Click Vinyl,Hyper Loc Toffee Oak H052 Click Vinyl,,active,Home & Garden > Decor > Flooring,click-vinyl
hyper-loc-toffee-oak-h052-click-vinyl,,,,,,,,,,,,,,,,,,,,https://imagely.factory-direct-flooring.co.uk/media/catalog/product/cache/07f4e6a093cd3c305a832187014ed50b/w/l/wl052_1.jpg,2,Hyper Loc Toffee Oak H052 Click Vinyl,,,,,
hyper-loc-roasted-oak-h053-click-vinyl,Hyper Loc Roasted Oak H053 Click Vinyl,,Factory Direct Flooring,Home & Garden > Decor > Flooring,Click Vinyl,"Click Vinyl, flooring, UK flooring",TRUE,Title,Default Title,937WL053,0,shopify,100,deny,manual,34.50,,TRUE,TRUE,https://imagely.factory-direct-flooring.co.uk/media/catalog/product/cache/07f4e6a093cd3c305a832187014ed50b/h/y/hyper_loc_roasted_oak_h053_click_vinyl_3.jpg,1,Hyper Loc Roasted Oak H053 Click Vinyl,Hyper Loc Roasted Oak H053 Click Vinyl,,active,Home & Garden > Decor > Flooring,click-vinyl
hyper-loc-roasted-oak-h053-click-vinyl,,,,,,,,,,,,,,,,,,,,https://imagely.factory-direct-flooring.co.uk/media/catalog/product/cache/07f4e6a093cd3c305a832187014ed50b/h/y/hyper_loc_roasted_oak_h053_click_vinyl_4.jpg,2,Hyper Loc Roasted Oak H053 Click Vinyl,,,,,
hyper-loc-glazed-oak-h050-click-vinyl,Hyper Loc Glazed Oak H050 Click Vinyl,,Factory Direct Flooring,Home & Garden > Decor > Flooring,Click Vinyl,"Click Vinyl, flooring, UK flooring",TRUE,Title,Default Title,934WL050,0,shopify,100,deny,manual,34.50,,TRUE,TRUE,https://imagely.factory-direct-flooring.co.uk/media/catalog/product/cache/07f4e6a093cd3c305a832187014ed50b/h/y/hyper_loc_glazed_oak_h050_click_vinyl_4.jpg,1,Hyper Loc Glazed Oak H050 Click Vinyl,Hyper Loc Glazed Oak H050 Click Vinyl,,active,Home & Garden > Decor > Flooring,click-vinyl
hyper-loc-glazed-oak-h050-click-vinyl,,,,,,,,,,,,,,,,,,,,https://imagely.factory-direct-flooring.co.uk/media/catalog/product/cache/07f4e6a093cd3c305a832187014ed50b/h/y/hyper_loc_glazed_oak_h050_click_vinyl_1.jpg,2,Hyper Loc Glazed Oak H050 Click Vinyl,,,,,
hyper-loc-natural-oak-h051-click-vinyl,Hyper Loc Natural Oak H051 Click Vinyl,,Factory Direct Flooring,Home & Garden > Decor > Flooring,Click Vinyl,"Click Vinyl, flooring, UK flooring",TRUE,Title,Default Title,935WL051,0,shopify,100,deny,manual,34.50,,TRUE,TRUE,https://imagely.factory-direct-flooring.co.uk/media/catalog/product/cache/07f4e6a093cd3c305a832187014ed50b/h/y/hyper_loc_natural_oak_h051_click_vinyl_1.jpg,1,Hyper Loc Natural Oak H051 Click Vinyl,Hyper Loc Natural Oak H051 Click Vinyl,,active,Home & Garden > Decor > Flooring,click-vinyl
hyper-loc-natural-oak-h051-click-vinyl,,,,,,,,,,,,,,,,,,,,https://imagely.factory-direct-flooring.co.uk/media/catalog/product/cache/07f4e6a093cd3c305a832187014ed50b/w/l/wl051.jpg,2,Hyper Loc Natural Oak H051 Click Vinyl,,,,,
hyper-loc-matt-smoked-oak-h054-click-vinyl,Hyper Loc Matt Smoked Oak H054 Click Vinyl,,Factory Direct Flooring,Home & Garden > Decor > Flooring,Click Vinyl,"Click Vinyl, flooring, UK flooring",TRUE,Title,Default Title,938WL054,0,shopify,100,deny,manual,34.50,,TRUE,TRUE,https://imagely.factory-direct-flooring.co.uk/media/catalog/product/cache/07f4e6a093cd3c305a832187014ed50b/h/y/hyper_loc_matt_smoked_oak_h054_click_vinyl_6.jpg,1,Hyper Loc Matt Smoked Oak H054 Click Vinyl,Hyper Loc Matt Smoked Oak H054 Click Vinyl,,active,Home & Garden > Decor > Flooring,click-vinyl
hyper-loc-matt-smoked-oak-h054-click-vinyl,,,,,,,,,,,,,,,,,,,,https://imagely.factory-direct-flooring.co.uk/media/catalog/product/cache/07f4e6a093cd3c305a832187014ed50b/w/l/wl054.jpg,2,Hyper Loc Matt Smoked Oak H054 Click Vinyl,,,,,
eprosafe-s34-silk-oak-commercial-vinyl,Eprosafe S34 Silk Oak Commercial Vinyl,,Factory Direct Flooring,Home & Garden > Decor > Flooring,Cushion Flooring,"Cushion Flooring, flooring, UK flooring",TRUE,Title,Default Title,73920ST,0,shopify,100,deny,manual,20.39,,TRUE,TRUE,https://imagely.factory-direct-flooring.co.uk/media/catalog/product/cache/07f4e6a093cd3c305a832187014ed50b/e/p/eprosafe_s34_silk_oak_commercial_vinyl_-4m.jpg,1,Eprosafe S34 Silk Oak Commercial Vinyl,Eprosafe S34 Silk Oak Commercial Vinyl,,active,Home & Garden > Decor > Flooring,cushion-flooring
ecostep-vinyl-flooring-black-white-019d,Ecostep Vinyl Flooring Black White 019D,,Factory Direct Flooring,Home & Garden > Decor > Flooring,Cushion Flooring,"Cushion Flooring, flooring, UK flooring",TRUE,Title,Default Title,69295ST,0,shopify,100,deny,manual,10.79,,TRUE,TRUE,https://imagely.factory-direct-flooring.co.uk/media/catalog/product/cache/07f4e6a093cd3c305a832187014ed50b/e/c/ecostep_black_white_019d_vinyl_cushion_floor_classic.jpg,1,Ecostep Vinyl Flooring Black White 019D,Ecostep Vinyl Flooring Black White 019D,,active,Home & Garden > Decor > Flooring,cushion-flooring
ecostep-vinyl-flooring-black-white-019d,,,,,,,,,,,,,,,,,,,,https://imagely.factory-direct-flooring.co.uk/media/catalog/product/cache/07f4e6a093cd3c305a832187014ed50b/e/c/ecostep-black-white-019-vinyl-cushion-floor-lifestyle-xl-5.jpg,2,Ecostep Vinyl Flooring Black White 019D,,,,,
eprosafe-s50-oak-commercial-vinyl,Eprosafe S50 Oak Commercial Vinyl,,Factory Direct Flooring,Home & Garden > Decor > Flooring,Cushion Flooring,"Cushion Flooring, flooring, UK flooring",TRUE,Title,Default Title,73922ST,0,shopify,100,deny,manual,20.39,,TRUE,TRUE,https://imagely.factory-direct-flooring.co.uk/media/catalog/product/cache/07f4e6a093cd3c305a832187014ed50b/e/p/eprosafe_s50_oak_commercial_vinyl_-4m.jpg,1,Eprosafe S50 Oak Commercial Vinyl,Eprosafe S50 Oak Commercial Vinyl,,active,Home & Garden > Decor > Flooring,cushion-flooring
eprosafe-s91-plank-grey-commercial-vinyl,Eprosafe S91 Plank Grey Commercial Vinyl,,Factory Direct Flooring,Home & Garden > Decor > Flooring,Cushion Flooring,"Cushion Flooring, flooring, UK flooring",TRUE,Title,Default Title,73921ST,0,shopify,100,deny,manual,20.39,,TRUE,TRUE,https://imagely.factory-direct-flooring.co.uk/media/catalog/product/cache/07f4e6a093cd3c305a832187014ed50b/e/p/eprosafe_s91_plank_grey_commercial_vinyl_-4m.jpg,1,Eprosafe S91 Plank Grey Commercial Vinyl,Eprosafe S91 Plank Grey Commercial Vinyl,,active,Home & Garden > Decor > Flooring,cushion-flooring
eprosafe-s95-concrete-dark-commercial-vinyl,Eprosafe S95 Concrete Dark Commercial Vinyl,,Factory Direct Flooring,Home & Garden > Decor > Flooring,Cushion Flooring,"Cushion Flooring, flooring, UK flooring",TRUE,Title,Default Title,73923ST,0,shopify,100,deny,manual,20.39,,TRUE,TRUE,https://imagely.factory-direct-flooring.co.uk/media/catalog/product/cache/07f4e6a093cd3c305a832187014ed50b/e/p/eprosafe_s95_concrete_dark_commercial_vinyl_.jpg,1,Eprosafe S95 Concrete Dark Commercial Vinyl,Eprosafe S95 Concrete Dark Commercial Vinyl,,active,Home & Garden > Decor > Flooring,cushion-flooring
eprosafe-s94-concrete-light-commercial-vinyl,Eprosafe S94 Concrete Light Commercial Vinyl,,Factory Direct Flooring,Home & Garden > Decor > Flooring,Cushion Flooring,"Cushion Flooring, flooring, UK flooring",TRUE,Title,Default Title,73924ST,0,shopify,100,deny,manual,20.39,,TRUE,TRUE,https://imagely.factory-direct-flooring.co.uk/media/catalog/product/cache/07f4e6a093cd3c305a832187014ed50b/r/e/regina_94-print2560.jpg,1,Eprosafe S94 Concrete Light Commercial Vinyl,Eprosafe S94 Concrete Light Commercial Vinyl,,active,Home & Garden > Decor > Flooring,cushion-flooring
eprosafe-s91-white-stone-commercial-vinyl,Eprosafe S91 White Stone Commercial Vinyl,,Factory Direct Flooring,Home & Garden > Decor > Flooring,Cushion Flooring,"Cushion Flooring, flooring, UK flooring",TRUE,Title,Default Title,73926ST,0,shopify,100,deny,manual,20.39,,TRUE,TRUE,https://imagely.factory-direct-flooring.co.uk/media/catalog/product/cache/07f4e6a093cd3c305a832187014ed50b/e/p/eprosafe_s91_white_stone_commercial_vinyl_-4m.jpg,1,Eprosafe S91 White Stone Commercial Vinyl,Eprosafe S91 White Stone Commercial Vinyl,,active,Home & Garden > Decor > Flooring,cushion-flooring
eprosafe-s31-earth-stone-commercial-vinyl,Eprosafe S31 Earth Stone Commercial Vinyl,,Factory Direct Flooring,Home & Garden > Decor > Flooring,Cushion Flooring,"Cushion Flooring, flooring, UK flooring",TRUE,Title,Default Title,73925ST,0,shopify,100,deny,manual,20.39,,TRUE,TRUE,https://imagely.factory-direct-flooring.co.uk/media/catalog/product/cache/07f4e6a093cd3c305a832187014ed50b/e/p/eprosafe_s31_earth_stone_commercial_vinyl_-4m_1.jpg,1,Eprosafe S31 Earth Stone Commercial Vinyl,Eprosafe S31 Earth Stone Commercial Vinyl,,active,Home & Garden > Decor > Flooring,cushion-flooring
eprosafe-s93-grey-stone-commercial-vinyl,Eprosafe S93 Grey Stone Commercial Vinyl,,Factory Direct Flooring,Home & Garden > Decor > Flooring,Cushion Flooring,"Cushion Flooring, flooring, UK flooring",TRUE,Title,Default Title,73929ST,0,shopify,100,deny,manual,20.39,,TRUE,TRUE,https://imagely.factory-direct-flooring.co.uk/media/catalog/product/cache/07f4e6a093cd3c305a832187014ed50b/e/p/eprosafe_s93_grey_stone_commercial_vinyl_-4m.jpg,1,Eprosafe S93 Grey Stone Commercial Vinyl,Eprosafe S93 Grey Stone Commercial Vinyl,,active,Home & Garden > Decor > Flooring,cushion-flooring
eprosafe-s73-blue-stone-commercial-vinyl,Eprosafe S73 Blue Stone Commercial Vinyl,,Factory Direct Flooring,Home & Garden > Decor > Flooring,Cushion Flooring,"Cushion Flooring, flooring, UK flooring",TRUE,Title,Default Title,73928ST,0,shopify,100,deny,manual,20.39,,TRUE,TRUE,https://imagely.factory-direct-flooring.co.uk/media/catalog/product/cache/07f4e6a093cd3c305a832187014ed50b/e/p/eprosafe_s73_blue_stone_commercial_vinyl_-4m.jpg,1,Eprosafe S73 Blue Stone Commercial Vinyl,Eprosafe S73 Blue Stone Commercial Vinyl,,active,Home & Garden > Decor > Flooring,cushion-flooring
eprosafe-s97-dark-stone-commercial-vinyl,Eprosafe S97 Dark Stone Commercial Vinyl,,Factory Direct Flooring,Home & Garden > Decor > Flooring,Cushion Flooring,"Cushion Flooring, flooring, UK flooring",TRUE,Title,Default Title,73927ST,0,shopify,100,deny,manual,20.39,,TRUE,TRUE,https://imagely.factory-direct-flooring.co.uk/media/catalog/product/cache/07f4e6a093cd3c305a832187014ed50b/e/p/eprosafe_s97_dark_stone_commercial_vinyl_.jpg,1,Eprosafe S97 Dark Stone Commercial Vinyl,Eprosafe S97 Dark Stone Commercial Vinyl,,active,Home & Garden > Decor > Flooring,cushion-flooring
ultrafelt-vinyl-flooring-concrete-grey-911m,Ultrafelt Vinyl Flooring Concrete Grey 911M,,Factory Direct Flooring,Home & Garden > Decor > Flooring,Cushion Flooring,"Cushion Flooring, flooring, UK flooring",TRUE,Title,Default Title,73973ST,0,shopify,100,deny,manual,17.87,,TRUE,TRUE,https://imagely.factory-direct-flooring.co.uk/media/catalog/product/cache/07f4e6a093cd3c305a832187014ed50b/u/l/ultrafelt_concrete_grey_911m_vinyl_floor_1.jpg,1,Ultrafelt Vinyl Flooring Concrete Grey 911M,Ultrafelt Vinyl Flooring Concrete Grey 911M,,active,Home & Garden > Decor > Flooring,cushion-flooring
ultrafelt-vinyl-flooring-concrete-grey-911m,,,,,,,,,,,,,,,,,,,,https://imagely.factory-direct-flooring.co.uk/media/catalog/product/cache/07f4e6a093cd3c305a832187014ed50b/u/l/ultrafelt_concrete_grey_911m_vinyl_floor_2.jpg,2,Ultrafelt Vinyl Flooring Concrete Grey 911M,,,,,
ultrafelt-vinyl-flooring-dark-concrete-969d,Ultrafelt Vinyl Flooring Dark Concrete 969D,,Factory Direct Flooring,Home & Garden > Decor > Flooring,Cushion Flooring,"Cushion Flooring, flooring, UK flooring",TRUE,Title,Default Title,73976ST,0,shopify,100,deny,manual,17.87,,TRUE,TRUE,https://imagely.factory-direct-flooring.co.uk/media/catalog/product/cache/07f4e6a093cd3c305a832187014ed50b/u/l/ultrafelt_dark_concrete_969d_vinyl_floor_1.jpg,1,Ultrafelt Vinyl Flooring Dark Concrete 969D,Ultrafelt Vinyl Flooring Dark Concrete 969D,,active,Home & Garden > Decor > Flooring,cushion-flooring
ultrafelt-vinyl-flooring-dark-concrete-969d,,,,,,,,,,,,,,,,,,,,https://imagely.factory-direct-flooring.co.uk/media/catalog/product/cache/07f4e6a093cd3c305a832187014ed50b/u/l/ultrafelt_dark_concrete_969d_vinyl_floor_2.jpg,2,Ultrafelt Vinyl Flooring Dark Concrete 969D,,,,,
eprosafe-s41-rustic-oak-commercial-vinyl,Eprosafe S41 Rustic Oak Commercial Vinyl,,Factory Direct Flooring,Home & Garden > Decor > Flooring,Cushion Flooring,"Cushion Flooring, flooring, UK flooring",TRUE,Title,Default Title,73930ST,0,shopify,100,deny,manual,20.39,,TRUE,TRUE,https://imagely.factory-direct-flooring.co.uk/media/catalog/product/cache/07f4e6a093cd3c305a832187014ed50b/e/p/eprosafe_s41_rustic_oak_commercial_vinyl_-4m_1.jpg,1,Eprosafe S41 Rustic Oak Commercial Vinyl,Eprosafe S41 Rustic Oak Commercial Vinyl,,active,Home & Garden > Decor > Flooring,cushion-flooring
ecostep-vinyl-flooring-marble-s06,Ecostep Vinyl Flooring Marble S06,,Factory Direct Flooring,Home & Garden > Decor > Flooring,Cushion Flooring,"Cushion Flooring, flooring, UK flooring",TRUE,Title,Default Title,74011ST,0,shopify,100,deny,manual,11.51,,TRUE,TRUE,https://imagely.factory-direct-flooring.co.uk/media/catalog/product/cache/07f4e6a093cd3c305a832187014ed50b/e/c/ecostep_marble_s06_vinyl_cushion_floor_1.jpg,1,Ecostep Vinyl Flooring Marble S06,Ecostep Vinyl Flooring Marble S06,,active,Home & Garden > Decor > Flooring,cushion-flooring
ecostep-vinyl-flooring-marble-s06,,,,,,,,,,,,,,,,,,,,https://imagely.factory-direct-flooring.co.uk/media/catalog/product/cache/07f4e6a093cd3c305a832187014ed50b/e/c/ecostep_marble_s06_vinyl_cushion_floor_2.jpg,2,Ecostep Vinyl Flooring Marble S06,,,,,
ecostep-vinyl-flooring-parquet-natural-533,Ecostep Vinyl Flooring Parquet Natural 533,,Factory Direct Flooring,Home & Garden > Decor > Flooring,Cushion Flooring,"Cushion Flooring, flooring, UK flooring",TRUE,Title,Default Title,74017ST,0,shopify,100,deny,manual,11.99,,TRUE,TRUE,https://imagely.factory-direct-flooring.co.uk/media/catalog/product/cache/07f4e6a093cd3c305a832187014ed50b/e/c/ecostep_parquet_natural_533_vinyl_cushion_floor_1.jpg,1,Ecostep Vinyl Flooring Parquet Natural 533,Ecostep Vinyl Flooring Parquet Natural 533,,active,Home & Garden > Decor > Flooring,cushion-flooring
ecostep-vinyl-flooring-parquet-natural-533,,,,,,,,,,,,,,,,,,,,https://imagely.factory-direct-flooring.co.uk/media/catalog/product/cache/07f4e6a093cd3c305a832187014ed50b/e/c/ecostep_parquet_natural_533_vinyl_cushion_floor_2.jpg,2,Ecostep Vinyl Flooring Parquet Natural 533,,,,,
ultrafelt-vinyl-flooring-seasalt-grey-090s,Ultrafelt Vinyl Flooring Seasalt Grey 090S,,Factory Direct Flooring,Home & Garden > Decor > Flooring,Cushion Flooring,"Cushion Flooring, flooring, UK flooring",TRUE,Title,Default Title,74121ST,0,shopify,100,deny,manual,17.87,,TRUE,TRUE,https://imagely.factory-direct-flooring.co.uk/media/catalog/product/cache/07f4e6a093cd3c305a832187014ed50b/u/l/ultrafelt_seasalt_grey_090s_vinyl_floor_5.jpg,1,Ultrafelt Vinyl Flooring Seasalt Grey 090S,Ultrafelt Vinyl Flooring Seasalt Grey 090S,,active,Home & Garden > Decor > Flooring,cushion-flooring
ultrafelt-vinyl-flooring-seasalt-grey-090s,,,,,,,,,,,,,,,,,,,,https://imagely.factory-direct-flooring.co.uk/media/catalog/product/cache/07f4e6a093cd3c305a832187014ed50b/u/l/ultrafelt_seasalt_grey_090s_vinyl_floor_1.jpg,2,Ultrafelt Vinyl Flooring Seasalt Grey 090S,,,,,
ultrafelt-vinyl-flooring-ochre-oak-629l,Ultrafelt Vinyl Flooring Ochre Oak 629L,,Factory Direct Flooring,Home & Garden > Decor > Flooring,Cushion Flooring,"Cushion Flooring, flooring, UK flooring",TRUE,Title,Default Title,74122ST,0,shopify,100,deny,manual,17.87,,TRUE,TRUE,https://imagely.factory-direct-flooring.co.uk/media/catalog/product/cache/07f4e6a093cd3c305a832187014ed50b/u/l/ultrafelt_ochre_oak_629l_vinyl_floor_2.jpg,1,Ultrafelt Vinyl Flooring Ochre Oak 629L,Ultrafelt Vinyl Flooring Ochre Oak 629L,,active,Home & Garden > Decor > Flooring,cushion-flooring
ultrafelt-vinyl-flooring-ochre-oak-629l,,,,,,,,,,,,,,,,,,,,https://imagely.factory-direct-flooring.co.uk/media/catalog/product/cache/07f4e6a093cd3c305a832187014ed50b/u/l/ultrafelt_ochre_oak_629l_vinyl_floor_1.jpg,2,Ultrafelt Vinyl Flooring Ochre Oak 629L,,,,,
ultrafelt-vinyl-flooring-battleship-grey-119m-parquet,Ultrafelt Vinyl Flooring Battleship Grey 119M Parquet,,Factory Direct Flooring,Home & Garden > Decor > Flooring,Cushion Flooring,"Cushion Flooring, flooring, UK flooring",TRUE,Title,Default Title,74120ST,0,shopify,100,deny,manual,17.87,,TRUE,TRUE,https://imagely.factory-direct-flooring.co.uk/media/catalog/product/cache/07f4e6a093cd3c305a832187014ed50b/u/l/ultrafelt_battleship_grey_119m_parquet_cushioned_vinyl_2.jpg,1,Ultrafelt Vinyl Flooring Battleship Grey 119M Parquet,Ultrafelt Vinyl Flooring Battleship Grey 119M Parquet,,active,Home & Garden > Decor > Flooring,cushion-flooring
ultrafelt-vinyl-flooring-battleship-grey-119m-parquet,,,,,,,,,,,,,,,,,,,,https://imagely.factory-direct-flooring.co.uk/media/catalog/product/cache/07f4e6a093cd3c305a832187014ed50b/u/l/ultrafelt_battleship_grey_119m_parquet_cushioned_vinyl_1.jpg,2,Ultrafelt Vinyl Flooring Battleship Grey 119M Parquet,,,,,
ultrafelt-vinyl-flooring-fallow-oak-236m-parquet,Ultrafelt Vinyl Flooring Fallow Oak 236M Parquet,,Factory Direct Flooring,Home & Garden > Decor > Flooring,Cushion Flooring,"Cushion Flooring, flooring, UK flooring",TRUE,Title,Default Title,74124ST,0,shopify,100,deny,manual,17.87,,TRUE,TRUE,https://imagely.factory-direct-flooring.co.uk/media/catalog/product/cache/07f4e6a093cd3c305a832187014ed50b/u/l/ultrafelt_fallow_oak_236m_parquet_cushioned_vinyl_5.jpg,1,Ultrafelt Vinyl Flooring Fallow Oak 236M Parquet,Ultrafelt Vinyl Flooring Fallow Oak 236M Parquet,,active,Home & Garden > Decor > Flooring,cushion-flooring
ultrafelt-vinyl-flooring-fallow-oak-236m-parquet,,,,,,,,,,,,,,,,,,,,https://imagely.factory-direct-flooring.co.uk/media/catalog/product/cache/07f4e6a093cd3c305a832187014ed50b/u/l/ultrafelt_fallow_oak_236m_parquet_cushioned_vinyl_1.jpg,2,Ultrafelt Vinyl Flooring Fallow Oak 236M Parquet,,,,,
cosystep-vinyl-flooring-beaver-oak-336d,Cosystep Vinyl Flooring Beaver Oak 336D,,Factory Direct Flooring,Home & Garden > Decor > Flooring,Cushion Flooring,"Cushion Flooring, flooring, UK flooring",TRUE,Title,Default Title,74130ST,0,shopify,100,deny,manual,15.35,,TRUE,TRUE,https://imagely.factory-direct-flooring.co.uk/media/catalog/product/cache/07f4e6a093cd3c305a832187014ed50b/c/o/cosystep_beaver_oak_336d_cushion_vinyl_floor_1.jpg,1,Cosystep Vinyl Flooring Beaver Oak 336D,Cosystep Vinyl Flooring Beaver Oak 336D,,active,Home & Garden > Decor > Flooring,cushion-flooring
cosystep-vinyl-flooring-cadet-grey-096l,Cosystep Vinyl Flooring Cadet Grey 096L,,Factory Direct Flooring,Home & Garden > Decor > Flooring,Cushion Flooring,"Cushion Flooring, flooring, UK flooring",TRUE,Title,Default Title,74127ST,0,shopify,100,deny,manual,15.35,,TRUE,TRUE,https://imagely.factory-direct-flooring.co.uk/media/catalog/product/cache/07f4e6a093cd3c305a832187014ed50b/c/o/cosystep_cadet_grey_096l_cushion_vinyl_floor_1.jpg,1,Cosystep Vinyl Flooring Cadet Grey 096L,Cosystep Vinyl Flooring Cadet Grey 096L,,active,Home & Garden > Decor > Flooring,cushion-flooring
cosystep-vinyl-flooring-onyx-grey-790m,Cosystep Vinyl Flooring Onyx Grey 790M,,Factory Direct Flooring,Home & Garden > Decor > Flooring,Cushion Flooring,"Cushion Flooring, flooring, UK flooring",TRUE,Title,Default Title,74128ST,0,shopify,100,deny,manual,15.35,,TRUE,TRUE,https://imagely.factory-direct-flooring.co.uk/media/catalog/product/cache/07f4e6a093cd3c305a832187014ed50b/c/o/cosystep_onyx_grey_790m_cushion_vinyl_floor_1.jpg,1,Cosystep Vinyl Flooring Onyx Grey 790M,Cosystep Vinyl Flooring Onyx Grey 790M,,active,Home & Garden > Decor > Flooring,cushion-flooring
cosystep-vinyl-flooring-onyx-grey-790m,,,,,,,,,,,,,,,,,,,,https://imagely.factory-direct-flooring.co.uk/media/catalog/product/cache/07f4e6a093cd3c305a832187014ed50b/c/o/cosystep_onyx_grey_790m_cushion_vinyl_floor_2.jpg,2,Cosystep Vinyl Flooring Onyx Grey 790M,,,,,
cosystep-vinyl-flooring-wheat-oak-336m-parquet,Cosystep Vinyl Flooring Wheat Oak 336M Parquet,,Factory Direct Flooring,Home & Garden > Decor > Flooring,Cushion Flooring,"Cushion Flooring, flooring, UK flooring",TRUE,Title,Default Title,74132ST,0,shopify,100,deny,manual,15.35,,TRUE,TRUE,https://imagely.factory-direct-flooring.co.uk/media/catalog/product/cache/07f4e6a093cd3c305a832187014ed50b/c/o/cosystep_wheat_oak_336m_parquet_cushion_vinyl_floor_1.jpg,1,Cosystep Vinyl Flooring Wheat Oak 336M Parquet,Cosystep Vinyl Flooring Wheat Oak 336M Parquet,,active,Home & Garden > Decor > Flooring,cushion-flooring
cosystep-vinyl-flooring-caramel-oak-633d-parquet,Cosystep Vinyl Flooring Caramel Oak 633D Parquet,,Factory Direct Flooring,Home & Garden > Decor > Flooring,Cushion Flooring,"Cushion Flooring, flooring, UK flooring",TRUE,Title,Default Title,74129ST,0,shopify,100,deny,manual,15.35,,TRUE,TRUE,https://imagely.factory-direct-flooring.co.uk/media/catalog/product/cache/07f4e6a093cd3c305a832187014ed50b/c/o/cosystep_caramel_oak_633d_parquet_cushion_vinyl_floor_1.jpg,1,Cosystep Vinyl Flooring Caramel Oak 633D Parquet,Cosystep Vinyl Flooring Caramel Oak 633D Parquet,,active,Home & Garden > Decor > Flooring,cushion-flooring
cosystep-vinyl-flooring-caramel-oak-633d-parquet,,,,,,,,,,,,,,,,,,,,https://imagely.factory-direct-flooring.co.uk/media/catalog/product/cache/07f4e6a093cd3c305a832187014ed50b/c/o/cosystep_caramel_oak_633d_parquet_cushion_vinyl_floor_2.jpg,2,Cosystep Vinyl Flooring Caramel Oak 633D Parquet,,,,,
cosystep-vinyl-flooring-vanilla-oak-360m,Cosystep Vinyl Flooring Vanilla Oak 360M,,Factory Direct Flooring,Home & Garden > Decor > Flooring,Cushion Flooring,"Cushion Flooring, flooring, UK flooring",TRUE,Title,Default Title,74131ST,0,shopify,100,deny,manual,15.35,,TRUE,TRUE,https://imagely.factory-direct-flooring.co.uk/media/catalog/product/cache/07f4e6a093cd3c305a832187014ed50b/c/o/cosystep_vanilla_oak_360m_cushion_vinyl_floor_1.jpg,1,Cosystep Vinyl Flooring Vanilla Oak 360M,Cosystep Vinyl Flooring Vanilla Oak 360M,,active,Home & Garden > Decor > Flooring,cushion-flooring
cosystep-vinyl-flooring-space-grey-989m-parquet,Cosystep Vinyl Flooring Space Grey 989M Parquet,,Factory Direct Flooring,Home & Garden > Decor > Flooring,Cushion Flooring,"Cushion Flooring, flooring, UK flooring",TRUE,Title,Default Title,74140ST,0,shopify,100,deny,manual,15.35,,TRUE,TRUE,https://imagely.factory-direct-flooring.co.uk/media/catalog/product/cache/07f4e6a093cd3c305a832187014ed50b/c/o/cosystep_space_grey_989m_parquet_cushion_vinyl_floor_1.jpg,1,Cosystep Vinyl Flooring Space Grey 989M Parquet,Cosystep Vinyl Flooring Space Grey 989M Parquet,,active,Home & Garden > Decor > Flooring,cushion-flooring
cosystep-vinyl-flooring-shark-grey-989m,Cosystep Vinyl Flooring Shark Grey 989M,,Factory Direct Flooring,Home & Garden > Decor > Flooring,Cushion Flooring,"Cushion Flooring, flooring, UK flooring",TRUE,Title,Default Title,74141ST,0,shopify,100,deny,manual,15.35,,TRUE,TRUE,https://imagely.factory-direct-flooring.co.uk/media/catalog/product/cache/07f4e6a093cd3c305a832187014ed50b/c/o/cosystep_shark_grey_989m_cushion_vinyl_floor_1.jpg,1,Cosystep Vinyl Flooring Shark Grey 989M,Cosystep Vinyl Flooring Shark Grey 989M,,active,Home & Garden > Decor > Flooring,cushion-flooring
cosystep-vinyl-flooring-pearl-grey-119l-parquet,Cosystep Vinyl Flooring Pearl Grey 119L Parquet,,Factory Direct Flooring,Home & Garden > Decor > Flooring,Cushion Flooring,"Cushion Flooring, flooring, UK flooring",TRUE,Title,Default Title,74142ST,0,shopify,100,deny,manual,15.35,,TRUE,TRUE,https://imagely.factory-direct-flooring.co.uk/media/catalog/product/cache/07f4e6a093cd3c305a832187014ed50b/c/o/cosystep_pearl_grey_119l_parquet_cushion_vinyl_floor_1.jpg,1,Cosystep Vinyl Flooring Pearl Grey 119L Parquet,Cosystep Vinyl Flooring Pearl Grey 119L Parquet,,active,Home & Garden > Decor > Flooring,cushion-flooring
ecostep-vinyl-flooring-new-evora-t94,Ecostep Vinyl Flooring New Evora T94,,Factory Direct Flooring,Home & Garden > Decor > Flooring,Cushion Flooring,"Cushion Flooring, flooring, UK flooring",TRUE,Title,Default Title,74179ST,0,shopify,100,deny,manual,11.99,,TRUE,TRUE,https://imagely.factory-direct-flooring.co.uk/media/catalog/product/cache/07f4e6a093cd3c305a832187014ed50b/e/c/ecostep_vinyl_flooring_new_evora_t94_.jpg,1,Ecostep Vinyl Flooring New Evora T94,Ecostep Vinyl Flooring New Evora T94,,active,Home & Garden > Decor > Flooring,cushion-flooring
ecostep-vinyl-flooring-new-evora-t94,,,,,,,,,,,,,,,,,,,,https://imagely.factory-direct-flooring.co.uk/media/catalog/product/cache/07f4e6a093cd3c305a832187014ed50b/e/c/ecostep_vinyl_flooring_new_evora_t94_2_.jpg,2,Ecostep Vinyl Flooring New Evora T94,,,,,
lusora-pale-ash-herringbone-609m-cushion-vinyl-flooring,Lusora Pale Ash Herringbone 609M Cushion Vinyl Flooring,,Factory Direct Flooring,Home & Garden > Decor > Flooring,Cushion Flooring,"Cushion Flooring, flooring, UK flooring",TRUE,Title,Default Title,74182ST,0,shopify,100,deny,manual,22.79,,TRUE,TRUE,https://imagely.factory-direct-flooring.co.uk/media/catalog/product/cache/07f4e6a093cd3c305a832187014ed50b/l/e/leyton_609m_high_tex.jpg,1,Lusora Pale Ash Herringbone 609M Cushion Vinyl Flooring,Lusora Pale Ash Herringbone 609M Cushion Vinyl Flooring,,active,Home & Garden > Decor > Flooring,cushion-flooring
lusora-pale-ash-herringbone-609m-cushion-vinyl-flooring,,,,,,,,,,,,,,,,,,,,https://imagely.factory-direct-flooring.co.uk/media/catalog/product/cache/07f4e6a093cd3c305a832187014ed50b/l/e/leyton_609m.jpg,2,Lusora Pale Ash Herringbone 609M Cushion Vinyl Flooring,,,,,
lusora-chalkstone-190l-cushion-vinyl-flooring,Lusora Chalkstone 190L Cushion Vinyl Flooring,,Factory Direct Flooring,Home & Garden > Decor > Flooring,Cushion Flooring,"Cushion Flooring, flooring, UK flooring",TRUE,Title,Default Title,74181ST,0,shopify,100,deny,manual,22.79,,TRUE,TRUE,https://imagely.factory-direct-flooring.co.uk/media/catalog/product/cache/07f4e6a093cd3c305a832187014ed50b/p/o/polperro_190l_room_shot_2019.jpg,1,Lusora Chalkstone 190L Cushion Vinyl Flooring,Lusora Chalkstone 190L Cushion Vinyl Flooring,,active,Home & Garden > Decor > Flooring,cushion-flooring
lusora-chalkstone-190l-cushion-vinyl-flooring,,,,,,,,,,,,,,,,,,,,https://imagely.factory-direct-flooring.co.uk/media/catalog/product/cache/07f4e6a093cd3c305a832187014ed50b/p/o/polperro_190l.jpg,2,Lusora Chalkstone 190L Cushion Vinyl Flooring,,,,,
lusora-sunlit-oak-herringbone-662d-cushion-vinyl-flooring,Lusora Sunlit Oak Herringbone 662D Cushion Vinyl Flooring,,Factory Direct Flooring,Home & Garden > Decor > Flooring,Cushion Flooring,"Cushion Flooring, flooring, UK flooring",TRUE,Title,Default Title,74186ST,0,shopify,100,deny,manual,22.79,,TRUE,TRUE,https://imagely.factory-direct-flooring.co.uk/media/catalog/product/cache/07f4e6a093cd3c305a832187014ed50b/l/e/leyton_662d.jpg,1,Lusora Sunlit Oak Herringbone 662D Cushion Vinyl Flooring,Lusora Sunlit Oak Herringbone 662D Cushion Vinyl Flooring,,active,Home & Garden > Decor > Flooring,cushion-flooring
lusora-noir-oak-909d-cushion-vinyl-flooring,Lusora Noir Oak 909D Cushion Vinyl Flooring,,Factory Direct Flooring,Home & Garden > Decor > Flooring,Cushion Flooring,"Cushion Flooring, flooring, UK flooring",TRUE,Title,Default Title,74184ST,0,shopify,100,deny,manual,22.79,,TRUE,TRUE,https://imagely.factory-direct-flooring.co.uk/media/catalog/product/cache/07f4e6a093cd3c305a832187014ed50b/w/a/warm_oak_909d_ambient.jpg,1,Lusora Noir Oak 909D Cushion Vinyl Flooring,Lusora Noir Oak 909D Cushion Vinyl Flooring,,active,Home & Garden > Decor > Flooring,cushion-flooring
lusora-noir-oak-909d-cushion-vinyl-flooring,,,,,,,,,,,,,,,,,,,,https://imagely.factory-direct-flooring.co.uk/media/catalog/product/cache/07f4e6a093cd3c305a832187014ed50b/w/a/warm_oak_909d.jpg,2,Lusora Noir Oak 909D Cushion Vinyl Flooring,,,,,
lusora-honeywood-oak-636d-cushion-vinyl-flooring,Lusora Honeywood Oak 636D Cushion Vinyl Flooring,,Factory Direct Flooring,Home & Garden > Decor > Flooring,Cushion Flooring,"Cushion Flooring, flooring, UK flooring",TRUE,Title,Default Title,74187ST,0,shopify,100,deny,manual,22.79,,TRUE,TRUE,https://imagely.factory-direct-flooring.co.uk/media/catalog/product/cache/07f4e6a093cd3c305a832187014ed50b/r/a/ramsey_636d_ambient.jpg,1,Lusora Honeywood Oak 636D Cushion Vinyl Flooring,Lusora Honeywood Oak 636D Cushion Vinyl Flooring,,active,Home & Garden > Decor > Flooring,cushion-flooring
lusora-honeywood-oak-636d-cushion-vinyl-flooring,,,,,,,,,,,,,,,,,,,,https://imagely.factory-direct-flooring.co.uk/media/catalog/product/cache/07f4e6a093cd3c305a832187014ed50b/r/a/ramsey_636d.jpg,2,Lusora Honeywood Oak 636D Cushion Vinyl Flooring,,,,,
lusora-softgrain-oak-130l-cushion-vinyl-flooring,Lusora Softgrain Oak 130L Cushion Vinyl Flooring,,Factory Direct Flooring,Home & Garden > Decor > Flooring,Cushion Flooring,"Cushion Flooring, flooring, UK flooring",TRUE,Title,Default Title,74188ST,0,shopify,100,deny,manual,22.79,,TRUE,TRUE,https://imagely.factory-direct-flooring.co.uk/media/catalog/product/cache/07f4e6a093cd3c305a832187014ed50b/p/r/prime_oak_130l_ambient_2.jpg,1,Lusora Softgrain Oak 130L Cushion Vinyl Flooring,Lusora Softgrain Oak 130L Cushion Vinyl Flooring,,active,Home & Garden > Decor > Flooring,cushion-flooring
lusora-softgrain-oak-130l-cushion-vinyl-flooring,,,,,,,,,,,,,,,,,,,,https://imagely.factory-direct-flooring.co.uk/media/catalog/product/cache/07f4e6a093cd3c305a832187014ed50b/p/r/prime_oak_130l.jpg,2,Lusora Softgrain Oak 130L Cushion Vinyl Flooring,,,,,
lusora-ashen-oak-090s-cushion-vinyl-flooring,Lusora Ashen Oak 090S Cushion Vinyl Flooring,,Factory Direct Flooring,Home & Garden > Decor > Flooring,Cushion Flooring,"Cushion Flooring, flooring, UK flooring",TRUE,Title,Default Title,74183ST,0,shopify,100,deny,manual,22.79,,TRUE,TRUE,https://imagely.factory-direct-flooring.co.uk/media/catalog/product/cache/07f4e6a093cd3c305a832187014ed50b/w/a/warm_oak_090s.jpg,1,Lusora Ashen Oak 090S Cushion Vinyl Flooring,Lusora Ashen Oak 090S Cushion Vinyl Flooring,,active,Home & Garden > Decor > Flooring,cushion-flooring
lusora-smoked-ember-oak-666d-cushion-vinyl-flooring,Lusora Smoked Ember Oak 666D Cushion Vinyl Flooring,,Factory Direct Flooring,Home & Garden > Decor > Flooring,Cushion Flooring,"Cushion Flooring, flooring, UK flooring",TRUE,Title,Default Title,74185ST,0,shopify,100,deny,manual,22.79,,TRUE,TRUE,https://imagely.factory-direct-flooring.co.uk/media/catalog/product/cache/07f4e6a093cd3c305a832187014ed50b/w/a/warm_oak_666d.jpg,1,Lusora Smoked Ember Oak 666D Cushion Vinyl Flooring,Lusora Smoked Ember Oak 666D Cushion Vinyl Flooring,,active,Home & Garden > Decor > Flooring,cushion-flooring
texstep-linen-mist-101s-felt-back,Texstep Linen Mist 101S Felt Back,,Factory Direct Flooring,Home & Garden > Decor > Flooring,Cushion Flooring,"Cushion Flooring, flooring, UK flooring",TRUE,Title,Default Title,69514ST,0,shopify,100,deny,manual,14.03,,TRUE,TRUE,https://imagely.factory-direct-flooring.co.uk/media/catalog/product/cache/07f4e6a093cd3c305a832187014ed50b/t/e/texstep_linen_mist_101s_felt_back_kitchen.jpg,1,Texstep Linen Mist 101S Felt Back,Texstep Linen Mist 101S Felt Back,,active,Home & Garden > Decor > Flooring,cushion-flooring
texstep-linen-mist-101s-felt-back,,,,,,,,,,,,,,,,,,,,https://imagely.factory-direct-flooring.co.uk/media/catalog/product/cache/07f4e6a093cd3c305a832187014ed50b/t/e/texstep_linen_mist_101s_felt_back_swatch.jpg,2,Texstep Linen Mist 101S Felt Back,,,,,
texstep-concrete-dark-996d-felt-back,Texstep Concrete Dark 996D Felt Back,,Factory Direct Flooring,Home & Garden > Decor > Flooring,Cushion Flooring,"Cushion Flooring, flooring, UK flooring",TRUE,Title,Default Title,69512ST,0,shopify,100,deny,manual,14.03,,TRUE,TRUE,https://imagely.factory-direct-flooring.co.uk/media/catalog/product/cache/07f4e6a093cd3c305a832187014ed50b/t/e/texstep_concrete_dark_996d_felt_back_hall.jpg,1,Texstep Concrete Dark 996D Felt Back,Texstep Concrete Dark 996D Felt Back,,active,Home & Garden > Decor > Flooring,cushion-flooring
texstep-concrete-dark-996d-felt-back,,,,,,,,,,,,,,,,,,,,https://imagely.factory-direct-flooring.co.uk/media/catalog/product/cache/07f4e6a093cd3c305a832187014ed50b/t/e/texstep_concrete_dark_996d_felt_back_swatch.jpg,2,Texstep Concrete Dark 996D Felt Back,,,,,
ecostep-vinyl-flooring-mist-white-009s,Ecostep Vinyl Flooring Mist White 009S,,Factory Direct Flooring,Home & Garden > Decor > Flooring,Cushion Flooring,"Cushion Flooring, flooring, UK flooring",TRUE,Title,Default Title,69493ST,0,shopify,100,deny,manual,10.79,,TRUE,TRUE,https://imagely.factory-direct-flooring.co.uk/media/catalog/product/cache/07f4e6a093cd3c305a832187014ed50b/e/c/ecostep_mist_white_009s_vinyl_cushion_floor_living_room.jpg,1,Ecostep Vinyl Flooring Mist White 009S,Ecostep Vinyl Flooring Mist White 009S,,active,Home & Garden > Decor > Flooring,cushion-flooring
ecostep-vinyl-flooring-mist-white-009s,,,,,,,,,,,,,,,,,,,,https://imagely.factory-direct-flooring.co.uk/media/catalog/product/cache/07f4e6a093cd3c305a832187014ed50b/e/c/ecostep_mist_white_009s_vinyl_cushion_floor_swatch.jpg,2,Ecostep Vinyl Flooring Mist White 009S,,,,,
lusora-sandrift-oak-269m-cushion-vinyl-flooring,Lusora Sandrift Oak 269M Cushion Vinyl Flooring,,Factory Direct Flooring,Home & Garden > Decor > Flooring,Cushion Flooring,"Cushion Flooring, flooring, UK flooring",TRUE,Title,Default Title,74189ST,0,shopify,100,deny,manual,22.79,,TRUE,TRUE,https://imagely.factory-direct-flooring.co.uk/media/catalog/product/cache/07f4e6a093cd3c305a832187014ed50b/r/a/ramsey_269m_ambient.jpg,1,Lusora Sandrift Oak 269M Cushion Vinyl Flooring,Lusora Sandrift Oak 269M Cushion Vinyl Flooring,,active,Home & Garden > Decor > Flooring,cushion-flooring
lusora-sandrift-oak-269m-cushion-vinyl-flooring,,,,,,,,,,,,,,,,,,,,https://imagely.factory-direct-flooring.co.uk/media/catalog/product/cache/07f4e6a093cd3c305a832187014ed50b/r/a/ramsey_269m.jpg,2,Lusora Sandrift Oak 269M Cushion Vinyl Flooring,,,,,
ecostep-vinyl-flooring-storm-grey-991m,Ecostep Vinyl Flooring Storm Grey 991M,,Factory Direct Flooring,Home & Garden > Decor > Flooring,Cushion Flooring,"Cushion Flooring, flooring, UK flooring",TRUE,Title,Default Title,69491ST,0,shopify,100,deny,manual,10.79,,TRUE,TRUE,https://imagely.factory-direct-flooring.co.uk/media/catalog/product/cache/07f4e6a093cd3c305a832187014ed50b/e/c/ecostep-storm-grey-991m-vinyl-cushion-floor-lifestyle-xl-1.jpg,1,Ecostep Vinyl Flooring Storm Grey 991M,Ecostep Vinyl Flooring Storm Grey 991M,,active,Home & Garden > Decor > Flooring,cushion-flooring
ecostep-vinyl-flooring-storm-grey-991m,,,,,,,,,,,,,,,,,,,,https://imagely.factory-direct-flooring.co.uk/media/catalog/product/cache/07f4e6a093cd3c305a832187014ed50b/e/c/ecostep-storm-grey-991m-vinyl-cushion-floor-lifestyle-xl-2.jpg,2,Ecostep Vinyl Flooring Storm Grey 991M,,,,,
texstep-concrete-light-979m-felt-back,Texstep Concrete Light 979M Felt Back,,Factory Direct Flooring,Home & Garden > Decor > Flooring,Cushion Flooring,"Cushion Flooring, flooring, UK flooring",TRUE,Title,Default Title,69513ST,0,shopify,100,deny,manual,14.03,,TRUE,TRUE,https://imagely.factory-direct-flooring.co.uk/media/catalog/product/cache/07f4e6a093cd3c305a832187014ed50b/t/e/texstep_concrete_light_979m_felt_back_bedroom.jpg,1,Texstep Concrete Light 979M Felt Back,Texstep Concrete Light 979M Felt Back,,active,Home & Garden > Decor > Flooring,cushion-flooring
texstep-concrete-light-979m-felt-back,,,,,,,,,,,,,,,,,,,,https://imagely.factory-direct-flooring.co.uk/media/catalog/product/cache/07f4e6a093cd3c305a832187014ed50b/t/e/texstep_concrete_light_979m_felt_back_swatch.jpg,2,Texstep Concrete Light 979M Felt Back,,,,,
ecostep-vinyl-flooring-grey-chic-977m,Ecostep Vinyl Flooring Grey Chic 977M,,Factory Direct Flooring,Home & Garden > Decor > Flooring,Cushion Flooring,"Cushion Flooring, flooring, UK flooring",TRUE,Title,Default Title,69490ST,0,shopify,100,deny,manual,10.79,,TRUE,TRUE,https://imagely.factory-direct-flooring.co.uk/media/catalog/product/cache/07f4e6a093cd3c305a832187014ed50b/e/c/ecostep_grey_chic_977m_vinyl_cushion_floor_room.jpg,1,Ecostep Vinyl Flooring Grey Chic 977M,Ecostep Vinyl Flooring Grey Chic 977M,,active,Home & Garden > Decor > Flooring,cushion-flooring
ecostep-vinyl-flooring-grey-chic-977m,,,,,,,,,,,,,,,,,,,,https://imagely.factory-direct-flooring.co.uk/media/catalog/product/cache/07f4e6a093cd3c305a832187014ed50b/e/c/ecostep_grey_chic_977m_vinyl_cushion_floor_swatch.jpg,2,Ecostep Vinyl Flooring Grey Chic 977M,,,,,
ecostep-vinyl-flooring-staple-oak-646e,Ecostep Vinyl Flooring Staple Oak 646E,,Factory Direct Flooring,Home & Garden > Decor > Flooring,Cushion Flooring,"Cushion Flooring, flooring, UK flooring",TRUE,Title,Default Title,73833ST,0,shopify,100,deny,manual,10.79,,TRUE,TRUE,https://imagely.factory-direct-flooring.co.uk/media/catalog/product/cache/07f4e6a093cd3c305a832187014ed50b/e/c/ecostep-staple-oak-646e-vinyl-cushion-floor-lifestyle-5_1.jpg,1,Ecostep Vinyl Flooring Staple Oak 646E,Ecostep Vinyl Flooring Staple Oak 646E,,active,Home & Garden > Decor > Flooring,cushion-flooring
ecostep-vinyl-flooring-staple-oak-646e,,,,,,,,,,,,,,,,,,,,https://imagely.factory-direct-flooring.co.uk/media/catalog/product/cache/07f4e6a093cd3c305a832187014ed50b/e/c/ecostep-staple-oak-646e-vinyl-cushion-floor-lifestyle-4_1.jpg,2,Ecostep Vinyl Flooring Staple Oak 646E,,,,,
ecostep-vinyl-flooring-rustic-oak-606m,Ecostep Vinyl Flooring Rustic Oak 606M,,Factory Direct Flooring,Home & Garden > Decor > Flooring,Cushion Flooring,"Cushion Flooring, flooring, UK flooring",TRUE,Title,Default Title,69496ST,0,shopify,100,deny,manual,10.79,,TRUE,TRUE,https://imagely.factory-direct-flooring.co.uk/media/catalog/product/cache/07f4e6a093cd3c305a832187014ed50b/e/c/ecostep-rustic-oak-606m-vinyl-cushion-floor-lifestyle-rs-2_2.jpg,1,Ecostep Vinyl Flooring Rustic Oak 606M,Ecostep Vinyl Flooring Rustic Oak 606M,,active,Home & Garden > Decor > Flooring,cushion-flooring
ecostep-vinyl-flooring-rustic-oak-606m,,,,,,,,,,,,,,,,,,,,https://imagely.factory-direct-flooring.co.uk/media/catalog/product/cache/07f4e6a093cd3c305a832187014ed50b/e/c/ecostep_rustic_oak_606m_vinyl_cushion_floor_swatch.jpg,2,Ecostep Vinyl Flooring Rustic Oak 606M,,,,,
texstep-white-haze-010l-felt-back,Texstep White Haze 010L Felt Back,,Factory Direct Flooring,Home & Garden > Decor > Flooring,Cushion Flooring,"Cushion Flooring, flooring, UK flooring",TRUE,Title,Default Title,69510ST,0,shopify,100,deny,manual,14.03,,TRUE,TRUE,https://imagely.factory-direct-flooring.co.uk/media/catalog/product/cache/07f4e6a093cd3c305a832187014ed50b/t/e/texstep_white_haze_010l_felt_back_bedroom.jpg,1,Texstep White Haze 010L Felt Back,Texstep White Haze 010L Felt Back,,active,Home & Garden > Decor > Flooring,cushion-flooring
texstep-white-haze-010l-felt-back,,,,,,,,,,,,,,,,,,,,https://imagely.factory-direct-flooring.co.uk/media/catalog/product/cache/07f4e6a093cd3c305a832187014ed50b/t/e/texstep_white_haze_010l_felt_back_swatch.jpg,2,Texstep White Haze 010L Felt Back,,,,,
ecostep-vinyl-flooring-herringbone-oak-medium-666d,Ecostep Vinyl Flooring Herringbone Oak Medium 666D,,Factory Direct Flooring,Home & Garden > Decor > Flooring,Cushion Flooring,"Cushion Flooring, flooring, UK flooring",TRUE,Title,Default Title,73835ST,0,shopify,100,deny,manual,10.79,,TRUE,TRUE,https://imagely.factory-direct-flooring.co.uk/media/catalog/product/cache/07f4e6a093cd3c305a832187014ed50b/e/c/ecostep-herringbone-oak-medium-666d-vinyl-cushion-floor-lifestyle-image-1.jpg,1,Ecostep Vinyl Flooring Herringbone Oak Medium 666D,Ecostep Vinyl Flooring Herringbone Oak Medium 666D,,active,Home & Garden > Decor > Flooring,cushion-flooring
ecostep-vinyl-flooring-herringbone-oak-medium-666d,,,,,,,,,,,,,,,,,,,,https://imagely.factory-direct-flooring.co.uk/media/catalog/product/cache/07f4e6a093cd3c305a832187014ed50b/e/c/ecostep-herringbone-oak-medium-666d-vinyl-cushion-floor-lifestyle-image-2.jpg,2,Ecostep Vinyl Flooring Herringbone Oak Medium 666D,,,,,
ecostep-vinyl-flooring-akoke-901l,Ecostep Vinyl Flooring Akoke 901L,,Factory Direct Flooring,Home & Garden > Decor > Flooring,Cushion Flooring,"Cushion Flooring, flooring, UK flooring",TRUE,Title,Default Title,73836ST,0,shopify,100,deny,manual,10.79,,TRUE,TRUE,https://imagely.factory-direct-flooring.co.uk/media/catalog/product/cache/07f4e6a093cd3c305a832187014ed50b/e/c/ecostep-akoke-901l-vinyl-cushion-floor-lifestyle-1.jpg,1,Ecostep Vinyl Flooring Akoke 901L,Ecostep Vinyl Flooring Akoke 901L,,active,Home & Garden > Decor > Flooring,cushion-flooring
ecostep-vinyl-flooring-akoke-901l,,,,,,,,,,,,,,,,,,,,https://imagely.factory-direct-flooring.co.uk/media/catalog/product/cache/07f4e6a093cd3c305a832187014ed50b/e/c/ecostep-akoke-901l-vinyl-cushion-floor-lifestyle-2.jpg,2,Ecostep Vinyl Flooring Akoke 901L,,,,,
ecostep-vinyl-flooring-dark-gravel-596,Ecostep Vinyl Flooring Dark Gravel 596,,Factory Direct Flooring,Home & Garden > Decor > Flooring,Cushion Flooring,"Cushion Flooring, flooring, UK flooring",TRUE,Title,Default Title,74012ST,0,shopify,100,deny,manual,11.51,,TRUE,TRUE,https://imagely.factory-direct-flooring.co.uk/media/catalog/product/cache/07f4e6a093cd3c305a832187014ed50b/e/c/ecostep_dark_gravel_596_vinyl_cushion_floor_2.jpg,1,Ecostep Vinyl Flooring Dark Gravel 596,Ecostep Vinyl Flooring Dark Gravel 596,,active,Home & Garden > Decor > Flooring,cushion-flooring
ecostep-vinyl-flooring-darwen-990m,Ecostep Vinyl Flooring Darwen 990M,,Factory Direct Flooring,Home & Garden > Decor > Flooring,Cushion Flooring,"Cushion Flooring, flooring, UK flooring",TRUE,Title,Default Title,73840ST,0,shopify,100,deny,manual,10.79,,TRUE,TRUE,https://imagely.factory-direct-flooring.co.uk/media/catalog/product/cache/07f4e6a093cd3c305a832187014ed50b/e/c/ecostep-darwen-990m-vinyl-cushion-floor-lifestyle-image-1.jpg,1,Ecostep Vinyl Flooring Darwen 990M,Ecostep Vinyl Flooring Darwen 990M,,active,Home & Garden > Decor > Flooring,cushion-flooring
ecostep-vinyl-flooring-darwen-990m,,,,,,,,,,,,,,,,,,,,https://imagely.factory-direct-flooring.co.uk/media/catalog/product/cache/07f4e6a093cd3c305a832187014ed50b/e/c/ecostep-darwen-990m-vinyl-cushion-floor-lifestyle-image-2.jpg,2,Ecostep Vinyl Flooring Darwen 990M,,,,,
ecostep-vinyl-flooring-stones-s05,Ecostep Vinyl Flooring Stones S05,,Factory Direct Flooring,Home & Garden > Decor > Flooring,Cushion Flooring,"Cushion Flooring, flooring, UK flooring",TRUE,Title,Default Title,74014ST,0,shopify,100,deny,manual,11.51,,TRUE,TRUE,https://imagely.factory-direct-flooring.co.uk/media/catalog/product/cache/07f4e6a093cd3c305a832187014ed50b/e/c/ecostep_stones_s05_vinyl_cushion_floor_1.jpg,1,Ecostep Vinyl Flooring Stones S05,Ecostep Vinyl Flooring Stones S05,,active,Home & Garden > Decor > Flooring,cushion-flooring
ecostep-vinyl-flooring-stones-s05,,,,,,,,,,,,,,,,,,,,https://imagely.factory-direct-flooring.co.uk/media/catalog/product/cache/07f4e6a093cd3c305a832187014ed50b/e/c/ecostep_stones_s05_vinyl_cushion_floor_3.jpg,2,Ecostep Vinyl Flooring Stones S05,,,,,
ecostep-vinyl-flooring-light-gravel-592,Ecostep Vinyl Flooring Light Gravel 592,,Factory Direct Flooring,Home & Garden > Decor > Flooring,Cushion Flooring,"Cushion Flooring, flooring, UK flooring",TRUE,Title,Default Title,74013ST,0,shopify,100,deny,manual,11.51,,TRUE,TRUE,https://imagely.factory-direct-flooring.co.uk/media/catalog/product/cache/07f4e6a093cd3c305a832187014ed50b/e/c/ecostep_light_gravel_592_vinyl_cushion_floor_2.jpg,1,Ecostep Vinyl Flooring Light Gravel 592,Ecostep Vinyl Flooring Light Gravel 592,,active,Home & Garden > Decor > Flooring,cushion-flooring
ecostep-vinyl-flooring-light-gravel-592,,,,,,,,,,,,,,,,,,,,https://imagely.factory-direct-flooring.co.uk/media/catalog/product/cache/07f4e6a093cd3c305a832187014ed50b/e/c/ecostep_light_gravel_592_vinyl_cushion_floor_1.jpg,2,Ecostep Vinyl Flooring Light Gravel 592,,,,,
ecostep-vinyl-flooring-parquet-honey-536,Ecostep Vinyl Flooring Parquet Honey 536,,Factory Direct Flooring,Home & Garden > Decor > Flooring,Cushion Flooring,"Cushion Flooring, flooring, UK flooring",TRUE,Title,Default Title,74015ST,0,shopify,100,deny,manual,11.99,,TRUE,TRUE,https://imagely.factory-direct-flooring.co.uk/media/catalog/product/cache/07f4e6a093cd3c305a832187014ed50b/e/c/ecostep_parquet_honey_536_vinyl_cushion_floor_1.jpg,1,Ecostep Vinyl Flooring Parquet Honey 536,Ecostep Vinyl Flooring Parquet Honey 536,,active,Home & Garden > Decor > Flooring,cushion-flooring
ecostep-vinyl-flooring-parquet-honey-536,,,,,,,,,,,,,,,,,,,,https://imagely.factory-direct-flooring.co.uk/media/catalog/product/cache/07f4e6a093cd3c305a832187014ed50b/e/c/ecostep_parquet_honey_536_vinyl_cushion_floor_2.jpg,2,Ecostep Vinyl Flooring Parquet Honey 536,,,,,
ecostep-vinyl-flooring-parquet-original-555,Ecostep Vinyl Flooring Parquet Original 555,,Factory Direct Flooring,Home & Garden > Decor > Flooring,Cushion Flooring,"Cushion Flooring, flooring, UK flooring",TRUE,Title,Default Title,74016ST,0,shopify,100,deny,manual,11.99,,TRUE,TRUE,https://imagely.factory-direct-flooring.co.uk/media/catalog/product/cache/07f4e6a093cd3c305a832187014ed50b/e/c/ecostep_parquet_orginal_555_vinyl_cushion_floor_1.jpg,1,Ecostep Vinyl Flooring Parquet Original 555,Ecostep Vinyl Flooring Parquet Original 555,,active,Home & Garden > Decor > Flooring,cushion-flooring
ecostep-vinyl-flooring-parquet-original-555,,,,,,,,,,,,,,,,,,,,https://imagely.factory-direct-flooring.co.uk/media/catalog/product/cache/07f4e6a093cd3c305a832187014ed50b/e/c/ecostep_parquet_orginal_555_vinyl_cushion_floor_2.jpg,2,Ecostep Vinyl Flooring Parquet Original 555,,,,,
ecostep-vinyl-flooring-parquet-sintra-583,Ecostep Vinyl Flooring Parquet Sintra 583,,Factory Direct Flooring,Home & Garden > Decor > Flooring,Cushion Flooring,"Cushion Flooring, flooring, UK flooring",TRUE,Title,Default Title,74018ST,0,shopify,100,deny,manual,11.51,,TRUE,TRUE,https://imagely.factory-direct-flooring.co.uk/media/catalog/product/cache/07f4e6a093cd3c305a832187014ed50b/e/c/ecostep_parquet_sintra_583_vinyl_cushion_floor_1.jpg,1,Ecostep Vinyl Flooring Parquet Sintra 583,Ecostep Vinyl Flooring Parquet Sintra 583,,active,Home & Garden > Decor > Flooring,cushion-flooring
ecostep-vinyl-flooring-parquet-sintra-583,,,,,,,,,,,,,,,,,,,,https://imagely.factory-direct-flooring.co.uk/media/catalog/product/cache/07f4e6a093cd3c305a832187014ed50b/e/c/ecostep_parquet_sintra_583_vinyl_cushion_floor_3.jpg,2,Ecostep Vinyl Flooring Parquet Sintra 583,,,,,
ecostep-vinyl-flooring-parquet-alaska-581,Ecostep Vinyl Flooring Parquet Alaska 581,,Factory Direct Flooring,Home & Garden > Decor > Flooring,Cushion Flooring,"Cushion Flooring, flooring, UK flooring",TRUE,Title,Default Title,74030ST,0,shopify,100,deny,manual,11.51,,TRUE,TRUE,https://imagely.factory-direct-flooring.co.uk/media/catalog/product/cache/07f4e6a093cd3c305a832187014ed50b/e/c/ecostep_parquet_alaska_581_vinyl_cushion_floor_1.jpg,1,Ecostep Vinyl Flooring Parquet Alaska 581,Ecostep Vinyl Flooring Parquet Alaska 581,,active,Home & Garden > Decor > Flooring,cushion-flooring
ecostep-vinyl-flooring-parquet-alaska-581,,,,,,,,,,,,,,,,,,,,https://imagely.factory-direct-flooring.co.uk/media/catalog/product/cache/07f4e6a093cd3c305a832187014ed50b/e/c/ecostep_parquet_alaska_581_vinyl_cushion_floor_2.jpg,2,Ecostep Vinyl Flooring Parquet Alaska 581,,,,,
ecostep-vinyl-flooring-chic-noblesse-92,Ecostep Vinyl Flooring Chic Noblesse 92,,Factory Direct Flooring,Home & Garden > Decor > Flooring,Cushion Flooring,"Cushion Flooring, flooring, UK flooring",TRUE,Title,Default Title,74019ST,0,shopify,100,deny,manual,11.51,,TRUE,TRUE,https://imagely.factory-direct-flooring.co.uk/media/catalog/product/cache/07f4e6a093cd3c305a832187014ed50b/e/c/ecostep_chic_noblesse_92_vinyl_cushion_floor_1.jpg,1,Ecostep Vinyl Flooring Chic Noblesse 92,Ecostep Vinyl Flooring Chic Noblesse 92,,active,Home & Garden > Decor > Flooring,cushion-flooring
ecostep-vinyl-flooring-chic-noblesse-92,,,,,,,,,,,,,,,,,,,,https://imagely.factory-direct-flooring.co.uk/media/catalog/product/cache/07f4e6a093cd3c305a832187014ed50b/e/c/ecostep_chic_noblesse_92_vinyl_cushion_floor_3_1.jpg,2,Ecostep Vinyl Flooring Chic Noblesse 92,,,,,
ecostep-vinyl-flooring-new-alba-793,Ecostep Vinyl Flooring New Alba 793,,Factory Direct Flooring,Home & Garden > Decor > Flooring,Cushion Flooring,"Cushion Flooring, flooring, UK flooring",TRUE,Title,Default Title,74029ST,0,shopify,100,deny,manual,11.51,,TRUE,TRUE,https://imagely.factory-direct-flooring.co.uk/media/catalog/product/cache/07f4e6a093cd3c305a832187014ed50b/e/c/ecostep_new_alba_793_vinyl_cushion_floor_1.jpg,1,Ecostep Vinyl Flooring New Alba 793,Ecostep Vinyl Flooring New Alba 793,,active,Home & Garden > Decor > Flooring,cushion-flooring
ecostep-vinyl-flooring-new-alba-793,,,,,,,,,,,,,,,,,,,,https://imagely.factory-direct-flooring.co.uk/media/catalog/product/cache/07f4e6a093cd3c305a832187014ed50b/e/c/ecostep_new_alba_793_vinyl_cushion_floor_2.jpg,2,Ecostep Vinyl Flooring New Alba 793,,,,,
ecostep-vinyl-flooring-new-evora-594,Ecostep Vinyl Flooring New Evora 594,,Factory Direct Flooring,Home & Garden > Decor > Flooring,Cushion Flooring,"Cushion Flooring, flooring, UK flooring",TRUE,Title,Default Title,74032ST,0,shopify,100,deny,manual,11.99,,TRUE,TRUE,https://imagely.factory-direct-flooring.co.uk/media/catalog/product/cache/07f4e6a093cd3c305a832187014ed50b/e/c/ecostep_new_evora_594_vinyl_cushion_floor_3.jpg,1,Ecostep Vinyl Flooring New Evora 594,Ecostep Vinyl Flooring New Evora 594,,active,Home & Garden > Decor > Flooring,cushion-flooring
ecostep-vinyl-flooring-new-evora-594,,,,,,,,,,,,,,,,,,,,https://imagely.factory-direct-flooring.co.uk/media/catalog/product/cache/07f4e6a093cd3c305a832187014ed50b/e/c/ecostep_new_evora_594_vinyl_cushion_floor_1.jpg,2,Ecostep Vinyl Flooring New Evora 594,,,,,
texstep-cloud-oak-019s-felt-back,Texstep Cloud Oak 019S Felt Back,,Factory Direct Flooring,Home & Garden > Decor > Flooring,Cushion Flooring,"Cushion Flooring, flooring, UK flooring",TRUE,Title,Default Title,69507ST,0,shopify,100,deny,manual,14.03,,TRUE,TRUE,https://imagely.factory-direct-flooring.co.uk/media/catalog/product/cache/07f4e6a093cd3c305a832187014ed50b/t/e/texstep_cloud_oak_019s_felt_back_bedroom_1.jpg,1,Texstep Cloud Oak 019S Felt Back,Texstep Cloud Oak 019S Felt Back,,active,Home & Garden > Decor > Flooring,cushion-flooring
texstep-cloud-oak-019s-felt-back,,,,,,,,,,,,,,,,,,,,https://imagely.factory-direct-flooring.co.uk/media/catalog/product/cache/07f4e6a093cd3c305a832187014ed50b/t/e/texstep_cloud_oak_019s_felt_back_swatch.jpg,2,Texstep Cloud Oak 019S Felt Back,,,,,
ecostep-vinyl-flooring-barcelona-579,Ecostep Vinyl Flooring Barcelona 579,,Factory Direct Flooring,Home & Garden > Decor > Flooring,Cushion Flooring,"Cushion Flooring, flooring, UK flooring",TRUE,Title,Default Title,74031ST,0,shopify,100,deny,manual,11.51,,TRUE,TRUE,https://imagely.factory-direct-flooring.co.uk/media/catalog/product/cache/07f4e6a093cd3c305a832187014ed50b/e/c/ecostep_barcelona_579_vinyl_cushion_floor_1.jpg,1,Ecostep Vinyl Flooring Barcelona 579,Ecostep Vinyl Flooring Barcelona 579,,active,Home & Garden > Decor > Flooring,cushion-flooring
ecostep-vinyl-flooring-barcelona-579,,,,,,,,,,,,,,,,,,,,https://imagely.factory-direct-flooring.co.uk/media/catalog/product/cache/07f4e6a093cd3c305a832187014ed50b/e/c/ecostep_barcelona_579_vinyl_cushion_floor_2.jpg,2,Ecostep Vinyl Flooring Barcelona 579,,,,,
ecostep-vinyl-flooring-golden-oak-006m,Ecostep Vinyl Flooring Golden Oak 006M,,Factory Direct Flooring,Home & Garden > Decor > Flooring,Cushion Flooring,"Cushion Flooring, flooring, UK flooring",TRUE,Title,Default Title,69489ST,0,shopify,100,deny,manual,10.79,,TRUE,TRUE,https://imagely.factory-direct-flooring.co.uk/media/catalog/product/cache/07f4e6a093cd3c305a832187014ed50b/e/c/ecostep_golden_oak_006m_vinyl_cushion_floor_living_area.jpg,1,Ecostep Vinyl Flooring Golden Oak 006M,Ecostep Vinyl Flooring Golden Oak 006M,,active,Home & Garden > Decor > Flooring,cushion-flooring
ecostep-vinyl-flooring-golden-oak-006m,,,,,,,,,,,,,,,,,,,,https://imagely.factory-direct-flooring.co.uk/media/catalog/product/cache/07f4e6a093cd3c305a832187014ed50b/e/c/ecostep_golden_oak_006m_vinyl_cushion_floor_swatch.jpg,2,Ecostep Vinyl Flooring Golden Oak 006M,,,,,
ecostep-vinyl-flooring-lime-oak-949m,Ecostep Vinyl Flooring Lime Oak 949M,,Factory Direct Flooring,Home & Garden > Decor > Flooring,Cushion Flooring,"Cushion Flooring, flooring, UK flooring",TRUE,Title,Default Title,69494ST,0,shopify,100,deny,manual,10.79,,TRUE,TRUE,https://imagely.factory-direct-flooring.co.uk/media/catalog/product/cache/07f4e6a093cd3c305a832187014ed50b/e/c/ecostep_lime_oak_949m_vinyl_cushion_floor_bedroom.jpg,1,Ecostep Vinyl Flooring Lime Oak 949M,Ecostep Vinyl Flooring Lime Oak 949M,,active,Home & Garden > Decor > Flooring,cushion-flooring
ecostep-vinyl-flooring-lime-oak-949m,,,,,,,,,,,,,,,,,,,,https://imagely.factory-direct-flooring.co.uk/media/catalog/product/cache/07f4e6a093cd3c305a832187014ed50b/e/c/ecostep_lime_oak_949m_vinyl_cushion_floor_swatch.jpg,2,Ecostep Vinyl Flooring Lime Oak 949M,,,,,
texstep-pure-grey-960m-felt-back,Texstep Pure Grey 960M Felt Back,,Factory Direct Flooring,Home & Garden > Decor > Flooring,Cushion Flooring,"Cushion Flooring, flooring, UK flooring",TRUE,Title,Default Title,69506ST,0,shopify,100,deny,manual,14.03,,TRUE,TRUE,https://imagely.factory-direct-flooring.co.uk/media/catalog/product/cache/07f4e6a093cd3c305a832187014ed50b/t/e/texstep_pure_grey_960m_felt_back_diner.jpg,1,Texstep Pure Grey 960M Felt Back,Texstep Pure Grey 960M Felt Back,,active,Home & Garden > Decor > Flooring,cushion-flooring
texstep-pure-grey-960m-felt-back,,,,,,,,,,,,,,,,,,,,https://imagely.factory-direct-flooring.co.uk/media/catalog/product/cache/07f4e6a093cd3c305a832187014ed50b/t/e/texstep_pure_grey_960m_felt_back_swatch.jpg,2,Texstep Pure Grey 960M Felt Back,,,,,
ecostep-vinyl-flooring-urban-slate-909e,Ecostep Vinyl Flooring Urban Slate 909E,,Factory Direct Flooring,Home & Garden > Decor > Flooring,Cushion Flooring,"Cushion Flooring, flooring, UK flooring",TRUE,Title,Default Title,69492ST,0,shopify,100,deny,manual,10.79,,TRUE,TRUE,https://imagely.factory-direct-flooring.co.uk/media/catalog/product/cache/07f4e6a093cd3c305a832187014ed50b/e/c/ecostep_urban_slate_909e_vinyl_cushion_floor_bathroom.jpg,1,Ecostep Vinyl Flooring Urban Slate 909E,Ecostep Vinyl Flooring Urban Slate 909E,,active,Home & Garden > Decor > Flooring,cushion-flooring
ecostep-vinyl-flooring-urban-slate-909e,,,,,,,,,,,,,,,,,,,,https://imagely.factory-direct-flooring.co.uk/media/catalog/product/cache/07f4e6a093cd3c305a832187014ed50b/e/c/ecostep_urban_slate_909e_vinyl_cushion_floor_swatch.jpg,2,Ecostep Vinyl Flooring Urban Slate 909E,,,,,
texstep-real-oak-621l-felt-back,Texstep Real Oak 621L Felt Back,,Factory Direct Flooring,Home & Garden > Decor > Flooring,Cushion Flooring,"Cushion Flooring, flooring, UK flooring",TRUE,Title,Default Title,69500ST,0,shopify,100,deny,manual,14.03,,TRUE,TRUE,https://imagely.factory-direct-flooring.co.uk/media/catalog/product/cache/07f4e6a093cd3c305a832187014ed50b/t/e/texstep_real_oak_621l_felt_back_bedroom.jpg,1,Texstep Real Oak 621L Felt Back,Texstep Real Oak 621L Felt Back,,active,Home & Garden > Decor > Flooring,cushion-flooring
texstep-real-oak-621l-felt-back,,,,,,,,,,,,,,,,,,,,https://imagely.factory-direct-flooring.co.uk/media/catalog/product/cache/07f4e6a093cd3c305a832187014ed50b/t/e/texstep_real_oak_621l_felt_back_swatch.jpg,2,Texstep Real Oak 621L Felt Back,,,,,
texstep-herringbone-natural-162m-felt-back,Texstep Herringbone Natural 162M Felt Back,,Factory Direct Flooring,Home & Garden > Decor > Flooring,Cushion Flooring,"Cushion Flooring, flooring, UK flooring",TRUE,Title,Default Title,69502ST,0,shopify,100,deny,manual,14.03,,TRUE,TRUE,https://imagely.factory-direct-flooring.co.uk/media/catalog/product/cache/07f4e6a093cd3c305a832187014ed50b/t/e/texstep_herringbone_natural_162m_felt_back_living_room.jpg,1,Texstep Herringbone Natural 162M Felt Back,Texstep Herringbone Natural 162M Felt Back,,active,Home & Garden > Decor > Flooring,cushion-flooring
texstep-herringbone-natural-162m-felt-back,,,,,,,,,,,,,,,,,,,,https://imagely.factory-direct-flooring.co.uk/media/catalog/product/cache/07f4e6a093cd3c305a832187014ed50b/t/e/texstep_herringbone_natural_162m_felt_back_swatch.jpg,2,Texstep Herringbone Natural 162M Felt Back,,,,,
plain-colours-solid-dark-grey-919d-vinyl-flooring,Plain Colours Solid Dark Grey 919D Vinyl Flooring,,Factory Direct Flooring,Home & Garden > Decor > Flooring,Cushion Flooring,"Cushion Flooring, flooring, UK flooring",TRUE,Title,Default Title,68196ST,0,shopify,100,deny,manual,11.51,,TRUE,TRUE,https://imagely.factory-direct-flooring.co.uk/media/catalog/product/cache/07f4e6a093cd3c305a832187014ed50b/p/l/plain-colours-solid-dark-grey-919d-vinyl-flooring-xl-lifestyle-1.jpg,1,Plain Colours Solid Dark Grey 919D Vinyl Flooring,Plain Colours Solid Dark Grey 919D Vinyl Flooring,,active,Home & Garden > Decor > Flooring,cushion-flooring
plain-colours-solid-dark-grey-919d-vinyl-flooring,,,,,,,,,,,,,,,,,,,,https://imagely.factory-direct-flooring.co.uk/media/catalog/product/cache/07f4e6a093cd3c305a832187014ed50b/p/l/plain-colours-solid-dark-grey-919d-vinyl-flooring-xl-lifestyle-2.jpg,2,Plain Colours Solid Dark Grey 919D Vinyl Flooring,,,,,
ecostep-vinyl-flooring-oak-havanna-613m,Ecostep Vinyl Flooring Oak Havanna 613M,,Factory Direct Flooring,Home & Garden > Decor > Flooring,Cushion Flooring,"Cushion Flooring, flooring, UK flooring",TRUE,Title,Default Title,69495ST,0,shopify,100,deny,manual,10.79,,TRUE,TRUE,https://imagely.factory-direct-flooring.co.uk/media/catalog/product/cache/07f4e6a093cd3c305a832187014ed50b/e/c/ecostep_oak_havanna_613m_vinyl_cushion_floor_diner.jpg,1,Ecostep Vinyl Flooring Oak Havanna 613M,Ecostep Vinyl Flooring Oak Havanna 613M,,active,Home & Garden > Decor > Flooring,cushion-flooring
ecostep-vinyl-flooring-oak-havanna-613m,,,,,,,,,,,,,,,,,,,,https://imagely.factory-direct-flooring.co.uk/media/catalog/product/cache/07f4e6a093cd3c305a832187014ed50b/e/c/ecostep_oak_havanna_613m_vinyl_cushion_floor_swatch.jpg,2,Ecostep Vinyl Flooring Oak Havanna 613M,,,,,
plain-colours-solid-black-999e-vinyl-flooring,Plain Colours Solid Black 999E Vinyl Flooring,,Factory Direct Flooring,Home & Garden > Decor > Flooring,Cushion Flooring,"Cushion Flooring, flooring, UK flooring",TRUE,Title,Default Title,68135ST,0,shopify,100,deny,manual,11.51,,TRUE,TRUE,https://imagely.factory-direct-flooring.co.uk/media/catalog/product/cache/07f4e6a093cd3c305a832187014ed50b/p/l/plain-colours-solid-black-999e-vinyl-flooring-xl-lifestyle-1.jpg,1,Plain Colours Solid Black 999E Vinyl Flooring,Plain Colours Solid Black 999E Vinyl Flooring,,active,Home & Garden > Decor > Flooring,cushion-flooring
plain-colours-solid-black-999e-vinyl-flooring,,,,,,,,,,,,,,,,,,,,https://imagely.factory-direct-flooring.co.uk/media/catalog/product/cache/07f4e6a093cd3c305a832187014ed50b/p/l/plain-colours-solid-black-999e-vinyl-flooring-xl-lifestyle-2.jpg,2,Plain Colours Solid Black 999E Vinyl Flooring,,,,,
ultrafelt-vinyl-flooring-light-oak-plank,Ultrafelt Vinyl Flooring Light Oak Plank,,Factory Direct Flooring,Home & Garden > Decor > Flooring,Cushion Flooring,"Cushion Flooring, flooring, UK flooring",TRUE,Title,Default Title,67889ST,0,shopify,100,deny,manual,17.87,,TRUE,TRUE,https://imagely.factory-direct-flooring.co.uk/media/catalog/product/cache/07f4e6a093cd3c305a832187014ed50b/u/l/ultrafelt-light-oak-plank-cushioned-vinyl-xl-lifestyle-1a.jpg,1,Ultrafelt Vinyl Flooring Light Oak Plank,Ultrafelt Vinyl Flooring Light Oak Plank,,active,Home & Garden > Decor > Flooring,cushion-flooring
ultrafelt-vinyl-flooring-light-oak-plank,,,,,,,,,,,,,,,,,,,,https://imagely.factory-direct-flooring.co.uk/media/catalog/product/cache/07f4e6a093cd3c305a832187014ed50b/u/l/ultrafelt-light-oak-plank-cushioned-vinyl-xl-lifestyle-2.jpg,2,Ultrafelt Vinyl Flooring Light Oak Plank,,,,,
ultrafelt-vinyl-flooring-smoked-oak-plank,Ultrafelt Vinyl Flooring Smoked Oak Plank,,Factory Direct Flooring,Home & Garden > Decor > Flooring,Cushion Flooring,"Cushion Flooring, flooring, UK flooring",TRUE,Title,Default Title,67890ST,0,shopify,100,deny,manual,17.87,,TRUE,TRUE,https://imagely.factory-direct-flooring.co.uk/media/catalog/product/cache/07f4e6a093cd3c305a832187014ed50b/u/l/ultrafelt_smoked_oak_plank_cushioned_vinyl_hall.jpg,1,Ultrafelt Vinyl Flooring Smoked Oak Plank,Ultrafelt Vinyl Flooring Smoked Oak Plank,,active,Home & Garden > Decor > Flooring,cushion-flooring
ultrafelt-vinyl-flooring-smoked-oak-plank,,,,,,,,,,,,,,,,,,,,https://imagely.factory-direct-flooring.co.uk/media/catalog/product/cache/07f4e6a093cd3c305a832187014ed50b/u/l/ultrafelt_smoked_oak_plank_cushioned_vinyl_swatch.jpg,2,Ultrafelt Vinyl Flooring Smoked Oak Plank,,,,,
ultrafelt-vinyl-flooring-natural-oak-parquet,Ultrafelt Vinyl Flooring Natural Oak Parquet,,Factory Direct Flooring,Home & Garden > Decor > Flooring,Cushion Flooring,"Cushion Flooring, flooring, UK flooring",TRUE,Title,Default Title,67893ST,0,shopify,100,deny,manual,17.87,,TRUE,TRUE,https://imagely.factory-direct-flooring.co.uk/media/catalog/product/cache/07f4e6a093cd3c305a832187014ed50b/u/l/ultrafelt_natural_oak_parquet_cushioned_vinyl_hallway.jpg,1,Ultrafelt Vinyl Flooring Natural Oak Parquet,Ultrafelt Vinyl Flooring Natural Oak Parquet,,active,Home & Garden > Decor > Flooring,cushion-flooring
ultrafelt-vinyl-flooring-natural-oak-parquet,,,,,,,,,,,,,,,,,,,,https://imagely.factory-direct-flooring.co.uk/media/catalog/product/cache/07f4e6a093cd3c305a832187014ed50b/u/l/ultrafelt_natural_oak_parquet_cushioned_vinyl_swatch.jpg,2,Ultrafelt Vinyl Flooring Natural Oak Parquet,,,,,
ultrafelt-vinyl-flooring-battle-oak-parquet,Ultrafelt Vinyl Flooring Battle Oak Parquet,,Factory Direct Flooring,Home & Garden > Decor > Flooring,Cushion Flooring,"Cushion Flooring, flooring, UK flooring",TRUE,Title,Default Title,67892ST,0,shopify,100,deny,manual,17.87,,TRUE,TRUE,https://imagely.factory-direct-flooring.co.uk/media/catalog/product/cache/07f4e6a093cd3c305a832187014ed50b/u/l/ultrafelt_battle_oak_parquet_cushioned_vinyl_bedroom.jpg,1,Ultrafelt Vinyl Flooring Battle Oak Parquet,Ultrafelt Vinyl Flooring Battle Oak Parquet,,active,Home & Garden > Decor > Flooring,cushion-flooring
ultrafelt-vinyl-flooring-battle-oak-parquet,,,,,,,,,,,,,,,,,,,,https://imagely.factory-direct-flooring.co.uk/media/catalog/product/cache/07f4e6a093cd3c305a832187014ed50b/u/l/ultrafelt_battle_oak_parquet_cushioned_vinyl_swatch.jpg,2,Ultrafelt Vinyl Flooring Battle Oak Parquet,,,,,
ultrafelt-vinyl-flooring-steel-grey-oak,Ultrafelt Vinyl Flooring Steel Grey Oak,,Factory Direct Flooring,Home & Garden > Decor > Flooring,Cushion Flooring,"Cushion Flooring, flooring, UK flooring",TRUE,Title,Default Title,67891ST,0,shopify,100,deny,manual,17.87,,TRUE,TRUE,https://imagely.factory-direct-flooring.co.uk/media/catalog/product/cache/07f4e6a093cd3c305a832187014ed50b/u/l/ultrafelt-steel-grey-oak-cushioned-vinyl-xl-lifestyle-1.jpg,1,Ultrafelt Vinyl Flooring Steel Grey Oak,Ultrafelt Vinyl Flooring Steel Grey Oak,,active,Home & Garden > Decor > Flooring,cushion-flooring
ultrafelt-vinyl-flooring-steel-grey-oak,,,,,,,,,,,,,,,,,,,,https://imagely.factory-direct-flooring.co.uk/media/catalog/product/cache/07f4e6a093cd3c305a832187014ed50b/u/l/ultrafelt-steel-grey-oak-cushioned-vinyl-xl-lifestyle-2.jpg,2,Ultrafelt Vinyl Flooring Steel Grey Oak,,,,,
plain-colours-solid-white-000s-vinyl-flooring,Plain Colours Solid White 000S Vinyl Flooring,,Factory Direct Flooring,Home & Garden > Decor > Flooring,Cushion Flooring,"Cushion Flooring, flooring, UK flooring",TRUE,Title,Default Title,67426ST,0,shopify,100,deny,manual,11.51,,TRUE,TRUE,https://imagely.factory-direct-flooring.co.uk/media/catalog/product/cache/07f4e6a093cd3c305a832187014ed50b/p/l/plain-colours-solid-white-000s-vinyl-flooring-xl-lifestyle-1_1.jpg,1,Plain Colours Solid White 000S Vinyl Flooring,Plain Colours Solid White 000S Vinyl Flooring,,active,Home & Garden > Decor > Flooring,cushion-flooring
plain-colours-solid-white-000s-vinyl-flooring,,,,,,,,,,,,,,,,,,,,https://imagely.factory-direct-flooring.co.uk/media/catalog/product/cache/07f4e6a093cd3c305a832187014ed50b/p/l/plain-colours-solid-white-000s-vinyl-flooring-xl-lifestyle-2_1.jpg,2,Plain Colours Solid White 000S Vinyl Flooring,,,,,
ultrafelt-vinyl-flooring-aged-parquet-oak,Ultrafelt Vinyl Flooring Aged Parquet Oak,,Factory Direct Flooring,Home & Garden > Decor > Flooring,Cushion Flooring,"Cushion Flooring, flooring, UK flooring",TRUE,Title,Default Title,67894ST,0,shopify,100,deny,manual,17.87,,TRUE,TRUE,https://imagely.factory-direct-flooring.co.uk/media/catalog/product/cache/07f4e6a093cd3c305a832187014ed50b/u/l/ultrafelt-aged-parquet-oak-cushioned-vinyl-xl-lifestyle-3.jpg,1,Ultrafelt Vinyl Flooring Aged Parquet Oak,Ultrafelt Vinyl Flooring Aged Parquet Oak,,active,Home & Garden > Decor > Flooring,cushion-flooring
ultrafelt-vinyl-flooring-aged-parquet-oak,,,,,,,,,,,,,,,,,,,,https://imagely.factory-direct-flooring.co.uk/media/catalog/product/cache/07f4e6a093cd3c305a832187014ed50b/u/l/ultrafelt-aged-parquet-oak-cushioned-vinyl-xl-lifestyle-2.jpg,2,Ultrafelt Vinyl Flooring Aged Parquet Oak,,,,,
smartstep-vinyl-flooring-felt-nimes-592,Smartstep Vinyl Flooring Felt Nimes 592,,Factory Direct Flooring,Home & Garden > Decor > Flooring,Cushion Flooring,"Cushion Flooring, flooring, UK flooring",TRUE,Title,Default Title,72232ST,0,shopify,100,deny,manual,14.03,,TRUE,TRUE,https://imagely.factory-direct-flooring.co.uk/media/catalog/product/cache/07f4e6a093cd3c305a832187014ed50b/s/m/smartstep-felt-nimes-592-xl-lifestyle-1_1.jpg,1,Smartstep Vinyl Flooring Felt Nimes 592,Smartstep Vinyl Flooring Felt Nimes 592,,active,Home & Garden > Decor > Flooring,cushion-flooring
smartstep-vinyl-flooring-felt-nimes-592,,,,,,,,,,,,,,,,,,,,https://imagely.factory-direct-flooring.co.uk/media/catalog/product/cache/07f4e6a093cd3c305a832187014ed50b/s/m/smartstep-felt-nimes-592-xl-lifstyle-2_1.jpg,2,Smartstep Vinyl Flooring Felt Nimes 592,,,,,
plain-colours-solid-grey-910m-vinyl-flooring,Plain Colours Solid Grey 910M Vinyl Flooring,,Factory Direct Flooring,Home & Garden > Decor > Flooring,Cushion Flooring,"Cushion Flooring, flooring, UK flooring",TRUE,Title,Default Title,67429ST,0,shopify,100,deny,manual,11.51,,TRUE,TRUE,https://imagely.factory-direct-flooring.co.uk/media/catalog/product/cache/07f4e6a093cd3c305a832187014ed50b/p/l/plain-colours-solid-grey-910m-vinyl-flooring-xl-lifestyle-3_1.jpg,1,Plain Colours Solid Grey 910M Vinyl Flooring,Plain Colours Solid Grey 910M Vinyl Flooring,,active,Home & Garden > Decor > Flooring,cushion-flooring
plain-colours-solid-grey-910m-vinyl-flooring,,,,,,,,,,,,,,,,,,,,https://imagely.factory-direct-flooring.co.uk/media/catalog/product/cache/07f4e6a093cd3c305a832187014ed50b/p/l/plain-colours-solid-grey-910m-vinyl-flooring-xl-lifestyle-2.jpg,2,Plain Colours Solid Grey 910M Vinyl Flooring,,,,,
smartstep-vinyl-flooring-felt-helsinki-592,Smartstep Vinyl Flooring Felt Helsinki 592,,Factory Direct Flooring,Home & Garden > Decor > Flooring,Cushion Flooring,"Cushion Flooring, flooring, UK flooring",TRUE,Title,Default Title,72230ST,0,shopify,100,deny,manual,14.03,,TRUE,TRUE,https://imagely.factory-direct-flooring.co.uk/media/catalog/product/cache/07f4e6a093cd3c305a832187014ed50b/s/m/smartstep_felt_helsinki_592_1_1.jpg,1,Smartstep Vinyl Flooring Felt Helsinki 592,Smartstep Vinyl Flooring Felt Helsinki 592,,active,Home & Garden > Decor > Flooring,cushion-flooring
smartstep-vinyl-flooring-felt-helsinki-592,,,,,,,,,,,,,,,,,,,,https://imagely.factory-direct-flooring.co.uk/media/catalog/product/cache/07f4e6a093cd3c305a832187014ed50b/s/m/smartstep-felt-helsinki-592.jpg,2,Smartstep Vinyl Flooring Felt Helsinki 592,,,,,
smartstep-vinyl-flooring-felt-helsinki-536,Smartstep Vinyl Flooring Felt Helsinki 536,,Factory Direct Flooring,Home & Garden > Decor > Flooring,Cushion Flooring,"Cushion Flooring, flooring, UK flooring",TRUE,Title,Default Title,72229ST,0,shopify,100,deny,manual,14.03,,TRUE,TRUE,https://imagely.factory-direct-flooring.co.uk/media/catalog/product/cache/07f4e6a093cd3c305a832187014ed50b/s/m/smartstep-felt-helsinki-536-xl-lifestyle-2.jpg,1,Smartstep Vinyl Flooring Felt Helsinki 536,Smartstep Vinyl Flooring Felt Helsinki 536,,active,Home & Garden > Decor > Flooring,cushion-flooring
smartstep-vinyl-flooring-felt-helsinki-536,,,,,,,,,,,,,,,,,,,,https://imagely.factory-direct-flooring.co.uk/media/catalog/product/cache/07f4e6a093cd3c305a832187014ed50b/s/m/smartstep-felt-helsinki-536-xl-lifestyle-3.jpg,2,Smartstep Vinyl Flooring Felt Helsinki 536,,,,,
contract-safe-vinyl-flooring-medium-grey-970m-2mtr-wide,Contract Safe Vinyl Flooring Medium Grey 970M 2mtr Wide,,Factory Direct Flooring,Home & Garden > Decor > Flooring,Commercial Vinyl,"Commercial Vinyl, flooring, UK flooring",TRUE,Title,Default Title,65813ST,0,shopify,100,deny,manual,19.07,,TRUE,TRUE,https://imagely.factory-direct-flooring.co.uk/media/catalog/product/cache/07f4e6a093cd3c305a832187014ed50b/c/o/contract-safe-vinyl-flooring-medium-grey-970m-2mtr-wide-xl-lifestyle-1.jpg,1,Contract Safe Vinyl Flooring Medium Grey 970M 2mtr Wide,Contract Safe Vinyl Flooring Medium Grey 970M 2mtr Wide,,active,Home & Garden > Decor > Flooring,commercial-vinyl
contract-safe-vinyl-flooring-medium-grey-970m-2mtr-wide,,,,,,,,,,,,,,,,,,,,https://imagely.factory-direct-flooring.co.uk/media/catalog/product/cache/07f4e6a093cd3c305a832187014ed50b/c/o/contract-safe-vinyl-flooring-medium-grey-970m-2mtr-wide-xl-lifestyle-2.jpg,2,Contract Safe Vinyl Flooring Medium Grey 970M 2mtr Wide,,,,,
contract-safe-vinyl-flooring-grey-690d-2mtr-wide,Contract Safe Vinyl Flooring Grey 690D 2mtr Wide,,Factory Direct Flooring,Home & Garden > Decor > Flooring,Commercial Vinyl,"Commercial Vinyl, flooring, UK flooring",TRUE,Title,Default Title,65812ST,0,shopify,100,deny,manual,19.07,,TRUE,TRUE,https://imagely.factory-direct-flooring.co.uk/media/catalog/product/cache/07f4e6a093cd3c305a832187014ed50b/c/o/contract-safe-vinyl-flooring-grey-690d-2mtr-wide-room-shot-1.jpg,1,Contract Safe Vinyl Flooring Grey 690D 2mtr Wide,Contract Safe Vinyl Flooring Grey 690D 2mtr Wide,,active,Home & Garden > Decor > Flooring,commercial-vinyl
contract-safe-vinyl-flooring-grey-690d-2mtr-wide,,,,,,,,,,,,,,,,,,,,https://imagely.factory-direct-flooring.co.uk/media/catalog/product/cache/07f4e6a093cd3c305a832187014ed50b/c/o/contract-safe-vinyl-flooring-brown-690d-2mtr-wide-lifestyle-1.jpg,2,Contract Safe Vinyl Flooring Grey 690D 2mtr Wide,,,,,
polysafe-standard-nordic-grey-heavy-duty-safety-flooring,Polysafe Standard Nordic Grey Heavy Duty Safety Flooring,,Factory Direct Flooring,Home & Garden > Decor > Flooring,Commercial Vinyl,"Commercial Vinyl, flooring, UK flooring",TRUE,Title,Default Title,31379,0,shopify,100,deny,manual,34.54,,TRUE,TRUE,https://imagely.factory-direct-flooring.co.uk/media/catalog/product/cache/07f4e6a093cd3c305a832187014ed50b/p/o/polysafe_standard_nordic_grey_heavy_duty_safety_flooring.jpg,1,Polysafe Standard Nordic Grey Heavy Duty Safety Flooring,Polysafe Standard Nordic Grey Heavy Duty Safety Flooring,,active,Home & Garden > Decor > Flooring,commercial-vinyl
polysafe-standard-nordic-grey-heavy-duty-safety-flooring,,,,,,,,,,,,,,,,,,,,https://imagely.factory-direct-flooring.co.uk/media/catalog/product/cache/07f4e6a093cd3c305a832187014ed50b/p/o/polysafe_standard_heavy_duty_safety_floor_nordic_grey_4090.jpg,2,Polysafe Standard Nordic Grey Heavy Duty Safety Flooring,,,,,
polysafe-standard-black-walnut-heavy-duty-safety-flooring,Polysafe Standard Black Walnut Heavy Duty Safety Flooring,,Factory Direct Flooring,Home & Garden > Decor > Flooring,Commercial Vinyl,"Commercial Vinyl, flooring, UK flooring",TRUE,Title,Default Title,31383,0,shopify,100,deny,manual,34.54,,TRUE,TRUE,https://imagely.factory-direct-flooring.co.uk/media/catalog/product/cache/07f4e6a093cd3c305a832187014ed50b/p/o/polysafe_standard_black_walnut_heavy_duty_safety_flooring.jpg,1,Polysafe Standard Black Walnut Heavy Duty Safety Flooring,Polysafe Standard Black Walnut Heavy Duty Safety Flooring,,active,Home & Garden > Decor > Flooring,commercial-vinyl
polysafe-standard-black-walnut-heavy-duty-safety-flooring,,,,,,,,,,,,,,,,,,,,https://imagely.factory-direct-flooring.co.uk/media/catalog/product/cache/07f4e6a093cd3c305a832187014ed50b/p/o/polysafe_standard_heavy_duty_safety_floor_black_walnut_4150.jpg,2,Polysafe Standard Black Walnut Heavy Duty Safety Flooring,,,,,
contract-safe-vinyl-flooring-storm-grey-109s-2mtr-wide,Contract Safe Vinyl Flooring Storm Grey 109S 2mtr Wide,,Factory Direct Flooring,Home & Garden > Decor > Flooring,Commercial Vinyl,"Commercial Vinyl, flooring, UK flooring",TRUE,Title,Default Title,65934ST,0,shopify,100,deny,manual,19.07,,TRUE,TRUE,https://imagely.factory-direct-flooring.co.uk/media/catalog/product/cache/07f4e6a093cd3c305a832187014ed50b/c/o/contract-safe-vinyl-flooring-storm-grey-109s-2mtr-wide-xl-lifestyle-1.jpg,1,Contract Safe Vinyl Flooring Storm Grey 109S 2mtr Wide,Contract Safe Vinyl Flooring Storm Grey 109S 2mtr Wide,,active,Home & Garden > Decor > Flooring,commercial-vinyl
contract-safe-vinyl-flooring-storm-grey-109s-2mtr-wide,,,,,,,,,,,,,,,,,,,,https://imagely.factory-direct-flooring.co.uk/media/catalog/product/cache/07f4e6a093cd3c305a832187014ed50b/c/o/contract-safe-vinyl-flooring-storm-grey-109s-2mtr-wide-xl-lifestyle-2.jpg,2,Contract Safe Vinyl Flooring Storm Grey 109S 2mtr Wide,,,,,
polysafe-standard-twilight-heavy-duty-safety-flooring,Polysafe Standard Twilight Heavy Duty Safety Flooring,,Factory Direct Flooring,Home & Garden > Decor > Flooring,Commercial Vinyl,"Commercial Vinyl, flooring, UK flooring",TRUE,Title,Default Title,31382,0,shopify,100,deny,manual,34.54,,TRUE,TRUE,https://imagely.factory-direct-flooring.co.uk/media/catalog/product/cache/07f4e6a093cd3c305a832187014ed50b/p/o/polysafe_standard_twilight_heavy_duty_safety_flooring.jpg,1,Polysafe Standard Twilight Heavy Duty Safety Flooring,Polysafe Standard Twilight Heavy Duty Safety Flooring,,active,Home & Garden > Decor > Flooring,commercial-vinyl
polysafe-standard-twilight-heavy-duty-safety-flooring,,,,,,,,,,,,,,,,,,,,https://imagely.factory-direct-flooring.co.uk/media/catalog/product/cache/07f4e6a093cd3c305a832187014ed50b/p/o/polysafe_standard_heavy_duty_safety_floor_twilight_4490.jpg,2,Polysafe Standard Twilight Heavy Duty Safety Flooring,,,,,
polysafe-standard-arctic-blue-heavy-duty-safety-flooring,Polysafe Standard Arctic Blue Heavy Duty Safety Flooring,,Factory Direct Flooring,Home & Garden > Decor > Flooring,Commercial Vinyl,"Commercial Vinyl, flooring, UK flooring",TRUE,Title,Default Title,31378,0,shopify,100,deny,manual,34.54,,TRUE,TRUE,https://imagely.factory-direct-flooring.co.uk/media/catalog/product/cache/07f4e6a093cd3c305a832187014ed50b/p/o/polysafe_standard_arctic_blue_heavy_duty_safety_flooring.jpg,1,Polysafe Standard Arctic Blue Heavy Duty Safety Flooring,Polysafe Standard Arctic Blue Heavy Duty Safety Flooring,,active,Home & Garden > Decor > Flooring,commercial-vinyl
polysafe-standard-arctic-blue-heavy-duty-safety-flooring,,,,,,,,,,,,,,,,,,,,https://imagely.factory-direct-flooring.co.uk/media/catalog/product/cache/07f4e6a093cd3c305a832187014ed50b/p/o/polysafe_standard_heavy_duty_safety_floor_arctic_blue_4130.jpg,2,Polysafe Standard Arctic Blue Heavy Duty Safety Flooring,,,,,
polysafe-standard-redwood-heavy-duty-safety-flooring,Polysafe Standard Redwood Heavy Duty Safety Flooring,,Factory Direct Flooring,Home & Garden > Decor > Flooring,Commercial Vinyl,"Commercial Vinyl, flooring, UK flooring",TRUE,Title,Default Title,31381,0,shopify,100,deny,manual,34.54,,TRUE,TRUE,https://imagely.factory-direct-flooring.co.uk/media/catalog/product/cache/07f4e6a093cd3c305a832187014ed50b/p/o/polysafe_standard_redwood_heavy_duty_safety_flooring.jpg,1,Polysafe Standard Redwood Heavy Duty Safety Flooring,Polysafe Standard Redwood Heavy Duty Safety Flooring,,active,Home & Garden > Decor > Flooring,commercial-vinyl
polysafe-standard-redwood-heavy-duty-safety-flooring,,,,,,,,,,,,,,,,,,,,https://imagely.factory-direct-flooring.co.uk/media/catalog/product/cache/07f4e6a093cd3c305a832187014ed50b/p/o/polysafe_standard_heavy_duty_safety_floor_redwood_4040.jpg,2,Polysafe Standard Redwood Heavy Duty Safety Flooring,,,,,
polysafe-standard-cedar-blue-heavy-duty-safety-flooring,Polysafe Standard Cedar Blue Heavy Duty Safety Flooring,,Factory Direct Flooring,Home & Garden > Decor > Flooring,Commercial Vinyl,"Commercial Vinyl, flooring, UK flooring",TRUE,Title,Default Title,31374,0,shopify,100,deny,manual,34.54,,TRUE,TRUE,https://imagely.factory-direct-flooring.co.uk/media/catalog/product/cache/07f4e6a093cd3c305a832187014ed50b/p/o/polysafe_standard_cedar_blue_heavy_duty_safety_flooring.jpg,1,Polysafe Standard Cedar Blue Heavy Duty Safety Flooring,Polysafe Standard Cedar Blue Heavy Duty Safety Flooring,,active,Home & Garden > Decor > Flooring,commercial-vinyl
polysafe-standard-cedar-blue-heavy-duty-safety-flooring,,,,,,,,,,,,,,,,,,,,https://imagely.factory-direct-flooring.co.uk/media/catalog/product/cache/07f4e6a093cd3c305a832187014ed50b/p/o/polysafe_standard_heavy_duty_safety_floor_cedar_blue_4060.jpg,2,Polysafe Standard Cedar Blue Heavy Duty Safety Flooring,,,,,
polysafe-standard-alpine-green-heavy-duty-safety-flooring,Polysafe Standard Alpine Green Heavy Duty Safety Flooring,,Factory Direct Flooring,Home & Garden > Decor > Flooring,Commercial Vinyl,"Commercial Vinyl, flooring, UK flooring",TRUE,Title,Default Title,31377,0,shopify,100,deny,manual,34.54,,TRUE,TRUE,https://imagely.factory-direct-flooring.co.uk/media/catalog/product/cache/07f4e6a093cd3c305a832187014ed50b/p/o/polysafe_standard_alpine_green_heavy_duty_safety_flooring.jpg,1,Polysafe Standard Alpine Green Heavy Duty Safety Flooring,Polysafe Standard Alpine Green Heavy Duty Safety Flooring,,active,Home & Garden > Decor > Flooring,commercial-vinyl
polysafe-standard-alpine-green-heavy-duty-safety-flooring,,,,,,,,,,,,,,,,,,,,https://imagely.factory-direct-flooring.co.uk/media/catalog/product/cache/07f4e6a093cd3c305a832187014ed50b/p/o/polysafe_standard_heavy_duty_safety_floor_alpine_green_4110.jpg,2,Polysafe Standard Alpine Green Heavy Duty Safety Flooring,,,,,
polysafe-standard-autumn-beige-heavy-duty-safety-flooring,Polysafe Standard Autumn Beige Heavy Duty Safety Flooring,,Factory Direct Flooring,Home & Garden > Decor > Flooring,Commercial Vinyl,"Commercial Vinyl, flooring, UK flooring",TRUE,Title,Default Title,31372,0,shopify,100,deny,manual,34.54,,TRUE,TRUE,https://imagely.factory-direct-flooring.co.uk/media/catalog/product/cache/07f4e6a093cd3c305a832187014ed50b/p/o/polysafe_standard_autumn_beige_heavy_duty_safety_flooring.jpg,1,Polysafe Standard Autumn Beige Heavy Duty Safety Flooring,Polysafe Standard Autumn Beige Heavy Duty Safety Flooring,,active,Home & Garden > Decor > Flooring,commercial-vinyl
polysafe-standard-autumn-beige-heavy-duty-safety-flooring,,,,,,,,,,,,,,,,,,,,https://imagely.factory-direct-flooring.co.uk/media/catalog/product/cache/07f4e6a093cd3c305a832187014ed50b/p/o/polysafe_standard_heavy_duty_safety_floor_autumn_beige_4140.jpg,2,Polysafe Standard Autumn Beige Heavy Duty Safety Flooring,,,,,
polysafe-standard-silver-birch-heavy-duty-safety-flooring,Polysafe Standard Silver Birch Heavy Duty Safety Flooring,,Factory Direct Flooring,Home & Garden > Decor > Flooring,Commercial Vinyl,"Commercial Vinyl, flooring, UK flooring",TRUE,Title,Default Title,31373,0,shopify,100,deny,manual,34.54,,TRUE,TRUE,https://imagely.factory-direct-flooring.co.uk/media/catalog/product/cache/07f4e6a093cd3c305a832187014ed50b/p/o/polysafe_standard_silver_birch_heavy_duty_safety_flooring.jpg,1,Polysafe Standard Silver Birch Heavy Duty Safety Flooring,Polysafe Standard Silver Birch Heavy Duty Safety Flooring,,active,Home & Garden > Decor > Flooring,commercial-vinyl
polysafe-standard-silver-birch-heavy-duty-safety-flooring,,,,,,,,,,,,,,,,,,,,https://imagely.factory-direct-flooring.co.uk/media/catalog/product/cache/07f4e6a093cd3c305a832187014ed50b/p/o/polysafe_standard_heavy_duty_safety_floor_silver_birch_4020.jpg,2,Polysafe Standard Silver Birch Heavy Duty Safety Flooring,,,,,
polysafe-standard-elmwood-heavy-duty-safety-flooring,Polysafe Standard Elmwood Heavy Duty Safety Flooring,,Factory Direct Flooring,Home & Garden > Decor > Flooring,Commercial Vinyl,"Commercial Vinyl, flooring, UK flooring",TRUE,Title,Default Title,31363,0,shopify,100,deny,manual,34.54,,TRUE,TRUE,https://imagely.factory-direct-flooring.co.uk/media/catalog/product/cache/07f4e6a093cd3c305a832187014ed50b/p/o/polysafe_standard_elmwood_heavy_duty_safety_flooring.jpg,1,Polysafe Standard Elmwood Heavy Duty Safety Flooring,Polysafe Standard Elmwood Heavy Duty Safety Flooring,,active,Home & Garden > Decor > Flooring,commercial-vinyl
polysafe-standard-elmwood-heavy-duty-safety-flooring,,,,,,,,,,,,,,,,,,,,https://imagely.factory-direct-flooring.co.uk/media/catalog/product/cache/07f4e6a093cd3c305a832187014ed50b/p/o/polysafe_standard_heavy_duty_safety_floor_elmwood_4520.jpg,2,Polysafe Standard Elmwood Heavy Duty Safety Flooring,,,,,
polysafe-standard-storm-blue-heavy-duty-safety-flooring,Polysafe Standard Storm Blue Heavy Duty Safety Flooring,,Factory Direct Flooring,Home & Garden > Decor > Flooring,Commercial Vinyl,"Commercial Vinyl, flooring, UK flooring",TRUE,Title,Default Title,31371,0,shopify,100,deny,manual,34.54,,TRUE,TRUE,https://imagely.factory-direct-flooring.co.uk/media/catalog/product/cache/07f4e6a093cd3c305a832187014ed50b/p/o/polysafe_standard_storm_blue_heavy_duty_safety_flooring.jpg,1,Polysafe Standard Storm Blue Heavy Duty Safety Flooring,Polysafe Standard Storm Blue Heavy Duty Safety Flooring,,active,Home & Garden > Decor > Flooring,commercial-vinyl
polysafe-standard-storm-blue-heavy-duty-safety-flooring,,,,,,,,,,,,,,,,,,,,https://imagely.factory-direct-flooring.co.uk/media/catalog/product/cache/07f4e6a093cd3c305a832187014ed50b/p/o/polysafe_standard_heavy_duty_safety_floor_storm_blue_4560.jpg,2,Polysafe Standard Storm Blue Heavy Duty Safety Flooring,,,,,
polysafe-standard-taupe-heavy-duty-safety-flooring,Polysafe Standard Taupe Heavy Duty Safety Flooring,,Factory Direct Flooring,Home & Garden > Decor > Flooring,Commercial Vinyl,"Commercial Vinyl, flooring, UK flooring",TRUE,Title,Default Title,73632,0,shopify,100,deny,manual,34.54,,TRUE,TRUE,https://imagely.factory-direct-flooring.co.uk/media/catalog/product/cache/07f4e6a093cd3c305a832187014ed50b/p/o/polysafe-standard-taupe-heavy-duty-safety-flooring-lifestyle-1.jpg,1,Polysafe Standard Taupe Heavy Duty Safety Flooring,Polysafe Standard Taupe Heavy Duty Safety Flooring,,active,Home & Garden > Decor > Flooring,commercial-vinyl
polysafe-standard-taupe-heavy-duty-safety-flooring,,,,,,,,,,,,,,,,,,,,https://imagely.factory-direct-flooring.co.uk/media/catalog/product/cache/07f4e6a093cd3c305a832187014ed50b/p/o/polysafe-standard-taupe-heavy-duty-safety-flooring-lifestyle-2.jpg,2,Polysafe Standard Taupe Heavy Duty Safety Flooring,,,,,
polysafe-standard-ash-grey-heavy-duty-safety-flooring,Polysafe Standard Ash Grey Heavy Duty Safety Flooring,,Factory Direct Flooring,Home & Garden > Decor > Flooring,Commercial Vinyl,"Commercial Vinyl, flooring, UK flooring",TRUE,Title,Default Title,31369,0,shopify,100,deny,manual,34.54,,TRUE,TRUE,https://imagely.factory-direct-flooring.co.uk/media/catalog/product/cache/07f4e6a093cd3c305a832187014ed50b/p/o/polysafe_standard_ash_grey_heavy_duty_safety_flooring.png,1,Polysafe Standard Ash Grey Heavy Duty Safety Flooring,Polysafe Standard Ash Grey Heavy Duty Safety Flooring,,active,Home & Garden > Decor > Flooring,commercial-vinyl
polysafe-standard-ash-grey-heavy-duty-safety-flooring,,,,,,,,,,,,,,,,,,,,https://imagely.factory-direct-flooring.co.uk/media/catalog/product/cache/07f4e6a093cd3c305a832187014ed50b/p/o/polysafe_standard_heavy_duty_safety_floor_ash_grey_4540.jpg,2,Polysafe Standard Ash Grey Heavy Duty Safety Flooring,,,,,
safety-flooring-plus-nearly-black-2009,Safety Flooring Plus Nearly Black 2009,,Factory Direct Flooring,Home & Garden > Decor > Flooring,Commercial Vinyl,"Commercial Vinyl, flooring, UK flooring",TRUE,Title,Default Title,31394,0,shopify,100,deny,manual,29.18,,TRUE,TRUE,https://imagely.factory-direct-flooring.co.uk/media/catalog/product/cache/07f4e6a093cd3c305a832187014ed50b/s/a/safety-flooring-plus-nearly-black-2009-room-shot-1.jpg,1,Safety Flooring Plus Nearly Black 2009,Safety Flooring Plus Nearly Black 2009,,active,Home & Garden > Decor > Flooring,commercial-vinyl
safety-flooring-plus-nearly-black-2009,,,,,,,,,,,,,,,,,,,,https://imagely.factory-direct-flooring.co.uk/media/catalog/product/cache/07f4e6a093cd3c305a832187014ed50b/s/a/safety_flooring_plus_nearly_black_cx2009_1.jpg,2,Safety Flooring Plus Nearly Black 2009,,,,,
polysafe-standard-wild-mushroom-heavy-duty-safety-flooring,Polysafe Standard Wild Mushroom Heavy Duty Safety Flooring,,Factory Direct Flooring,Home & Garden > Decor > Flooring,Commercial Vinyl,"Commercial Vinyl, flooring, UK flooring",TRUE,Title,Default Title,73631,0,shopify,100,deny,manual,34.54,,TRUE,TRUE,https://imagely.factory-direct-flooring.co.uk/media/catalog/product/cache/07f4e6a093cd3c305a832187014ed50b/p/o/polysafe-standard-wild-mushroom-heavy-duty-safety-flooring-lifestyle-1.jpg,1,Polysafe Standard Wild Mushroom Heavy Duty Safety Flooring,Polysafe Standard Wild Mushroom Heavy Duty Safety Flooring,,active,Home & Garden > Decor > Flooring,commercial-vinyl
polysafe-standard-wild-mushroom-heavy-duty-safety-flooring,,,,,,,,,,,,,,,,,,,,https://imagely.factory-direct-flooring.co.uk/media/catalog/product/cache/07f4e6a093cd3c305a832187014ed50b/p/o/polysafe-standard-wild-mushroom-heavy-duty-safety-flooring-lifestyle-2.jpg,2,Polysafe Standard Wild Mushroom Heavy Duty Safety Flooring,,,,,
safety-flooring-plus-light-grey-2004,Safety Flooring Plus Light Grey 2004,,Factory Direct Flooring,Home & Garden > Decor > Flooring,Commercial Vinyl,"Commercial Vinyl, flooring, UK flooring",TRUE,Title,Default Title,31387,0,shopify,100,deny,manual,29.18,,TRUE,TRUE,https://imagely.factory-direct-flooring.co.uk/media/catalog/product/cache/07f4e6a093cd3c305a832187014ed50b/s/a/safety-flooring-plus-light-grey-2004-room-shot-1.jpg,1,Safety Flooring Plus Light Grey 2004,Safety Flooring Plus Light Grey 2004,,active,Home & Garden > Decor > Flooring,commercial-vinyl
safety-flooring-plus-light-grey-2004,,,,,,,,,,,,,,,,,,,,https://imagely.factory-direct-flooring.co.uk/media/catalog/product/cache/07f4e6a093cd3c305a832187014ed50b/s/a/safety_flooring_plus_light_grey_cx2004_1.jpg,2,Safety Flooring Plus Light Grey 2004,,,,,
safety-flooring-plus-light-beige-2001,Safety Flooring Plus Light Beige 2001,,Factory Direct Flooring,Home & Garden > Decor > Flooring,Commercial Vinyl,"Commercial Vinyl, flooring, UK flooring",TRUE,Title,Default Title,31384,0,shopify,100,deny,manual,29.18,,TRUE,TRUE,https://imagely.factory-direct-flooring.co.uk/media/catalog/product/cache/07f4e6a093cd3c305a832187014ed50b/s/a/safety-flooring-plus-light-beige-2001-room-shot-1.jpg,1,Safety Flooring Plus Light Beige 2001,Safety Flooring Plus Light Beige 2001,,active,Home & Garden > Decor > Flooring,commercial-vinyl
safety-flooring-plus-light-beige-2001,,,,,,,,,,,,,,,,,,,,https://imagely.factory-direct-flooring.co.uk/media/catalog/product/cache/07f4e6a093cd3c305a832187014ed50b/s/a/safety_flooring_plus_light_beige_cx2001_2.jpg,2,Safety Flooring Plus Light Beige 2001,,,,,
safety-flooring-plus-slate-grey-2006,Safety Flooring Plus Slate Grey 2006,,Factory Direct Flooring,Home & Garden > Decor > Flooring,Commercial Vinyl,"Commercial Vinyl, flooring, UK flooring",TRUE,Title,Default Title,31389,0,shopify,100,deny,manual,29.18,,TRUE,TRUE,https://imagely.factory-direct-flooring.co.uk/media/catalog/product/cache/07f4e6a093cd3c305a832187014ed50b/s/a/safety-flooring-plus-slate-grey-2006-room-shot-1.jpg,1,Safety Flooring Plus Slate Grey 2006,Safety Flooring Plus Slate Grey 2006,,active,Home & Garden > Decor > Flooring,commercial-vinyl
safety-flooring-plus-slate-grey-2006,,,,,,,,,,,,,,,,,,,,https://imagely.factory-direct-flooring.co.uk/media/catalog/product/cache/07f4e6a093cd3c305a832187014ed50b/s/a/safety_flooring_plus_slate_grey_cx2006_1.jpg,2,Safety Flooring Plus Slate Grey 2006,,,,,
safety-flooring-plus-dusky-blue-2005,Safety Flooring Plus Dusky Blue 2005,,Factory Direct Flooring,Home & Garden > Decor > Flooring,Commercial Vinyl,"Commercial Vinyl, flooring, UK flooring",TRUE,Title,Default Title,31388,0,shopify,100,deny,manual,29.18,,TRUE,TRUE,https://imagely.factory-direct-flooring.co.uk/media/catalog/product/cache/07f4e6a093cd3c305a832187014ed50b/s/a/safety-flooring-plus-dusky-blue-2005-room-shot-1.jpg,1,Safety Flooring Plus Dusky Blue 2005,Safety Flooring Plus Dusky Blue 2005,,active,Home & Garden > Decor > Flooring,commercial-vinyl
safety-flooring-plus-dusky-blue-2005,,,,,,,,,,,,,,,,,,,,https://imagely.factory-direct-flooring.co.uk/media/catalog/product/cache/07f4e6a093cd3c305a832187014ed50b/s/a/safety_flooring_plus_dusky_sky_cx2005.jpg,2,Safety Flooring Plus Dusky Blue 2005,,,,,
safety-flooring-plus-blood-red-2012,Safety Flooring Plus Blood Red 2012,,Factory Direct Flooring,Home & Garden > Decor > Flooring,Commercial Vinyl,"Commercial Vinyl, flooring, UK flooring",TRUE,Title,Default Title,31347,0,shopify,100,deny,manual,29.18,,TRUE,TRUE,https://imagely.factory-direct-flooring.co.uk/media/catalog/product/cache/07f4e6a093cd3c305a832187014ed50b/s/a/safety-flooring-plus-blood-red-2012-room-shot-1_2.jpg,1,Safety Flooring Plus Blood Red 2012,Safety Flooring Plus Blood Red 2012,,active,Home & Garden > Decor > Flooring,commercial-vinyl
safety-flooring-plus-blood-red-2012,,,,,,,,,,,,,,,,,,,,https://imagely.factory-direct-flooring.co.uk/media/catalog/product/cache/07f4e6a093cd3c305a832187014ed50b/s/a/safety_flooring_plus_blood_red_cx2012.jpg,2,Safety Flooring Plus Blood Red 2012,,,,,
safety-flooring-plus-black-2010,Safety Flooring Plus Black 2010,,Factory Direct Flooring,Home & Garden > Decor > Flooring,Commercial Vinyl,"Commercial Vinyl, flooring, UK flooring",TRUE,Title,Default Title,31395,0,shopify,100,deny,manual,29.18,,TRUE,TRUE,https://imagely.factory-direct-flooring.co.uk/media/catalog/product/cache/07f4e6a093cd3c305a832187014ed50b/s/a/safety-flooring-plus-black-2010-room-shot-1.jpg,1,Safety Flooring Plus Black 2010,Safety Flooring Plus Black 2010,,active,Home & Garden > Decor > Flooring,commercial-vinyl
safety-flooring-plus-black-2010,,,,,,,,,,,,,,,,,,,,https://imagely.factory-direct-flooring.co.uk/media/catalog/product/cache/07f4e6a093cd3c305a832187014ed50b/s/a/safety_flooring_plus_black_cx2010_1.jpg,2,Safety Flooring Plus Black 2010,,,,,
polysafe-standard-cool-aqua-heavy-duty-safety-flooring,Polysafe Standard Cool Aqua Heavy Duty Safety Flooring,,Factory Direct Flooring,Home & Garden > Decor > Flooring,Commercial Vinyl,"Commercial Vinyl, flooring, UK flooring",TRUE,Title,Default Title,31370,0,shopify,100,deny,manual,34.54,,TRUE,TRUE,https://imagely.factory-direct-flooring.co.uk/media/catalog/product/cache/07f4e6a093cd3c305a832187014ed50b/p/o/polysafe_standard_cool_aqua_heavy_duty_safety_flooring_1.jpg,1,Polysafe Standard Cool Aqua Heavy Duty Safety Flooring,Polysafe Standard Cool Aqua Heavy Duty Safety Flooring,,active,Home & Garden > Decor > Flooring,commercial-vinyl
polysafe-standard-cool-aqua-heavy-duty-safety-flooring,,,,,,,,,,,,,,,,,,,,https://imagely.factory-direct-flooring.co.uk/media/catalog/product/cache/07f4e6a093cd3c305a832187014ed50b/p/o/polysafe_standard_heavy_duty_safety_floor_cool_aqua_4570.jpg,2,Polysafe Standard Cool Aqua Heavy Duty Safety Flooring,,,,,
herringbone-parquet-engineered-wood-flooring-18mm-natural-brushed-oiled,Herringbone Parquet Engineered Wood Flooring 18mm Natural Brushed Oiled,,Factory Direct Flooring,Home & Garden > Decor > Flooring,Herringbone Flooring,"Herringbone Flooring, flooring, UK flooring",TRUE,Title,Default Title,74093BUL,0,shopify,100,deny,manual,64.79,,TRUE,TRUE,https://imagely.factory-direct-flooring.co.uk/media/catalog/product/cache/07f4e6a093cd3c305a832187014ed50b/7/4/74093bul_17.jpg,1,Herringbone Parquet Engineered Wood Flooring 18mm Natural Brushed Oiled,Herringbone Parquet Engineered Wood Flooring 18mm Natural Brushed Oiled,,active,Home & Garden > Decor > Flooring,herringbone-flooring
herringbone-parquet-engineered-wood-flooring-18mm-natural-brushed-oiled,,,,,,,,,,,,,,,,,,,,https://imagely.factory-direct-flooring.co.uk/media/catalog/product/cache/07f4e6a093cd3c305a832187014ed50b/7/4/74093bul_10.jpg,2,Herringbone Parquet Engineered Wood Flooring 18mm Natural Brushed Oiled,,,,,
safety-flooring-plus-earth-brown-2014,Safety Flooring Plus Earth Brown 2014,,Factory Direct Flooring,Home & Garden > Decor > Flooring,Commercial Vinyl,"Commercial Vinyl, flooring, UK flooring",TRUE,Title,Default Title,31386,0,shopify,100,deny,manual,29.18,,TRUE,TRUE,https://imagely.factory-direct-flooring.co.uk/media/catalog/product/cache/07f4e6a093cd3c305a832187014ed50b/s/a/safety-flooring-plus-earth-brown-2014-room-shot-1.jpg,1,Safety Flooring Plus Earth Brown 2014,Safety Flooring Plus Earth Brown 2014,,active,Home & Garden > Decor > Flooring,commercial-vinyl
safety-flooring-plus-earth-brown-2014,,,,,,,,,,,,,,,,,,,,https://imagely.factory-direct-flooring.co.uk/media/catalog/product/cache/07f4e6a093cd3c305a832187014ed50b/s/a/safety_flooring_plus_earth_brown_cx2014_1.jpg,2,Safety Flooring Plus Earth Brown 2014,,,,,
herringbone-parquet-engineered-wood-flooring-brushed-matt-lacquer-14mm-harvest-oak,Herringbone Parquet Engineered Wood Flooring Brushed Matt Lacquer 14mm Harvest Oak,,Factory Direct Flooring,Home & Garden > Decor > Flooring,Herringbone Flooring,"Herringbone Flooring, flooring, UK flooring",TRUE,Title,Default Title,E73509SPH13,0,shopify,100,deny,manual,44.37,,TRUE,TRUE,https://imagely.factory-direct-flooring.co.uk/media/catalog/product/cache/07f4e6a093cd3c305a832187014ed50b/h/e/herringbone_parquet_brushed_matt_lacquer_14mm_harvest_oak_engineered_50.jpg,1,Herringbone Parquet Engineered Wood Flooring Brushed Matt Lacquer 14mm Harvest Oak,Herringbone Parquet Engineered Wood Flooring Brushed Matt Lacquer 14mm Harvest Oak,,active,Home & Garden > Decor > Flooring,herringbone-flooring
herringbone-parquet-engineered-wood-flooring-brushed-matt-lacquer-14mm-harvest-oak,,,,,,,,,,,,,,,,,,,,https://imagely.factory-direct-flooring.co.uk/media/catalog/product/cache/07f4e6a093cd3c305a832187014ed50b/h/e/herringbone_parquet_brushed_matt_lacquer_14mm_harvest_oak_engineered_53.jpg,2,Herringbone Parquet Engineered Wood Flooring Brushed Matt Lacquer 14mm Harvest Oak,,,,,
herringbone-parquet-18mm-classic-oak-brushed-oiled-engineered,Herringbone Parquet 18mm Classic Oak Brushed Oiled Engineered,,Factory Direct Flooring,Home & Garden > Decor > Flooring,Herringbone Flooring,"Herringbone Flooring, flooring, UK flooring",TRUE,Title,Default Title,H74075BO7,0,shopify,100,deny,manual,64.79,,TRUE,TRUE,https://imagely.factory-direct-flooring.co.uk/media/catalog/product/cache/07f4e6a093cd3c305a832187014ed50b/h/7/h74075bo7_8.jpg,1,Herringbone Parquet 18mm Classic Oak Brushed Oiled Engineered,Herringbone Parquet 18mm Classic Oak Brushed Oiled Engineered,,active,Home & Garden > Decor > Flooring,herringbone-flooring
herringbone-parquet-18mm-classic-oak-brushed-oiled-engineered,,,,,,,,,,,,,,,,,,,,https://imagely.factory-direct-flooring.co.uk/media/catalog/product/cache/07f4e6a093cd3c305a832187014ed50b/h/7/h74075bo7_1.jpg,2,Herringbone Parquet 18mm Classic Oak Brushed Oiled Engineered,,,,,
prestige-herringbone-laminate-flooring-faded-oak-8mm-3678,Prestige Herringbone Laminate flooring Faded Oak 8mm 3678,,Factory Direct Flooring,Home & Garden > Decor > Flooring,Herringbone Flooring,"Herringbone Flooring, flooring, UK flooring",TRUE,Title,Default Title,67268-FC33,0,shopify,100,deny,manual,25.19,,TRUE,TRUE,https://imagely.factory-direct-flooring.co.uk/media/catalog/product/cache/07f4e6a093cd3c305a832187014ed50b/p/r/prestige-herringbone-faded-oak-8mm-laminate-3678-lifestyle-1.jpg,1,Prestige Herringbone Laminate flooring Faded Oak 8mm 3678,Prestige Herringbone Laminate flooring Faded Oak 8mm 3678,,active,Home & Garden > Decor > Flooring,herringbone-flooring
prestige-herringbone-laminate-flooring-faded-oak-8mm-3678,,,,,,,,,,,,,,,,,,,,https://imagely.factory-direct-flooring.co.uk/media/catalog/product/cache/07f4e6a093cd3c305a832187014ed50b/p/r/prestige_herringbone_faded_oak_8mm_laminate_3678.png,2,Prestige Herringbone Laminate flooring Faded Oak 8mm 3678,,,,,
herringbone-parquet-engineered-wood-flooring-18mm-natural-brushed-matt-lacquer,Herringbone Parquet Engineered Wood Flooring 18mm Natural Brushed Matt Lacquer,,Factory Direct Flooring,Home & Garden > Decor > Flooring,Herringbone Flooring,"Herringbone Flooring, flooring, UK flooring",TRUE,Title,Default Title,74094BML,0,shopify,100,deny,manual,64.79,,TRUE,TRUE,https://imagely.factory-direct-flooring.co.uk/media/catalog/product/cache/07f4e6a093cd3c305a832187014ed50b/7/4/74113hb_1.jpg,1,Herringbone Parquet Engineered Wood Flooring 18mm Natural Brushed Matt Lacquer,Herringbone Parquet Engineered Wood Flooring 18mm Natural Brushed Matt Lacquer,,active,Home & Garden > Decor > Flooring,herringbone-flooring
herringbone-parquet-engineered-wood-flooring-18mm-natural-brushed-matt-lacquer,,,,,,,,,,,,,,,,,,,,https://imagely.factory-direct-flooring.co.uk/media/catalog/product/cache/07f4e6a093cd3c305a832187014ed50b/7/4/74113hb_8.jpg,2,Herringbone Parquet Engineered Wood Flooring 18mm Natural Brushed Matt Lacquer,,,,,
herringbone-parquet-engineered-wood-flooring-18mm-deep-brushed-white-oiled,Herringbone Parquet Engineered Wood Flooring 18mm Deep Brushed White Oiled,,Factory Direct Flooring,Home & Garden > Decor > Flooring,Herringbone Flooring,"Herringbone Flooring, flooring, UK flooring",TRUE,Title,Default Title,74097DBW,0,shopify,100,deny,manual,64.79,,TRUE,TRUE,https://imagely.factory-direct-flooring.co.uk/media/catalog/product/cache/07f4e6a093cd3c305a832187014ed50b/h/e/herringbone_parquet_18mm_deep_brushed_white_oil_engineered_6.jpg,1,Herringbone Parquet Engineered Wood Flooring 18mm Deep Brushed White Oiled,Herringbone Parquet Engineered Wood Flooring 18mm Deep Brushed White Oiled,,active,Home & Garden > Decor > Flooring,herringbone-flooring
herringbone-parquet-engineered-wood-flooring-18mm-deep-brushed-white-oiled,,,,,,,,,,,,,,,,,,,,https://imagely.factory-direct-flooring.co.uk/media/catalog/product/cache/07f4e6a093cd3c305a832187014ed50b/h/e/herringbone_parquet_18mm_deep_brushed_white_oil_engineered_5.jpg,2,Herringbone Parquet Engineered Wood Flooring 18mm Deep Brushed White Oiled,,,,,
herringbone-parquet-engineered-wood-flooring-18mm-nude-brushed-matt-lacquered,Herringbone Parquet Engineered Wood Flooring 18mm Nude Brushed Matt Lacquered,,Factory Direct Flooring,Home & Garden > Decor > Flooring,Herringbone Flooring,"Herringbone Flooring, flooring, UK flooring",TRUE,Title,Default Title,74098NBL,0,shopify,100,deny,manual,64.79,,TRUE,TRUE,https://imagely.factory-direct-flooring.co.uk/media/catalog/product/cache/07f4e6a093cd3c305a832187014ed50b/f/f/ff-74098nbl-11.jpg,1,Herringbone Parquet Engineered Wood Flooring 18mm Nude Brushed Matt Lacquered,Herringbone Parquet Engineered Wood Flooring 18mm Nude Brushed Matt Lacquered,,active,Home & Garden > Decor > Flooring,herringbone-flooring
herringbone-parquet-engineered-wood-flooring-18mm-nude-brushed-matt-lacquered,,,,,,,,,,,,,,,,,,,,https://imagely.factory-direct-flooring.co.uk/media/catalog/product/cache/07f4e6a093cd3c305a832187014ed50b/f/f/ff-74098nbl-18.jpg,2,Herringbone Parquet Engineered Wood Flooring 18mm Nude Brushed Matt Lacquered,,,,,
herringbone-parquet-18mm-natural-blackline-brushed-matt-lacquered-engineered-flooring,Herringbone Parquet 18mm Natural Blackline Brushed Matt Lacquered Engineered Flooring,,Factory Direct Flooring,Home & Garden > Decor > Flooring,Herringbone Flooring,"Herringbone Flooring, flooring, UK flooring",TRUE,Title,Default Title,74096NBB,0,shopify,100,deny,manual,64.79,,TRUE,TRUE,https://imagely.factory-direct-flooring.co.uk/media/catalog/product/cache/07f4e6a093cd3c305a832187014ed50b/h/e/herringbone_parquet_18mm_natural_blackline_brushed_matt_lacquered_engineered_flooring_10.jpg,1,Herringbone Parquet 18mm Natural Blackline Brushed Matt Lacquered Engineered Flooring,Herringbone Parquet 18mm Natural Blackline Brushed Matt Lacquered Engineered Flooring,,active,Home & Garden > Decor > Flooring,herringbone-flooring
herringbone-parquet-18mm-natural-blackline-brushed-matt-lacquered-engineered-flooring,,,,,,,,,,,,,,,,,,,,https://imagely.factory-direct-flooring.co.uk/media/catalog/product/cache/07f4e6a093cd3c305a832187014ed50b/h/e/herringbone_parquet_18mm_natural_blackline_brushed_matt_lacquered_engineered_flooring_11.jpg,2,Herringbone Parquet 18mm Natural Blackline Brushed Matt Lacquered Engineered Flooring,,,,,
herringbone-parquet-18mm-engineered-wood-flooring-smoke-white-brushed-oiled,Herringbone Parquet 18mm Engineered Wood Flooring Smoke White Brushed Oiled,,Factory Direct Flooring,Home & Garden > Decor > Flooring,Herringbone Flooring,"Herringbone Flooring, flooring, UK flooring",TRUE,Title,Default Title,74095SWB,0,shopify,100,deny,manual,64.79,,TRUE,TRUE,https://imagely.factory-direct-flooring.co.uk/media/catalog/product/cache/07f4e6a093cd3c305a832187014ed50b/h/e/herringbone_parquet_18mm_smoke_white_brushed_oiled_engineered_14.jpg,1,Herringbone Parquet 18mm Engineered Wood Flooring Smoke White Brushed Oiled,Herringbone Parquet 18mm Engineered Wood Flooring Smoke White Brushed Oiled,,active,Home & Garden > Decor > Flooring,herringbone-flooring
herringbone-parquet-18mm-engineered-wood-flooring-smoke-white-brushed-oiled,,,,,,,,,,,,,,,,,,,,https://imagely.factory-direct-flooring.co.uk/media/catalog/product/cache/07f4e6a093cd3c305a832187014ed50b/h/e/herringbone_parquet_18mm_smoke_white_brushed_oiled_engineered_18.jpg,2,Herringbone Parquet 18mm Engineered Wood Flooring Smoke White Brushed Oiled,,,,,
herringbone-parquet-engineered-wood-flooring-18mm-warm-harvest-brushed-oiled,Herringbone Parquet Engineered Wood Flooring 18mm Warm Harvest Brushed Oiled,,Factory Direct Flooring,Home & Garden > Decor > Flooring,Herringbone Flooring,"Herringbone Flooring, flooring, UK flooring",TRUE,Title,Default Title,74099HBO,0,shopify,100,deny,manual,64.79,,TRUE,TRUE,https://imagely.factory-direct-flooring.co.uk/media/catalog/product/cache/07f4e6a093cd3c305a832187014ed50b/h/e/herringbone_parquet_18mm_warm_harvest_brushed_oiled_engineered_6.jpg,1,Herringbone Parquet Engineered Wood Flooring 18mm Warm Harvest Brushed Oiled,Herringbone Parquet Engineered Wood Flooring 18mm Warm Harvest Brushed Oiled,,active,Home & Garden > Decor > Flooring,herringbone-flooring
herringbone-parquet-engineered-wood-flooring-18mm-warm-harvest-brushed-oiled,,,,,,,,,,,,,,,,,,,,https://imagely.factory-direct-flooring.co.uk/media/catalog/product/cache/07f4e6a093cd3c305a832187014ed50b/h/e/herringbone_parquet_18mm_warm_harvest_brushed_oiled_engineered_5.jpg,2,Herringbone Parquet Engineered Wood Flooring 18mm Warm Harvest Brushed Oiled,,,,,
herringbone-parquet-engineered-wood-flooring-14mm-essential-oak-brushed-lacquer,Herringbone Parquet Engineered Wood Flooring 14mm Essential Oak Brushed Lacquer,,Factory Direct Flooring,Home & Garden > Decor > Flooring,Herringbone Flooring,"Herringbone Flooring, flooring, UK flooring",TRUE,Title,Default Title,74161OBL,0,shopify,100,deny,manual,49.18,,TRUE,TRUE,https://imagely.factory-direct-flooring.co.uk/media/catalog/product/cache/07f4e6a093cd3c305a832187014ed50b/7/4/74161obl_9.jpg,1,Herringbone Parquet Engineered Wood Flooring 14mm Essential Oak Brushed Lacquer,Herringbone Parquet Engineered Wood Flooring 14mm Essential Oak Brushed Lacquer,,active,Home & Garden > Decor > Flooring,herringbone-flooring
herringbone-parquet-engineered-wood-flooring-14mm-essential-oak-brushed-lacquer,,,,,,,,,,,,,,,,,,,,https://imagely.factory-direct-flooring.co.uk/media/catalog/product/cache/07f4e6a093cd3c305a832187014ed50b/7/4/74161obl_19.jpg,2,Herringbone Parquet Engineered Wood Flooring 14mm Essential Oak Brushed Lacquer,,,,,
herringbone-parquet-engineered-wood-flooring-14mm-stripped-oak-brushed-oiled,Herringbone Parquet Engineered Wood Flooring 14mm Stripped Oak Brushed Oiled,,Factory Direct Flooring,Home & Garden > Decor > Flooring,Herringbone Flooring,"Herringbone Flooring, flooring, UK flooring",TRUE,Title,Default Title,74162OBO,0,shopify,100,deny,manual,49.18,,TRUE,TRUE,https://imagely.factory-direct-flooring.co.uk/media/catalog/product/cache/07f4e6a093cd3c305a832187014ed50b/7/4/741620bo-invisible_bo_9.jpg,1,Herringbone Parquet Engineered Wood Flooring 14mm Stripped Oak Brushed Oiled,Herringbone Parquet Engineered Wood Flooring 14mm Stripped Oak Brushed Oiled,,active,Home & Garden > Decor > Flooring,herringbone-flooring
herringbone-parquet-engineered-wood-flooring-14mm-stripped-oak-brushed-oiled,,,,,,,,,,,,,,,,,,,,https://imagely.factory-direct-flooring.co.uk/media/catalog/product/cache/07f4e6a093cd3c305a832187014ed50b/7/4/741620bo-invisible_bo_17.jpg,2,Herringbone Parquet Engineered Wood Flooring 14mm Stripped Oak Brushed Oiled,,,,,
herringbone-parquet-engineered-wood-flooring-14mm-ambergrain-oak-brushed-lacquer,Herringbone Parquet Engineered Wood Flooring 14mm Ambergrain Oak Brushed Lacquer,,Factory Direct Flooring,Home & Garden > Decor > Flooring,Herringbone Flooring,"Herringbone Flooring, flooring, UK flooring",TRUE,Title,Default Title,74163AOB,0,shopify,100,deny,manual,49.18,,TRUE,TRUE,https://imagely.factory-direct-flooring.co.uk/media/catalog/product/cache/07f4e6a093cd3c305a832187014ed50b/7/4/74163aob-harvest_bl_10.jpg,1,Herringbone Parquet Engineered Wood Flooring 14mm Ambergrain Oak Brushed Lacquer,Herringbone Parquet Engineered Wood Flooring 14mm Ambergrain Oak Brushed Lacquer,,active,Home & Garden > Decor > Flooring,herringbone-flooring
herringbone-parquet-engineered-wood-flooring-14mm-ambergrain-oak-brushed-lacquer,,,,,,,,,,,,,,,,,,,,https://imagely.factory-direct-flooring.co.uk/media/catalog/product/cache/07f4e6a093cd3c305a832187014ed50b/7/4/74163aob-harvest_bl_18.jpg,2,Herringbone Parquet Engineered Wood Flooring 14mm Ambergrain Oak Brushed Lacquer,,,,,
herringbone-parquet-engineered-wood-flooring-14mm-genuine-smoke-grey-oak-brushed-oiled,Herringbone Parquet Engineered Wood Flooring 14mm Genuine Smoke Grey Oak Brushed Oiled,,Factory Direct Flooring,Home & Garden > Decor > Flooring,Herringbone Flooring,"Herringbone Flooring, flooring, UK flooring",TRUE,Title,Default Title,74164GSG,0,shopify,100,deny,manual,49.18,,TRUE,TRUE,https://imagely.factory-direct-flooring.co.uk/media/catalog/product/cache/07f4e6a093cd3c305a832187014ed50b/7/4/74164gsg-10.jpg,1,Herringbone Parquet Engineered Wood Flooring 14mm Genuine Smoke Grey Oak Brushed Oiled,Herringbone Parquet Engineered Wood Flooring 14mm Genuine Smoke Grey Oak Brushed Oiled,,active,Home & Garden > Decor > Flooring,herringbone-flooring
herringbone-parquet-engineered-wood-flooring-14mm-genuine-smoke-grey-oak-brushed-oiled,,,,,,,,,,,,,,,,,,,,https://imagely.factory-direct-flooring.co.uk/media/catalog/product/cache/07f4e6a093cd3c305a832187014ed50b/7/4/74164gsg-4.jpg,2,Herringbone Parquet Engineered Wood Flooring 14mm Genuine Smoke Grey Oak Brushed Oiled,,,,,
herringbone-parquet-engineered-wood-flooring-12mm-natural-oak-brushed-uv-oiled,Herringbone Parquet Engineered Wood Flooring 12mm Natural Oak Brushed UV Oiled,,Factory Direct Flooring,Home & Garden > Decor > Flooring,Herringbone Flooring,"Herringbone Flooring, flooring, UK flooring",TRUE,Title,Default Title,74167H,0,shopify,100,deny,manual,38.38,,TRUE,TRUE,https://imagely.factory-direct-flooring.co.uk/media/catalog/product/cache/07f4e6a093cd3c305a832187014ed50b/7/4/74167h-14.jpg,1,Herringbone Parquet Engineered Wood Flooring 12mm Natural Oak Brushed UV Oiled,Herringbone Parquet Engineered Wood Flooring 12mm Natural Oak Brushed UV Oiled,,active,Home & Garden > Decor > Flooring,herringbone-flooring
herringbone-parquet-engineered-wood-flooring-12mm-natural-oak-brushed-uv-oiled,,,,,,,,,,,,,,,,,,,,https://imagely.factory-direct-flooring.co.uk/media/catalog/product/cache/07f4e6a093cd3c305a832187014ed50b/7/4/74167h-18.jpg,2,Herringbone Parquet Engineered Wood Flooring 12mm Natural Oak Brushed UV Oiled,,,,,
herringbone-solid-wood-flooring-18mm-natural-matt-lacquer,Herringbone Solid Wood Flooring 18mm Natural Matt Lacquer,,Factory Direct Flooring,Home & Garden > Decor > Flooring,Herringbone Flooring,"Herringbone Flooring, flooring, UK flooring",TRUE,Title,Default Title,74167NML,0,shopify,100,deny,manual,68.15,,TRUE,TRUE,https://imagely.factory-direct-flooring.co.uk/media/catalog/product/cache/07f4e6a093cd3c305a832187014ed50b/7/4/74167nml-12.jpg,1,Herringbone Solid Wood Flooring 18mm Natural Matt Lacquer,Herringbone Solid Wood Flooring 18mm Natural Matt Lacquer,,active,Home & Garden > Decor > Flooring,herringbone-flooring
herringbone-solid-wood-flooring-18mm-natural-matt-lacquer,,,,,,,,,,,,,,,,,,,,https://imagely.factory-direct-flooring.co.uk/media/catalog/product/cache/07f4e6a093cd3c305a832187014ed50b/7/4/74167nml-17.jpg,2,Herringbone Solid Wood Flooring 18mm Natural Matt Lacquer,,,,,
herringbone-parquet-engineered-wood-flooring-12mm-double-smoked-brushed-lacquer,Herringbone Parquet Engineered Wood Flooring 12mm Double Smoked Brushed Lacquer,,Factory Direct Flooring,Home & Garden > Decor > Flooring,Herringbone Flooring,"Herringbone Flooring, flooring, UK flooring",TRUE,Title,Default Title,74168H,0,shopify,100,deny,manual,39.59,,TRUE,TRUE,https://imagely.factory-direct-flooring.co.uk/media/catalog/product/cache/07f4e6a093cd3c305a832187014ed50b/7/4/74168h-14.jpg,1,Herringbone Parquet Engineered Wood Flooring 12mm Double Smoked Brushed Lacquer,Herringbone Parquet Engineered Wood Flooring 12mm Double Smoked Brushed Lacquer,,active,Home & Garden > Decor > Flooring,herringbone-flooring
herringbone-parquet-engineered-wood-flooring-12mm-double-smoked-brushed-lacquer,,,,,,,,,,,,,,,,,,,,https://imagely.factory-direct-flooring.co.uk/media/catalog/product/cache/07f4e6a093cd3c305a832187014ed50b/7/4/74168h-17.jpg,2,Herringbone Parquet Engineered Wood Flooring 12mm Double Smoked Brushed Lacquer,,,,,
herringbone-parquet-engineered-wood-flooring-15mm-rich-oak-hard-wax-oiled,Herringbone Parquet Engineered Wood Flooring 15mm Rich Oak Hard Wax Oiled,,Factory Direct Flooring,Home & Garden > Decor > Flooring,Herringbone Flooring,"Herringbone Flooring, flooring, UK flooring",TRUE,Title,Default Title,74174H,0,shopify,100,deny,manual,59.99,,TRUE,TRUE,https://imagely.factory-direct-flooring.co.uk/media/catalog/product/cache/07f4e6a093cd3c305a832187014ed50b/7/4/74174h_1_2.png,1,Herringbone Parquet Engineered Wood Flooring 15mm Rich Oak Hard Wax Oiled,Herringbone Parquet Engineered Wood Flooring 15mm Rich Oak Hard Wax Oiled,,active,Home & Garden > Decor > Flooring,herringbone-flooring
herringbone-parquet-engineered-wood-flooring-15mm-rich-oak-hard-wax-oiled,,,,,,,,,,,,,,,,,,,,https://imagely.factory-direct-flooring.co.uk/media/catalog/product/cache/07f4e6a093cd3c305a832187014ed50b/7/4/74174h_10_2.png,2,Herringbone Parquet Engineered Wood Flooring 15mm Rich Oak Hard Wax Oiled,,,,,
herringbone-parquet-engineered-wood-flooring-18mm-natural-oak-brushed-oiled,Herringbone Parquet Engineered Wood Flooring 18mm Natural Oak Brushed Oiled,,Factory Direct Flooring,Home & Garden > Decor > Flooring,Herringbone Flooring,"Herringbone Flooring, flooring, UK flooring",TRUE,Title,Default Title,E33204BAO7,0,shopify,100,deny,manual,59.99,,TRUE,TRUE,https://imagely.factory-direct-flooring.co.uk/media/catalog/product/cache/07f4e6a093cd3c305a832187014ed50b/h/e/herringbone_parquet_18mm_natural_oak_brushed_oiled_engineered_51.jpg,1,Herringbone Parquet Engineered Wood Flooring 18mm Natural Oak Brushed Oiled,Herringbone Parquet Engineered Wood Flooring 18mm Natural Oak Brushed Oiled,,active,Home & Garden > Decor > Flooring,herringbone-flooring
herringbone-parquet-engineered-wood-flooring-18mm-natural-oak-brushed-oiled,,,,,,,,,,,,,,,,,,,,https://imagely.factory-direct-flooring.co.uk/media/catalog/product/cache/07f4e6a093cd3c305a832187014ed50b/h/e/herringbone_parquet_18mm_natural_oak_brushed_oiled_engineered_53.jpg,2,Herringbone Parquet Engineered Wood Flooring 18mm Natural Oak Brushed Oiled,,,,,
herringbone-parquet-engineered-wood-flooring-12mm-smoked-brushed-lacquer,Herringbone Parquet Engineered Wood Flooring 12mm Smoked Brushed Lacquer,,Factory Direct Flooring,Home & Garden > Decor > Flooring,Herringbone Flooring,"Herringbone Flooring, flooring, UK flooring",TRUE,Title,Default Title,74169H,0,shopify,100,deny,manual,39.59,,TRUE,TRUE,https://imagely.factory-direct-flooring.co.uk/media/catalog/product/cache/07f4e6a093cd3c305a832187014ed50b/7/4/74169h-14.jpg,1,Herringbone Parquet Engineered Wood Flooring 12mm Smoked Brushed Lacquer,Herringbone Parquet Engineered Wood Flooring 12mm Smoked Brushed Lacquer,,active,Home & Garden > Decor > Flooring,herringbone-flooring
herringbone-parquet-engineered-wood-flooring-12mm-smoked-brushed-lacquer,,,,,,,,,,,,,,,,,,,,https://imagely.factory-direct-flooring.co.uk/media/catalog/product/cache/07f4e6a093cd3c305a832187014ed50b/7/4/74169h-17.jpg,2,Herringbone Parquet Engineered Wood Flooring 12mm Smoked Brushed Lacquer,,,,,
prestige-herringbone-laminate-flooring-iris-oak-8mm-3773,Prestige Herringbone Laminate Flooring Iris Oak 8mm 3773,,Factory Direct Flooring,Home & Garden > Decor > Flooring,Herringbone Flooring,"Herringbone Flooring, flooring, UK flooring",TRUE,Title,Default Title,69577,0,shopify,100,deny,manual,22.78,,TRUE,TRUE,https://imagely.factory-direct-flooring.co.uk/media/catalog/product/cache/07f4e6a093cd3c305a832187014ed50b/p/r/prestige-herringbone-iris-oak-8mm-laminate-3773-xl-s1_1.jpg,1,Prestige Herringbone Laminate Flooring Iris Oak 8mm 3773,Prestige Herringbone Laminate Flooring Iris Oak 8mm 3773,,active,Home & Garden > Decor > Flooring,herringbone-flooring
prestige-herringbone-laminate-flooring-iris-oak-8mm-3773,,,,,,,,,,,,,,,,,,,,https://imagely.factory-direct-flooring.co.uk/media/catalog/product/cache/07f4e6a093cd3c305a832187014ed50b/p/r/prestige-herringbone-iris-oak-8mm-laminate-3773-xl-swatch-2.jpg,2,Prestige Herringbone Laminate Flooring Iris Oak 8mm 3773,,,,,
herringbone-parquet-engineered-wood-flooring-12mm-essence-oak-matt-lacquer,Herringbone Parquet Engineered Wood Flooring 12mm Essence Oak Matt Lacquer,,Factory Direct Flooring,Home & Garden > Decor > Flooring,Herringbone Flooring,"Herringbone Flooring, flooring, UK flooring",TRUE,Title,Default Title,74170H,0,shopify,100,deny,manual,38.38,,TRUE,TRUE,https://imagely.factory-direct-flooring.co.uk/media/catalog/product/cache/07f4e6a093cd3c305a832187014ed50b/7/4/74170h-14.jpg,1,Herringbone Parquet Engineered Wood Flooring 12mm Essence Oak Matt Lacquer,Herringbone Parquet Engineered Wood Flooring 12mm Essence Oak Matt Lacquer,,active,Home & Garden > Decor > Flooring,herringbone-flooring
herringbone-parquet-engineered-wood-flooring-12mm-essence-oak-matt-lacquer,,,,,,,,,,,,,,,,,,,,https://imagely.factory-direct-flooring.co.uk/media/catalog/product/cache/07f4e6a093cd3c305a832187014ed50b/7/4/74170h-18.jpg,2,Herringbone Parquet Engineered Wood Flooring 12mm Essence Oak Matt Lacquer,,,,,
herringbone-parquet-engineered-wood-flooring-lacquered-dalgona-oak-10mm,Herringbone Parquet Engineered Wood Flooring lacquered Dalgona Oak 10mm,,Factory Direct Flooring,Home & Garden > Decor > Flooring,Herringbone Flooring,"Herringbone Flooring, flooring, UK flooring",TRUE,Title,Default Title,ESP72089DAL05,0,shopify,100,deny,manual,35.99,,TRUE,TRUE,https://imagely.factory-direct-flooring.co.uk/media/catalog/product/cache/07f4e6a093cd3c305a832187014ed50b/h/e/herringbone-parquet-lacquered-dalgona-oak-10mm-engineered-lifestyle-1_1.jpg,1,Herringbone Parquet Engineered Wood Flooring lacquered Dalgona Oak 10mm,Herringbone Parquet Engineered Wood Flooring lacquered Dalgona Oak 10mm,,active,Home & Garden > Decor > Flooring,herringbone-flooring
herringbone-parquet-engineered-wood-flooring-lacquered-dalgona-oak-10mm,,,,,,,,,,,,,,,,,,,,https://imagely.factory-direct-flooring.co.uk/media/catalog/product/cache/07f4e6a093cd3c305a832187014ed50b/h/e/herringbone-parquet-lacquered-dalgona-oak-10mm-engineered-lifestyle-2.jpg,2,Herringbone Parquet Engineered Wood Flooring lacquered Dalgona Oak 10mm,,,,,
herringbone-parquet-engineered-wood-flooring-10mm-lacquered-autumn-oak,Herringbone Parquet Engineered Wood Flooring 10mm lacquered Autumn Oak,,Factory Direct Flooring,Home & Garden > Decor > Flooring,Herringbone Flooring,"Herringbone Flooring, flooring, UK flooring",TRUE,Title,Default Title,ESP72090AUT13,0,shopify,100,deny,manual,35.99,,TRUE,TRUE,https://imagely.factory-direct-flooring.co.uk/media/catalog/product/cache/07f4e6a093cd3c305a832187014ed50b/h/e/herringbone-parquet-lacquered-autumn-oak-10mm-engineered-lifestyle-1_1.jpg,1,Herringbone Parquet Engineered Wood Flooring 10mm lacquered Autumn Oak,Herringbone Parquet Engineered Wood Flooring 10mm lacquered Autumn Oak,,active,Home & Garden > Decor > Flooring,herringbone-flooring
herringbone-parquet-engineered-wood-flooring-10mm-lacquered-autumn-oak,,,,,,,,,,,,,,,,,,,,https://imagely.factory-direct-flooring.co.uk/media/catalog/product/cache/07f4e6a093cd3c305a832187014ed50b/h/e/herringbone-parquet-lacquered-autumn-oak-10mm-engineered-lifestyle-2.jpg,2,Herringbone Parquet Engineered Wood Flooring 10mm lacquered Autumn Oak,,,,,
prestige-herringbone-laminate-flooring-charcoal-8mm-6010,Prestige Herringbone Laminate Flooring Charcoal 8mm 6010,,Factory Direct Flooring,Home & Garden > Decor > Flooring,Herringbone Flooring,"Herringbone Flooring, flooring, UK flooring",TRUE,Title,Default Title,69578,0,shopify,100,deny,manual,22.78,,TRUE,TRUE,https://imagely.factory-direct-flooring.co.uk/media/catalog/product/cache/07f4e6a093cd3c305a832187014ed50b/p/r/prestige-herringbone-charcoal-8mm-laminate-6010-xl-lifestyle-1.jpg,1,Prestige Herringbone Laminate Flooring Charcoal 8mm 6010,Prestige Herringbone Laminate Flooring Charcoal 8mm 6010,,active,Home & Garden > Decor > Flooring,herringbone-flooring
prestige-herringbone-laminate-flooring-charcoal-8mm-6010,,,,,,,,,,,,,,,,,,,,https://imagely.factory-direct-flooring.co.uk/media/catalog/product/cache/07f4e6a093cd3c305a832187014ed50b/p/r/prestige-herringbone-charcoal-8mm-laminate-6010-xl-lifestyle-2.jpg,2,Prestige Herringbone Laminate Flooring Charcoal 8mm 6010,,,,,
herringbone-parquet-engineered-wood-flooring-10mm-smoked-white-oak-brushed-matt-lacquer,Herringbone Parquet Engineered Wood Flooring 10mm Smoked White Oak Brushed Matt Lacquer,,Factory Direct Flooring,Home & Garden > Decor > Flooring,Herringbone Flooring,"Herringbone Flooring, flooring, UK flooring",TRUE,Title,Default Title,74009SWO,0,shopify,100,deny,manual,35.99,,TRUE,TRUE,https://imagely.factory-direct-flooring.co.uk/media/catalog/product/cache/07f4e6a093cd3c305a832187014ed50b/f/f/ff-74009swo-8.jpg,1,Herringbone Parquet Engineered Wood Flooring 10mm Smoked White Oak Brushed Matt Lacquer,Herringbone Parquet Engineered Wood Flooring 10mm Smoked White Oak Brushed Matt Lacquer,,active,Home & Garden > Decor > Flooring,herringbone-flooring
herringbone-parquet-engineered-wood-flooring-10mm-smoked-white-oak-brushed-matt-lacquer,,,,,,,,,,,,,,,,,,,,https://imagely.factory-direct-flooring.co.uk/media/catalog/product/cache/07f4e6a093cd3c305a832187014ed50b/f/f/ff-74009swo-17.jpg,2,Herringbone Parquet Engineered Wood Flooring 10mm Smoked White Oak Brushed Matt Lacquer,,,,,
prestige-herringbone-laminate-flooring-frosted-oak-8mm-3516,Prestige Herringbone Laminate Flooring Frosted Oak 8mm 3516,,Factory Direct Flooring,Home & Garden > Decor > Flooring,Herringbone Flooring,"Herringbone Flooring, flooring, UK flooring",TRUE,Title,Default Title,67266-FC70,0,shopify,100,deny,manual,25.19,,TRUE,TRUE,https://imagely.factory-direct-flooring.co.uk/media/catalog/product/cache/07f4e6a093cd3c305a832187014ed50b/p/r/prestige-herringbone-frosted-oak-8mm-laminate-3516-xl-lifestyle-1.jpg,1,Prestige Herringbone Laminate Flooring Frosted Oak 8mm 3516,Prestige Herringbone Laminate Flooring Frosted Oak 8mm 3516,,active,Home & Garden > Decor > Flooring,herringbone-flooring
prestige-herringbone-laminate-flooring-frosted-oak-8mm-3516,,,,,,,,,,,,,,,,,,,,https://imagely.factory-direct-flooring.co.uk/media/catalog/product/cache/07f4e6a093cd3c305a832187014ed50b/p/r/prestige-herringbone-frosted-oak-8mm-laminate-3516-xl-lifestyle-2.jpg,2,Prestige Herringbone Laminate Flooring Frosted Oak 8mm 3516,,,,,
14mm-herringbone-parquet-engineered-wood-flooring-nude-oak,14mm Herringbone Parquet Engineered Wood Flooring Nude Oak,,Factory Direct Flooring,Home & Garden > Decor > Flooring,Herringbone Flooring,"Herringbone Flooring, flooring, UK flooring",TRUE,Title,Default Title,E73507SPN07,0,shopify,100,deny,manual,44.37,,TRUE,TRUE,https://imagely.factory-direct-flooring.co.uk/media/catalog/product/cache/07f4e6a093cd3c305a832187014ed50b/h/e/herringbone_parquet_14mm_nude_oak_engineered_10.jpg,1,14mm Herringbone Parquet Engineered Wood Flooring Nude Oak,14mm Herringbone Parquet Engineered Wood Flooring Nude Oak,,active,Home & Garden > Decor > Flooring,herringbone-flooring
14mm-herringbone-parquet-engineered-wood-flooring-nude-oak,,,,,,,,,,,,,,,,,,,,https://imagely.factory-direct-flooring.co.uk/media/catalog/product/cache/07f4e6a093cd3c305a832187014ed50b/h/e/herringbone_parquet_14mm_nude_oak_engineered_13.jpg,2,14mm Herringbone Parquet Engineered Wood Flooring Nude Oak,,,,,
prestige-herringbone-laminate-flooring-smokey-oak-8mm-3860,Prestige Herringbone Laminate Flooring Smokey Oak 8mm 3860,,Factory Direct Flooring,Home & Garden > Decor > Flooring,Herringbone Flooring,"Herringbone Flooring, flooring, UK flooring",TRUE,Title,Default Title,67270-FC46,0,shopify,100,deny,manual,25.19,,TRUE,TRUE,https://imagely.factory-direct-flooring.co.uk/media/catalog/product/cache/07f4e6a093cd3c305a832187014ed50b/p/r/prestige-herringbone-smokey-oak-8mm-laminate-3860-xl-lifestyle-1.jpg,1,Prestige Herringbone Laminate Flooring Smokey Oak 8mm 3860,Prestige Herringbone Laminate Flooring Smokey Oak 8mm 3860,,active,Home & Garden > Decor > Flooring,herringbone-flooring
prestige-herringbone-laminate-flooring-smokey-oak-8mm-3860,,,,,,,,,,,,,,,,,,,,https://imagely.factory-direct-flooring.co.uk/media/catalog/product/cache/07f4e6a093cd3c305a832187014ed50b/p/r/prestige-herringbone-smokey-oak-8mm-laminate-3860-xl-lifestyle-2.jpg,2,Prestige Herringbone Laminate Flooring Smokey Oak 8mm 3860,,,,,
prestige-herringbone-laminate-flooring-classic-natural-oak-8mm-3861,Prestige Herringbone Laminate flooring Classic Natural Oak 8mm 3861,,Factory Direct Flooring,Home & Garden > Decor > Flooring,Herringbone Flooring,"Herringbone Flooring, flooring, UK flooring",TRUE,Title,Default Title,67271,0,shopify,100,deny,manual,22.78,,TRUE,TRUE,https://imagely.factory-direct-flooring.co.uk/media/catalog/product/cache/07f4e6a093cd3c305a832187014ed50b/p/r/prestige-herringbone-classic-natural-oak-8mm-laminate-3861-xl-lifestyle-1.jpg,1,Prestige Herringbone Laminate flooring Classic Natural Oak 8mm 3861,Prestige Herringbone Laminate flooring Classic Natural Oak 8mm 3861,,active,Home & Garden > Decor > Flooring,herringbone-flooring
prestige-herringbone-laminate-flooring-classic-natural-oak-8mm-3861,,,,,,,,,,,,,,,,,,,,https://imagely.factory-direct-flooring.co.uk/media/catalog/product/cache/07f4e6a093cd3c305a832187014ed50b/p/r/prestige-herringbone-classic-natural-oak-8mm-laminate-3861-xl-lifestyle-2.jpg,2,Prestige Herringbone Laminate flooring Classic Natural Oak 8mm 3861,,,,,
prestige-herringbone-laminate-flooring-tobacco-light-8mm-4764,Prestige Herringbone Laminate Flooring Tobacco Light 8mm 4764,,Factory Direct Flooring,Home & Garden > Decor > Flooring,Herringbone Flooring,"Herringbone Flooring, flooring, UK flooring",TRUE,Title,Default Title,67273-FC15,0,shopify,100,deny,manual,25.19,,TRUE,TRUE,https://imagely.factory-direct-flooring.co.uk/media/catalog/product/cache/07f4e6a093cd3c305a832187014ed50b/p/r/prestige-herringbone-tobacco-light-8mm-laminate-4764-xl-lifestyle-1.jpg,1,Prestige Herringbone Laminate Flooring Tobacco Light 8mm 4764,Prestige Herringbone Laminate Flooring Tobacco Light 8mm 4764,,active,Home & Garden > Decor > Flooring,herringbone-flooring
prestige-herringbone-laminate-flooring-tobacco-light-8mm-4764,,,,,,,,,,,,,,,,,,,,https://imagely.factory-direct-flooring.co.uk/media/catalog/product/cache/07f4e6a093cd3c305a832187014ed50b/p/r/prestige-herringbone-tobacco-light-8mm-laminate-4764-xl-swatch-1.jpg,2,Prestige Herringbone Laminate Flooring Tobacco Light 8mm 4764,,,,,
prestige-herringbone-laminate-flooring-coffee-oak-8mm-4766,Prestige Herringbone Laminate Flooring Coffee Oak 8mm 4766,,Factory Direct Flooring,Home & Garden > Decor > Flooring,Herringbone Flooring,"Herringbone Flooring, flooring, UK flooring",TRUE,Title,Default Title,67274-FC47,0,shopify,100,deny,manual,25.19,,TRUE,TRUE,https://imagely.factory-direct-flooring.co.uk/media/catalog/product/cache/07f4e6a093cd3c305a832187014ed50b/p/r/prestige-herringbone-coffee-oak-8mm-laminate-4766-lifestyle-xl-1.jpg,1,Prestige Herringbone Laminate Flooring Coffee Oak 8mm 4766,Prestige Herringbone Laminate Flooring Coffee Oak 8mm 4766,,active,Home & Garden > Decor > Flooring,herringbone-flooring
prestige-herringbone-laminate-flooring-coffee-oak-8mm-4766,,,,,,,,,,,,,,,,,,,,https://imagely.factory-direct-flooring.co.uk/media/catalog/product/cache/07f4e6a093cd3c305a832187014ed50b/p/r/prestige-herringbone-coffee-oak-8mm-laminate-4766-lifestyle-xl-2.jpg,2,Prestige Herringbone Laminate Flooring Coffee Oak 8mm 4766,,,,,
embrace-herringbone-laminate-flooring-midnight-oak-12mm,Embrace Herringbone Laminate Flooring Midnight Oak 12mm,,Factory Direct Flooring,Home & Garden > Decor > Flooring,Herringbone Flooring,"Herringbone Flooring, flooring, UK flooring",TRUE,Title,Default Title,73983-R379,0,shopify,100,deny,manual,26.38,,TRUE,TRUE,https://imagely.factory-direct-flooring.co.uk/media/catalog/product/cache/07f4e6a093cd3c305a832187014ed50b/e/m/embrace_herringbone_midnight_oak_12mm_laminate_3.jpg,1,Embrace Herringbone Laminate Flooring Midnight Oak 12mm,Embrace Herringbone Laminate Flooring Midnight Oak 12mm,,active,Home & Garden > Decor > Flooring,herringbone-flooring
embrace-herringbone-laminate-flooring-midnight-oak-12mm,,,,,,,,,,,,,,,,,,,,https://imagely.factory-direct-flooring.co.uk/media/catalog/product/cache/07f4e6a093cd3c305a832187014ed50b/e/m/embrace_herringbone_midnight_oak_12mm_laminate_1.jpg,2,Embrace Herringbone Laminate Flooring Midnight Oak 12mm,,,,,
embrace-herringbone-laminate-flooring-10mm-tricat-oak-6018,Embrace Herringbone Laminate Flooring 10mm Tricat Oak 6018,,Factory Direct Flooring,Home & Garden > Decor > Flooring,Herringbone Flooring,"Herringbone Flooring, flooring, UK flooring",TRUE,Title,Default Title,71657,0,shopify,100,deny,manual,23.67,,TRUE,TRUE,https://imagely.factory-direct-flooring.co.uk/media/catalog/product/cache/07f4e6a093cd3c305a832187014ed50b/e/m/embrace-herringbone-10mm-tricat-oak-6018-xl-lifestyle-1_1.jpg,1,Embrace Herringbone Laminate Flooring 10mm Tricat Oak 6018,Embrace Herringbone Laminate Flooring 10mm Tricat Oak 6018,,active,Home & Garden > Decor > Flooring,herringbone-flooring
embrace-herringbone-laminate-flooring-10mm-tricat-oak-6018,,,,,,,,,,,,,,,,,,,,https://imagely.factory-direct-flooring.co.uk/media/catalog/product/cache/07f4e6a093cd3c305a832187014ed50b/e/m/embrace-herringbone-10mm-tricat-oak-6018-xl-lifestyle-2_1.jpg,2,Embrace Herringbone Laminate Flooring 10mm Tricat Oak 6018,,,,,
embrace-herringbone-laminate-flooring-century-oak-12mm,Embrace Herringbone Laminate Flooring Century Oak 12mm,,Factory Direct Flooring,Home & Garden > Decor > Flooring,Herringbone Flooring,"Herringbone Flooring, flooring, UK flooring",TRUE,Title,Default Title,73984-2006,0,shopify,100,deny,manual,26.38,,TRUE,TRUE,https://imagely.factory-direct-flooring.co.uk/media/catalog/product/cache/07f4e6a093cd3c305a832187014ed50b/e/m/embrace_herringbone_century_oak_12mm_laminate_2.jpg,1,Embrace Herringbone Laminate Flooring Century Oak 12mm,Embrace Herringbone Laminate Flooring Century Oak 12mm,,active,Home & Garden > Decor > Flooring,herringbone-flooring
embrace-herringbone-laminate-flooring-century-oak-12mm,,,,,,,,,,,,,,,,,,,,https://imagely.factory-direct-flooring.co.uk/media/catalog/product/cache/07f4e6a093cd3c305a832187014ed50b/e/m/embrace_herringbone_century_oak_12mm_laminate_6.jpg,2,Embrace Herringbone Laminate Flooring Century Oak 12mm,,,,,
embrace-herringbone-royal-oak-12mm-laminate,Embrace Herringbone Royal Oak 12mm Laminate,,Factory Direct Flooring,Home & Garden > Decor > Flooring,Herringbone Flooring,"Herringbone Flooring, flooring, UK flooring",TRUE,Title,Default Title,73986-2607,0,shopify,100,deny,manual,26.38,,TRUE,TRUE,https://imagely.factory-direct-flooring.co.uk/media/catalog/product/cache/07f4e6a093cd3c305a832187014ed50b/e/m/embrace_herringbone_royal_oak_12mm_laminate_2.jpg,1,Embrace Herringbone Royal Oak 12mm Laminate,Embrace Herringbone Royal Oak 12mm Laminate,,active,Home & Garden > Decor > Flooring,herringbone-flooring
embrace-herringbone-royal-oak-12mm-laminate,,,,,,,,,,,,,,,,,,,,https://imagely.factory-direct-flooring.co.uk/media/catalog/product/cache/07f4e6a093cd3c305a832187014ed50b/e/m/embrace_herringbone_royal_oak_12mm_laminate_1.jpg,2,Embrace Herringbone Royal Oak 12mm Laminate,,,,,
embrace-herringbone-laminate-flooring-walnut-12mm,Embrace Herringbone Laminate Flooring Walnut 12mm,,Factory Direct Flooring,Home & Garden > Decor > Flooring,Herringbone Flooring,"Herringbone Flooring, flooring, UK flooring",TRUE,Title,Default Title,73985-90758,0,shopify,100,deny,manual,26.38,,TRUE,TRUE,https://imagely.factory-direct-flooring.co.uk/media/catalog/product/cache/07f4e6a093cd3c305a832187014ed50b/e/m/embrace_herringbone_walnut_12mm_laminate_2.jpg,1,Embrace Herringbone Laminate Flooring Walnut 12mm,Embrace Herringbone Laminate Flooring Walnut 12mm,,active,Home & Garden > Decor > Flooring,herringbone-flooring
embrace-herringbone-laminate-flooring-walnut-12mm,,,,,,,,,,,,,,,,,,,,https://imagely.factory-direct-flooring.co.uk/media/catalog/product/cache/07f4e6a093cd3c305a832187014ed50b/e/m/embrace_herringbone_walnut_12mm_laminate_1.jpg,2,Embrace Herringbone Laminate Flooring Walnut 12mm,,,,,
embrace-herringbone-limed-oak-12mm-laminate,Embrace Herringbone Limed Oak 12mm Laminate,,Factory Direct Flooring,Home & Garden > Decor > Flooring,Herringbone Flooring,"Herringbone Flooring, flooring, UK flooring",TRUE,Title,Default Title,73987-2609,0,shopify,100,deny,manual,26.38,,TRUE,TRUE,https://imagely.factory-direct-flooring.co.uk/media/catalog/product/cache/07f4e6a093cd3c305a832187014ed50b/e/m/embrace_herringbone_limed_oak_12mm_laminate_4.jpg,1,Embrace Herringbone Limed Oak 12mm Laminate,Embrace Herringbone Limed Oak 12mm Laminate,,active,Home & Garden > Decor > Flooring,herringbone-flooring
embrace-herringbone-limed-oak-12mm-laminate,,,,,,,,,,,,,,,,,,,,https://imagely.factory-direct-flooring.co.uk/media/catalog/product/cache/07f4e6a093cd3c305a832187014ed50b/e/m/embrace_herringbone_limed_oak_12mm_laminate_1.jpg,2,Embrace Herringbone Limed Oak 12mm Laminate,,,,,
embrace-herringbone-laminate-flooring-washed-oak-12mm,Embrace Herringbone Laminate Flooring Washed Oak 12mm,,Factory Direct Flooring,Home & Garden > Decor > Flooring,Herringbone Flooring,"Herringbone Flooring, flooring, UK flooring",TRUE,Title,Default Title,73989-1051,0,shopify,100,deny,manual,26.38,,TRUE,TRUE,https://imagely.factory-direct-flooring.co.uk/media/catalog/product/cache/07f4e6a093cd3c305a832187014ed50b/e/m/embrace_herringbone_washed_oak_12mm_laminate_8.jpg,1,Embrace Herringbone Laminate Flooring Washed Oak 12mm,Embrace Herringbone Laminate Flooring Washed Oak 12mm,,active,Home & Garden > Decor > Flooring,herringbone-flooring
embrace-herringbone-laminate-flooring-washed-oak-12mm,,,,,,,,,,,,,,,,,,,,https://imagely.factory-direct-flooring.co.uk/media/catalog/product/cache/07f4e6a093cd3c305a832187014ed50b/e/m/embrace_herringbone_washed_oak_12mm_laminate_1.jpg,2,Embrace Herringbone Laminate Flooring Washed Oak 12mm,,,,,
embrace-herringbone-laminate-flooring-traditional-oak-12mm,Embrace Herringbone Laminate Flooring Traditional Oak 12mm,,Factory Direct Flooring,Home & Garden > Decor > Flooring,Herringbone Flooring,"Herringbone Flooring, flooring, UK flooring",TRUE,Title,Default Title,73988-9234,0,shopify,100,deny,manual,26.38,,TRUE,TRUE,https://imagely.factory-direct-flooring.co.uk/media/catalog/product/cache/07f4e6a093cd3c305a832187014ed50b/e/m/embrace_herringbone_traditional_oak_12mm_laminate_4.jpg,1,Embrace Herringbone Laminate Flooring Traditional Oak 12mm,Embrace Herringbone Laminate Flooring Traditional Oak 12mm,,active,Home & Garden > Decor > Flooring,herringbone-flooring
embrace-herringbone-laminate-flooring-traditional-oak-12mm,,,,,,,,,,,,,,,,,,,,https://imagely.factory-direct-flooring.co.uk/media/catalog/product/cache/07f4e6a093cd3c305a832187014ed50b/e/m/embrace_herringbone_traditional_oak_12mm_laminate_1.jpg,2,Embrace Herringbone Laminate Flooring Traditional Oak 12mm,,,,,
embrace-herringbone-laminate-flooring-cappuccino-oak-12mm,Embrace Herringbone Laminate Flooring Cappuccino Oak 12mm,,Factory Direct Flooring,Home & Garden > Decor > Flooring,Herringbone Flooring,"Herringbone Flooring, flooring, UK flooring",TRUE,Title,Default Title,73990-2610,0,shopify,100,deny,manual,26.38,,TRUE,TRUE,https://imagely.factory-direct-flooring.co.uk/media/catalog/product/cache/07f4e6a093cd3c305a832187014ed50b/e/m/embrace_herringbone_cappuccino_oak_12mm_laminate_9.jpg,1,Embrace Herringbone Laminate Flooring Cappuccino Oak 12mm,Embrace Herringbone Laminate Flooring Cappuccino Oak 12mm,,active,Home & Garden > Decor > Flooring,herringbone-flooring
embrace-herringbone-laminate-flooring-cappuccino-oak-12mm,,,,,,,,,,,,,,,,,,,,https://imagely.factory-direct-flooring.co.uk/media/catalog/product/cache/07f4e6a093cd3c305a832187014ed50b/e/m/embrace_herringbone_cappuccino_oak_12mm_laminate_1.jpg,2,Embrace Herringbone Laminate Flooring Cappuccino Oak 12mm,,,,,
herringbone-solid-wood-flooring-18mm-natural-brushed-oiled,Herringbone Solid Wood Flooring 18mm Natural Brushed Oiled,,Factory Direct Flooring,Home & Garden > Decor > Flooring,Herringbone Flooring,"Herringbone Flooring, flooring, UK flooring",TRUE,Title,Default Title,74110HB,0,shopify,100,deny,manual,68.15,,TRUE,TRUE,https://imagely.factory-direct-flooring.co.uk/media/catalog/product/cache/07f4e6a093cd3c305a832187014ed50b/h/e/herringbone_b_o_uv_19.jpg,1,Herringbone Solid Wood Flooring 18mm Natural Brushed Oiled,Herringbone Solid Wood Flooring 18mm Natural Brushed Oiled,,active,Home & Garden > Decor > Flooring,herringbone-flooring
herringbone-solid-wood-flooring-18mm-natural-brushed-oiled,,,,,,,,,,,,,,,,,,,,https://imagely.factory-direct-flooring.co.uk/media/catalog/product/cache/07f4e6a093cd3c305a832187014ed50b/h/e/herringbone_b_o_uv_9.jpg,2,Herringbone Solid Wood Flooring 18mm Natural Brushed Oiled,,,,,
herringbone-solid-wood-flooring-18mm-natural-uv-oiled,Herringbone Solid Wood Flooring 18mm Natural Uv Oiled,,Factory Direct Flooring,Home & Garden > Decor > Flooring,Herringbone Flooring,"Herringbone Flooring, flooring, UK flooring",TRUE,Title,Default Title,74111HB,0,shopify,100,deny,manual,68.15,,TRUE,TRUE,https://imagely.factory-direct-flooring.co.uk/media/catalog/product/cache/07f4e6a093cd3c305a832187014ed50b/h/e/herringbone_flat_uv_oil_4.jpg,1,Herringbone Solid Wood Flooring 18mm Natural Uv Oiled,Herringbone Solid Wood Flooring 18mm Natural Uv Oiled,,active,Home & Garden > Decor > Flooring,herringbone-flooring
herringbone-solid-wood-flooring-18mm-natural-uv-oiled,,,,,,,,,,,,,,,,,,,,https://imagely.factory-direct-flooring.co.uk/media/catalog/product/cache/07f4e6a093cd3c305a832187014ed50b/h/e/herringbone_flat_uv_oil_16.jpg,2,Herringbone Solid Wood Flooring 18mm Natural Uv Oiled,,,,,
herringbone-solid-wood-flooring-18mm-golden-brushed-matt-lacquer,Herringbone Solid Wood Flooring 18mm Golden Brushed Matt Lacquer,,Factory Direct Flooring,Home & Garden > Decor > Flooring,Herringbone Flooring,"Herringbone Flooring, flooring, UK flooring",TRUE,Title,Default Title,74112HB,0,shopify,100,deny,manual,68.15,,TRUE,TRUE,https://imagely.factory-direct-flooring.co.uk/media/catalog/product/cache/07f4e6a093cd3c305a832187014ed50b/h/e/herringbone_light_golden_b_l_12.jpg,1,Herringbone Solid Wood Flooring 18mm Golden Brushed Matt Lacquer,Herringbone Solid Wood Flooring 18mm Golden Brushed Matt Lacquer,,active,Home & Garden > Decor > Flooring,herringbone-flooring
herringbone-solid-wood-flooring-18mm-golden-brushed-matt-lacquer,,,,,,,,,,,,,,,,,,,,https://imagely.factory-direct-flooring.co.uk/media/catalog/product/cache/07f4e6a093cd3c305a832187014ed50b/h/e/herringbone_light_golden_b_l_18.jpg,2,Herringbone Solid Wood Flooring 18mm Golden Brushed Matt Lacquer,,,,,
embrace-herringbone-laminate-flooring-arctic-beige-14mm-built-in-underlay,Embrace Herringbone Laminate Flooring Arctic Beige 14mm Built-in Underlay,,Factory Direct Flooring,Home & Garden > Decor > Flooring,Herringbone Flooring,"Herringbone Flooring, flooring, UK flooring",TRUE,Title,Default Title,74146H,0,shopify,100,deny,manual,29.99,,TRUE,TRUE,https://imagely.factory-direct-flooring.co.uk/media/catalog/product/cache/07f4e6a093cd3c305a832187014ed50b/7/4/74146h_10.jpg,1,Embrace Herringbone Laminate Flooring Arctic Beige 14mm Built-in Underlay,Embrace Herringbone Laminate Flooring Arctic Beige 14mm Built-in Underlay,,active,Home & Garden > Decor > Flooring,herringbone-flooring
embrace-herringbone-laminate-flooring-arctic-beige-14mm-built-in-underlay,,,,,,,,,,,,,,,,,,,,https://imagely.factory-direct-flooring.co.uk/media/catalog/product/cache/07f4e6a093cd3c305a832187014ed50b/7/4/74146h_17.jpg,2,Embrace Herringbone Laminate Flooring Arctic Beige 14mm Built-in Underlay,,,,,
embrace-herringbone-polar-oak-14mm-laminate-flooring-built-in-underlay,Embrace Herringbone Polar Oak 14mm Laminate Flooring Built-in Underlay,,Factory Direct Flooring,Home & Garden > Decor > Flooring,Herringbone Flooring,"Herringbone Flooring, flooring, UK flooring",TRUE,Title,Default Title,74147H,0,shopify,100,deny,manual,29.99,,TRUE,TRUE,https://imagely.factory-direct-flooring.co.uk/media/catalog/product/cache/07f4e6a093cd3c305a832187014ed50b/7/4/74147h_17.jpg,1,Embrace Herringbone Polar Oak 14mm Laminate Flooring Built-in Underlay,Embrace Herringbone Polar Oak 14mm Laminate Flooring Built-in Underlay,,active,Home & Garden > Decor > Flooring,herringbone-flooring
embrace-herringbone-polar-oak-14mm-laminate-flooring-built-in-underlay,,,,,,,,,,,,,,,,,,,,https://imagely.factory-direct-flooring.co.uk/media/catalog/product/cache/07f4e6a093cd3c305a832187014ed50b/7/4/74147h_23.jpg,2,Embrace Herringbone Polar Oak 14mm Laminate Flooring Built-in Underlay,,,,,
embrace-herringbone-laminate-flooring-smoked-oak-14mm-built-in-underlay,Embrace Herringbone Laminate Flooring Smoked Oak 14Mm Built In Underlay,,Factory Direct Flooring,Home & Garden > Decor > Flooring,Herringbone Flooring,"Herringbone Flooring, flooring, UK flooring",TRUE,Title,Default Title,74145H,0,shopify,100,deny,manual,29.99,,TRUE,TRUE,,,Embrace Herringbone Laminate Flooring Smoked Oak 14Mm Built In Underlay,Embrace Herringbone Laminate Flooring Smoked Oak 14Mm Built In Underlay,,active,Home & Garden > Decor > Flooring,herringbone-flooring
herringbone-solid-wood-flooring-18mm-smoke-brushed-oiled,Herringbone Solid Wood Flooring 18mm Smoke Brushed Oiled,,Factory Direct Flooring,Home & Garden > Decor > Flooring,Herringbone Flooring,"Herringbone Flooring, flooring, UK flooring",TRUE,Title,Default Title,74113HB,0,shopify,100,deny,manual,68.15,,TRUE,TRUE,https://imagely.factory-direct-flooring.co.uk/media/catalog/product/cache/07f4e6a093cd3c305a832187014ed50b/h/e/herringbone_smoked_b_o_uv_19.jpg,1,Herringbone Solid Wood Flooring 18mm Smoke Brushed Oiled,Herringbone Solid Wood Flooring 18mm Smoke Brushed Oiled,,active,Home & Garden > Decor > Flooring,herringbone-flooring
herringbone-solid-wood-flooring-18mm-smoke-brushed-oiled,,,,,,,,,,,,,,,,,,,,https://imagely.factory-direct-flooring.co.uk/media/catalog/product/cache/07f4e6a093cd3c305a832187014ed50b/h/e/herringbone_smoked_b_o_uv_12.jpg,2,Herringbone Solid Wood Flooring 18mm Smoke Brushed Oiled,,,,,
embrace-herringbone-laminate-flooring-farmhouse-oak-14mm-built-in-underlay,Embrace Herringbone Laminate Flooring Farmhouse Oak 14mm Built-in Underlay,,Factory Direct Flooring,Home & Garden > Decor > Flooring,Herringbone Flooring,"Herringbone Flooring, flooring, UK flooring",TRUE,Title,Default Title,74149H,0,shopify,100,deny,manual,29.99,,TRUE,TRUE,https://imagely.factory-direct-flooring.co.uk/media/catalog/product/cache/07f4e6a093cd3c305a832187014ed50b/7/4/74149h_4.jpg,1,Embrace Herringbone Laminate Flooring Farmhouse Oak 14mm Built-in Underlay,Embrace Herringbone Laminate Flooring Farmhouse Oak 14mm Built-in Underlay,,active,Home & Garden > Decor > Flooring,herringbone-flooring
embrace-herringbone-laminate-flooring-farmhouse-oak-14mm-built-in-underlay,,,,,,,,,,,,,,,,,,,,https://imagely.factory-direct-flooring.co.uk/media/catalog/product/cache/07f4e6a093cd3c305a832187014ed50b/7/4/74149h_10.jpg,2,Embrace Herringbone Laminate Flooring Farmhouse Oak 14mm Built-in Underlay,,,,,
embrace-herringbone-laminate-flooring-crystal-oak-14mm-built-in-underlay,Embrace Herringbone Laminate Flooring Crystal Oak 14mm Built-in Underlay,,Factory Direct Flooring,Home & Garden > Decor > Flooring,Herringbone Flooring,"Herringbone Flooring, flooring, UK flooring",TRUE,Title,Default Title,74148H,0,shopify,100,deny,manual,29.99,,TRUE,TRUE,https://imagely.factory-direct-flooring.co.uk/media/catalog/product/cache/07f4e6a093cd3c305a832187014ed50b/7/4/74148h_10.jpg,1,Embrace Herringbone Laminate Flooring Crystal Oak 14mm Built-in Underlay,Embrace Herringbone Laminate Flooring Crystal Oak 14mm Built-in Underlay,,active,Home & Garden > Decor > Flooring,herringbone-flooring
embrace-herringbone-laminate-flooring-crystal-oak-14mm-built-in-underlay,,,,,,,,,,,,,,,,,,,,https://imagely.factory-direct-flooring.co.uk/media/catalog/product/cache/07f4e6a093cd3c305a832187014ed50b/7/4/74148h_16.jpg,2,Embrace Herringbone Laminate Flooring Crystal Oak 14mm Built-in Underlay,,,,,
embrace-herringbone-laminate-flooring-windsor-oak-10mm-1001,Embrace Herringbone Laminate Flooring Windsor Oak 10mm 1001,,Factory Direct Flooring,Home & Garden > Decor > Flooring,Herringbone Flooring,"Herringbone Flooring, flooring, UK flooring",TRUE,Title,Default Title,73880-FC45,0,shopify,100,deny,manual,31.19,,TRUE,TRUE,https://imagely.factory-direct-flooring.co.uk/media/catalog/product/cache/07f4e6a093cd3c305a832187014ed50b/e/m/embrace-herringbone-windsor-oak-10mm-laminate-1001-xl-lifestyle-1.jpg,1,Embrace Herringbone Laminate Flooring Windsor Oak 10mm 1001,Embrace Herringbone Laminate Flooring Windsor Oak 10mm 1001,,active,Home & Garden > Decor > Flooring,herringbone-flooring
embrace-herringbone-laminate-flooring-windsor-oak-10mm-1001,,,,,,,,,,,,,,,,,,,,https://imagely.factory-direct-flooring.co.uk/media/catalog/product/cache/07f4e6a093cd3c305a832187014ed50b/e/m/embrace-herringbone-windsor-oak-10mm-laminate-1001-xl-lifestyle-3.jpg,2,Embrace Herringbone Laminate Flooring Windsor Oak 10mm 1001,,,,,
embrace-herringbone-laminate-flooring-woodland-oak-14mm-built-in-underlay,Embrace Herringbone Laminate Flooring Woodland Oak 14mm Built-in Underlay,,Factory Direct Flooring,Home & Garden > Decor > Flooring,Herringbone Flooring,"Herringbone Flooring, flooring, UK flooring",TRUE,Title,Default Title,74150H,0,shopify,100,deny,manual,29.99,,TRUE,TRUE,https://imagely.factory-direct-flooring.co.uk/media/catalog/product/cache/07f4e6a093cd3c305a832187014ed50b/7/4/74150h_4.jpg,1,Embrace Herringbone Laminate Flooring Woodland Oak 14mm Built-in Underlay,Embrace Herringbone Laminate Flooring Woodland Oak 14mm Built-in Underlay,,active,Home & Garden > Decor > Flooring,herringbone-flooring
embrace-herringbone-laminate-flooring-woodland-oak-14mm-built-in-underlay,,,,,,,,,,,,,,,,,,,,https://imagely.factory-direct-flooring.co.uk/media/catalog/product/cache/07f4e6a093cd3c305a832187014ed50b/7/4/74150h_16.jpg,2,Embrace Herringbone Laminate Flooring Woodland Oak 14mm Built-in Underlay,,,,,
