Site,Source URL,Product ID,Product URL,Name,Variant,SKU,Category,Tags,Vendor / Brand,Price (GBP),Compare At Price,Stock Status,Inventory Qty,Description,Main Image URL,All Image URLs,Published At
HDEW Cameras,https://hdewcameras.co.uk,15129596625221,https://hdewcameras.co.uk/products/sandisk-128gb-extreme-pro-cfexpress-type-b-1700m-s,SanDisk CF Express Type 2 128GB Extreme Pro,,722346,Memory Card,"compact-flash, memory-storage, photo-video-accessories, sandisk",Sandisk,159.00,,Unknown,,"General Features Speeds That Surpass Other Cards High-speed, consistent recording and an enhanced workflow efficiency beyond existing SanDisk cards are the result of read speeds of up to 1700 MB/s and write speeds of up to 1200 MB/s. Smooth 4K Video Performance The CFexpress form factor captures raw 4K video with sustainable, low-latency performance in your video recording. XQD Compatibility The card is backward compatible with select XQD cameras that adopt firmware enabling CFexpress. The CFexpress Card Type B bridges existing devices with the future of technology.",https://cdn.shopify.com/s/files/1/0955/2409/4277/files/sandisk-128gb-extreme-pro-cfexpress-type-b-1700m-s-13720-p.jpg?v=1756284915,https://cdn.shopify.com/s/files/1/0955/2409/4277/files/sandisk-128gb-extreme-pro-cfexpress-type-b-1700m-s-13720-p.jpg?v=1756284915,2026-05-15T09:35:26+01:00
HDEW Cameras,https://hdewcameras.co.uk,15877887656261,https://hdewcameras.co.uk/products/google-pixel-watch-4-wifi-41mm-polished-silver-aluminium-case-iris-active-band,Google Pixel Watch 4 Wifi 41mm Polished Silver Aluminium Case/Iris Active Band,,18D93-00092-00,Smart Watches,"Health Monitoring, Smart Watch",Google,299.00,349.00,Unknown,,"The Pixel Watch generation brings an elegant, compact design in a lightweight aluminium case with the 41 mm WiFi version. Inside, a powerful processor (Qualcomm Snapdragon W5 Gen 2) works in combination with an ML-based co-processor — according to the manufacturer, this architecture offers more computing power while consuming less energy. This makes the Pixel Watch 4 better equipped for smartwatch functions and future AI features. The watch's display is a high-quality Actua 360 AMOLED LTPO display — this not only ensures colourful, brilliant images, but also a smooth viewing experience and adaptive energy efficiency. Added to this is a robust cover glass made of Corning Gorilla Glass and a waterproof case with 5 ATM / IP68 protection class — ideal for sports and everyday use. In terms of everyday usability, the 41 mm version has a 325 mAh battery that, according to the manufacturer, lasts up to 30 hours with the Always-On display activated. In battery saver mode, it can even last up to 48 hours. In addition, the included quick-charge dock charges the battery to 50% in about 15 minutes — handy for quick charging on the go. Features: Diameter 41 mm, Height 12.3 mm Actua 360 AMOLED LTPO display with always-on function Up to 3000 nits brightness Gorilla Glass protective glass Water and dust protection: 5 ATM / IP68 2 GB RAM and 32 GB internal memory Snapdragon W5 Gen 2 + ML co-processor Wi-Fi 2.4/5 GHz, Bluetooth 6.0, NFC, UWB 325 mAh battery Up to 30 hours of battery life with Always-On display Fast charging: approx. 50% in 15 minutes Operation via touchscreen, haptic crown and side button Built-in speaker Built-in microphone Heart rate measurement 1 ECG function SpO₂ measurement (oxygen saturation) Sleep analysis Sports and fitness tracking via Fitbit Calorie consumption measurement Activity tracking (steps, zone minutes, etc.) Fall detection Emergency call function GPS tracking Alarm function Google Assistant Elastomer wristband Aluminium case Wrist circumference: 130–210 mm Dimensions: 41 x 12.3 x 41 mm Weight: 31 g 1 This product is not a medical device and is not intended to diagnose, treat, cure or prevent any disease.",https://cdn.shopify.com/s/files/1/0955/2409/4277/files/Google_Pixel-Watch4_Iris-Silver_HDEW1.jpg?v=1778833548,https://cdn.shopify.com/s/files/1/0955/2409/4277/files/Google_Pixel-Watch4_Iris-Silver_HDEW1.jpg?v=1778833548 | https://cdn.shopify.com/s/files/1/0955/2409/4277/files/Google_Pixel-Watch4_Iris-Silver_HDEW2.jpg?v=1778833548 | https://cdn.shopify.com/s/files/1/0955/2409/4277/files/Google_Pixel-Watch4_Iris-Silver_HDEW3.jpg?v=1778833548 | https://cdn.shopify.com/s/files/1/0955/2409/4277/files/Google_Pixel-Watch4_Iris-Silver_HDEW4.jpg?v=1778833547 | https://cdn.shopify.com/s/files/1/0955/2409/4277/files/Google_Pixel-Watch4_Iris-Silver_HDEW5.jpg?v=1778833547 | https://cdn.shopify.com/s/files/1/0955/2409/4277/files/Google_Pixel-Watch4_Iris-Silver_HDEW6.jpg?v=1778833547,2026-05-15T09:26:33+01:00
HDEW Cameras,https://hdewcameras.co.uk,15129613631813,https://hdewcameras.co.uk/products/garmin-instinct-2-solar-tactical-edition-black,Garmin Instinct 2 Solar Tactical Edition Black,,713715,Smart Watches,"garmin, Gift Idea, portable-devices, watches",Garmin,269.00,319.00,Unknown,,"2 YEAR GARMIN WARRANTY Suitable for a wrist circumference of 135 to 230 mm. Tactical functions for special operations, eg with night vision goggles compatibility. Built tough to US military standards. This smartwatch won't let you down. Integrated sports and outdoor apps always offer you new ways to get active. Test boundaries and still stay on track thanks to access to multiple satellites. Extensive health features allow you to better understand your body. Infinite power. Solar charging gives you unlimited battery life in smartwatch mode. What's in the box? Garmin Instinct 2 Solar Tactical Edition Rugged GPS Smartwatch, Black 2 Year Garmin Warranty",https://cdn.shopify.com/s/files/1/0955/2409/4277/files/garmin-instinct-2-solar-tactical-edition-black-18205-p.jpg?v=1756284733,https://cdn.shopify.com/s/files/1/0955/2409/4277/files/garmin-instinct-2-solar-tactical-edition-black-18205-p.jpg?v=1756284733 | https://cdn.shopify.com/s/files/1/0955/2409/4277/files/garmin-instinct-2-solar-tactical-edition-black-_282_29-18205-p.jpg?v=1756284733 | https://cdn.shopify.com/s/files/1/0955/2409/4277/files/garmin-instinct-2-solar-tactical-edition-black-_283_29-18205-p.jpg?v=1756284733 | https://cdn.shopify.com/s/files/1/0955/2409/4277/files/garmin-instinct-2-solar-tactical-edition-black-_284_29-18205-p.jpg?v=1756284733,2026-05-15T00:27:02+01:00
HDEW Cameras,https://hdewcameras.co.uk,15281874764101,https://hdewcameras.co.uk/products/olympus-om-d-e-m10-iv-body-black-cert-refurb,Olympus OM-D E-M10 IV Body Black (Open Box),,02300-00545-00_OBOX,Camera,"cameras, mirrorless-cameras, olympus-mirrorless, open-box-models",OLYMPUS,319.00,,Unknown,,"1 OPEN BOX UNIT - EXCELLENT CONDITION ORIGINAL BOX AND ACCESSORIES - SOME ACCESSORIES OPENED AND BOX HAS SOME MARKS PLEASE NOTE THIS IS A BODY IN A KIT BOX UNWANTED RETURN SHUTTER COUNT = 293 1 YEAR WARRANTY Incorporating the 20.3MP Micro Four Thirds sensor and TruePic VIII image processor, the E-M10 Mark IV is characterised by its UHD 4K video recording capabilities, fast 8.7 fps continuous shooting rate, and wide ISO 200-25600 sensitivity range to suit working in a variety of lighting conditions. The sensor also employs a 121-point contrast-detection AF system, which uses subject detection algorithms from the E-M1-series, for fast, accurate, and intelligent focusing performance. Additionally, 5-axis sensor-shift image stabilization is also featured, which compensates for approximately 4.5 stops of camera shake for sharper handheld shooting. In regard to the physical design, the E-M10 Mark IV is an impressively svelte camera but still sports a large 3.0"" 1.04m-dot touchscreen LCD, which has a 180° tilting design for working from high, low, and front-facing angles. For eye-level viewing, there is a 2.36m-dot OLED electronic viewfinder. Also, built-in Wi-Fi and Bluetooth permit connecting the camera to a smartphone or tablet for direct wireless sharing of images or for remote camera from the mobile device. 20.3MP Live MOS Sensor and TruePic VIII Image Processor A high-resolution 20.3MP Live MOS sensor works in conjunction with a TruePic VIII image processor to promote fast shooting performance, a sensitivity range from ISO 200-25600, and versatile video recording capabilities. Ideal for photographing moving subjects, too, the sensor and processor combination enables full-resolution continuous shooting up to 8.7 fps. Beyond stills, the E-M10 Mark IV also supports UHD 4K video recording up to 30 fps, Full HD at 60 fps, and high-speed HD recording at 120 fps. 5-Axis Sensor-Shift Image Stabilization In-body, sensor-shift image stabilization helps to minimize the appearance of camera shake by up to 4.5 stops with any lens in use and compensates for camera movements that become especially noticeable when working with telephoto shots, macro imagery, and long exposures. Furthermore, this advanced image stabilization system works across five axes to compensate for vertical angle rotation, horizontal angle rotation, horizontal shift, vertical shift, and rolling camera shake movement. This range of detected movements serves to benefit traditional still image shooting as well as movie recording and working with moving subjects more effectively. 121-Point Contrast-Detection AF and Subject Detection The quick and intelligent autofocus system uses 121 contrast-detection areas for refined accuracy and focusing speed when working in variety of lighting conditions and shooting situations. Suiting working with moving subjects, continuous autofocus benefits from the same subject-detection algorithm used in the sports-optimized E-M1X and, benefitting portraiture, the same face- and eye-detection functions as the E-M1 Mark III also make it possible to accurately focus on the profile, lowered face, or a partially hidden face. Alternatively, manual focus operation is also benefitted by the inclusion of MF assist functions, including live view magnification and focus peaking. Body Design and Connectivity High-resolution 2.36m-dot electronic viewfinder is available for eye-level monitoring, and it offers a 0.67x maximum magnification for clear, distortion-free viewing. Rear 3.0"" 1.04m-dot LCD monitor features an 80° upward, 180° downward tilting design to support working from a variety of angles, including front-facing for perfectly framed selfies. The screen is also a touchscreen for intuitive menu navigation and image playback. Included BLS-50 rechargeable lithium-ion battery is used to provide approximately 360 shots per charge. In-camera battery charging is supported via the micro-USB port. Single SD memory card slot is UHS-II compatible for fast read/write speeds. Built-in Wi-Fi and Bluetooth permits wireless image sharing and remote camera control from a linked smartphone or tablet when using the dedicated O.I.Share app for iOS and Android. Shooting Modes Live Composite is a unique long exposure mode that allows you to gradually build up an exposure over time without overexposing key elements within the frame. This mode works to only record newly detected light sources over time, and allows you to watch as an image develops, making it ideally suited for photographing star trails or other moving light sources. Live Bulb and Live Time settings can be used to produce creative long exposure imagery. Live Bulb lets you hold the shutter open for up to one minute and Live Time lets you press the shutter button once to open the shutter and then press again within a minute to end the exposure. Interval shooting is supported for up to 999 frames with 1 second to 24-hour exposure intervals. Art Filters: Pop Art, Soft Focus, Pale & Light Color , Light Tone, Grainy Film, Pin Hole, Diorama, Cross Process, Gentle Sepia, Dramatic Tone, Key Line, Watercolor, Vintage, Partial Color (18 Color), Bleach Bypass, Instant Film. Body type Body type SLR-style mirrorless Sensor Max resolution 5184 x 3888 Image ratio w:h 1:1, 4:3, 3:2, 16:9 Effective pixels 20 megapixels Sensor photo detectors 22 megapixels Sensor size Four Thirds (17.4 x 13 mm) Sensor type CMOS Processor TruePic VIII Image ISO Auto, 200-25600 (expands to 100-25600) Boosted ISO (minimum) 100 Boosted ISO (maximum) 25600 White balance presets 6 Custom white balance Yes (4 slots) Image stabilization Sensor-shift CIPA image stabilization rating 4.5 stop(s) Uncompressed format RAW JPEG quality levels Super fine, fine, normal Optics & Focus Autofocus Contrast Detect (sensor) Multi-area Center Selective single-point Tracking Single Continuous Touch Face Detection Live View Manual focus Yes Number of focus points 121 Lens mount Micro Four Thirds Focal length multiplier 2× Screen / viewfinder Articulated LCD Tilting Screen size 3 Screen dots 1,040,000 Touch screen Yes Screen type TFT LCD Live view Yes Viewfinder type Electronic Viewfinder coverage 100% Viewfinder magnification 0.62× (0.31× 35mm equiv.) Viewfinder resolution 2,360,000 Photography features Minimum shutter speed 60 sec Maximum shutter speed 1/4000 sec Aperture priority Yes Shutter priority Yes Manual exposure mode Yes Subject / scene modes Yes Built-in flash Yes Flash range 7.20 m (at ISO 200) External flash Yes (via hot shoe) Flash modes Redeye, fill-in, off, redeye slow-sync (1st-curtain), slow sync (1st-curtain), slow sync (2nd-curtain), manual Continuous drive 15.0 fps Self-timer Yes (2 or 12 sec, custom) Metering modes Multi Center-weighted Highlight-weighted Spot Exposure compensation ±5 (at 1/3 EV steps) AE Bracketing ±5 (3, 5 frames at 2/3 EV, 1 EV steps) WB Bracketing No Videography features Format MPEG-4, H.264 Modes 3840 x 2160 @ 30p / 102 Mbps, MOV, H.264, Linear PCM 3840 x 2160 @ 25p / 102 Mbps, MOV, H.264, Linear PCM 3840 x 2160 @ 24p / 102 Mbps, MOV, H.264, Linear PCM 1920 x 1080 @ 60p / 52 Mbps, MOV, H.264, Linear PCM 1920 x 1080 @ 50p / 52 Mbps, MOV, H.264, Linear PCM 1920 x 1080 @ 30p / 52 Mbps, MOV, H.264, Linear PCM 1920 x 1080 @ 25p / 52 Mbps, MOV, H.264, Linear PCM 1920 x 1080 @ 24p / 52 Mbps, MOV, H.264, Linear PCM Microphone Stereo Speaker Mono Storage Storage types SD/SDHC/SDXC (UHS-II supported) Connectivity USB USB 2.0 (480 Mbit/sec) USB charging Yes HDMI Yes (micro HDMI) Microphone port No Headphone port No Wireless Built-In Wireless notes 802.11b/g/n + Bluetooth Remote control Yes (via smartphone) Physical Environmentally sealed No Battery Built-in Battery description BLS-50 lithium-ion battery & USB charger Battery Life (CIPA) 360 Weight (inc. batteries) 383 g (0.84 lb / 13.51 oz) Dimensions 122 x 84 x 49 mm (4.8 x 3.31 x 1.93) Other features Orientation sensor Yes Timelapse recording Yes GPS None Olympus OM-D E-M10 Mark IV Mirrorless Digital Camera (Body Only, Black) Olympus F-5AC Adapter USB Cable Shoulder Strap Collections If you would rather come and collect from our office, you are more than welcome to. We would just require you to call us first on 02086695668 to place an order with us beforehand to check stock availability, and once your order is ready to collect, our sales team will contact you.",https://cdn.shopify.com/s/files/1/0955/2409/4277/files/olympus-om-d-e-m10-iv-body-black-13261-p_2b76ffd5-3fb0-4b91-9042-651a91293395.jpg?v=1757426726,https://cdn.shopify.com/s/files/1/0955/2409/4277/files/olympus-om-d-e-m10-iv-body-black-13261-p_2b76ffd5-3fb0-4b91-9042-651a91293395.jpg?v=1757426726 | https://cdn.shopify.com/s/files/1/0955/2409/4277/files/IMG_9764_1_7845f604-3402-49d5-93bd-b91701fad06b.jpg?v=1778758779 | https://cdn.shopify.com/s/files/1/0955/2409/4277/files/IMG_9766_1_2f71c368-7e67-4f97-9e34-4ae88a5fa0ef.jpg?v=1778758782 | https://cdn.shopify.com/s/files/1/0955/2409/4277/files/IMG_9767_1.jpg?v=1778758779 | https://cdn.shopify.com/s/files/1/0955/2409/4277/files/IMG_9769_1.jpg?v=1778758773 | https://cdn.shopify.com/s/files/1/0955/2409/4277/files/IMG_9770_1.jpg?v=1778758777 | https://cdn.shopify.com/s/files/1/0955/2409/4277/files/IMG_9771_1_4e9062ff-5b24-459a-bead-2304f5bf4878.jpg?v=1778758770 | https://cdn.shopify.com/s/files/1/0955/2409/4277/files/IMG_9772_1.jpg?v=1778758768 | https://cdn.shopify.com/s/files/1/0955/2409/4277/files/IMG_9773_1.jpg?v=1778758762 | https://cdn.shopify.com/s/files/1/0955/2409/4277/files/IMG_9774_1_3fcaaefc-7827-4210-aee5-9f199332a1eb.jpg?v=1778758778,2026-05-14T12:44:25+01:00
HDEW Cameras,https://hdewcameras.co.uk,15569327685957,https://hdewcameras.co.uk/products/garmin-edge-540-road-mountain-bike-gps,Garmin Edge 540 Road & Mountain Bike GPS,,807949,GPS,"garmin, gps-geotagging, navigation",Garmin,259.00,309.00,Unknown,,"Improve every day with Edge 540, the cycling computer with button controls and Garmin Coach training plans. It’s the optimal gear to prepare you for upcoming races or personal milestones. Innovative features help you manage your power and conserve your energy. And with adaptive coaching you get the perfect support for your next competitions. High-precision course recording through multi-frequency reception of global satellite systems - even in narrow mountain valleys or urban canyons. Device settings including data fields are possible directly on the Edge or via smartphone in the Garmin Connect app with real-time synchronization. Easy-to-read 2.6'' (66 mm) MIP color display with push-button controls Pre-installed bike maps for Western and Central Europe Multi-frequency reception: GPS, Glonass, Galileo, multi-band GNSS- (even in narrow mountain valleys or urban canyons) Add maps, optimized route calculation, turn-by-turn directions Find popular routes to match bike type with Popularity Routing Interfaces: USB, Wi-Fi, Bluetooth, Ant+ Operating time up to 26 h in GPS mode, 42 h in energy saving mode Innovative navigation features: daily training recommendations, individual coaching taking into account training load and recovery SmartNotifications, weather information, rider-to-rider messaging, Live & GroupTrack (when paired with compatible smartphone) Training and Performance: MTB jump and descent analysis, ClimbPro climb planner, Grit & Flow readings, eating and drinking alerts, Stamina residual energy display, recovery times Coupling with indoor trainer (record workouts at home) Connection with e-bike via ANT+ or Shimano Steps Waterproof according to IPX7 Lithium-ion battery Dimensions (WxHxD): 5.8 x 8.5 x 2 cm",https://cdn.shopify.com/s/files/1/0955/2409/4277/files/Garmin_Edge540_Bike-GPS_HDEW1.jpg?v=1765178409,https://cdn.shopify.com/s/files/1/0955/2409/4277/files/Garmin_Edge540_Bike-GPS_HDEW1.jpg?v=1765178409 | https://cdn.shopify.com/s/files/1/0955/2409/4277/files/Garmin_Edge540_Bike-GPS_HDEW5.jpg?v=1765178409 | https://cdn.shopify.com/s/files/1/0955/2409/4277/files/Garmin_Edge540_Bike-GPS_HDEW4.jpg?v=1765178409 | https://cdn.shopify.com/s/files/1/0955/2409/4277/files/Garmin_Edge540_Bike-GPS_HDEW2.jpg?v=1765178409 | https://cdn.shopify.com/s/files/1/0955/2409/4277/files/Garmin_Edge540_Bike-GPS_HDEW7.jpg?v=1765178410 | https://cdn.shopify.com/s/files/1/0955/2409/4277/files/Garmin_Edge540_Bike-GPS_HDEW6.jpg?v=1765178410 | https://cdn.shopify.com/s/files/1/0955/2409/4277/files/Garmin_Edge540_Bike-GPS_HDEW3.jpg?v=1765178409,2026-05-14T08:17:36+01:00
HDEW Cameras,https://hdewcameras.co.uk,15873540260165,https://hdewcameras.co.uk/products/hdew-beamie-smart-projector-open-box,HDEW Beamie Smart Projector (Open Box),,HDEW-BEAMIE-1_OBOX,Projector,"computing, open-box-models, portable-devices, projectors",HDEW,139.00,,Unknown,,"1 OPEN BOX UNIT - EXCELLENT CONDITION ORIGINAL BOX AND ACCESSORIES - ACCESSORIES OPENED AND NEEDS AAA BATTERIES FOR REMOTE UNWANTED RETURN Cinema-Sized Entertainment Beamie transforms ordinary moments into extraordinary experiences. Whether it's family movie nights, outdoor cinema with friends or binge-watching in bed, this smart projector delivers stunning Full HD visuals on screens up to 300 inches. Ridiculously Easy To Use Turn it on and it focuses itself automatically. Access Netflix, Disney+ and all your favorite apps instantly - no extra devices needed. Within minutes of opening the box, you're watching on the big screen. Dazzling Brightness Unlike cheap projectors that only work in pitch darkness, Beamie's powerful brightness means you can watch with the lights on, during golden hour or in your living room without blacking out every window. Wherever Life Takes You Compact, portable and packed with everything you need built-in. Living room today, garden tomorrow, bedroom the next day. One projector, endless possibilities. Premium Features Without Premium Price We've packed in flagship technology - smart Android OS, auto-focus, dual speakers, WiFi 6 - at a price that actually makes sense. Stop settling for small screens and expensive TVs. Experience entertainment the way it's meant to be - bigger, better and shared with the people you love.",https://cdn.shopify.com/s/files/1/0955/2409/4277/files/MainImage.jpg?v=1761232444,https://cdn.shopify.com/s/files/1/0955/2409/4277/files/MainImage.jpg?v=1761232444 | https://cdn.shopify.com/s/files/1/0955/2409/4277/files/IMG_0020_1.jpg?v=1778771657 | https://cdn.shopify.com/s/files/1/0955/2409/4277/files/IMG_0021_1.jpg?v=1778771657 | https://cdn.shopify.com/s/files/1/0955/2409/4277/files/IMG_0024_1_bdec33aa-3a8e-4380-85a1-54854940047e.jpg?v=1778771652 | https://cdn.shopify.com/s/files/1/0955/2409/4277/files/IMG_0023_1.jpg?v=1778771655 | https://cdn.shopify.com/s/files/1/0955/2409/4277/files/IMG_0025_1.jpg?v=1778771651 | https://cdn.shopify.com/s/files/1/0955/2409/4277/files/IMG_0026_1.jpg?v=1778771653 | https://cdn.shopify.com/s/files/1/0955/2409/4277/files/IMG_0027_1_66811167-a82f-4b1d-9c4f-d32f3f090fd9.jpg?v=1778771656 | https://cdn.shopify.com/s/files/1/0955/2409/4277/files/IMG_0028_1.jpg?v=1778771656,2026-05-13T16:13:48+01:00
HDEW Cameras,https://hdewcameras.co.uk,15873377665349,https://hdewcameras.co.uk/products/canon-eos-r5-ii-body-open-box,Canon EOS R5 II Body (Open Box),,02230-00868-00_OB,Camera,"cameras, canon, canon-mirrorless, mirrorless-cameras, open-box-models",CANON,2709.00,,Unknown,,"1 OPEN BOX UNIT - EXCELLENT CONDITION ORIGINAL BOX AND ACCESSORIES SERIAL NUMBER STICKER HAS COME OFF BUT SERIAL NUMBER IS ON THE BOX PLEASE NOTE THAT WIFI 5GHZ AND 6GHZ BANDS ARE DISABLED ON THIS CAMERA Key Features 45MP Full-Frame Stacked BSI CMOS Sensor DIGIC Accelerator Processing Dual Pixel Intelligent AF, Eye Control 8K 60 Raw/4K 60 SRAW/4K 120 10-Bit Video Up to 30 fps, Pre-Continuous Shoot Mode 5.76m-Dot EVF with OVF Sim. View Assist 3.2"" Vari-Angle Touchscreen LCD In-Camera Upscaling to 179MP CFexpress & SD UHS-II Memory Card Slots Wi-Fi 6E / Wi-Fi 6 Support The Do-It-All Camera for Multimedia Professionals Boasting enough horsepower to allow Canon 's highest resolution mirrorless sensor to shoot a speedy 30 fps and capture 8K60p raw video, the EOS R5 Mark II Mirrorless Camera is the multimedia professional's solution for versatility, image quality, and intelligence. An all-new 45MP sensor's stacked, back-illuminated design joins a brand new processor to provide upgrades in nearly every category, creating a do-it-all camera that gets the job done. A Stacked Sensor-Processor Combo The R5 Mark II's new sensor maintains the high resolution of its predecessor while introducing a stacked, back-illuminated design that makes room for Canon's latest image processor, the DIGIC Accelerator. Operating alongside the stalwart DIGIC X, the camera combines the raw image data with high-volume, deep-learning datasets to produce gains in subject tracking and recognition, pre-continuous capture, blackout-free shooting, video resolution, maximum recording time, and more - making the R5 Mark II a powerful and comprehensive professional creator's toolkit. Autofocus and Deep Learning The improved processing speeds benefit the EOS R series' already-robust autofocus, incorporating deep learning datasets in its Dual Pixel Intelligence AF to produce advancements in subject recognition and tracking while also improving on the Eye Control Focus feature introduced in the EOS R3. The processor's high-level analyses keep the intended subject locked when similar subjects cross one another Head, eyes, upper body, and joint structures are all tracked, as well as persons other than the main subject and the ball Action Priority Menu setting for still photos identifies sport-specific events, actions, and ball positions for soccer, basketball, and volleyball Photograph or upload a person's image to register and prioritise up to 10 subjects Eye Control Focus Reintroduced in the EOS R3, Eye Control AF allows shooters to use their eye to initiate where the focus point is simply by looking through the electronic viewfinder. The R5 Mark II boasts newly developed camera optics and a revised line-of-sight detection algorithm to nearly double the detection frame rate. The camera integrates Eye Control Focus with its improved subject tracking and recognition algorithms to keep the sighted subject in sharp focus. Electronic Shutter Chief among the benefits of the new sensor-processor combination is the ability to shoot high-quality, high-resolution images at blazing speed, unlocking mural-sized moments of athletic brilliance, breaking news, or even history. The R5 Mark II has the power to record the ephemeral and commit it to memory on the biggest scale and in astounding detail. Continuous shooting speeds of up to 30 fps full-frame raw with reduced shutter distortion, with up to 12 fps when using the mechanical shutter Supports always-on blackout-free display when using the electronic shutter For indoor sports shooters, the camera effectively suppresses flicker in LED lighting environments by detecting refresh frequencies Flash sync speeds of up to 1/250s possible when using electronic front-curtain shutter Pre-Continuous Shooting Newly available in the EOS R5 Mark II is the ability to bank up to 15 shots of pre-continuous shooting by half-depressing the shutter button before firing. When the shutter button is fully pressed, the previous half-second of images are written to the memory card, allowing users to ""go back in time"" to recover a decisive moment they might have missed. Noise Reduction and In-Camera Upscaling First and foremost, the R5 Mark II is a camera built for image-makers looking to maximise quality and flexibility. As such, the broad native ISO 100-51200 range suits working in a variety of lighting conditions and the DIGIC Accelerator enables the use of Neural Network Noise Reduction for cleaner images, especially at higher sensitivities. This same processing power also enables the creation of even higher resolution stills-up to 179MP-via In-Camera Upscaling. This deep learning-based tool doubles the number of pixels horizontally and vertically to produce a larger, more detailed image with maintained sharpness and clarity. Coordinated Control Image Stabilisation A lightweight, compact build encourages users to hand-wield the camera, and here as elsewhere the R5 Mark II's new innards yield performance gains. Coordinated control helps achieve the optimum hand-shake correction effects, benefiting handheld shooting in low-light conditions and reducing shake when recording videos. The five-axis in-body image stabiliser (IBIS) corrects up to 8.5 stops of unwanted camera shake in the center of the frame and 7.5 at the edges when used in conjunction with compatible. Additionally, Movie Digital IS uses the optical and sensor-shift stabilisation methods along with digital IS to help acquire steadier footage while moving. Body and Connectivity A 5.76m-dot, 0.76x-magnification OLED electronic viewfinder is featured for clear, high-resolution eye-level viewing at a 120 fps refresh rate with support for blackout-free viewing 3.2"" vari-angle LCD benefits working high, low, and front-facing angles and features a 4.15m-dot resolution with a touchscreen interface for vivid playback, live-view monitoring, and more Dual memory card slots are featured, a CFexpress Type B slot for raw video recording and fast continuous shooting and a UHS-II SD card for backups or less speed-critical shooting First EOS camera with Wi-Fi 6E/Wi-Fi 6 wireless support for even faster communication across wider frequency bands New, higher-capacity LP-E6P lithium-ion battery necessary for 8K video, top drive speeds, and other high-end capabilities; the camera will accept LP-E6N and LP-E6NH at limited capabilities and life durations Three optional battery grips are available, including two featuring a 2.5G BASE-T Ethernet interface and RJ-45 port for a fast and secure hardwired connection and one with a cooling fan for extended video runtimes Lightweight and compact with a dust- and moisture-sealed construction suitable for working in inclement conditions In The Box Canon EOS R5 Mark II Mirrorless Camera Camera Strap Canon R-F-5 Camera Cover Canon ER-SC3 Shoe Cover Canon LP-E6P Lithium-Ion Battery Canon LC-E6 Charger for LP-E6 and LP-EL Battery Packs Battery Pack Cover Canon IFC-100U Interface Cable (39.4"") Product code: 6536C021AA",https://cdn.shopify.com/s/files/1/0955/2409/4277/files/canon-eos-r5-ii-body-no-adapter--22602-p.jpg?v=1756284356,https://cdn.shopify.com/s/files/1/0955/2409/4277/files/canon-eos-r5-ii-body-no-adapter--22602-p.jpg?v=1756284356 | https://cdn.shopify.com/s/files/1/0955/2409/4277/files/canon-eos-r5-ii-body-no-adapter--_282_29-22602-p.jpg?v=1756284356 | https://cdn.shopify.com/s/files/1/0955/2409/4277/files/IMG_9975_1_d72b982f-732e-48b4-a135-070f7c1c80d9.jpg?v=1778768124 | https://cdn.shopify.com/s/files/1/0955/2409/4277/files/IMG_9979_1.jpg?v=1778768129 | https://cdn.shopify.com/s/files/1/0955/2409/4277/files/IMG_9981_1_39fc7247-a477-493b-b7f2-28ac4ac5fc57.jpg?v=1778768119 | https://cdn.shopify.com/s/files/1/0955/2409/4277/files/IMG_9982_1_14a6ad02-2c89-42e3-a431-2d65849caed5.jpg?v=1778768119 | https://cdn.shopify.com/s/files/1/0955/2409/4277/files/IMG_9984_1.jpg?v=1778768124 | https://cdn.shopify.com/s/files/1/0955/2409/4277/files/IMG_9986_1_4d6379bf-491b-47c1-828f-af756ed692d1.jpg?v=1778768121 | https://cdn.shopify.com/s/files/1/0955/2409/4277/files/IMG_9991_1_1a2988bb-8ecd-4a2a-865f-87050096234f.jpg?v=1778768125,2026-05-13T15:04:02+01:00
HDEW Cameras,https://hdewcameras.co.uk,15873320485189,https://hdewcameras.co.uk/products/canon-el-5-speedlite-open-box,Canon EL-5 Speedlite (Open Box),,26232-00253-00_OB,Camera Flash,"canon, flashguns, open-box-models, photo-video-accessories",CANON,279.00,,Unknown,,"1 OPEN BOX UNIT - EXCELLENT CONDITION ORIGINAL BOX AND ACCESSORIES - SOME INNER PACKAGING MISSING SLIGHT MARKS ON THE BODY Key Features 2.4 GHz Wireless Radio Transmission Guide Number: 197' at ISO 100 and 200mm Runs on LP-EL Lithium-Ion Battery Modeling Lamp; Multi-Function Shoe Zoom Range: 24-200mm (14mm with Panel) Recycle Time: 0.1-1.2 Seconds Extended Control from 1/1 to 1/1024 Joystick, Dial, and High-Definition LCD Remote Control with Camera Connect App Dust and Moisture-Resistant Construction Powerful and packed with modern features, the Canon Speedlite EL-5 is tuned for advanced photographers. This model pulls some of the best features such as a rechargeable Li-ion battery pack and modelling lamp from the flagship and brings them into a smaller, more accessible package. Pure Power Realize high-powered flash with speed and long shooting times with a combination of features of the EL-5. Maximum guide number of 197' at ISO 100 and 200mm (76Ws) Runs on rechargeable LP-EL Li-ion battery pack, with required battery charger available separately Up to 350 full-power flashes on a single charge Able to continuously trigger up to 95 flashes in a row Manual power from 1/1 to 1/1024 Advanced Control Advanced users can make the most of the EL-5 thanks to a revised control scheme and even more built-in wireless options. 2.4GHZ wireless radio transmission as sender or receiver for wireless triggering and control of up to 15 flash units from up to 98' away Multi-function shoe enables direct control of settings from compatible cameras Control settings with your smartphone using the Canon Camera Connect app Compatibility The Speedlite EL-5 features the Multi-Function Shoe and requires a compatible camera. This includes: EOS R6 Mark II EOS R7 EOS R10 EOS R3",https://cdn.shopify.com/s/files/1/0955/2409/4277/files/canon-el-5-speedlite-18886-p_ac5fdfd6-47ee-42a4-817a-5a65c3deae5a.jpg?v=1778677294,https://cdn.shopify.com/s/files/1/0955/2409/4277/files/canon-el-5-speedlite-18886-p_ac5fdfd6-47ee-42a4-817a-5a65c3deae5a.jpg?v=1778677294 | https://cdn.shopify.com/s/files/1/0955/2409/4277/files/IMG_9992_1_db1ce402-1ab0-421c-b90f-7fa6ac45aea0.jpg?v=1778768306 | https://cdn.shopify.com/s/files/1/0955/2409/4277/files/IMG_9995_1_b7478a7f-2f94-41cf-be37-241dce8cbb7e.jpg?v=1778768306 | https://cdn.shopify.com/s/files/1/0955/2409/4277/files/IMG_9997_1_00fd16ab-f84e-4c74-8cc5-2313981fef40.jpg?v=1778768305 | https://cdn.shopify.com/s/files/1/0955/2409/4277/files/IMG_9998_1.jpg?v=1778768303 | https://cdn.shopify.com/s/files/1/0955/2409/4277/files/IMG_9999_1.jpg?v=1778768303 | https://cdn.shopify.com/s/files/1/0955/2409/4277/files/IMG_0005_1.jpg?v=1778768301 | https://cdn.shopify.com/s/files/1/0955/2409/4277/files/IMG_0004_1.jpg?v=1778768308,2026-05-13T14:14:54+01:00
HDEW Cameras,https://hdewcameras.co.uk,15873029472581,https://hdewcameras.co.uk/products/canon-rf-70-200mm-f2-8l-is-usm-z-black-open-box,Canon RF 70-200mm F2.8L IS USM Z (Black) - Open Box,,08230-00243-00_OBOX,Camera Lenses,"lenses, open-box-models, rf-lenses, telephoto-lens",CANON,2199.00,,Unknown,,"1 OPEN BOX UNIT - EXCELLENT CONDITION ORIGINAL BOX AND ACCESSORIES - BOX HAS DAMAGE ON THE OUTSIDE LENS HAS SLIGHT MARKS ON THE LENS CAP (SEE PICTURES) UNWANTED RETURN Hybrid Workhorse Telephoto Zoom Redesigned for professionals who require quality and consistency in both photo and video applications, the Canon RF 70-200mm f/2.8 L IS USM Z Lens is an internally focusing, internally zooming telephoto workhorse that harnesses the power of the brand's latest mirror less cameras. Its hybridised construction is optimised to produce professional results whether hand-wielded on the sideline or balanced atop a gimbal. Construction and Optical Design The lens's internally focusing, internally zooming construction optimises it for video shooters who intend to mount it on a gimbal. Two floating focus Nano USM motors drive the Dual Pixel CMOS auto focus and can operate independently of one another, resulting in fast and quiet auto focus that also benefits video. The construction also suppresses focus breathing, maintaining the integrity of the image as you move through the zoom range, and a manual, lockable iris ring ensures the integrity of the exposure as you shoot. Optically, the lens has 18 elements in 15 groups, incorporating two super ultra low dispersion elements, another ultra low dispersion element to minimise chromatic aberrations, and three additional aspherical lenses to ensure the highest edge-to-edge image quality. Canon's own Air Sphere and Super Spectra Coatings are applied to the front element to reduce ghosting and flare, while a fluorine coating repels oil and water to protect the lens. Additional Benefits: 26.8"" minimum focus distance with 0.3x maximum magnification Two programmable lens function buttons and customisable control ring Durable, L-series level weather-resistant construction Compatible with Canon's optional PZ-E2 or PZ-E2B power zoom adaptor and optional RF 1.4x or RF 2x extender Included in the package: Canon RF 70-200mm f/2.8 L IS USM Z Lens (Black, Canon RF) Canon ET-88B Lens Hood Canon E-82 II Lens Cap Canon LZ1328 Lens Case Canon Lens Dust Cap RF",https://cdn.shopify.com/s/files/1/0955/2409/4277/files/canon-rf-70-200mm-f2.8l-is-usm-z-black--25104-p.jpg?v=1756284096,https://cdn.shopify.com/s/files/1/0955/2409/4277/files/canon-rf-70-200mm-f2.8l-is-usm-z-black--25104-p.jpg?v=1756284096 | https://cdn.shopify.com/s/files/1/0955/2409/4277/files/IMG_9935_1_ecd94685-8167-4c08-8a09-53598002f046.jpg?v=1778669507 | https://cdn.shopify.com/s/files/1/0955/2409/4277/files/IMG_9936_1.jpg?v=1778669507 | https://cdn.shopify.com/s/files/1/0955/2409/4277/files/IMG_9941_1.jpg?v=1778669504 | https://cdn.shopify.com/s/files/1/0955/2409/4277/files/IMG_9942_1_2ac1b186-92a7-4c98-8fe5-901d89cf676b.jpg?v=1778669505 | https://cdn.shopify.com/s/files/1/0955/2409/4277/files/IMG_9943_1_35227517-a3de-48c5-a9f8-42ec91d30337.jpg?v=1778669504 | https://cdn.shopify.com/s/files/1/0955/2409/4277/files/IMG_9938_1_04dfcfa9-8854-43f2-b2a3-1e4b1ce3eef1.jpg?v=1778669509 | https://cdn.shopify.com/s/files/1/0955/2409/4277/files/IMG_9949_1.jpg?v=1778669507 | https://cdn.shopify.com/s/files/1/0955/2409/4277/files/IMG_9952_1_a40c724c-61b2-4df7-8b9f-9917c214f904.jpg?v=1778669595,2026-05-13T11:55:44+01:00
HDEW Cameras,https://hdewcameras.co.uk,15873017282885,https://hdewcameras.co.uk/products/tomtom-go-classic-6-2nd-gen-open-box,"TomTom Go Classic 6"" 2nd Gen (Open Box)",,121237_OBOX,GPS,"GPS Navigation, navigation, open-box-models, portable-devices, tomtom",TomTom,119.00,,Unknown,,"1 OPEN BOX UNIT - AS NEW CONDITION ORIGINAL BOX AND ACCESSORIES UNWANTED RETURN Key Features: Large 6 (15 cm) capacitive touchscreen display High resolution: 1280 x 720 pixels Internal memory: 32 GB Integrated maps of Europe Updates via integrated Wi-Fi (without computer) TomTom Traffic subscription (via smartphone) Functions: Dynamic lane assistant, visual cues, speed limits, route overview Connectivity: Wi-Fi, Bluetooth Lithium-ion battery with approx. 1 hour operating time Integrated and reversible cradle, USB-C connection Car charger with USB-C cable included",https://cdn.shopify.com/s/files/1/0955/2409/4277/files/tomtom-go-classic-6-2nd-gen-25978-p.jpg?v=1756969270,https://cdn.shopify.com/s/files/1/0955/2409/4277/files/tomtom-go-classic-6-2nd-gen-25978-p.jpg?v=1756969270 | https://cdn.shopify.com/s/files/1/0955/2409/4277/files/IMG_9914_1.jpg?v=1778666990 | https://cdn.shopify.com/s/files/1/0955/2409/4277/files/IMG_9915_1_c5ea769c-1af2-4e82-8de5-053ecc58456e.jpg?v=1778666990 | https://cdn.shopify.com/s/files/1/0955/2409/4277/files/IMG_9917_1_6bf34ae6-cdc7-469f-b646-b10643f908e5.jpg?v=1778666989 | https://cdn.shopify.com/s/files/1/0955/2409/4277/files/IMG_9918_1_4b04959c-67e6-4143-aa47-009e21f8eb01.jpg?v=1778666988 | https://cdn.shopify.com/s/files/1/0955/2409/4277/files/IMG_9919_1_42d30050-70cc-4372-824f-59c352cdd549.jpg?v=1778666992 | https://cdn.shopify.com/s/files/1/0955/2409/4277/files/IMG_9920_1.jpg?v=1778666984 | https://cdn.shopify.com/s/files/1/0955/2409/4277/files/IMG_9922_1_372ddf0a-a443-457f-a959-f2e122b1e6f0.jpg?v=1778666990,2026-05-13T11:08:00+01:00
HDEW Cameras,https://hdewcameras.co.uk,15129609470277,https://hdewcameras.co.uk/products/western-digital-wd-my-book-12tb-usb-3-0,Western Digital WD My Book 12TB USB 3.0,,529419,Hard Drive,"computing, storage, western-digital",Western Digital,309.00,,Unknown,,"With the My Book 12TB USB 3.0 from WD it is easy to back up important files and create system backups using the included WD Backup software for Windows or Time Machine for Mac. In addition to simplifying the backup process for both Windows and Mac computers, this hard drive features 256-bit AES hardware encryption to ensure stored files remain secure. The My Book Desktop drive features a micro-USB 3.2 Gen 1 port for fast data transfers and comes exFAT formatted for Windows 10 or later and macOS 11 or later, making it easy to get up and running in no time. Note: Compatibility may vary depending on user's hardware configuration and operating system. Reformatting is required for use with Apple Time Machine. Ample Capacity Unlock the potential of up to 12TB storage and effortlessly free up valuable space on your devices with ease. Archive your collections of photos, videos, music, and vital and historical documents securely in one reliable space. Versatile and Easy-to-Use Seamless compatibility with both Mac and Windows computers from the moment you unbox it. Begin transferring files, safeguarding your precious memories, and initiating backups without delay. Archiving That's Simple - Protect Against Ransomware Scheduling backups of your precious files made easier with the included Acronis True Image for Western Digital software. Also fortify your important applications and help protect your entire computer system against data loss caused by ransomware attacks. Help Safeguard What Matters Most Keep your files private and safe at home or business. Use the included software to add an extra layer of security with password protection and built-in 256-bit AES encryption.",https://cdn.shopify.com/s/files/1/0955/2409/4277/files/western-digital-wd-my-book-12tb-usb-3.0-1-17826-p.jpg?v=1756969387,https://cdn.shopify.com/s/files/1/0955/2409/4277/files/western-digital-wd-my-book-12tb-usb-3.0-1-17826-p.jpg?v=1756969387 | https://cdn.shopify.com/s/files/1/0955/2409/4277/files/default_-_2026-03-04T143216.978.jpg?v=1772634932 | https://cdn.shopify.com/s/files/1/0955/2409/4277/files/1478601959_IMG_704129.jpg?v=1772634932 | https://cdn.shopify.com/s/files/1/0955/2409/4277/files/1478601959_IMG_704128.jpg?v=1772634932,2026-05-12T13:45:29+01:00
HDEW Cameras,https://hdewcameras.co.uk,15624973713733,https://hdewcameras.co.uk/products/western-digital-wd-elements-portable-usb-3-0-4tb,Western Digital WD Elements Portable USB 3.0 4TB,,399702,Hard Drive,"memory-storage, portable-devices",Western Digital,125.00,,Unknown,,"Discover the reliability and expansive storage capacity of WD Elements portable hard drives. Experience fast data transfers and seamless connectivity with USB 3.2 Gen 1/USB 3.0 devices, enabling you to effortlessly backup your photos, videos, and other files wherever you go. This plug-and-play hard drive lets you expand your capacity in seconds, so you can keep your important files without any stress or complications. Discover expansive storage, offering ample room for your cherished photos, memorable videos, and essential documents on-the-go. Memory capacity: 4 TB USB 3.0 interface Power supply via USB Plug and play connection",https://cdn.shopify.com/s/files/1/0955/2409/4277/files/Western_Digital_Elements_Portable_HDEW1.jpg?v=1768189532,https://cdn.shopify.com/s/files/1/0955/2409/4277/files/Western_Digital_Elements_Portable_HDEW1.jpg?v=1768189532 | https://cdn.shopify.com/s/files/1/0955/2409/4277/files/Western_Digital_Elements_Portable_HDEW2.jpg?v=1768189531,2026-05-12T13:40:32+01:00
HDEW Cameras,https://hdewcameras.co.uk,15624972599621,https://hdewcameras.co.uk/products/western-digital-wd-elements-portable-usb-3-0-2tb,Western Digital WD Elements Portable USB 3.0 2TB,,311019,Hard Drive,"memory-storage, portable-devices",Western Digital,99.00,,Unknown,,"Discover the reliability and expansive storage capacity of WD Elements portable hard drives. Experience fast data transfers and seamless connectivity with USB 3.2 Gen 1/USB 3.0 devices, enabling you to effortlessly backup your photos, videos, and other files wherever you go. This plug-and-play hard drive lets you expand your capacity in seconds, so you can keep your important files without any stress or complications. Discover expansive storage, offering ample room for your cherished photos, memorable videos, and essential documents on-the-go. Memory capacity: 2 TB USB 3.0 interface Power supply via USB Plug and play connection",https://cdn.shopify.com/s/files/1/0955/2409/4277/files/Western_Digital_Elements_Portable_HDEW1.jpg?v=1768189532,https://cdn.shopify.com/s/files/1/0955/2409/4277/files/Western_Digital_Elements_Portable_HDEW1.jpg?v=1768189532 | https://cdn.shopify.com/s/files/1/0955/2409/4277/files/Western_Digital_Elements_Portable_HDEW2.jpg?v=1768189531,2026-05-12T13:39:14+01:00
HDEW Cameras,https://hdewcameras.co.uk,15348160201029,https://hdewcameras.co.uk/products/sandisk-extreme-portable-500gb-ssd-1050mb-s,SanDisk Extreme Portable 500GB SSD 1050MB/s,,722178,Hard Drive,"computing, memory-storage, sandisk, storage",Sandisk,149.00,,Unknown,,"Take your data with you using the 500GB Extreme Portable SSD from SanDisk . Designed for performance under adverse conditions, this durable black colored 500GB SSD features read and write speeds up to 1050 and 1000 MB/s, respectively. Bus powered, the SanDisk Extreme Portable SSD utilizes a USB-C connection. A USB-C to USB-C cable is included, along with a USB-C to USB-A adapter. Tough Enough to Take with You The SanDisk Extreme Portable SSD is tough enough to take with you into the field and ensures your data is ready when you need it, thanks to these durable and secure features: IP65 dust and water resistance ensures physical safety of your data Up to 9.8' of drop protection 256-bit AES hardware encryption ensures your privacy It Goes Where You Go Use the handy carabiner loop to attach the drive to your belt loop or backpack for extra security when you're out in the world. Travel worry free thanks to a durable silicon shell that offers a premium feel and added protection to the drive's exterior, making this drive ideal for any creative professionals such as photographers or videographers working on projects while out in the field. Compatibility This SSD works with iPhone 15/15 Pro via the Apple Files app and supports direct HD video capture on iPhone 15 Pro, but does not support ProRes video.",https://cdn.shopify.com/s/files/1/0955/2409/4277/files/1675347354_IMG_1437318.jpg?v=1759937552,https://cdn.shopify.com/s/files/1/0955/2409/4277/files/1675347354_IMG_1437318.jpg?v=1759937552 | https://cdn.shopify.com/s/files/1/0955/2409/4277/files/1603897533_1595430.jpg?v=1759937552 | https://cdn.shopify.com/s/files/1/0955/2409/4277/files/1675347354_IMG_1437319.jpg?v=1759937553 | https://cdn.shopify.com/s/files/1/0955/2409/4277/files/1675347354_IMG_1437320.jpg?v=1759937553 | https://cdn.shopify.com/s/files/1/0955/2409/4277/files/1675347354_IMG_1437322.jpg?v=1759937553 | https://cdn.shopify.com/s/files/1/0955/2409/4277/files/1698063617_IMG_2104029.jpg?v=1759937553,2026-05-12T13:14:33+01:00
HDEW Cameras,https://hdewcameras.co.uk,15129581486405,https://hdewcameras.co.uk/products/sandisk-64gb-extreme-pro-200mb-s-sdxc-uhs-i,SanDisk Extreme Pro SDXC 64GB UHS-I C10 U3 V30,,732762,Memory Card,"memory-storage, photo-video-accessories, sandisk, sd-sdhc",Sandisk,30.00,,Unknown,,"Transfer Speeds up to 200 MB/s Once the shots are taken, your work is only half done. Accelerating your workflow means you can carve out more time to take your creativity to the next level. Record 4K UHD Video Sometimes speed is what you need. The SanDisk Extreme PRO UHS-I SDXC card delivers the performance to capture uninterrupted 4K UHD video. Sequential Burst Mode Shots Rated UHS Speed Class 3 (U3) and Video Speed Class 30 (V30), the SanDisk Extreme PRO UHS-I SDXC card lets you capture sequential burst mode shots. Durability You Can Count On Built for and tested in harsh conditions, the SanDisk Extreme PRO UHS-I SDXC card is shockproof, X-ray proof, and waterproof, while also being able to withstand temperatures from -13 to 185°F.",https://cdn.shopify.com/s/files/1/0955/2409/4277/files/sandisk-64gb-extreme-pro-200mb-s-sdxc-uhs-i-2169-p.jpg?v=1756285061,https://cdn.shopify.com/s/files/1/0955/2409/4277/files/sandisk-64gb-extreme-pro-200mb-s-sdxc-uhs-i-2169-p.jpg?v=1756285061,2026-05-12T12:21:25+01:00
HDEW Cameras,https://hdewcameras.co.uk,15129579618629,https://hdewcameras.co.uk/products/sandisk-32gb-extreme-pro-95mb-s-sd,SanDisk Extreme Pro SDHC 32GB UHS-I C10 U3 V30,,732755,Memory Card,"memory-storage, photo-video-accessories, sandisk, sd-sdhc",Sandisk,25.00,,Unknown,,"For faster speed (up to 95 MB/s), shoot with the SanDisk Extreme® Pro SDHCUHS-I memory card. Compromise nothing with SanDisk Extreme Pro SDHC. Experience RAW + JPEG continuous burst mode shooting and capture fast-action Full HD video like never before. When every shot counts, choose SanDisk Extreme Pro SDHC UHS-I memory card for your DSLR or HD camcorder. Storage: 32 GB Read Speed: up to 95 MB/s Write Speed: up to 90 MB/ s Video Speed: C10, U3 Form Factor: SDHC",https://cdn.shopify.com/s/files/1/0955/2409/4277/files/sandisk-32gb-extreme-pro-95mb-s-sd-_282_29-1312-p.jpg?v=1756285077,https://cdn.shopify.com/s/files/1/0955/2409/4277/files/sandisk-32gb-extreme-pro-95mb-s-sd-_282_29-1312-p.jpg?v=1756285077 | https://cdn.shopify.com/s/files/1/0955/2409/4277/files/default_9_d9ec9f70-dc6b-45d7-b752-a63d1e35b0dc.jpg?v=1774614019,2026-05-12T12:19:46+01:00
HDEW Cameras,https://hdewcameras.co.uk,15551837471045,https://hdewcameras.co.uk/products/sandisk-microsdxc-2tb-extreme-pro-a2-c10-v30-uhs-i-u3,SanDisk microSDXC 2TB Extreme Pro A2 C10 V30 UHS-I U3,,126123,Memory Card,"memory-storage, sandisk",Sandisk,389.00,,Unknown,,"High-performance microSDXC memory card with fast transfer speeds - ideal for shooting 4K UHD or Full HD videos and high-resolution photos. Designed for use even in harsh conditions. The memory card is temperature resistant, waterproof, shockproof and X-ray proof. Features: Capacity: 2 TB Sequential read speed: up to 200 MB/second Sequential write speed: up to 150 MB/second Compatible with SDXC and SDXC UHS-I enabled host devices Dimensions (W x H x D): 14.99 x 10.92 x 1.02 mm Incl. SD adapter",https://cdn.shopify.com/s/files/1/0955/2409/4277/files/default-2025-11-28T130324.008.jpg?v=1764335048,https://cdn.shopify.com/s/files/1/0955/2409/4277/files/default-2025-11-28T130324.008.jpg?v=1764335048 | https://cdn.shopify.com/s/files/1/0955/2409/4277/files/Screenshot2025-11-28130317.png?v=1764335048 | https://cdn.shopify.com/s/files/1/0955/2409/4277/files/Screenshot2025-11-28130350.png?v=1764335048,2026-05-12T09:08:04+01:00
HDEW Cameras,https://hdewcameras.co.uk,15868981739845,https://hdewcameras.co.uk/products/apple-watch-se3-gps-cellular-starlight-case-sport-band-s-m-40mm,Apple Watch SE3 GPS & Cellular Starlight Case & Sport Band (S/M) 40mm,,51350-00464-00,Apple Watch,"apple-watch, Gift Idea, Smart Watch",APPLE,249.00,289.00,Unknown,,"Get meaningful insights about your health just by wearing your Apple Watch SE 3. A new wrist temperature sensor enables deeper insights in the Vitals app and retrospective ovulation estimates in the Cycle Tracking app. You'll also receive a daily sleep score and possible sleep apnoea notifications. It's never been easier to live in the know. Track your daily health status in the Vitals app. Quickly see your overnight health data on your wrist - including heart rate, respiratory rate, wrist temperature and sleep duration - and get notified if your metrics are ever outside your typical range. Get retrospective ovulation estimates. SE3 has advanced sensors that can track your wrist temperature while you sleep. The Cycle Tracking app uses this data to provide a retrospective estimate of when you likely ovulated, which can be helpful for family planning. Know your sleep score. Sleep quality is influenced by factors such as sleep duration, bedtime consistency, how often you wake up and time spent in each sleep stage. Sleep score analyses these factors every night and provides a classification and a score. You'll see how the score is calculated, so you can understand the quality of your sleep and learn how to make it more restorative. Make every move count. From running to riding your bike, tennis to tai chi, Apple Watch SE 3 gives you a healthy number of ways to track your workouts. With real-time metrics and new personalised fitness encouragement, it will motivate you to hit your goals like never before. Close your Activity rings. Track your daily Move, Exercise and Stand goals with Activity rings. Earn awards and share progress with your community for some friendly competition. And pause or adjust your Activity rings at any time in the Activity app. A more powerful Workout app. An improved layout provides four new corner buttons, making it even quicker to access your go-to features such as media, Workout Views, and experiences like Pacer or Custom Workouts. Hit the ground running. Apple Watch SE 3 is your perfect running partner. Using built-in GPS and advanced sensors, it can help you track your distance, pace and heart rate - and it provides all the metrics you could want so you can keep your fitness goals on track. Meet your new Workout Buddy. With Apple Intelligence from your nearby iPhone, Workout Buddy delivers personalised audible motivation based on your workout data and fitness history - so every pep talk feels truly personal. As always, your data stays private. Move it. Groove it. Feel the burn with just the right beats. Let Apple Music pick the perfect playlist based on your workout and music preferences - or choose a playlist or podcast on your own. So much to love | A wristful of wonderful. The S10 chip - the same epic chip that runs Apple Watch Series 11 and Ultra 3 - comes to SE 3, giving you all-new superpowers. Now the Always-On display shows the information you want at a glance, without raising your wrist. And intuitive gestures, like double tap and wrist flick, make your watch even easier to control with just one hand when you're holding a coffee or carrying the shopping. Just ask Siri. Now your favourite - and most private - digital assistant lives on your device and can handle helpful tasks without Wi-Fi or mobile network connection. Get to it with gestures. Wrist flick lets you perform an action, like dismissing a notification, just by quickly turning your wrist over and back. And with double tap, you can answer a call, respond to a message, scroll through your Smart Stack and more. Abracadabra.",https://cdn.shopify.com/s/files/1/0955/2409/4277/files/Apple_Watch_SE3_40mm_Starlight_HDEW1.jpg?v=1762222479,https://cdn.shopify.com/s/files/1/0955/2409/4277/files/Apple_Watch_SE3_40mm_Starlight_HDEW1.jpg?v=1762222479 | https://cdn.shopify.com/s/files/1/0955/2409/4277/files/Apple_Watch_SE3_40mm_Starlight_HDEW2.jpg?v=1762222479 | https://cdn.shopify.com/s/files/1/0955/2409/4277/files/Apple-WatchSE3_Starlight_HDEW3.jpg?v=1765497913 | https://cdn.shopify.com/s/files/1/0955/2409/4277/files/Apple-WatchSE3_Starlight_HDEW4.jpg?v=1765497913 | https://cdn.shopify.com/s/files/1/0955/2409/4277/files/Apple-WatchSE3_Starlight_HDEW5.jpg?v=1765497913 | https://cdn.shopify.com/s/files/1/0955/2409/4277/files/Apple-WatchSE3_Starlight_HDEW6.jpg?v=1765497913,2026-05-12T04:57:19+01:00
HDEW Cameras,https://hdewcameras.co.uk,15868972138821,https://hdewcameras.co.uk/products/apple-watch-se3-gps-cellular-midnight-case-sport-band-s-m-40mm,Apple Watch SE3 GPS & Cellular Midnight Case & Sport Band (S/M) 40mm,,51350-00463-00,Apple Watch,"apple-watch, Smart Watch, sport-fitness, sports, sports-outdoor",APPLE,249.00,289.00,Unknown,,"Get meaningful insights about your health just by wearing your Apple Watch SE 3. A new wrist temperature sensor enables deeper insights in the Vitals app and retrospective ovulation estimates in the Cycle Tracking app. You'll also receive a daily sleep score and possible sleep apnoea notifications. It's never been easier to live in the know. Track your daily health status in the Vitals app. Quickly see your overnight health data on your wrist - including heart rate, respiratory rate, wrist temperature and sleep duration - and get notified if your metrics are ever outside your typical range. Get retrospective ovulation estimates. SE3 has advanced sensors that can track your wrist temperature while you sleep. The Cycle Tracking app uses this data to provide a retrospective estimate of when you likely ovulated, which can be helpful for family planning. Know your sleep score. Sleep quality is influenced by factors such as sleep duration, bedtime consistency, how often you wake up and time spent in each sleep stage. Sleep score analyses these factors every night and provides a classification and a score. You'll see how the score is calculated, so you can understand the quality of your sleep and learn how to make it more restorative. Make every move count. From running to riding your bike, tennis to tai chi, Apple Watch SE 3 gives you a healthy number of ways to track your workouts. With real-time metrics and new personalised fitness encouragement, it will motivate you to hit your goals like never before. Close your Activity rings. Track your daily Move, Exercise and Stand goals with Activity rings. Earn awards and share progress with your community for some friendly competition. And pause or adjust your Activity rings at any time in the Activity app. A more powerful Workout app. An improved layout provides four new corner buttons, making it even quicker to access your go-to features such as media, Workout Views, and experiences like Pacer or Custom Workouts. Hit the ground running. Apple Watch SE 3 is your perfect running partner. Using built-in GPS and advanced sensors, it can help you track your distance, pace and heart rate - and it provides all the metrics you could want so you can keep your fitness goals on track. Meet your new Workout Buddy. With Apple Intelligence from your nearby iPhone, Workout Buddy delivers personalised audible motivation based on your workout data and fitness history - so every pep talk feels truly personal. As always, your data stays private. Move it. Groove it. Feel the burn with just the right beats. Let Apple Music pick the perfect playlist based on your workout and music preferences - or choose a playlist or podcast on your own. So much to love | A wristful of wonderful. The S10 chip - the same epic chip that runs Apple Watch Series 11 and Ultra 3 - comes to SE 3, giving you all-new superpowers. Now the Always-On display shows the information you want at a glance, without raising your wrist. And intuitive gestures, like double tap and wrist flick, make your watch even easier to control with just one hand when you're holding a coffee or carrying the shopping. Just ask Siri. Now your favourite - and most private - digital assistant lives on your device and can handle helpful tasks without Wi-Fi or mobile network connection. Get to it with gestures. Wrist flick lets you perform an action, like dismissing a notification, just by quickly turning your wrist over and back. And with double tap, you can answer a call, respond to a message, scroll through your Smart Stack and more. Abracadabra.",https://cdn.shopify.com/s/files/1/0955/2409/4277/files/Apple_Watch_SE3_40mm_Midnight_HDEW2_a1ec9d58-813e-4a59-bc2c-dda4a9a70ee4.jpg?v=1762220185,https://cdn.shopify.com/s/files/1/0955/2409/4277/files/Apple_Watch_SE3_40mm_Midnight_HDEW2_a1ec9d58-813e-4a59-bc2c-dda4a9a70ee4.jpg?v=1762220185 | https://cdn.shopify.com/s/files/1/0955/2409/4277/files/Apple_Watch_SE3_40mm_Midnight_HDEW2.jpg?v=1762220063 | https://cdn.shopify.com/s/files/1/0955/2409/4277/files/Apple_Watch_SE3_General_HDEW1.jpg?v=1778557582 | https://cdn.shopify.com/s/files/1/0955/2409/4277/files/Apple_Watch_SE3_General_HDEW2.jpg?v=1778557582 | https://cdn.shopify.com/s/files/1/0955/2409/4277/files/Apple_Watch_SE3_General_HDEW3.jpg?v=1778557582,2026-05-12T04:51:26+01:00
HDEW Cameras,https://hdewcameras.co.uk,15868896411973,https://hdewcameras.co.uk/products/apple-airpods-max-2-purple,Apple AirPods Max 2 Purple,,52352-00143-00,Headphones,"apple, apple-airpods, Gift Idea",Apple,489.00,499.00,Unknown,,"AirPods Max 2. With up to 1.5x more Active Noise Cancellation than the previous generation and improved high-fidelity audio — it’s the ultimate over-ear listening experience. ULTIMATE OVER-EAR LISTENING EXPERIENCE — Powered by the H2 chip, AirPods Max 2 delivers improved high-fidelity audio with deep bass, expansive mids and crisp highs for an unparalleled listening experience. TUNE OUT THE NOISE — Up to 1.5x more Active Noise Cancellation than the previous generation, fully immersing you in every sound. HEAR THE WORLD AROUND YOU — Adaptive Audio automatically adjusts noise cancellation levels to suit your environment. Conversation Awareness lowers the volume of what’s playing to make it easy to talk to those around you. And Transparency lets outside sounds in so you can interact with your surroundings. PERSONALISED SPATIAL AUDIO — With sound tuned to your unique ear shape and dynamic head tracking, AirPods Max 2 delivers an immersive listening experience that surrounds you with cinema-like sound. COMMUNICATE ACROSS LANGUAGES — Simply press and hold the listening mode button to activate Live Translation powered by Apple Intelligence, which automatically translates the language someone is speaking into your preferred language. ACOUSTIC-FIRST DESIGN — Designed with a breathable knit-mesh canopy, memory foam and custom-designed textile ear cushions, and telescoping arms for an exceptional over-ear fit. Available in five vibrant colours. LOSSLESS AUDIO WITH USB-C — Experience every detail of the original recording when connecting AirPods Max 2 to your device via USB-C. And you can charge your AirPods Max 2 with the same cable you use to charge your other Apple devices. ALL-DAY BATTERY LIFE — Up to 20 hours of listening or movie watching on a single charge with Active Noise Cancellation and Spatial Audio enabled.",https://cdn.shopify.com/s/files/1/0955/2409/4277/files/apple-airpods-max-purple-2024-23868-1-p.jpg?v=1756968405,https://cdn.shopify.com/s/files/1/0955/2409/4277/files/apple-airpods-max-purple-2024-23868-1-p.jpg?v=1756968405 | https://cdn.shopify.com/s/files/1/0955/2409/4277/files/1725971584_IMG_2332957.jpg?v=1758795554 | https://cdn.shopify.com/s/files/1/0955/2409/4277/files/1725971584_IMG_2332958.jpg?v=1758795554 | https://cdn.shopify.com/s/files/1/0955/2409/4277/files/1725971584_IMG_2332963.jpg?v=1758795833 | https://cdn.shopify.com/s/files/1/0955/2409/4277/files/Airpods_Max2_Gen-HDEW1_655f4c03-79c1-4fc3-819e-c725f362f99b.jpg?v=1777341307 | https://cdn.shopify.com/s/files/1/0955/2409/4277/files/Airpods_Max2_Gen-HDEW3_4fa07963-0af4-4f35-9b48-c8faf8ef31c2.jpg?v=1777341307,2026-05-12T04:17:27+01:00
HDEW Cameras,https://hdewcameras.co.uk,15868747972933,https://hdewcameras.co.uk/products/apple-ipad-air-m4-11-wifi-512gb-blue-2,Apple iPad Air (M4) 11 Wifi 512GB Blue,,27351-01444-00,iPad,"apple, Apple iPad Air M4, apple-ipads",Apple,829.00,899.00,Unknown,,"The 11-inch iPad Air. Built for Apple Intelligence.¹ iPad Air, now supercharged by the Apple M4 chip. Powerfully capable and affordable. It features a stunning Liquid Retina display, a 12MP Centre Stage front camera for great video calls, iPadOS, and blazing-fast Wi-Fi 7.² It works with Apple Pencil Pro, Magic Keyboard for iPad Air and more, so you can multitask, study, work, play and create with ease. WHY IPAD AIR — iPad Air with the Apple M4 chip packs even more performance into a beautiful design, and it comes in two portable sizes. It features Apple Intelligence¹ along with a stunning Liquid Retina display, Touch ID, advanced cameras and Wi-Fi 7.² PERFORMANCE AND STORAGE — The M4 chip delivers advanced graphics and incredible performance for smooth multitasking and complex AI tasks. And with all-day battery life, you can keep working and playing wherever you go.³ Choose up to 1TB of storage for apps, music, movies and more.⁴ IPADOS + APPS — Run apps and get more done with the game-changing capabilities and intuitive design of iPadOS. The flexible windowing system lets you control, organise and manage your workflows like never before. APPLE INTELLIGENCE — Apple Intelligence is the personal intelligence system that helps you create, communicate and get things done effortlessly with groundbreaking privacy protections at every step.¹ 11-INCH LIQUID RETINA DISPLAY — The gorgeous Liquid Retina display features advanced technologies like P3 wide colour, True Tone and ultra-low reflectivity, which make everything look stunning.⁵ CONNECTIVITY — Wi‑Fi 7 with Apple N1² enables fast wireless connections for transfers of photos, documents and large video files. APPLE PENCIL AND MAGIC KEYBOARD FOR IPAD AIR — Apple Pencil Pro and Apple Pencil (USB-C) enable intuitive and precise control for drawing, note-taking and creativity. Magic Keyboard provides an amazing typing experience and a trackpad with haptic feedback. ADVANCED CAMERAS — iPad Air features a 12MP Centre Stage front camera that’s perfect for video calls and selfies, and a 12MP Wide back camera for document scanning and capturing photos and 4K videos. UNLOCK AND PAY WITH TOUCH ID — Touch ID lets you use your fingerprint to unlock your iPad Air, sign in to apps and make payments securely with Apple Pay. Apple Pencil Pro | Engineered for limitless creativity. Apple Pencil sets the standard for how drawing, painting, handwriting, and note-taking should feel - intuitive, precise, and magical. All with pixel-perfect precision, low latency, tilt sensitivity, and support for palm rejection. And Apple Pencil Pro adds even more capabilities to bring your ideas to life like never before. ¹Apple Intelligence is available in beta. Some features may not be available in all regions or languages. ²Wi‑Fi 7 available in countries and regions where supported. ³Battery life varies by use and configuration. ⁴Available space is less and varies due to many factors. Storage capacity subject to change based on software version, settings and iPad model. 1GB = 1 billion bytes; 1TB = 1 trillion bytes. Actual formatted capacity less. ⁵The display has rounded corners. When measured diagonally as a rectangle, the 11-inch iPad Air is 10.86 inches. Actual viewable area is less.",https://cdn.shopify.com/s/files/1/0955/2409/4277/files/Apple_iPad-Air_M4_Blue-HDEW1.jpg?v=1773202803,https://cdn.shopify.com/s/files/1/0955/2409/4277/files/Apple_iPad-Air_M4_Blue-HDEW1.jpg?v=1773202803 | https://cdn.shopify.com/s/files/1/0955/2409/4277/files/Apple_iPad-Air_M4_Blue-HDEW2.jpg?v=1773202803 | https://cdn.shopify.com/s/files/1/0955/2409/4277/files/Apple_iPad-Air_M4_Blue-HDEW3.jpg?v=1773202803,2026-05-12T02:11:52+01:00
HDEW Cameras,https://hdewcameras.co.uk,15867847835973,https://hdewcameras.co.uk/products/philips-243v7qdsb-24-full-hd-matt-screen-monitor-cert-refurb,"Philips 243V7QDSB 24"" Full HD Matt Screen Monitor (Cert Refurb)",,350219_CR,"24"" Monitor","24"" Monitor, computing, Monitor, open-box-models",Philips,70.00,,Unknown,,"1 OPEN BOX UNIT - AS NEW CONDITION ORIGINAL BOX AND ACCESSORIES - BOX TATTERED THIS IS A BRAND NEW MONITOR FROM PHILIPS IN AN OLDER BOX - REPLACED UNDER WARRANTY 60.5 cm (23.8"") FHD IPS display with LED backlight Resolution: 1920x1080 Brightness: 250 cd/m² Contrast: 1000:1 Dynamic contrast: 10000000:1 Response time: 5 ms D-Sub 15-pin, HDMI, DVI-D VESA 100x100 Tilt angle: 20°",https://cdn.shopify.com/s/files/1/0955/2409/4277/files/philips-24-full-hd-matt-screen-monitor-22979-p_0c0f484a-357e-4bc5-b2b4-e8f568bf55b7.jpg?v=1778512736,https://cdn.shopify.com/s/files/1/0955/2409/4277/files/philips-24-full-hd-matt-screen-monitor-22979-p_0c0f484a-357e-4bc5-b2b4-e8f568bf55b7.jpg?v=1778512736 | https://cdn.shopify.com/s/files/1/0955/2409/4277/files/IMG_9901_1.jpg?v=1778595910 | https://cdn.shopify.com/s/files/1/0955/2409/4277/files/IMG_9902_1.jpg?v=1778595910 | https://cdn.shopify.com/s/files/1/0955/2409/4277/files/IMG_9904_1_f074dcdd-196e-49e3-943c-9edf486c2788.jpg?v=1778595914 | https://cdn.shopify.com/s/files/1/0955/2409/4277/files/IMG_9906_1_235acefe-af9d-432c-b60a-823dc878436a.jpg?v=1778595914 | https://cdn.shopify.com/s/files/1/0955/2409/4277/files/IMG_9907_1.jpg?v=1778595912 | https://cdn.shopify.com/s/files/1/0955/2409/4277/files/IMG_9908_1_97972153-589d-4d61-964a-abc65614f8b4.jpg?v=1778595916 | https://cdn.shopify.com/s/files/1/0955/2409/4277/files/IMG_9912_1_645f043c-75ef-4c59-8d7e-3c9198932bb5.jpg?v=1778595915,2026-05-11T16:23:18+01:00
HDEW Cameras,https://hdewcameras.co.uk,15334910460229,https://hdewcameras.co.uk/products/canon-ef-24-105mm-f4l-is-ii-usm-open-box,Canon EF 24-105mm F4L IS II USM (Open Box),,08230-00157-00_OBOX,Camera Lenses,"canon, ef-lenses, open-box-models, standard-zoom, £500+",CANON,699.00,,Unknown,,"1 OPEN BOX UNIT - GREAT CONDITION ORIGINAL BOX AND ACCESSORIES - MISSING LENS BAG SLIGHT MARKS ON LENS CAP (SEE PICTURES) This version II of the popular lens makes improvements to image quality through the use of a new optical design with four glass-moulded aspherical elements, which helps to limit vignetting in your images. Also, it uses an Air Sphere Coating to reduce ghosting and flaring. A ring-type Ultrasonic Motor AF system provides fast and accurate autofocus while built-in optical image stabilisation can help compensate for about 4 stops of shutter speed, minimising the effects of camera shake. This lens also offers a zoom lock switch to prevent lens creep when not actively in use as well as an internal focus system. Full-time manual focus override is available for making adjustments regardless of the AF mode. Additionally, it has a rounded 10-blade aperture diaphragm for smooth out of focus elements. As with all L-series lenses, this optic has a dust- and water-resistant construction thanks to numerous seals that prevent intrusion when working in inclement weather. It also uses a fluorine coating on the exposed front and rear elements to help prevent smudges and to make cleaning easier. Offering a versatile zoom range of 24-105mm, this L-series lens is a staple of many shooters' kits. This updated version offers improved image quality, with a notable enhancement in peripheral brightness. Designed for use with full-frame DSLRs, this optic is compatible with APS-C format cameras as well where it will provide a 38.4-168mm equivalent focal length range. Constant f/4 maximum aperture offers consistent performance and light transmission throughout the zoom range. Four glass-molded aspherical elements, including one large-diameter double-sided glass-molded lens, help to minimise distortions throughout the zoom range in order to maintain edge-to-edge sharpness and illumination. An Air Sphere Coating (ASC) has been applied to lens elements to reduce backlit flaring and ghosting for maintained light transmission and high contrast in strong lighting conditions. A ring-type Ultrasonic Motor (USM), along with an internal focusing system, high-speed CPU, and optimised AF algorithms, are employed to deliver fast, precise, and near-silent autofocus performance. Optical image stabilisation minimises the effects of camera shake by compensating for up to 4 stops of shutter speed. Full-time manual focus operation is available for fine-tuning of your focus position when working in the AF mode. Zoom lock prevents lens creep when not in use. A weather-resistant design protects the lens from dust and moisture to enable its use in inclement conditions. Additionally, fluorine coatings have also been applied to the front and rear lens elements for further protection against fingerprints and smudging. Ten rounded diaphragm blades contribute to a pleasing out of focus quality that benefits the use of shallow depth of field and selective focus techniques. Canon EF 24-105mm f/4L IS II USM Lens E-77 II 77mm Lens Cap Lens Dust Cap E (Rear) Lens Hood",https://cdn.shopify.com/s/files/1/0955/2409/4277/files/canon-ef-24-105mm-f4l-is-ii-usm-5320-p_e27b724f-3f89-496d-a020-44172ea2525a.jpg?v=1759410048,https://cdn.shopify.com/s/files/1/0955/2409/4277/files/canon-ef-24-105mm-f4l-is-ii-usm-5320-p_e27b724f-3f89-496d-a020-44172ea2525a.jpg?v=1759410048 | https://cdn.shopify.com/s/files/1/0955/2409/4277/files/IMG_9923_1_5e9ebb50-4109-4845-b44f-4f4683674181.jpg?v=1778596795 | https://cdn.shopify.com/s/files/1/0955/2409/4277/files/IMG_9924_1_30f74fe6-eed1-4beb-80ed-57542bf1bbfc.jpg?v=1778596795 | https://cdn.shopify.com/s/files/1/0955/2409/4277/files/IMG_9925_1.jpg?v=1778596794 | https://cdn.shopify.com/s/files/1/0955/2409/4277/files/IMG_9927_1.jpg?v=1778596790 | https://cdn.shopify.com/s/files/1/0955/2409/4277/files/IMG_9930_1_efad82c8-875e-4038-bb27-a667d8ab336e.jpg?v=1778596785 | https://cdn.shopify.com/s/files/1/0955/2409/4277/files/IMG_9931_1_ac2991f3-b788-43f7-86a9-0c4332c539e4.jpg?v=1778596794 | https://cdn.shopify.com/s/files/1/0955/2409/4277/files/IMG_9932_1.jpg?v=1778596846 | https://cdn.shopify.com/s/files/1/0955/2409/4277/files/IMG_9934_1_9f08d5dd-2d44-4fcd-906e-3c76224e67b8.jpg?v=1778596795,2026-05-11T16:16:57+01:00
HDEW Cameras,https://hdewcameras.co.uk,15129675923781,https://hdewcameras.co.uk/products/rode-nt1-signature-series-studio-condenser-microphone-black,Rode NT1 Signature Series Studio Condenser Microphone - Black,,878831,Microphone,"microphones, photo-video-accessories, video-accessories",Rode,125.00,,Unknown,,"The NT1 is a real workhorse in the studio. A top-class large diaphragm condenser microphone that combines innovation with tradition and is suitable for both vocals and a wide range of instruments. It offers a detailed midrange paired with silky smooth highs and warm, round bass, making the NT1 an absolute leader in its class. Key Features: Studio microphone for professional applications Large-diaphragm condenser microphone with cardioid polar pattern HF6 1-inch true condenser capsule with gold injection moulding Very low noise and wide dynamic range Frequency range: 20Hz - 20kHz Impedance: 100 Ohm Extremely low noise: 4dBA Maximum sound pressure level: 142dB SPL Sensitivity: -32 dB re 1 Volt/Pascal (25 mV @ 94 dB SPL) +/- 2 dB @ 1 kHz Connection: XLR Includes RØDE SM6 attenuator, pop filter and XLR cable Dimensions (HxWxD): 187 x 50 x 50 mm Weight: 440 g Colour: Black",https://cdn.shopify.com/s/files/1/0955/2409/4277/files/rode-nt1-signature-series-studio-condenser-microphone-black-23100-p.jpg?v=1756969141,https://cdn.shopify.com/s/files/1/0955/2409/4277/files/rode-nt1-signature-series-studio-condenser-microphone-black-23100-p.jpg?v=1756969141 | https://cdn.shopify.com/s/files/1/0955/2409/4277/files/default_-_2025-11-24T123705.849.jpg?v=1763987875 | https://cdn.shopify.com/s/files/1/0955/2409/4277/files/default_-_2025-11-24T123709.234.jpg?v=1763987874 | https://cdn.shopify.com/s/files/1/0955/2409/4277/files/default_-_2025-11-24T123712.585.jpg?v=1763987875 | https://cdn.shopify.com/s/files/1/0955/2409/4277/files/default_-_2025-11-24T123720.641.jpg?v=1763987875 | https://cdn.shopify.com/s/files/1/0955/2409/4277/files/default_-_2025-11-24T123735.927.jpg?v=1763987875,2026-05-11T15:31:20+01:00
HDEW Cameras,https://hdewcameras.co.uk,15867302248773,https://hdewcameras.co.uk/products/bresser-80-400-refractor-telescope,Bresser 80/400 Refractor Telescope,,226487,Telescope,"portable-devices, Telescope",Bresser,399.00,,Unknown,,"The computer-controlled Refractor Telescope BRESSER Automatic 80/400 is a wide-field-lens telescope that goes with you almost anywhere, due to its compact design. The telescope is the ideal choice for beginners and is also perfect for travelling. Take this computerized telescope with you to your favourite observation place, when you're hiking, camping or on vacation. It may be small, but it still includes an easy-to-use go-to system. The BRESSER Automatic 80/400 can be operated on a desk or with the included tripod. The computer control allows for an easy alignment of the telescope with the night sky and can navigate to interesting celestial objects automatically by a push of a button. Over 270,000 well known astronomical objects are still stored in its database of the computer control. You can sit back and only need to focus on one thing: the view of the vast, starry firmament! It will show numerous craters on the moon, the cloud belts on Jupiter or Saturn's rings. These is just the beginning of what can be seen with this telescope. Features Computer control with over 270,000 stored celestial objects Lens telescope with automatic control and tripod Lens diameter: 80mm Focal length: 400mm 20x to 40x magnification Easy alignment and usage also for beginners Automatic navigation to observation objects by a push of a button Coordinates of over 270,000 celestial objects pre-installed Details of the moon and planets visible Also suitable for bird watching and terrestrial Observation Scope of delivery Achromatic refractor (telescope) Alt-azimuthal single-arm mount Aluminium tripod Computer control (handbox) 2 eyepieces, 31.7mm diam.: f/10mm, f/20mm Moon filter Compass with circular level Star map and astronomy software (via download) Instruction manual",https://cdn.shopify.com/s/files/1/0955/2409/4277/files/Bresser_Refractor_HDEW1.jpg?v=1778495109,https://cdn.shopify.com/s/files/1/0955/2409/4277/files/Bresser_Refractor_HDEW1.jpg?v=1778495109 | https://cdn.shopify.com/s/files/1/0955/2409/4277/files/Bresser_Refractor_HDEW2.jpg?v=1778495109 | https://cdn.shopify.com/s/files/1/0955/2409/4277/files/Bresser_Refractor_HDEW3.jpg?v=1778495109 | https://cdn.shopify.com/s/files/1/0955/2409/4277/files/Bresser_Refractor_HDEW4.jpg?v=1778495109,2026-05-11T11:25:59+01:00
HDEW Cameras,https://hdewcameras.co.uk,15866211729733,https://hdewcameras.co.uk/products/bresser-venus-76-700-beginner-telescope,Bresser Venus 76/700 Beginner Telescope,,226522,Telescope,"portable-devices, Telescope",Bresser,99.00,,Unknown,,"The Newton mirror system has a 76mm mirror, which is the largest in this beginner category. Since no lenses are used, except in the eyepiece, the Bresser Venus telescope does not show any noticeable colour error. The azimuth mount of the BRESSER VENUS reflector telescope makes it easy and quick to start in astronomy. This telescope is perfect for observing objects in our solar system – for example, the Moon or nearby planets. With the included accessories and astronomy software, even complete beginners can quickly have success. Features: Optical system: Newton reflector no colour error largest aperture among beginner models software helps even total beginners to start in astronomy easily many accessories included smartphone adapter for taking photos included mirror diameter: 76 mm / focal length: 700 mm magnification with accessories: 35x, 105x, 175x, 525x Included in the package: reflector telescope azimuth mount tripod eyepieces (31.7 mm): 4 mm, 20 mm finder scope 3x Barlow lens smartphone camera adapter astronomy software for download",https://cdn.shopify.com/s/files/1/0955/2409/4277/files/Bresser_Venus_HDEW1.jpg?v=1778477636,https://cdn.shopify.com/s/files/1/0955/2409/4277/files/Bresser_Venus_HDEW1.jpg?v=1778477636 | https://cdn.shopify.com/s/files/1/0955/2409/4277/files/Bresser_Venus_HDEW2.jpg?v=1778477636 | https://cdn.shopify.com/s/files/1/0955/2409/4277/files/Bresser_Venus_HDEW3.jpg?v=1778477636 | https://cdn.shopify.com/s/files/1/0955/2409/4277/files/Bresser_Venus_HDEW4.jpg?v=1778477637 | https://cdn.shopify.com/s/files/1/0955/2409/4277/files/Bresser_Venus_HDEW5.jpg?v=1778477636,2026-05-11T06:36:17+01:00
HDEW Cameras,https://hdewcameras.co.uk,15866182172997,https://hdewcameras.co.uk/products/bresser-solarix-az-76-350-newton-telescope,Bresser Solarix AZ 76/350 Newton Telescope,,226501,Telescope,"portable-devices, Telescope",Bresser,99.00,,Unknown,,"Be amazed by the unique experience of observing the Sun as well as the night sky! The BRESSER Solarix Newton telescope also allows you to observe the Sun. It has never been so simple, affordable and above all safe for the general public to observe both the night sky and the Sun with a telescope. This is made possible by the solar filter developed specifically for this telescope. The special foil inside reliably protects your eyes from infrared, ultraviolet and visible light during solar observations. Only the ""damped"" light of the Sun, which is harmless to the eyes, passes through and appears as a beautiful image in the eyepiece. And the best part: With the included smartphone holder, you can easily take photos of your observation targets with your mobile phone – magnified and in colour 1 just like with a telephoto lens! Of course, the BRESSER Solarix 76/350 also has all the optical features needed for astronomical observations at night. The included accessories provide everything you need to get started right away. The Newton reflector is quickly set up and ready to use with the detailed instructions. Features: Magnification from 18x to 175x Aperture: 76 mm Focal length: 350 mm Suitable for solar, sky and terrestrial observation Special filter for safe solar viewing Comprehensive accessory set for immediate use Smartphone holder for mobile photography Easy-to-use azimuth mount Simple operation Delivered fully pre-assembled – ready to observe without any setup Dimensions (L x W x H): 60 cm x 60 cm x 135 cm Weight: 2.0 kg Scope of delivery: Optical tube Azimuth mount Aluminium tripod with accessory tray and eyepiece holders 2 eyepieces (31.7 mm / 1.25""): SR-4 mm, H-20 mm 2x Barlow lens Smartphone holder Astronomy software, telescope guide and moon map (available as web download) User manual 1 Colour reproduction depends on the observed object and exposure time.",https://cdn.shopify.com/s/files/1/0955/2409/4277/files/Bresser_Solarix_HDEW1.jpg?v=1778475424,https://cdn.shopify.com/s/files/1/0955/2409/4277/files/Bresser_Solarix_HDEW1.jpg?v=1778475424 | https://cdn.shopify.com/s/files/1/0955/2409/4277/files/Bresser_Solarix_HDEW2.jpg?v=1778475424 | https://cdn.shopify.com/s/files/1/0955/2409/4277/files/Bresser_Solarix_HDEW3.jpg?v=1778475424 | https://cdn.shopify.com/s/files/1/0955/2409/4277/files/Bresser_Solarix_HDEW4.jpg?v=1778475424,2026-05-11T05:59:04+01:00
HDEW Cameras,https://hdewcameras.co.uk,15866106544453,https://hdewcameras.co.uk/products/vaonis-vespera-iii-smart-telescope,Vaonis Vespera III Essential Smart Telescope,,240951,Telescope,Telescope,Vaonis,2099.00,,Unknown,,"Astronomy does not have to be complicated. The Vespera III is designed for anyone who wants to explore the night sky without dealing with complex technology, long manuals or manual settings. Setup, alignment and imaging run fully automatically. You focus on observing and being amazed – the telescope does the rest. This makes astrophotography accessible from the very first night. Technology working quietly in the background The Vespera III combines a new optical design with intelligent electronics. High-quality lenses made from special glass are precisely matched to the built-in image sensor. Focus, tracking and image stacking are controlled automatically. The telescope aligns itself with the sky, finds objects on its own and starts imaging without manual input. All observation sessions are saved directly to the internal memory – no external computer is required. Compact design with well-planned optics The slim, upright design combines optics and motorised mount in a closed case. The apochromatic flat-field quadruplet design with an optimised field corrector reduces chromatic aberration and field curvature. Stars appear sharp and colour-neutral across the entire image field, without loss of sharpness towards the edges. Even sharpness from edge to edge The consistent imaging performance ensures that stars are shown with similar sharpness in the centre and at the edges. The image scale is 2.39 arcseconds per pixel. This makes fine structures in nebulae, galaxies and star clusters visible – not through high magnification, but through clearly separated stars and fine brightness gradients in the image. Observing despite light and weather Precisely manufactured optical baffles suppress stray light before it reaches the sensor and improve contrast, especially under light-polluted skies. The built-in Sony IMX585 colour sensor with 8.3 megapixels (3840 × 2160) offers a balanced combination of light sensitivity and detail. An integrated humidity and temperature sensor automatically activates the anti-dew system so the optics stay clear even on cool nights, with high humidity or changing temperatures. Endurance for long nights The integrated battery allows up to 11 hours of continuous operation. Observations can run from dusk until dawn without external power. All recorded data is saved automatically, and the session ends exactly when you decide. Features: Apochromatic flat-field quadruplet design with optimised field corrector for even sharpness up to the image edge Precisely engineered optical baffles to reduce stray light and improve contrast under urban and suburban skies Sony IMX585 colour sensor with 8.3 MP (3840 × 2160) for detailed deep-sky images Mosaic mode with CovalENS to extend the field of view with resolutions up to 24 MP 11 hours of battery life for uninterrupted observing nights without additional power Internal memory with 115 GB for complete storage of all sessions Support for multiple image formats (JPEG 8-bit, FITS 16-bit, TIFF 16-bit) for preview and further processing Integrated post-processing studio in the Singularity app for colour, contrast and image balance without external software LumENS as a digital sky guide to explain objects and help select new observing targets Automatic anti-dew system to protect the optics in changing weather conditions Native field of view of 2.5° × 1.4°, expandable up to 4.33° × 2.43° in mosaic mode Compact and easy to transport with a weight of 5 kg Note: The Vaonis LumENS app, an AI-powered astronomy companion, is available free of charge to all Vespera users and enables unprecedented interaction with their telescope. LumENS answers astronomical questions, explains currently observed celestial objects and provides comprehensive, educational content in real time. Users can speak or type - LumENS listens, responds and informs.",https://cdn.shopify.com/s/files/1/0955/2409/4277/files/Vaonis_Vespera-3_Telescope_HDEW1.jpg?v=1778474406,https://cdn.shopify.com/s/files/1/0955/2409/4277/files/Vaonis_Vespera-3_Telescope_HDEW1.jpg?v=1778474406 | https://cdn.shopify.com/s/files/1/0955/2409/4277/files/Vaonis_Vespera-3_Telescope_HDEW2.jpg?v=1778474407 | https://cdn.shopify.com/s/files/1/0955/2409/4277/files/Vaonis_Vespera-3_Telescope_HDEW3.jpg?v=1778474406 | https://cdn.shopify.com/s/files/1/0955/2409/4277/files/Vaonis_Vespera-3_Telescope_HDEW4.jpg?v=1778474408 | https://cdn.shopify.com/s/files/1/0955/2409/4277/files/Vaonis_Vespera-3_Telescope_HDEW5.jpg?v=1778474407,2026-05-11T05:40:36+01:00
HDEW Cameras,https://hdewcameras.co.uk,15860688453957,https://hdewcameras.co.uk/products/vaonis-vespera-pro-2-observation-station,Vaonis Vespera Pro 2 Observation Station,,240944,Telescope,Telescope,Vaonis,2499.00,,Unknown,,"High-quality deep-sky astrophotography normally requires precise coordination of mount, tracking, cabling and software. An integrated smart telescope with a fixed optical and sensor combination reduces this complexity significantly. The goal of the Vespera Pro 2 is a consistent, reproducible workflow from image capture to further processing of the image data. Fixed optics for predictable results The apochromatic short-focus refractor is designed for large deep-sky objects. With a 50 mm aperture, 245 mm focal length and an integrated field corrector, the optical system delivers even image quality across the entire field. Lanthanum glass (S-FPL52) is used to reduce chromatic aberrations. The fixed tuning of optics and sensor prevents incorrect combinations of individual components. Sensor integration instead of camera replacement The built-in Sony IMX 676 colour sensor works with 12.5 megapixels in a square 1:1 format (3536 × 3536 pixels). This sensor format is particularly suitable for mosaic images and wide nebula regions. The pixel size of 2 µm corresponds to a theoretical image scale of around 1.6 arcseconds per pixel, depending on atmospheric conditions and post-processing. Single exposures can be saved as 16-bit FITS, stacked images as 16-bit TIFF. Manual control without black-box logic Exposure time, gain and image framing can be set manually within the system. In addition, calibration frames can be recorded. Image processing is automated, but raw data remains available and can be processed externally. This allows the system to be integrated into existing workflows with software such as PixInsight, Siril, AstroPixelProcessor or Photoshop. Mosaic imaging over multiple nights The integrated mosaic mode (CovalENS) allows the field of view to be extended beyond the native field and can reach total resolutions of up to 50 megapixels depending on the project. Multi-night projects can be continued, with framing, stacking progress and settings retained. Optical stray light shields reduce unwanted light and improve contrast, especially under light-polluted conditions. The integrated power supply allows observation and imaging sessions of up to 11 hours. Features: Fixed-configured apochromatic refractor for deep-sky astrophotography 50 mm aperture and 245 mm focal length, optimised for wide nebula and star fields Sony IMX 676 colour sensor with 12.5 megapixels in a square format 2 µm pixel size for high detail in widefield targets Manual adjustment of exposure time, gain and image framing within the system Storage of single frames as 16-bit FITS, stacked images as 16-bit TIFF Mosaic mode (CovalENS) with project-dependent expansion up to 50 MP Automatic continuation of multi-night mosaics Optical stray light shielding for improved contrast Integrated anti-dew system with humidity and temperature sensor Internal storage with 225 GB for extensive projects Total system weight: approx. 5 kg",https://cdn.shopify.com/s/files/1/0955/2409/4277/files/Vaonis_Vespera-Pro2_Telescope_HDEW1.jpg?v=1778471390,https://cdn.shopify.com/s/files/1/0955/2409/4277/files/Vaonis_Vespera-Pro2_Telescope_HDEW1.jpg?v=1778471390 | https://cdn.shopify.com/s/files/1/0955/2409/4277/files/Vaonis_Vespera-Pro2_Telescope_HDEW2.jpg?v=1778471390 | https://cdn.shopify.com/s/files/1/0955/2409/4277/files/Vaonis_Vespera-Pro2_Telescope_HDEW3.jpg?v=1778471391 | https://cdn.shopify.com/s/files/1/0955/2409/4277/files/Vaonis_Vespera-Pro2_Telescope_HDEW4.jpg?v=1778471391 | https://cdn.shopify.com/s/files/1/0955/2409/4277/files/Vaonis_Vespera-Pro2_Telescope_HDEW5.jpg?v=1778471391,2026-05-11T04:55:25+01:00
HDEW Cameras,https://hdewcameras.co.uk,15860273348933,https://hdewcameras.co.uk/products/reflecta-a5-super-slim-lightbox,Reflecta A5 Super Slim Lightbox,,274269,Lightbox & Turntable,Lightbox,Reflecta,69.00,,Unknown,,"Reflecta light boxes enable the user to correct images, refine sketches, and control motion sequences for animation 35-mm slides, assorted in printed sleeves, can be fully observed on the light box A light box allows users to put translucent material such as slides or translucent paper on top of each other to fix and edit them Illuminated field: 44 x 29 cm Dimmable illumination Light source: LEDs LED lamp life: approx. 50,000 hours Power supply via power supply unit DC 3.5 mm 12 V 11 W Items delivered: Light box A3 Super Slim Power supply unit User manual: German, English, Polish, Dutch, Portuguese, Spanish, Italian, French This product is marketed for the primary purpose of illumination for image capturing. It is not intended for household lighting.",https://cdn.shopify.com/s/files/1/0955/2409/4277/files/Reflecta_Lightbox_HDEW1.jpg?v=1778205936,https://cdn.shopify.com/s/files/1/0955/2409/4277/files/Reflecta_Lightbox_HDEW1.jpg?v=1778205936,2026-05-08T03:21:59+01:00
HDEW Cameras,https://hdewcameras.co.uk,15860262502725,https://hdewcameras.co.uk/products/reflecta-a4-super-slim-lightbox,Reflecta A4 Super Slim Lightbox,,229098,Lightbox & Turntable,Lightbox,Reflecta,79.00,,Unknown,,"The reflecta light panel A4 has a light field of 310 x 210 mm, so that 24 framed 35 mm slides can be viewed at once. As a rule, archive sleeves in the classic DIN A4 format offer space for 24 framed 35mm slides; such archive sleeves can be placed completely. The LEDs ensure an even illumination of the light field, so that the edge areas can also be used for viewing positives. The successful design is praiseworthy, so that this light panel fits optically very well into a modern working environment, especially because of its extremely small thickness. Illuminated field: 21 x 31 cm Adjustable lighting (dimmable) Light source: LEDs Lifetime of LEDs: approx. 50,000 hours Power supply: Power supply DC 3,5mm 12V 8W Technical data: Weight: approx. 900 g dimensions: 36 x 27 x 0.8 cm Power supply: Power supply DC 3,5 mm 12V 8W This product is marketed for the primary purpose of illumination for image capturing. It is not intended for household lighting.",https://cdn.shopify.com/s/files/1/0955/2409/4277/files/Reflecta_Lightbox_HDEW1.jpg?v=1778205936,https://cdn.shopify.com/s/files/1/0955/2409/4277/files/Reflecta_Lightbox_HDEW1.jpg?v=1778205936,2026-05-08T03:13:32+01:00
HDEW Cameras,https://hdewcameras.co.uk,15860246708549,https://hdewcameras.co.uk/products/reflecta-a3-lightbox,Reflecta A3 Super Slim Lightbox,,274262,Lightbox & Turntable,Lightbox,Reflecta,109.00,,Unknown,,"Reflecta light boxes enable the user to correct images, refine sketches, and control motion sequences for animation 35-mm slides, assorted in printed sleeves, can be fully observed on the light box A light box allows users to put translucent material such as slides or translucent paper on top of each other to fix and edit them Illuminated field: 44 x 29 cm Dimmable illumination Light source: LEDs LED lamp life: approx. 50,000 hours Power supply via power supply unit DC 3.5 mm 12 V 11 W Items delivered: Light box A3 Super Slim Power supply unit User manual: German, English, Polish, Dutch, Portuguese, Spanish, Italian, French This product is marketed for the primary purpose of illumination for image capturing. It is not intended for household lighting.",https://cdn.shopify.com/s/files/1/0955/2409/4277/files/Reflecta_Lightbox_HDEW1.jpg?v=1778205936,https://cdn.shopify.com/s/files/1/0955/2409/4277/files/Reflecta_Lightbox_HDEW1.jpg?v=1778205936,2026-05-08T03:08:14+01:00
HDEW Cameras,https://hdewcameras.co.uk,15860244250949,https://hdewcameras.co.uk/products/reflecta-rps-10-s-slide-negative-scanner,Reflecta RPS 10-S Slide & Negative Scanner,,149608,Scanner,scanners,Reflecta,859.00,,Unknown,,"The Reflecta RPS 10 S is the ideal scanner for photography enthusiasts who want to digitise their old slides and negatives quickly and easily. With a resolution of up to 10 megapixels, it delivers razor-sharp scans directly on a 2.4 inch LCD display without the need for a computer. Thanks to its user-friendly operation and simple handling, even beginners to the world of digitisation can easily save their memories. The RPS 10 S is the perfect solution for anyone who wants to preserve their analogue treasures in high quality for the future. Features: Colour depth: 48 bit Optical resolution: 10 000 DPI Sensor chip: CCD Scan density: 4.2 D Scan area: 24 x 36 mm Light source: LED LCD display with 2.4 inch (6.1 cm) Connections: 1x USB",https://cdn.shopify.com/s/files/1/0955/2409/4277/files/Reflecta_DigitDia_8000_HDEW1.jpg?v=1778205143,https://cdn.shopify.com/s/files/1/0955/2409/4277/files/Reflecta_DigitDia_8000_HDEW1.jpg?v=1778205143,2026-05-08T03:01:47+01:00
HDEW Cameras,https://hdewcameras.co.uk,15860243333445,https://hdewcameras.co.uk/products/reflecta-digitdia-8000-magazine-scanner,Reflecta DigitDia 8000 Magazine Scanner,,898452,Scanner,scanners,Reflecta,2449.00,,Unknown,,"With a resolution of up to 10,000 DPI and a maximum density of 4.2 Dmax, the DigitDia 8000 magazine scanner now produces top-quality digital reproductions of your slides at even faster speeds. The scanner operates completely independently; simply insert the magazine into the scanner and enter the number of slides to be scanned into the software. The scanning software also offers automatic functions for exposure, color, and contrast. The AutoColour feature can also be used to reconstruct slides with significant color casts. Features: Magic Touch: Automatic retouching of dust and scratches using infrared technology Multipass Exposure increases dynamic range through multiple exposures (HDR) RAW output in DNG raw data format Color depth: 48 bits Optical resolution: 10,000 DPI Sensor chip: CCD Scan density: 4.2 D Scan area: 36.5 x 36.5 mm Light source: LED Connections: USB 2.0 Compatible magazines: CS magazine Universal magazine DIN 108 LKM magazine Paximat magazine",https://cdn.shopify.com/s/files/1/0955/2409/4277/files/Reflecta_DigitDia_8000_HDEW1.jpg?v=1778205143,https://cdn.shopify.com/s/files/1/0955/2409/4277/files/Reflecta_DigitDia_8000_HDEW1.jpg?v=1778205143,2026-05-08T02:55:59+01:00
HDEW Cameras,https://hdewcameras.co.uk,15859163955525,https://hdewcameras.co.uk/products/apple-ipad-air-m4-13-inch-wifi-128gb-starlight,Apple iPad Air (M4) 13 Inch Wifi 128GB Starlight,,27351-01490-00,iPad,"apple, Apple iPad Air M4, apple-ipads",Apple,689.00,799.00,Unknown,,"The 13-inch iPad Air. Built for Apple Intelligence.¹ iPad Air, now supercharged by the Apple M4 chip. Powerfully capable and affordable. It features a stunning Liquid Retina display, a 12MP Centre Stage front camera for great video calls, iPadOS, and blazing-fast Wi-Fi 7.² It works with Apple Pencil Pro, Magic Keyboard for iPad Air and more, so you can multitask, study, work, play and create with ease. WHY IPAD AIR — iPad Air with the Apple M4 chip packs even more performance into a beautiful design, and it comes in two portable sizes. It features Apple Intelligence¹ along with a stunning Liquid Retina display, Touch ID, advanced cameras and Wi-Fi 7.² PERFORMANCE AND STORAGE — The M4 chip delivers advanced graphics and incredible performance for smooth multitasking and complex AI tasks. And with all-day battery life, you can keep working and playing wherever you go.³ Choose up to 1TB of storage for apps, music, movies and more.⁴ IPADOS + APPS — Run apps and get more done with the game-changing capabilities and intuitive design of iPadOS. The flexible windowing system lets you control, organise and manage your workflows like never before. APPLE INTELLIGENCE — Apple Intelligence is the personal intelligence system that helps you create, communicate and get things done effortlessly with groundbreaking privacy protections at every step.¹ 13-INCH LIQUID RETINA DISPLAY — The gorgeous Liquid Retina display features advanced technologies like P3 wide colour, True Tone and ultra-low reflectivity, which make everything look stunning.⁵ CONNECTIVITY — Wi‑Fi 7 with Apple N1² enables fast wireless connections for transfers of photos, documents and large video files. APPLE PENCIL AND MAGIC KEYBOARD FOR IPAD AIR — Apple Pencil Pro and Apple Pencil (USB-C) enable intuitive and precise control for drawing, note-taking and creativity. Magic Keyboard provides an amazing typing experience and a trackpad with haptic feedback. ADVANCED CAMERAS — iPad Air features a 12MP Centre Stage front camera that’s perfect for video calls and selfies, and a 12MP Wide back camera for document scanning and capturing photos and 4K videos. UNLOCK AND PAY WITH TOUCH ID — Touch ID lets you use your fingerprint to unlock your iPad Air, sign in to apps and make payments securely with Apple Pay. Apple Pencil Pro | Engineered for limitless creativity. Apple Pencil sets the standard for how drawing, painting, handwriting, and note-taking should feel - intuitive, precise, and magical. All with pixel-perfect precision, low latency, tilt sensitivity, and support for palm rejection. And Apple Pencil Pro adds even more capabilities to bring your ideas to life like never before. ¹Apple Intelligence is available in beta. Some features may not be available in all regions or languages. ²Wi‑Fi 7 available in countries and regions where supported. ³Battery life varies by use and configuration. ⁴Available space is less and varies due to many factors. Storage capacity subject to change based on software version, settings and iPad model. 1GB = 1 billion bytes; 1TB = 1 trillion bytes. Actual formatted capacity less. ⁵The display has rounded corners. When measured diagonally as a rectangle, the 13-inch iPad Air is 12.9 inches. Actual viewable area is less.",https://cdn.shopify.com/s/files/1/0955/2409/4277/files/apple_mh9f4ll_a_13_ipad_air_m4_1772457083_1956624.jpg?v=1778164320,https://cdn.shopify.com/s/files/1/0955/2409/4277/files/apple_mh9f4ll_a_13_ipad_air_m4_1772457083_1956624.jpg?v=1778164320 | https://cdn.shopify.com/s/files/1/0955/2409/4277/files/1772457122_IMG_2687914.jpg?v=1778164382 | https://cdn.shopify.com/s/files/1/0955/2409/4277/files/1741093451_IMG_2445852.jpg?v=1774926638 | https://cdn.shopify.com/s/files/1/0955/2409/4277/files/1741093451_IMG_2445853.jpg?v=1774926638,2026-05-07T15:34:33+01:00
HDEW Cameras,https://hdewcameras.co.uk,15772272361797,https://hdewcameras.co.uk/products/verbatim-portable-15-6-inch-dual-monitor,Verbatim Portable 15.6 inch Dual Monitor,,233370,Portable Monitor,"Portable Monitors, portable-devices",Verbatim,219.00,,Unknown,,"Two stacked 15.6"" displays expand your digital workspace without taking up extra space. The doubled screen area helps you stay focused and keep track of multiple tasks simultaneously. The display remains clear and stable, even when frequently switching between applications. Get a better overview of every project The Full HD IPS panels display content with 1920 x 1080 pixels per screen and a 178° viewing angle. HDR enhances contrast and color, making presentations, spreadsheets, and media appear clearer. The integrated gravity sensor automatically rotates the top screen when you fold the device. Quick setup for mobile workflows Connect the displays via USB-C or Mini-HDMI without additional drivers. The compact dimensions make it ideal for use on the go, and the integrated speakers deliver audio directly. VESA 75x75 compatibility offers you more mounting options when working at a desk. Features: Two 15.6"" Full HD IPS displays increase usable space for multitasking 1920 x 1080 resolution per display 178° wide viewing angle provides a clear view from various positions HDR support enhances contrast for more accurate color reproduction Ultra-slim design with 1W stereo speakers saves desk space Extend, Duplicate, and Ultra modes adapt to different work styles (Extend only in Windows) Wall mount compatible: VESA 75x75 Auto-rotate top panel for easy use when folded USB-C and Mini-HDMI ports support a variety of devices",https://cdn.shopify.com/s/files/1/0955/2409/4277/files/Verbtim_Dual-screen_Monitor_HDEW1.jpg?v=1774589597,https://cdn.shopify.com/s/files/1/0955/2409/4277/files/Verbtim_Dual-screen_Monitor_HDEW1.jpg?v=1774589597 | https://cdn.shopify.com/s/files/1/0955/2409/4277/files/Verbatim_PM-Dual-ScreenHDEW3.jpg?v=1774589597 | https://cdn.shopify.com/s/files/1/0955/2409/4277/files/Verbatim_PM-Dual-ScreenHDEW4.jpg?v=1774589597 | https://cdn.shopify.com/s/files/1/0955/2409/4277/files/Verbtim_Dual-screen_Monitor_HDEW2.jpg?v=1774585334 | https://cdn.shopify.com/s/files/1/0955/2409/4277/files/Verbtim_Dual-screen_Monitor_HDEW3.jpg?v=1774585335,2026-05-07T06:23:24+01:00
HDEW Cameras,https://hdewcameras.co.uk,15857237131589,https://hdewcameras.co.uk/products/fenix-cl26r-pro-multi-beam-rechargeable-lantern-grey-camo-open-box,Fenix CL26R Pro Multi Beam Rechargeable Lantern - Grey Camo (Open Box),,CL26R Pro Grey Camo_OBOX,Torch,"camping-work-lanterns, open-box-models, Portable Lighting, portable-devices, torches",Fenix,65.00,,Unknown,,"1 OPEN BOX UNIT - EXCELLENT CONDITION ORIGINAL BOX AND ACCESSORIES - BOX OPEN AND BOOKLET SLIGHTLY TATTY RETURNED AS CUSTOMER CHANGED MIND Fenix CL26R Pro is an ultra compact, go anywhere professional quality lantern that offers performance far exceeding its size. CL26R Pro is built to the highest industry standards and features multiple lighting elements including forward only lighting, 360 degree lighting, down lighting and red / red flash. Powered by a high capacity, replaceable Fenix 5000mAh 21700 battery, excellent run times are guaranteed. The battery is recharged via a built-in USB-C socket (cable supplied) and CL26R Pro also features a USB-A discharge socket for use as a convenient power bank. Operation is via a rotary switch and electronic push button combination for simple selection of the multiple lighting modes. The lantern can be used free standing, magnetically attached or via the built-in retractable hanging hook. Fully rain and splash resistant to IP66, no outdoor job is too tough for Fenix CL26R Pro. Fenix CL26R Pro performance: Forward lighting: (Great for reading). Single output: 25 lumens (67 hrs) 360 degree lighting: (All around illumination to light the whole area). Low: 50 lumens (40 hrs) Med: 200 lumens (13 hrs) High: 500 lumens (10 hrs total runtime) - 15m beam radius Down lighting: (Great spread of light from the bottom of the lantern. Also works as a close range torch). Down 1: 5 lumens (17 days emergency lighting!) Down 2: 50 lumens (58 hrs) Down 3: 150 lumens (15 hrs) Combined lighting: (Maximum power with 360 degree and down lighting combined). 360 degree and down lighting: Combined output: 650 lumens Red light: (Preserve night vision or use as an emergency beacon). Red constant: 3 lumens (125 hrs) Red flash: 3 lumens: (240 hrs) Fenix CL26R Pro features: * Replaceable 21700 battery, easily swap for a spare * Can use an 18650 battery with Fenix ALF-18 battery holder (sold separately) * Power bank function - top up your phone * Huge run time in emergency situations - 17 days! * Compact and portable, weighs only 199 grams * Can operate at lower levels while charging / discharging * 3.5 hrs charge time at 5V 2A (typical mobile phone charger) * IP66 - heavy rain and splash proof * 1m drop tested Fenix CL26R Pro operation: On/off With the lantern switched off, rotate the toggle switch to any output to turn on the lantern or press and hold the button to turn on the lantern in red light mode. With the lantern switched on, rotate the toggle switch to turn off the lantern or press and hold the button to turn off red light mode. Mode switching: With the lantern switched off, rotate the toggle switch clockwise to turn on the lantern and enter 360 degree light mode. With the lantern switched off, rotate the toggle switch counter clockwise to turn on the lantern and enter Down light mode With the lantern switched off, press and hold the button for 0.5 seconds to enter the Red light mode. Press and hold the button again for 0.5 seconds to turn off the red light mode Output Selection: 360 degree mode: Rotate the toggle switch clockwise to select FrontLowMedHigh. Down Light mode: Rotate the toggle switch counter clockwise to select Down 1Down 2Down 3. Combined lighting mode: In 360 degree lighting or down lighting mode, press and hold the button for 0.5 seconds to switch on both modes simultaneously. Press and hold the button again for 0.5 seconds to return to the original mode. Changing combined light settings: In 360 degree lighting mode, simultaneously enter down lighting mode by pressing the button for 0.5 seconds and then single click to cycle through Down 1Down 2Down 3 (360 degree output remains the same). In Down lighting mode, simultaneously enter 360 degree lighting mode by pressing the button for 0.5 seconds and single click the button to cycle through Front LowMedHigh (Down lighting output remains the same). Red light mode Single click the switch to select between Red light and Red flash. Included in the package: Retail Packaged Fenix CL26R Pro Lantern Fenix ARB-L21-5000 v2.0 Battery USB-C charging cable Spare O-ring Warranty card User manual",https://cdn.shopify.com/s/files/1/0955/2409/4277/files/fenix-cl26r-pro-multi-beam-rechargeable-lantern-grey-camo-21269-1-p.jpg?v=1756968641,https://cdn.shopify.com/s/files/1/0955/2409/4277/files/fenix-cl26r-pro-multi-beam-rechargeable-lantern-grey-camo-21269-1-p.jpg?v=1756968641 | https://cdn.shopify.com/s/files/1/0955/2409/4277/files/IMG_9815_1_aaf70f28-fd6e-485e-925c-e801ec3a57c6.jpg?v=1778234204 | https://cdn.shopify.com/s/files/1/0955/2409/4277/files/IMG_9816_1_32313a86-4dde-4a7e-b855-14e5fd7ad7af.jpg?v=1778234204 | https://cdn.shopify.com/s/files/1/0955/2409/4277/files/IMG_9817_1_d4f8cfdb-52b9-4ff2-93d8-7517d7e056a4.jpg?v=1778234205 | https://cdn.shopify.com/s/files/1/0955/2409/4277/files/IMG_9819_1_2569ebd3-f463-42ae-979c-2ed14d4625d8.jpg?v=1778234205 | https://cdn.shopify.com/s/files/1/0955/2409/4277/files/IMG_9820_1_d54f6644-a604-4cfc-a206-406437993be3.jpg?v=1778234205 | https://cdn.shopify.com/s/files/1/0955/2409/4277/files/IMG_9821_1.jpg?v=1778234204 | https://cdn.shopify.com/s/files/1/0955/2409/4277/files/IMG_9823_1.jpg?v=1778234205,2026-05-06T16:46:54+01:00
HDEW Cameras,https://hdewcameras.co.uk,15334883164485,https://hdewcameras.co.uk/products/bosch-gms-120-27-multidetector-open-box,Bosch GMS 120-27 Multidetector (Open Box),,200580_OB,Powertool,"open-box-models, portable-devices, tools-garden",Bosch,89.00,,Unknown,,"1 OPEN BOX UNIT - AS NEW CONDITION ORIGINAL BOX AND ACCESSORIES - NEVER USED BUT BOX UNSEALED RETURNED AS CUSTOMER WANTED A DIFFERENT MODEL Clear and simple: the intuitive tracking device that makes the invisible visible When drilling into the wall, you want to get the job done and make sure that you don’t encounter an obstacle. Our tracking device GMS 120-27 Professional allows an uncomplicated and intuitive location of objects. The location results are displayed by a signal indicator on the display and the colour-coded marking hole. The easy-to-use locator provides simple mode selection, and the marking hole allows you to mark exactly where objects have been located. The robust GMS 120-27 has been developed for rough construction sites and is equipped with dust and splash water protection according to IP54 and a shock-absorbing rubber housing. Features: Provides security by locating metal, current-carrying cables and wooden beams behind the wall Easy to use thanks to simple operating mode selection and marking hole Suitable for use on rough construction sites thanks to shock-absorbing rubber housing and IP54 Power supply: Li-ion battery 1.0 Ah 1x USB-A to USB-C charging cable 1x bag Technical data: Detectable objects: magnetic metals (e.g., iron), non-magnetic metals (e.g., copper), live wires, wooden substructures Max locating depth: 120 mm Detection depth, magnetic metal, max.: 100 mm Detection depth, non-magnetic metal, max.: 120 mm Detection depth, current-carrying lines, max.: 50 mm Detection depth, wooden substructures, max.: 30 mm Dust and splash water protection: IP 54 Material identification: Magnetic metal, Non-magnetic metal, Conductive cable, Non-metallic material Marking hole Power supply: 1x Li-ion battery BA 3.7V 1.0 Ah Colour: black / blue Dimensions: 186 x 86 x 33 mm Weight, approx.: 0,29 kg",https://cdn.shopify.com/s/files/1/0955/2409/4277/files/default_54.jpg?v=1759408439,https://cdn.shopify.com/s/files/1/0955/2409/4277/files/default_54.jpg?v=1759408439 | https://cdn.shopify.com/s/files/1/0955/2409/4277/files/IMG_9824_1_1b921713-72a4-4b40-9763-5b6d3fbd1e1f.jpg?v=1778238646 | https://cdn.shopify.com/s/files/1/0955/2409/4277/files/IMG_9825_1_6dcfbca8-6c0b-43db-8286-4284cbd9d551.jpg?v=1778238646 | https://cdn.shopify.com/s/files/1/0955/2409/4277/files/IMG_9826_1.jpg?v=1778238646 | https://cdn.shopify.com/s/files/1/0955/2409/4277/files/IMG_9827_1_f1ea2d1a-04db-402b-9b72-d6d10f0a86b6.jpg?v=1778238648 | https://cdn.shopify.com/s/files/1/0955/2409/4277/files/IMG_9828_1.jpg?v=1778238644 | https://cdn.shopify.com/s/files/1/0955/2409/4277/files/IMG_9829_1_17b58f4e-4091-4981-be41-09a1516db20f.jpg?v=1778238647 | https://cdn.shopify.com/s/files/1/0955/2409/4277/files/IMG_9831_1_2fa65ca7-b41f-450f-949b-4903e2754458.jpg?v=1778238648,2026-05-06T16:23:28+01:00
HDEW Cameras,https://hdewcameras.co.uk,15857194074437,https://hdewcameras.co.uk/products/tomtom-go-professional-520-multi-vehicle-gps-open-box,TomTom Go Professional 520 Multi Vehicle GPS (Open Box),,356050_OBOX,GPS,"GPS Navigation, navigation, open-box-models, portable-devices, tomtom",TomTom,159.00,,Unknown,,"1 OPEN BOX UNIT - EXCELLENT CONDITION ORIGINAL BOX AND ACCESSORIES Features: TomTom traffic via smartphone Screen : 5"" Touchscreen Resolution: 480 x 272 Storage: 16GB 1 Hour Battery life Lifelong TomTom Traffic and radar cameras Special destinations for trucks and buses Bluetooth & Wi-Fi Connectivity Route guidance for trucks, cars, coaches and minibuses Smartphone Notifications Warnings of traffic jams MyDrive route planning Lifelong map updates",https://cdn.shopify.com/s/files/1/0955/2409/4277/files/tomtom-go-professional-5-multi-vehicle-gps-14974-p.jpg?v=1756969280,https://cdn.shopify.com/s/files/1/0955/2409/4277/files/tomtom-go-professional-5-multi-vehicle-gps-14974-p.jpg?v=1756969280 | https://cdn.shopify.com/s/files/1/0955/2409/4277/files/IMG_9807_1_f1a0214d-9fef-4b69-b07f-14ed471bce55.jpg?v=1778236822 | https://cdn.shopify.com/s/files/1/0955/2409/4277/files/IMG_9808_1.jpg?v=1778236823 | https://cdn.shopify.com/s/files/1/0955/2409/4277/files/IMG_9810_1_dc120260-8654-4a41-8d68-afb44b54d728.jpg?v=1778236823 | https://cdn.shopify.com/s/files/1/0955/2409/4277/files/IMG_9811_1.jpg?v=1778236822 | https://cdn.shopify.com/s/files/1/0955/2409/4277/files/IMG_9812_1.jpg?v=1778236823 | https://cdn.shopify.com/s/files/1/0955/2409/4277/files/IMG_9813_1.jpg?v=1778236822 | https://cdn.shopify.com/s/files/1/0955/2409/4277/files/IMG_9814_1_ef5b18f1-ed08-4016-8f61-b262b336d6cf.jpg?v=1778236823,2026-05-06T16:13:46+01:00
HDEW Cameras,https://hdewcameras.co.uk,15857151836485,https://hdewcameras.co.uk/products/polar-verity-sense-heart-rate-sensor-black-m-xxl-cert-refurb,Polar Verity Sense Heart Rate sensor black M-XXL (Cert Refurb),,853099_CR,Smart Watches,"open-box-models, portable-devices, Wearable",Polar,65.00,,Unknown,,"1 CERTIFIED REFURBISHED UNIT - EXCELLENT CONDITION REPAIRED BY POLAR ORIGINAL BOX AND ACCESSORIES - BOX SLIGHTLY TATTY (SEE PICTURES) Polar Verity Sense is an optical heart rate monitor that provides you with maximum freedom of movement and multiple options for viewing and recording your workouts. With Bluetooth®, ANT+, and internal memory, you can connect Polar Verity Sense to a sports watch or app to see your workout in real time, or view your data afterwards. Compatible with Android / iOS Connectivity: Bluetooth Water resistance: 5 bar (50 m) Battery capacity: 45 mAh Charging time: 2 hours Maximum operating time: 30 hours Maximum operating time: 1.5 days Bracelet material: Textile Dimensions: 30 x 30 x 9.5 mm Weight: 19 g",https://cdn.shopify.com/s/files/1/0955/2409/4277/files/polar-verity-sense-heart-rate-sensor-black-m-xxl-21055-p.jpg?v=1756969106,https://cdn.shopify.com/s/files/1/0955/2409/4277/files/polar-verity-sense-heart-rate-sensor-black-m-xxl-21055-p.jpg?v=1756969106 | https://cdn.shopify.com/s/files/1/0955/2409/4277/files/IMG_9783_1_9f52e7f0-1a1f-4e8d-8af7-11e3caa504fe.jpg?v=1778234909 | https://cdn.shopify.com/s/files/1/0955/2409/4277/files/IMG_9784_1.jpg?v=1778234907 | https://cdn.shopify.com/s/files/1/0955/2409/4277/files/IMG_9790_1_86630219-6ede-4cb7-b3ee-ea57d7314284.jpg?v=1778234907 | https://cdn.shopify.com/s/files/1/0955/2409/4277/files/IMG_9791_1.jpg?v=1778234907 | https://cdn.shopify.com/s/files/1/0955/2409/4277/files/IMG_9787_1.jpg?v=1778234907 | https://cdn.shopify.com/s/files/1/0955/2409/4277/files/default_-_2026-05-06T154335.813.jpg?v=1778078634 | https://cdn.shopify.com/s/files/1/0955/2409/4277/files/default_-_2026-05-06T154340.017.jpg?v=1778078634,2026-05-06T15:48:53+01:00
HDEW Cameras,https://hdewcameras.co.uk,15857136566597,https://hdewcameras.co.uk/products/fenix-hm55r-compact-headlamp-black-open-box,Fenix HM55R Compact Headlamp Black (Open Box),,HM55R Black_OBOX,Torch,"fenix-pro-lighting, headlamps, open-box-models, torches",Fenix,59.00,,Unknown,,"1 OPEN BOX UNIT - AS NEW CONDITION ORIGINAL BOX AND ACCESSORIES - OPENED BUT NEVER USED Fenix HM55R is a compact, light weight and beautifully built headlamp modelled on the massively popular HM65R-T V2.0 trail running model. Constructed from high strength aluminium with a premium finish, this little gem offers a 1200 lumen spotlight, 350 lumen floodlight and 5 lumen red/red flashing beam. HM55R is the ideal partner to the Fenix HM65R-T V2.0 headlamp as a back-up for trail running events, is suitable for shorter events/ training runs and a multitude of other tasks such as camping, hiking, carp fishing etc. The included 1600 mAh 18350 lithium battery provides great performance and a maximum emergency run time of nearly 6 days! The light is charged via a USB-C socket at the rear, with the socket itself being internally waterproofed and also covered with a waterproof rubber plug. Operation is via a single large side switch with a battery level/ charge indicator at its centre. A memory mode remembers your last brightness setting on the main beams, whilst the red LED can be operated directly with a double click of the push button. Fenix HM55R performance: Spot beam (6500k colour temperature): Low: 30 lumens (47 hrs 18 min) - 27m beam Med: 130 lumens (12 hrs 40 min) - 54m beam High: 350 lumens (6.5 hrs total run time) - 88m beam Turbo: 1200 lumens (2 hrs 10 min total run time) - 175m beam Flood beam: (5000k colour temperature) Low: 5 lumens (141 hrs) - 6m beam Med: 70 lumens (17 hrs 40 min) - 24m beam High: 350 lumens (3 hrs 40 min total run time) - 62m beam Red light: Constant-On: 5 lumens (43 hrs) Red flash: 5 lumens (86 hrs) Fenix HM55R headlamp features: • Light weight aluminium construction. Excellent heat sinking for extended service life and superior performance at high output • Single large side switch with battery/charging indicator for convenient operation • Automatic proximity down shift, prevents damage to headlamp and surroundings when close to a surface • Battery indicator – 4 level indicator giving a clear reading of battery status • USB-C charging port with inner waterproofing. 2.5hr fast charge • User replaceable 18350 battery • Intelligent overheat protection • Low voltage warning • Breathable, detachable headband with reflective strips • Wide headband for comfortable wear • Tilt adjustable – Headlamp rotates vertically to illuminate your path, near or far • IP68 Rated - Dust and water proof. Submersible up to 2 metres • 2m impact resistant",https://cdn.shopify.com/s/files/1/0955/2409/4277/files/ERRNmMNkG58DCKYQdqNVin4RtzuYPT0my8KOs3Ym.jpg?v=1778078149,https://cdn.shopify.com/s/files/1/0955/2409/4277/files/ERRNmMNkG58DCKYQdqNVin4RtzuYPT0my8KOs3Ym.jpg?v=1778078149 | https://cdn.shopify.com/s/files/1/0955/2409/4277/files/IMG_9742_1.jpg?v=1778233318 | https://cdn.shopify.com/s/files/1/0955/2409/4277/files/IMG_9743_1_28e55ab5-1e7a-46e6-b0ad-8aa9d2c6fa63.jpg?v=1778233318 | https://cdn.shopify.com/s/files/1/0955/2409/4277/files/IMG_9745_1.jpg?v=1778233318 | https://cdn.shopify.com/s/files/1/0955/2409/4277/files/IMG_9747_1_f5e5dc29-c3b6-4317-a3c4-11713fdba94c.jpg?v=1778233316 | https://cdn.shopify.com/s/files/1/0955/2409/4277/files/IMG_9746_1_a908bf2c-f088-454c-b388-2ba772b7b062.jpg?v=1778233316 | https://cdn.shopify.com/s/files/1/0955/2409/4277/files/IMG_9748_1_34827c54-7664-493e-9edd-2af6d9dcd56e.jpg?v=1778233318 | https://cdn.shopify.com/s/files/1/0955/2409/4277/files/IMG_9750_1.jpg?v=1778233319,2026-05-06T15:37:33+01:00
HDEW Cameras,https://hdewcameras.co.uk,15795208814917,https://hdewcameras.co.uk/products/plustek-opticbook-4800-book-scanner-open-box,Plustek Opticbook 4800 Book Scanner (Cert Refurb),,494095_OBOX,Scanner,"computing, open-box-models, scanners",Plustek,379.00,,Unknown,,"1 CERTIFIED REFURBISHED UNIT - EXCELLENT CONDITION REPAIRED BY PLUSTEK ORIGINAL BOX AND ACCESSORIES - ACCESSORIES OPENED + BOX SLIGHTLY DAMAGED Almost every one of us has printed or photocopied some documents or books from library. However, can we locate what we had photocopied - say about a month ago? They have been either stacked on some book shelves or thrown away. Chances are that you'll never find them. If one thinks from a users point of view, life would have been much easier if we could just scan and save the documents that we refer to in the library in a format we are comfortable with (PDF, JPG etc.) onto the computer and then carry them home in a flash drive. You don't have to carry a stack of papers or books around and can refer to them as and when you want, even after years. EASY TO BUILD YOUR OWN E-BOOK LIBRARY It is an ideal product for book collectors and readers who need to digitize their books, magazines and other bound materials for archiving or reading on tablets.",https://cdn.shopify.com/s/files/1/0955/2409/4277/files/plustek-opticbook-4800-book-scanner-26038-1-p_cd9fbb22-c12d-4e7e-ba2b-372e8cf58041.jpg?v=1775656721,https://cdn.shopify.com/s/files/1/0955/2409/4277/files/plustek-opticbook-4800-book-scanner-26038-1-p_cd9fbb22-c12d-4e7e-ba2b-372e8cf58041.jpg?v=1775656721 | https://cdn.shopify.com/s/files/1/0955/2409/4277/files/IMG_9833_1_520313c9-f14b-4658-bddb-d1e02de1eed1.jpg?v=1778239490 | https://cdn.shopify.com/s/files/1/0955/2409/4277/files/IMG_9835.jpg?v=1778239485 | https://cdn.shopify.com/s/files/1/0955/2409/4277/files/IMG_9840_1.jpg?v=1778239490 | https://cdn.shopify.com/s/files/1/0955/2409/4277/files/IMG_9836_1.jpg?v=1778239496 | https://cdn.shopify.com/s/files/1/0955/2409/4277/files/IMG_9842_1.jpg?v=1778239489 | https://cdn.shopify.com/s/files/1/0955/2409/4277/files/IMG_9843_1.jpg?v=1778239490 | https://cdn.shopify.com/s/files/1/0955/2409/4277/files/IMG_9844_1_0bfc1a0a-cad7-4e4b-8b1c-0e5bf38fbcb4.jpg?v=1778239490,2026-05-06T13:39:32+01:00
HDEW Cameras,https://hdewcameras.co.uk,15129593086277,https://hdewcameras.co.uk/products/canon-eos-rp-kit-rf-24-240-with-adapter,Canon EOS RP Kit (RF 24-240) with adapter,,02230-00726-00,Camera,"bundles-kits, cameras, canon-mirrorless, mirrorless-cameras, £1000+",CANON,1479.00,,Unknown,,"Impressively small despite having a large full-frame sensor, the Canon EOS RP offers flexible imaging capabilities along with a portable form factor. Featuring a high-resolution 26.2MP full-frame CMOS sensor along with a DIGIC 8 image processor, both stills and UHD 4K video can be recorded using a broad sensitivity range, from ISO 100-40000, to suit working in a variety of lighting conditions. Continuous shooting is also supported at up to 5 fps for photographing moving subjects. The sensor also facilitates an advanced Dual Pixel CMOS AF system, with 4779 selectable on-sensor phase-detection points for quickly and accurately acquiring focus during stills and video operation. Complementing the sensor and processor, the RP also sports a 2.36m-dot OLED electronic viewfinder along with a rear 3.0"" 1.04m-dot vari-angle touchscreen LCD monitor for easier viewing from high and low angles. Additionally, Wi-Fi and Bluetooth allow for wireless remote camera control along with direct image sharing to linked mobile devices. Canon RF Lens Mount The EOS RP features the RF lens mount, which support Canon's line of RF-mount lenses. This mount is characterized by its wide 54mm diameter and short 20mm flange-back distance, which promotes the ability to design lenses that are both faster and smaller than their SLR equivalents. The mount also incorporates a 12-pin electronic contact system for more sophisticated autofocus and image stabilization capabilities. This mount design also lends full compatibility to existing EF and EF-S-mount lenses via an optional EF-EOS R Mount Adapter. 26.2MP Full-Frame CMOS Sensor and DIGIC 8 Image Processor A large 26.2MP full-frame CMOS sensor is featured and serves as an ideal balance between high-resolution output, low-light performance, and high-speed capabilities. When paired with the DIGIC 8 image processor, the EOS RP has a wide native sensitivity range from ISO 100-40000 for working in a variety of lighting conditions. Additionally, continuous shooting up to 5 fps is possible for working with moving subjects. Dual Pixel CMOS AF Dual Pixel CMOS AF offers smooth and fast focusing performance in a similar manner to how a camcorder acquires focus. This system integrates two separate photodiodes within each pixel to provide a broad and dense network phase-detection gathering elements across a majority of the image sensor to reduce focus hunting for faster, more direct control of focus placement. When working with still imagery, this focusing system works to acquire focus quickly and accurately, making it ideally suited to shooting and tracking moving subjects so that critical focus is attained with each shot. When shooting video, a Movie Servo AF mode offers smooth and natural focusing when changing from different subjects or different distances within the scene, as well as the ability to specify tracking sensitivity, AF speed, and Face or Eye Tracking priority. Benefited by the Touch AF system, rack focus is possible simply by touching elements within the scene on the touchscreen in order to change focus in an intuitive manner. Subject tracking in movies is also heightened due to the Dual Pixel CMOS AF system's ability to recognize subjects and maintain focus when working within changing or cluttered scenery. Additionally, the focus system is sensitive down to EV -5 for working in truly low-light conditions with accurate AF capabilities. UHD 4K Video Recording Designed for multimedia image-maker, the EOS RP supports UHD 4K (3840 x 2160) resolution recording at up to 23.98 fps at 120 Mb/s, along with Full HD 1080p and HD 720p at 60 fps for slow motion playback. When recording in-camera, 4K video has 4:2:0 sampling and 8-bit color depth, and 4:2:2 8-bit output is possible when using an external recorder. Audio can be recorded using the on-board stereo microphone or an optional external mic can also be used via the 3.5mm mic jack. Also, 5-axis Dual Sensing IS can be used when recording video to electronically reduce the appearance of camera shake for sharper, smoother recording. Body Design Integrated 2.36m-dot OLED electronic viewfinder affords a bright and clear means for eye-level viewing. Rear 3.0"" 1.04m-dot LCD features a vari-angle design for easier use when working from high, low, and front-facing angles. It is also a touchscreen for intuitive control over shooting, playback, and menu navigation controls. Built-in Wi-Fi and Bluetooth connectivity enable wireless sharing, control, and image transfer with a compatible smart device via the Canon Camera Connect app, which also supports geotagging your files using your mobile device's location data. Covering an impressive wide-angle to super-telephoto range, the RF 24-240mm f/4-6.3 IS USM from Canon is a true all-in-one lens for nearly any shooting situation. Its 10x zoom range is complemented by an Optical Image Stabilizer, which compensates for up to five stops of camera shake to better realize sharp imagery when shooting handheld. Dynamic IS also benefits video recording, and better compensates for footage shot while walking or moving. Benefitting both stills and video is a Nano USM autofocus motor, which delivers quick, quiet, and precise focusing performance. Additionally, the lens also features a unique customizable Control Ring, which can be configured to adjust a variety of exposure settings, including aperture, ISO, and exposure compensation. In The Box Canon EOS RP Mirrorless Digital Camera Canon RF 24-240mm f/4-6.3 IS USM Canon Mount Adapter EF-EOS R LP-E17 Lithium-Ion Battery Pack LC-E17 Charger for LP-E17 Battery Pack R-F-5 Camera Cover ER-EOSRP Strap",https://cdn.shopify.com/s/files/1/0955/2409/4277/files/canon-eos-rp-kit-rf-24-240-with-adapter-11486-p.jpg?v=1756284955,https://cdn.shopify.com/s/files/1/0955/2409/4277/files/canon-eos-rp-kit-rf-24-240-with-adapter-11486-p.jpg?v=1756284955 | https://cdn.shopify.com/s/files/1/0955/2409/4277/files/canon-eos-rp-kit-rf-24-240-with-adapter-_282_29-11486-p.jpg?v=1756284955 | https://cdn.shopify.com/s/files/1/0955/2409/4277/files/canon-eos-rp-kit-rf-24-240-with-adapter-_283_29-11486-p.jpg?v=1756284955 | https://cdn.shopify.com/s/files/1/0955/2409/4277/files/canon-eos-rp-kit-rf-24-240-with-adapter-_284_29-11486-p.jpg?v=1756284955 | https://cdn.shopify.com/s/files/1/0955/2409/4277/files/canon-eos-rp-kit-rf-24-240-with-adapter-_285_29-11486-p.jpg?v=1756284955,2026-05-06T11:42:12+01:00
HDEW Cameras,https://hdewcameras.co.uk,15129595347269,https://hdewcameras.co.uk/products/canon-eos-rp-kit-rf-24-240-no-adapter,Canon EOS RP Kit (RF 24-240) (NO adapter),,02230-00741-00,Camera,"bundles-kits, cameras, canon-mirrorless, mirrorless-cameras, £1000+",CANON,1379.00,,Unknown,,"Impressively small despite having a large full-frame sensor, the Canon EOS RP offers flexible imaging capabilities along with a portable form factor. Featuring a high-resolution 26.2MP full-frame CMOS sensor along with a DIGIC 8 image processor, both stills and UHD 4K video can be recorded using a broad sensitivity range, from ISO 100-40000, to suit working in a variety of lighting conditions. Continuous shooting is also supported at up to 5 fps for photographing moving subjects. The sensor also facilitates an advanced Dual Pixel CMOS AF system, with 4779 selectable on-sensor phase-detection points for quickly and accurately acquiring focus during stills and video operation. Complementing the sensor and processor, the RP also sports a 2.36m-dot OLED electronic viewfinder along with a rear 3.0"" 1.04m-dot vari-angle touchscreen LCD monitor for easier viewing from high and low angles. Additionally, Wi-Fi and Bluetooth allow for wireless remote camera control along with direct image sharing to linked mobile devices. Canon RF Lens Mount The EOS RP features the RF lens mount, which support Canon's line of RF-mount lenses. This mount is characterized by its wide 54mm diameter and short 20mm flange-back distance, which promotes the ability to design lenses that are both faster and smaller than their SLR equivalents. The mount also incorporates a 12-pin electronic contact system for more sophisticated autofocus and image stabilization capabilities. This mount design also lends full compatibility to existing EF and EF-S-mount lenses via an optional EF-EOS R Mount Adapter. 26.2MP Full-Frame CMOS Sensor and DIGIC 8 Image Processor A large 26.2MP full-frame CMOS sensor is featured and serves as an ideal balance between high-resolution output, low-light performance, and high-speed capabilities. When paired with the DIGIC 8 image processor, the EOS RP has a wide native sensitivity range from ISO 100-40000 for working in a variety of lighting conditions. Additionally, continuous shooting up to 5 fps is possible for working with moving subjects. Dual Pixel CMOS AF Dual Pixel CMOS AF offers smooth and fast focusing performance in a similar manner to how a camcorder acquires focus. This system integrates two separate photodiodes within each pixel to provide a broad and dense network phase-detection gathering elements across a majority of the image sensor to reduce focus hunting for faster, more direct control of focus placement. When working with still imagery, this focusing system works to acquire focus quickly and accurately, making it ideally suited to shooting and tracking moving subjects so that critical focus is attained with each shot. When shooting video, a Movie Servo AF mode offers smooth and natural focusing when changing from different subjects or different distances within the scene, as well as the ability to specify tracking sensitivity, AF speed, and Face or Eye Tracking priority. Benefited by the Touch AF system, rack focus is possible simply by touching elements within the scene on the touchscreen in order to change focus in an intuitive manner. Subject tracking in movies is also heightened due to the Dual Pixel CMOS AF system's ability to recognize subjects and maintain focus when working within changing or cluttered scenery. Additionally, the focus system is sensitive down to EV -5 for working in truly low-light conditions with accurate AF capabilities. UHD 4K Video Recording Designed for multimedia image-maker, the EOS RP supports UHD 4K (3840 x 2160) resolution recording at up to 23.98 fps at 120 Mb/s, along with Full HD 1080p and HD 720p at 60 fps for slow motion playback. When recording in-camera, 4K video has 4:2:0 sampling and 8-bit colour depth, and 4:2:2 8-bit output is possible when using an external recorder. Audio can be recorded using the on-board stereo microphone or an optional external mic can also be used via the 3.5mm mic jack. Also, 5-axis Dual Sensing IS can be used when recording video to electronically reduce the appearance of camera shake for sharper, smoother recording. Body Design Integrated 2.36m-dot OLED electronic viewfinder affords a bright and clear means for eye-level viewing. Rear 3.0"" 1.04m-dot LCD features a vari-angle design for easier use when working from high, low, and front-facing angles. It is also a touchscreen for intuitive control over shooting, playback, and menu navigation controls. Built-in Wi-Fi and Bluetooth connectivity enable wireless sharing, control, and image transfer with a compatible smart device via the Canon Camera Connect app, which also supports geotagging your files using your mobile device's location data. Covering an impressive wide-angle to super-telephoto range, the RF 24-240mm f/4-6.3 IS USM from Canon is a true all-in-one lens for nearly any shooting situation. Its 10x zoom range is complemented by an Optical Image Stabiliser, which compensates for up to five stops of camera shake to better realise sharp imagery when shooting handheld. Dynamic IS also benefits video recording, and better compensates for footage shot while walking or moving. Benefitting both stills and video is a Nano USM autofocus motor, which delivers quick, quiet, and precise focusing performance. Additionally, the lens also features a unique customisable Control Ring, which can be configured to adjust a variety of exposure settings, including aperture, ISO, and exposure compensation. In The Box Canon EOS RP Mirrorless Digital Camera Canon RF 24-240mm f/4-6.3 IS USM LP-E17 Lithium-Ion Battery Pack LC-E17 Charger for LP-E17 Battery Pack R-F-5 Camera Cover ER-EOSRP Strap Delivery Address If you wish to pay using your card then unfortunately due to the value of the products we sell we can only send orders to the billing address of your card. However, If you need to have an item delivered to an alternative address to your billing address then we can do this but you would have to select to pay via either Bank Transfer or Amazon Pay. By using Amazon Payments you can select one of your saved address on Amazon for your delivery - we are happy to help over the telephone if you have not used Amazon Payments before or if you are having any problems. We understand this can sometimes be difficult with work commitments, but we will do our best to accommodate your needs. Please note we are unable to accept card payments for orders placed from outside of the UK, the only methods of payment we can accept for orders from outside of the UK would be a bank transfer or Amazon Pay. Shipping Time For UK we normally ship out your order within 3 to 7 working days of receiving your cleared payment. If you require delivery by or before a certain date please call us on 0208 669 5668 and we will do our best to accommodate your needs. Collections Alternatively, if you would rather come and collect from our office, you are more than welcome to. We would just require you to call us first on 0208 669 5668 to place an order with us beforehand to check stock availability, and once your order is ready to collect, our sales team will contact you.",https://cdn.shopify.com/s/files/1/0955/2409/4277/files/canon-eos-rp-kit-rf-24-240-no-adapter-13259-p.jpg?v=1756284924,https://cdn.shopify.com/s/files/1/0955/2409/4277/files/canon-eos-rp-kit-rf-24-240-no-adapter-13259-p.jpg?v=1756284924 | https://cdn.shopify.com/s/files/1/0955/2409/4277/files/canon-eos-rp-kit-rf-24-240-no-adapter-_282_29-13259-p.jpg?v=1756284924 | https://cdn.shopify.com/s/files/1/0955/2409/4277/files/canon-eos-rp-kit-rf-24-240-no-adapter-_283_29-13259-p.jpg?v=1756284924 | https://cdn.shopify.com/s/files/1/0955/2409/4277/files/canon-eos-rp-kit-rf-24-240-no-adapter-_284_29-13259-p.jpg?v=1756284925 | https://cdn.shopify.com/s/files/1/0955/2409/4277/files/canon-eos-rp-kit-rf-24-240-no-adapter-_285_29-13259-p.jpg?v=1756284925,2026-05-06T11:41:40+01:00
HDEW Cameras,https://hdewcameras.co.uk,15129594560837,https://hdewcameras.co.uk/products/canon-eos-rp-kit-rf-24-105-is-stm-with-adapter,Canon EOS RP Kit (RF 24-105 IS STM) with adapter,,02230-00756-00,Camera,"bundles-kits, cameras, canon-mirrorless, mirrorless-cameras, £500+",CANON,899.00,,Unknown,,"3 YEAR CAMERA WARRANTY Impressively small despite having a large full-frame sensor, the Canon EOS RP offers flexible imaging capabilities along with a portable form factor. Featuring a high-resolution 26.2MP full-frame CMOS sensor along with a DIGIC 8 image processor, both stills and UHD 4K video can be recorded using a broad sensitivity range, from ISO 100-40000, to suit working in a variety of lighting conditions. Continuous shooting is also supported at up to 5 fps for photographing moving subjects. The sensor also facilitates an advanced Dual Pixel CMOS AF system, with 4779 selectable on-sensor phase-detection points for quickly and accurately acquiring focus during stills and video operation. Complementing the sensor and processor, the RP also sports a 2.36m-dot OLED electronic viewfinder along with a rear 3.0"" 1.04m-dot vari-angle touchscreen LCD monitor for easier viewing from high and low angles. Additionally, Wi-Fi and Bluetooth allow for wireless remote camera control along with direct image sharing to linked mobile devices. Canon RF Lens Mount The EOS RP features the RF lens mount, which support Canon's line of RF-mount lenses. This mount is characterized by its wide 54mm diameter and short 20mm flange-back distance, which promotes the ability to design lenses that are both faster and smaller than their SLR equivalents. The mount also incorporates a 12-pin electronic contact system for more sophisticated autofocus and image stabilization capabilities. This mount design also lends full compatibility to existing EF and EF-S-mount lenses via an optional EF-EOS R Mount Adapter. 26.2MP Full-Frame CMOS Sensor and DIGIC 8 Image Processor A large 26.2MP full-frame CMOS sensor is featured and serves as an ideal balance between high-resolution output, low-light performance, and high-speed capabilities. When paired with the DIGIC 8 image processor, the EOS RP has a wide native sensitivity range from ISO 100-40000 for working in a variety of lighting conditions. Additionally, continuous shooting up to 5 fps is possible for working with moving subjects. Dual Pixel CMOS AF Dual Pixel CMOS AF offers smooth and fast focusing performance in a similar manner to how a camcorder acquires focus. This system integrates two separate photodiodes within each pixel to provide a broad and dense network phase-detection gathering elements across a majority of the image sensor to reduce focus hunting for faster, more direct control of focus placement. When working with still imagery, this focusing system works to acquire focus quickly and accurately, making it ideally suited to shooting and tracking moving subjects so that critical focus is attained with each shot. When shooting video, a Movie Servo AF mode offers smooth and natural focusing when changing from different subjects or different distances within the scene, as well as the ability to specify tracking sensitivity, AF speed, and Face or Eye Tracking priority. Benefited by the Touch AF system, rack focus is possible simply by touching elements within the scene on the touchscreen in order to change focus in an intuitive manner. Subject tracking in movies is also heightened due to the Dual Pixel CMOS AF system's ability to recognize subjects and maintain focus when working within changing or cluttered scenery. Additionally, the focus system is sensitive down to EV -5 for working in truly low-light conditions with accurate AF capabilities. UHD 4K Video Recording Designed for multimedia image-maker, the EOS RP supports UHD 4K (3840 x 2160) resolution recording at up to 23.98 fps at 120 Mb/s, along with Full HD 1080p and HD 720p at 60 fps for slow motion playback. When recording in-camera, 4K video has 4:2:0 sampling and 8-bit color depth, and 4:2:2 8-bit output is possible when using an external recorder. Audio can be recorded using the on-board stereo microphone or an optional external mic can also be used via the 3.5mm mic jack. Also, 5-axis Dual Sensing IS can be used when recording video to electronically reduce the appearance of camera shake for sharper, smoother recording. Body Design Integrated 2.36m-dot OLED electronic viewfinder affords a bright and clear means for eye-level viewing. Rear 3.0"" 1.04m-dot LCD features a vari-angle design for easier use when working from high, low, and front-facing angles. It is also a touchscreen for intuitive control over shooting, playback, and menu navigation controls. Built-in Wi-Fi and Bluetooth connectivity enable wireless sharing, control, and image transfer with a compatible smart device via the Canon Camera Connect app, which also supports geotagging your files using your mobile device's location data. Sleek and versatile, the Canon RF 24-105mm f/4-7.1 IS STM is a well-rounded zoom covering wide-angle to short telephoto focal lengths to benefit working in a wide variety of conditions. A variable maximum aperture also helps to maintain an impressively compact profile to suit everyday shooting needs. Complementing the flexible design is a unique Center Macro Focus position, which enables working with close-up subjects at a 1:2 maximum magnification ratio, and an Optical Image Stabilizer also helps to achieve sharp imagery by minimizing the appearance of camera shake. Also, an STM motor affords impressively quiet and smooth autofocus performance and full-time manual focus override. Additionally, a configurable Control Ring lets you adjust exposure settings, including ISO, aperture, and exposure compensation, from the lens itself. In The Box Canon EOS RP Mirrorless Digital Camera Canon RF 24-105mm f/4-7.1 IS STM Canon Mount Adapter EF-EOS R LP-E17 Lithium-Ion Battery Pack LC-E17 Charger for LP-E17 Battery Pack R-F-5 Camera Cover ER-EOSRP Strap Canon E-67 II Lens Cap Canon Lens Dust Cap RF",https://cdn.shopify.com/s/files/1/0955/2409/4277/files/canon-eos-rp-kit-rf-24-105-is-stm-with-adapter-12985-p.jpg?v=1756284939,https://cdn.shopify.com/s/files/1/0955/2409/4277/files/canon-eos-rp-kit-rf-24-105-is-stm-with-adapter-12985-p.jpg?v=1756284939 | https://cdn.shopify.com/s/files/1/0955/2409/4277/files/canon-eos-rp-kit-rf-24-105-is-stm-with-adapter-_282_29-12985-p.jpg?v=1756284939 | https://cdn.shopify.com/s/files/1/0955/2409/4277/files/canon-eos-rp-kit-rf-24-105-is-stm-with-adapter-_283_29-12985-p.jpg?v=1756284939 | https://cdn.shopify.com/s/files/1/0955/2409/4277/files/canon-eos-rp-kit-rf-24-105-is-stm-with-adapter-_284_29-12985-p.jpg?v=1756284939 | https://cdn.shopify.com/s/files/1/0955/2409/4277/files/canon-eos-rp-kit-rf-24-105-is-stm-with-adapter-_285_29-12985-p.jpg?v=1756284939,2026-05-06T11:40:50+01:00
HDEW Cameras,https://hdewcameras.co.uk,15129595281733,https://hdewcameras.co.uk/products/canon-eos-rp-kit-rf-24-105-is-stm-no-adapter,Canon EOS RP Kit (RF 24-105 IS STM) (NO adapter),,02230-00757-00,Camera,"bundles-kits, cameras, canon-mirrorless, mirrorless-cameras, £500+",CANON,799.00,,Unknown,,"3 YEAR WARRANTY ON CAMERA Impressively small despite having a large full-frame sensor, the Canon EOS RP offers flexible imaging capabilities along with a portable form factor. Featuring a high-resolution 26.2MP full-frame CMOS sensor along with a DIGIC 8 image processor, both stills and UHD 4K video can be recorded using a broad sensitivity range, from ISO 100-40000, to suit working in a variety of lighting conditions. Continuous shooting is also supported at up to 5 fps for photographing moving subjects. The sensor also facilitates an advanced Dual Pixel CMOS AF system, with 4779 selectable on-sensor phase-detection points for quickly and accurately acquiring focus during stills and video operation. What Memory Card? The Canon EOS RP is compatible with SD/SDHC/SDXC cards - we recommend the Sandisk 128GB Extreme PRO 200MB/s SDXC UHS-I - a fast card at a great price. Complementing the sensor and processor, the RP also sports a 2.36m-dot OLED electronic viewfinder along with a rear 3.0"" 1.04m-dot vari-angle touchscreen LCD monitor for easier viewing from high and low angles. Additionally, Wi-Fi and Bluetooth allow for wireless remote camera control along with direct image sharing to linked mobile devices. Canon RF Lens Mount The EOS RP features the RF lens mount, which support Canon's line of RF-mount lenses. This mount is characterized by its wide 54mm diameter and short 20mm flange-back distance, which promotes the ability to design lenses that are both faster and smaller than their SLR equivalents. The mount also incorporates a 12-pin electronic contact system for more sophisticated autofocus and image stabilization capabilities. This mount design also lends full compatibility to existing EF and EF-S-mount lenses via an optional EF-EOS R Mount Adapter. 26.2MP Full-Frame CMOS Sensor and DIGIC 8 Image Processor A large 26.2MP full-frame CMOS sensor is featured and serves as an ideal balance between high-resolution output, low-light performance, and high-speed capabilities. When paired with the DIGIC 8 image processor, the EOS RP has a wide native sensitivity range from ISO 100-40000 for working in a variety of lighting conditions. Additionally, continuous shooting up to 5 fps is possible for working with moving subjects. Dual Pixel CMOS AF Dual Pixel CMOS AF offers smooth and fast focusing performance in a similar manner to how a camcorder acquires focus. This system integrates two separate photodiodes within each pixel to provide a broad and dense network phase-detection gathering elements across a majority of the image sensor to reduce focus hunting for faster, more direct control of focus placement. When working with still imagery, this focusing system works to acquire focus quickly and accurately, making it ideally suited to shooting and tracking moving subjects so that critical focus is attained with each shot. When shooting video, a Movie Servo AF mode offers smooth and natural focusing when changing from different subjects or different distances within the scene, as well as the ability to specify tracking sensitivity, AF speed, and Face or Eye Tracking priority. Benefited by the Touch AF system, rack focus is possible simply by touching elements within the scene on the touchscreen in order to change focus in an intuitive manner. Subject tracking in movies is also heightened due to the Dual Pixel CMOS AF system's ability to recognize subjects and maintain focus when working within changing or cluttered scenery. Additionally, the focus system is sensitive down to EV -5 for working in truly low-light conditions with accurate AF capabilities. UHD 4K Video Recording Designed for multimedia image-maker, the EOS RP supports UHD 4K (3840 x 2160) resolution recording at up to 23.98 fps at 120 Mb/s, along with Full HD 1080p and HD 720p at 60 fps for slow motion playback. When recording in-camera, 4K video has 4:2:0 sampling and 8-bit color depth, and 4:2:2 8-bit output is possible when using an external recorder. Audio can be recorded using the on-board stereo microphone or an optional external mic can also be used via the 3.5mm mic jack. Also, 5-axis Dual Sensing IS can be used when recording video to electronically reduce the appearance of camera shake for sharper, smoother recording. Body Design Integrated 2.36m-dot OLED electronic viewfinder affords a bright and clear means for eye-level viewing. Rear 3.0"" 1.04m-dot LCD features a vari-angle design for easier use when working from high, low, and front-facing angles. It is also a touchscreen for intuitive control over shooting, playback, and menu navigation controls. Built-in Wi-Fi and Bluetooth connectivity enable wireless sharing, control, and image transfer with a compatible smart device via the Canon Camera Connect app, which also supports geotagging your files using your mobile device's location data. Sleek and versatile, the Canon RF 24-105mm f/4-7.1 IS STM is a well-rounded zoom covering wide-angle to short telephoto focal lengths to benefit working in a wide variety of conditions. A variable maximum aperture also helps to maintain an impressively compact profile to suit everyday shooting needs. Complementing the flexible design is a unique Center Macro Focus position, which enables working with close-up subjects at a 1:2 maximum magnification ratio, and an Optical Image Stabilizer also helps to achieve sharp imagery by minimizing the appearance of camera shake. Also, an STM motor affords impressively quiet and smooth autofocus performance and full-time manual focus override. Additionally, a configurable Control Ring lets you adjust exposure settings, including ISO, aperture, and exposure compensation, from the lens itself. In The Box Canon EOS RP Mirrorless Digital Camera Canon RF 24-105mm f/4-7.1 IS STM LP-E17 Lithium-Ion Battery Pack LC-E17 Charger for LP-E17 Battery Pack R-F-5 Camera Cover ER-EOSRP Strap Canon E-67 II Lens Cap Canon Lens Dust Cap RF",https://cdn.shopify.com/s/files/1/0955/2409/4277/files/canon-eos-rp-kit-rf-24-105-is-stm-no-adapter-13257-p.jpg?v=1756284925,https://cdn.shopify.com/s/files/1/0955/2409/4277/files/canon-eos-rp-kit-rf-24-105-is-stm-no-adapter-13257-p.jpg?v=1756284925 | https://cdn.shopify.com/s/files/1/0955/2409/4277/files/canon-eos-rp-kit-rf-24-105-is-stm-no-adapter-_282_29-13257-p.jpg?v=1756284925 | https://cdn.shopify.com/s/files/1/0955/2409/4277/files/canon-eos-rp-kit-rf-24-105-is-stm-no-adapter-_283_29-13257-p.jpg?v=1756284925 | https://cdn.shopify.com/s/files/1/0955/2409/4277/files/canon-eos-rp-kit-rf-24-105-is-stm-no-adapter-_284_29-13257-p.jpg?v=1756284925 | https://cdn.shopify.com/s/files/1/0955/2409/4277/files/canon-eos-rp-kit-rf-24-105-is-stm-no-adapter-_285_29-13257-p.jpg?v=1756284925,2026-05-06T11:40:23+01:00
HDEW Cameras,https://hdewcameras.co.uk,15129592365381,https://hdewcameras.co.uk/products/canon-eos-rp-body-includes-adapter,Canon EOS RP Body (with adapter),,02230-00713-00,Camera,"body-only, cameras, canon-mirrorless, mirrorless-cameras, £500+",CANON,619.00,,Unknown,,"3 YEAR WARRANTY Impressively small despite having a large full-frame sensor, the Canon EOS RP offers flexible imaging capabilities along with a portable form factor. Featuring a high-resolution 26.2MP full-frame CMOS sensor along with a DIGIC 8 image processor, both stills and UHD 4K video can be recorded using a broad sensitivity range, from ISO 100-40000, to suit working in a variety of lighting conditions. Continuous shooting is also supported at up to 5 fps for photographing moving subjects. The sensor also facilitates an advanced Dual Pixel CMOS AF system, with 4779 selectable on-sensor phase-detection points for quickly and accurately acquiring focus during stills and video operation. Complementing the sensor and processor, the RP also sports a 2.36m-dot OLED electronic viewfinder along with a rear 3.0"" 1.04m-dot vari-angle touchscreen LCD monitor for easier viewing from high and low angles. Additionally, Wi-Fi and Bluetooth allow for wireless remote camera control along with direct image sharing to linked mobile devices. Canon RF Lens Mount The EOS RP features the RF lens mount, which support Canon's line of RF-mount lenses. This mount is characterised by its wide 54mm diameter and short 20mm flange-back distance, which promotes the ability to design lenses that are both faster and smaller than their SLR equivalents. The mount also incorporates a 12-pin electronic contact system for more sophisticated autofocus and image stabilisation capabilities. 26.2MP Full-Frame CMOS Sensor and DIGIC 8 Image Processor A large 26.2MP full-frame CMOS sensor is featured and serves as an ideal balance between high-resolution output, low-light performance, and high-speed capabilities. When paired with the DIGIC 8 image processor, the EOS RP has a wide native sensitivity range from ISO 100-40000 for working in a variety of lighting conditions. Additionally, continuous shooting up to 5 fps is possible for working with moving subjects. Dual Pixel CMOS AF Dual Pixel CMOS AF offers smooth and fast focusing performance in a similar manner to how a camcorder acquires focus. This system integrates two separate photodiodes within each pixel to provide a broad and dense network phase-detection gathering elements across a majority of the image sensor to reduce focus hunting for faster, more direct control of focus placement. When working with still imagery, this focusing system works to acquire focus quickly and accurately, making it ideally suited to shooting and tracking moving subjects so that critical focus is attained with each shot. When shooting video, a Movie Servo AF mode offers smooth and natural focusing when changing from different subjects or different distances within the scene, as well as the ability to specify tracking sensitivity, AF speed, and Face or Eye Tracking priority. Benefited by the Touch AF system, rack focus is possible simply by touching elements within the scene on the touchscreen in order to change focus in an intuitive manner. Subject tracking in movies is also heightened due to the Dual Pixel CMOS AF system's ability to recognize subjects and maintain focus when working within changing or cluttered scenery. Additionally, the focus system is sensitive down to EV -5 for working in truly low-light conditions with accurate AF capabilities. UHD 4K Video Recording Designed for multimedia image-maker, the EOS RP supports UHD 4K (3840 x 2160) resolution recording at up to 23.98 fps at 120 Mb/s, along with Full HD 1080p and HD 720p at 60 fps for slow motion playback. When recording in-camera, 4K video has 4:2:0 sampling and 8-bit color depth, and 4:2:2 8-bit output is possible when using an external recorder. Audio can be recorded using the on-board stereo microphone or an optional external mic can also be used via the 3.5mm mic jack. Also, 5-axis Dual Sensing IS can be used when recording video to electronically reduce the appearance of camera shake for sharper, smoother recording. Body Design Integrated 2.36m-dot OLED electronic viewfinder affords a bright and clear means for eye-level viewing. Rear 3.0"" 1.04m-dot LCD features a vari-angle design for easier use when working from high, low, and front-facing angles. It is also a touchscreen for intuitive control over shooting, playback, and menu navigation controls. Built-in Wi-Fi and Bluetooth connectivity enable wireless sharing, control, and image transfer with a compatible smart device via the Canon Camera Connect app, which also supports geotagging your files using your mobile device's location data. In-camera charging over USB is supported for easier on-the-go charging. Canon EOS RP Mirrorless Digital Camera (Body Only) Adapter LP-E17 Lithium-Ion Battery Pack LC-E17 Charger for LP-E17 Battery Pack R-F-5 Camera Cover ER-EOSRP Strap",https://cdn.shopify.com/s/files/1/0955/2409/4277/files/canon-eos-rp-body-includes-adapter-10436-p.jpg?v=1756284961,https://cdn.shopify.com/s/files/1/0955/2409/4277/files/canon-eos-rp-body-includes-adapter-10436-p.jpg?v=1756284961 | https://cdn.shopify.com/s/files/1/0955/2409/4277/files/canon-eos-rp-body-includes-adapter-_282_29-10436-p.jpg?v=1756284961 | https://cdn.shopify.com/s/files/1/0955/2409/4277/files/canon-eos-rp-body-includes-adapter-_283_29-10436-p.jpg?v=1756284961 | https://cdn.shopify.com/s/files/1/0955/2409/4277/files/canon-eos-rp-body-includes-adapter-_284_29-10436-p.jpg?v=1756284961 | https://cdn.shopify.com/s/files/1/0955/2409/4277/files/canon-eos-rp-body-includes-adapter-_285_29-10436-p.jpg?v=1756284961,2026-05-06T11:39:43+01:00
HDEW Cameras,https://hdewcameras.co.uk,15129595085125,https://hdewcameras.co.uk/products/canon-eos-rp-body-no-adapter,Canon EOS RP Body (NO adapter),,02230-00714-00,Camera,"body-only, cameras, canon-mirrorless, mirrorless-cameras, £500+",CANON,529.00,,Unknown,,"3 YEAR CAMERA WARRANTY Impressively small despite having a large full-frame sensor, the Canon EOS RP offers flexible imaging capabilities along with a portable form factor. Featuring a high-resolution 26.2MP full-frame CMOS sensor along with a DIGIC 8 image processor, both stills and UHD 4K video can be recorded using a broad sensitivity range, from ISO 100-40000, to suit working in a variety of lighting conditions. Continuous shooting is also supported at up to 5 fps for photographing moving subjects. The sensor also facilitates an advanced Dual Pixel CMOS AF system, with 4779 selectable on-sensor phase-detection points for quickly and accurately acquiring focus during stills and video operation. Complementing the sensor and processor, the RP also sports a 2.36m-dot OLED electronic viewfinder along with a rear 3.0"" 1.04m-dot vari-angle touchscreen LCD monitor for easier viewing from high and low angles. Additionally, Wi-Fi and Bluetooth allow for wireless remote camera control along with direct image sharing to linked mobile devices. Canon RF Lens Mount The EOS RP features the RF lens mount, which support Canon's line of RF-mount lenses. This mount is characterized by its wide 54mm diameter and short 20mm flange-back distance, which promotes the ability to design lenses that are both faster and smaller than their SLR equivalents. The mount also incorporates a 12-pin electronic contact system for more sophisticated autofocus and image stabilization capabilities. 26.2MP Full-Frame CMOS Sensor and DIGIC 8 Image Processor A large 26.2MP full-frame CMOS sensor is featured and serves as an ideal balance between high-resolution output, low-light performance, and high-speed capabilities. When paired with the DIGIC 8 image processor, the EOS RP has a wide native sensitivity range from ISO 100-40000 for working in a variety of lighting conditions. Additionally, continuous shooting up to 5 fps is possible for working with moving subjects. Dual Pixel CMOS AF Dual Pixel CMOS AF offers smooth and fast focusing performance in a similar manner to how a camcorder acquires focus. This system integrates two separate photodiodes within each pixel to provide a broad and dense network phase-detection gathering elements across a majority of the image sensor to reduce focus hunting for faster, more direct control of focus placement. When working with still imagery, this focusing system works to acquire focus quickly and accurately, making it ideally suited to shooting and tracking moving subjects so that critical focus is attained with each shot. When shooting video, a Movie Servo AF mode offers smooth and natural focusing when changing from different subjects or different distances within the scene, as well as the ability to specify tracking sensitivity, AF speed, and Face or Eye Tracking priority. Benefited by the Touch AF system, rack focus is possible simply by touching elements within the scene on the touchscreen in order to change focus in an intuitive manner. Subject tracking in movies is also heightened due to the Dual Pixel CMOS AF system's ability to recognize subjects and maintain focus when working within changing or cluttered scenery. Additionally, the focus system is sensitive down to EV -5 for working in truly low-light conditions with accurate AF capabilities. UHD 4K Video Recording Designed for multimedia image-maker, the EOS RP supports UHD 4K (3840 x 2160) resolution recording at up to 23.98 fps at 120 Mb/s, along with Full HD 1080p and HD 720p at 60 fps for slow motion playback. When recording in-camera, 4K video has 4:2:0 sampling and 8-bit color depth, and 4:2:2 8-bit output is possible when using an external recorder. Audio can be recorded using the on-board stereo microphone or an optional external mic can also be used via the 3.5mm mic jack. Also, 5-axis Dual Sensing IS can be used when recording video to electronically reduce the appearance of camera shake for sharper, smoother recording. Body Design Integrated 2.36m-dot OLED electronic viewfinder affords a bright and clear means for eye-level viewing. Rear 3.0"" 1.04m-dot LCD features a vari-angle design for easier use when working from high, low, and front-facing angles. It is also a touchscreen for intuitive control over shooting, playback, and menu navigation controls. Built-in Wi-Fi and Bluetooth connectivity enable wireless sharing, control, and image transfer with a compatible smart device via the Canon Camera Connect app, which also supports geotagging your files using your mobile device's location data. In-camera charging over USB is supported for easier on-the-go charging. Please note this kit does NOT include an adapter In The Box Canon EOS RP Mirrorless Digital Camera (Body Only) LP-E17 Lithium-Ion Battery Pack LC-E17 Charger for LP-E17 Battery Pack R-F-5 Camera Cover ER-EOSRP Strap",https://cdn.shopify.com/s/files/1/0955/2409/4277/files/canon-eos-rp-body-no-adapter-13213-p.jpg?v=1756284928,https://cdn.shopify.com/s/files/1/0955/2409/4277/files/canon-eos-rp-body-no-adapter-13213-p.jpg?v=1756284928 | https://cdn.shopify.com/s/files/1/0955/2409/4277/files/canon-eos-rp-body-no-adapter-_282_29-13213-p.jpg?v=1756284928 | https://cdn.shopify.com/s/files/1/0955/2409/4277/files/canon-eos-rp-body-no-adapter-_283_29-13213-p.jpg?v=1756284928 | https://cdn.shopify.com/s/files/1/0955/2409/4277/files/canon-eos-rp-body-no-adapter-_284_29-13213-p.jpg?v=1756284928 | https://cdn.shopify.com/s/files/1/0955/2409/4277/files/canon-eos-rp-body-no-adapter-_285_29-13213-p.jpg?v=1756284928,2026-05-06T11:39:16+01:00
HDEW Cameras,https://hdewcameras.co.uk,15129588531525,https://hdewcameras.co.uk/products/canon-ef-24-105mm-f4l-is-ii-usm,Canon EF 24-105mm F4L IS II USM,,08230-00157-00,Camera Lenses,"canon, ef-lenses, lenses, standard-zoom, £500+",CANON,729.00,779.00,Unknown,,"1 YEAR WARRANTY This version II of the popular lens makes improvements to image quality through the use of a new optical design with four glass-moulded aspherical elements, which helps to limit vignetting in your images. Also, it uses an Air Sphere Coating to reduce ghosting and flaring. A ring-type Ultrasonic Motor AF system provides fast and accurate autofocus while built-in optical image stabilisation can help compensate for about 4 stops of shutter speed, minimising the effects of camera shake. This lens also offers a zoom lock switch to prevent lens creep when not actively in use as well as an internal focus system. Full-time manual focus override is available for making adjustments regardless of the AF mode. Additionally, it has a rounded 10-blade aperture diaphragm for smooth out of focus elements. As with all L-series lenses, this optic has a dust- and water-resistant construction thanks to numerous seals that prevent intrusion when working in inclement weather. It also uses a fluorine coating on the exposed front and rear elements to help prevent smudges and to make cleaning easier. Offering a versatile zoom range of 24-105mm, this L-series lens is a staple of many shooters' kits. This updated version offers improved image quality, with a notable enhancement in peripheral brightness. Designed for use with full-frame DSLRs, this optic is compatible with APS-C format cameras as well where it will provide a 38.4-168mm equivalent focal length range. Constant f/4 maximum aperture offers consistent performance and light transmission throughout the zoom range. Four glass-molded aspherical elements, including one large-diameter double-sided glass-molded lens, help to minimise distortions throughout the zoom range in order to maintain edge-to-edge sharpness and illumination. An Air Sphere Coating (ASC) has been applied to lens elements to reduce backlit flaring and ghosting for maintained light transmission and high contrast in strong lighting conditions. A ring-type Ultrasonic Motor (USM), along with an internal focusing system, high-speed CPU, and optimised AF algorithms, are employed to deliver fast, precise, and near-silent autofocus performance. Optical image stabilisation minimises the effects of camera shake by compensating for up to 4 stops of shutter speed. Full-time manual focus operation is available for fine-tuning of your focus position when working in the AF mode. Zoom lock prevents lens creep when not in use. A weather-resistant design protects the lens from dust and moisture to enable its use in inclement conditions. Additionally, fluorine coatings have also been applied to the front and rear lens elements for further protection against fingerprints and smudging. Ten rounded diaphragm blades contribute to a pleasing out of focus quality that benefits the use of shallow depth of field and selective focus techniques. What's included: Canon EF 24-105mm f/4L IS II USM Lens E-77 II 77mm Lens Cup Lens Dust Cap E (Rear) Lens Hood",https://cdn.shopify.com/s/files/1/0955/2409/4277/files/canon-ef-24-105mm-f4l-is-ii-usm-5320-p.jpg?v=1756285002,https://cdn.shopify.com/s/files/1/0955/2409/4277/files/canon-ef-24-105mm-f4l-is-ii-usm-5320-p.jpg?v=1756285002 | https://cdn.shopify.com/s/files/1/0955/2409/4277/files/canon-ef-24-105mm-f4l-is-ii-usm-_282_29-5320-p.jpg?v=1756285002 | https://cdn.shopify.com/s/files/1/0955/2409/4277/files/1472132719_IMG_675600.jpg?v=1758205510 | https://cdn.shopify.com/s/files/1/0955/2409/4277/files/1498155432_IMG_818730.jpg?v=1758205511,2026-05-06T11:24:32+01:00
HDEW Cameras,https://hdewcameras.co.uk,15855709094213,https://hdewcameras.co.uk/products/bresser-pluto-114-500-eq-telescope-with-phone-holder,Bresser Pluto 114/500 EQ Telescope with Phone Holder,,226459,Telescope,"portable-devices, Telescope",Bresser,199.00,,Unknown,,"The BRESSER Pluto telescope is the perfect combination of a large Newtonian mirror with a short focal length. The advanced observer who has discovered that light gathering is a more important factor than magnification, will especially appreciate the large 114 mm mirror. Enough light can be reflected into the eyepiece to be able to see even the most distant objects in our solar system at great detail. The equatorial mount lets the user follow the celestial objects with ease and its sturdy tripod supplies the telescope with a solid hold. With the included smartphone camera adapter you can take pictures of your best observations right through the telescope. NEW TO HDEW Features Optical system: Newton reflector Highest practical power: 230x Objective lens diameter: 114 mm Focal length: 500 mm Aperture ratio: f/4.4 Mount: EQ Eyepiece barrel diameter: 31.7 mm (1.25"") Scope of delivery Telescope Equatorial mount Aluminium tripod Eyepieces: 4 mm, 20 mm Smartphone camera adapter LED-viewfinder 3x Barlow lens Accessory tray",https://cdn.shopify.com/s/files/1/0955/2409/4277/files/Bresser_Pluto_HDEW1_82d327de-a030-4973-be6a-8042866e5d5b.jpg?v=1778035968,https://cdn.shopify.com/s/files/1/0955/2409/4277/files/Bresser_Pluto_HDEW1_82d327de-a030-4973-be6a-8042866e5d5b.jpg?v=1778035968 | https://cdn.shopify.com/s/files/1/0955/2409/4277/files/Bresser_Pluto_HDEW2.jpg?v=1778035705 | https://cdn.shopify.com/s/files/1/0955/2409/4277/files/Bresser_Pluto_HDEW3.jpg?v=1778035704 | https://cdn.shopify.com/s/files/1/0955/2409/4277/files/Bresser_Pluto_HDEW4.jpg?v=1778035704,2026-05-06T03:54:04+01:00
HDEW Cameras,https://hdewcameras.co.uk,15855706734917,https://hdewcameras.co.uk/products/bresser-classic-60-900az-entry-level-telescope,Bresser Classic 60/900AZ entry level Telescope,,292658,Telescope,"portable-devices, Telescope",Bresser,79.00,,Unknown,,"Observing the night sky through the BRESSER Classic telescope like Galilieo Galilei or Joseph von Fraunhofer centuries ago is a very special experience. Gaze at the craters of the moon or detect the rings of Saturn with your BRESSER Classic. The telescope is equipped with an alt-azimuth mount and provides exquisite views onto the surface of earth's neighbour, the moon. The sharp optics and low weight of the BRESSER Classic make it a versatile beginner's telescope for the young and young at heart astro amateur. NEW TO HDEW The classical lens system with a diameter of 60mm and a focal length of 900 mm yields excellent image quality. The alt-azimuth mounting with vertical adjustment and rugged aluminium tripod perfectly round off this beginner's set. With the including smartphone camera holder you are able to capture your observation objects and share it with your friends, family etc. The alt-azimuth mount of this refractor telescope ensures an easy and quick introduction to astronomy. This telescope is particularly suited to observing celestial bodies in our solar system such as the moon or the nearer planets. The attached accessories and the astronomy software included mean beginners can rapidly achieve success. The included star map helps to find stars and objects during observation. FEATURES: beginner's set with all necessary accessories to start observing immediately optical system: achromatic refractor alt-azimuth mount astronomy software for an easy start into astronomy even for absolute beginners SCOPE OF DELIVERY: telescope alt-azimuth mount 5x24 viewfinder Erecting lens 1,5x diagonal mirror 1.25"" (31,7 mm) eyepieces 1.25"" (31,7 mm): 4mm, 12,5mm und 20mm aluminium tripod with accessory tray astronomy software (download version) smartphone camera adapter starmap manual",https://cdn.shopify.com/s/files/1/0955/2409/4277/files/Bresser_Classic_HDEW1.jpg?v=1778035316,https://cdn.shopify.com/s/files/1/0955/2409/4277/files/Bresser_Classic_HDEW1.jpg?v=1778035316 | https://cdn.shopify.com/s/files/1/0955/2409/4277/files/Bresser_Classic_HDEW2.jpg?v=1778035316 | https://cdn.shopify.com/s/files/1/0955/2409/4277/files/Bresser_Classic_HDEW3.jpg?v=1778035316,2026-05-06T03:43:07+01:00
HDEW Cameras,https://hdewcameras.co.uk,15855705784645,https://hdewcameras.co.uk/products/bresser-arcturus-60-700-az-beginners-telescope-case,Bresser Arcturus 60/700 AZ Beginners Telescope & case,,226410,Telescope,"portable-devices, Telescope",Bresser,69.00,,Unknown,,"The Arcturus refracting telescope is a great way for beginners to start with astronomy at a low cost. The hard case is a good option for storage and a perfect way to carry the telescope when you travel. The included compass helps you easily find the directions. The set also contains a useful moon map with the most important features of our moon. NEW TO HDEW Features For: Earth observation, Moon, planets, bright Deep Sky objects Level: ideal for beginners and families with children Optical system: Fraunhofer achromatic Max. useful magnification: 120x Objective lens diameter: 60 mm Focal length: 700 mm Aperture ratio: f/11.7 Mount: azimuthal Eyepiece diameter: 31.7 mm (1.25"") Total weight: 2 kg Tube and tripod made of aluminium Included in the box Telescope Eyepieces: SR-4 mm, H-12.5 mm, H-20 mm Finderscope: 5x24 Aluminium tripod Zenith mirror Accessory tray Hard case Compass Moon map",https://cdn.shopify.com/s/files/1/0955/2409/4277/files/Bresser_Arcturus_HDEW1.jpg?v=1778034915,https://cdn.shopify.com/s/files/1/0955/2409/4277/files/Bresser_Arcturus_HDEW1.jpg?v=1778034915 | https://cdn.shopify.com/s/files/1/0955/2409/4277/files/Bresser_Arcturus_HDEW2.jpg?v=1778034915 | https://cdn.shopify.com/s/files/1/0955/2409/4277/files/Bresser_Arcturus_HDEW3.jpg?v=1778034915,2026-05-06T03:37:08+01:00
HDEW Cameras,https://hdewcameras.co.uk,15855073132869,https://hdewcameras.co.uk/products/blackmagic-design-pyxis-monitor-evf-kit,Blackmagic Design Pyxis Monitor EVF Kit,,114650,Camera Accessory,"blackmagic, photo-video-accessories, studio-equipment, video-accessories",Blackmagic,589.00,,Unknown,,"Blackmagic PYXIS Monitor is a versatile 5-inch HDR touchscreen monitor with full camera control that can be mounted almost anywhere. Blackmagic PYXIS Monitor EVF Kit contains the monitor, foldable sunshade, locking USB cable, PYXIS Mounts and URSA Cine EVF mounts to attach the monitor to Blackmagic PYXIS and Blackmagic URSA Cine cameras. Blackmagic PYXIS Monitor EVF Kit includes everything needed to use the PYXIS Monitor as an electronic viewfinder. Features: Display size: 5 inch (12.7 cm) Display resolution: 1920 x 1080 Full HD Display type: Capacitive LCD touchscreen Display brightness: 1500 nits Frame rates: Up to 60fps. Tally: Rear-facing LED indicator light Accelerometer: Automatically rotates image when the monitor is mounted upside down Power supply via USB-C Operating temperature: 0 to 40 °C (32 to 104 °F) Connections: USB-C with locking connector for video, power, data and software updates. Controls Frame rate, shutter, aperture, time code, ISO, white balance, colour tone, power, recording start/stop, media, audio, focus zoom, digital panel and camera menus Button control Contains assignable functions F1, F2, F3 buttons to recall preset parameters or toggle functions Mounting points: 1 x 1/4-20 bottom mounting point with ARRI lacating pin pattern 2 x M4 bottom mounting points 1 x 1/4-20 side mounting point with ARRI locating pin pattern 2 x M4 side mounting points Mounting brackets Blackmagic PYXIS Monitor Swivel Mount ‑ included in EVF Kit Blackmagic PYXIS Monitor Fixed Mount ‑ included in EVF Kit Blackmagic PYXIS Monitor Dovetail Shoe ‑ included in EVF Kit Blackmagic URSA Cine EVF Bracket ‑ included in EVF Kit Compatible cameras Blackmagic PYXIS 6K Blackmagic PYXIS 6K PL Blackmagic PYXIS 6K EF Blackmagic URSA Cine 12K LF Blackmagic URSA Cine 17K 65 Operating Systems Mac 13.0 Ventura Mac 14.0 Sonoma or later Windows 10 and 11 Included: Blackmagic PYXIS Monitor Blackmagic PYXIS Clip-On Sunshade Blackmagic PYXIS Monitor Swivel Mount Blackmagic PYXIS Monitor Fixed Mount and screws Blackmagic PYXIS Monitor Dovetail Shoe and screws Blackmagic URSA Cine EVF Rotating bracket with 19mm carbon fibre rod 2 x short 15mm carbon fibre rods 1 x long USB‑C Viewfinder Cable 1 x short USB‑C Viewfinder Cable",https://cdn.shopify.com/s/files/1/0955/2409/4277/files/default-2026-05-05T150705.897.jpg?v=1777990046,https://cdn.shopify.com/s/files/1/0955/2409/4277/files/default-2026-05-05T150705.897.jpg?v=1777990046 | https://cdn.shopify.com/s/files/1/0955/2409/4277/files/default-2026-05-05T150711.051.jpg?v=1777990046 | https://cdn.shopify.com/s/files/1/0955/2409/4277/files/51afDjvI-sL._AC_UF1000_1000_QL80.jpg?v=1777990045,2026-05-05T15:11:11+01:00
HDEW Cameras,https://hdewcameras.co.uk,15578452492613,https://hdewcameras.co.uk/products/apple-watch-ultra-3-39mm-cellular-black-titanium-band-with-terracotta-alpine-loop,Apple Watch Ultra 3 49mm Cellular Black Titanium Case with Terracotta Alpine Loop,,51350-00499-00,Smart Watches,"apple, Smart Watch, Wearable",Apple,749.00,0.00,Unknown,,"Next Level Training with the Apple Watch Ultra 3. Your ultimate running companion with advanced metrics, training load and the best GPS in a sports watch. Running | Optimise every stride. Calling all runners. Apple Watch Ultra 3 has everything you need to train smarter and reach your personal best. Powerful features like precision dual-frequency GPS, advanced metrics, Custom Workouts and new Workout Buddy help you ace your pace. Hit the ground running with the Action button. It's customisable and gives you quick control over a variety of functions, so you can do things like control a workout, move to your next interval, mark a segment and more. All with extreme precision. All you need is your watch. Ultra 3 has mobile connectivity built in, so you can stay better connected on the go. With a carrier plan, you can keep in touch almost anywhere, even if you've left your iPhone behind to go for a run. Advance with advanced metrics. Track your progress with metrics like running power and cadence. And if you create a Custom Workout on your watch or iPhone, you can add work and recovery intervals, set a pace for outdoor workouts and more. You can even get an estimate of your VO2 max after your run. Track your training load. Helpful insights from training load show the impact your workouts have on your body over time, so it's easier to plan when to push and when to rest - especially useful when you're training for your next big event. A battery built for stamina. Apple Watch Ultra 3 is engineered to give you even longer battery life - so you can go further and wider than ever before. When you do need to power up, you can fast-charge in just 15 minutes for up to 12 hours of normal use. On the go | Satellite communications. Up and running. Now when you're off the grid without mobile connectivity or Wi-Fi, Ultra 3 can help you stay connected using built-in satellite communications.1 So if you need critical help, you can contact emergency services via satellite - straight from your wrist. Get help with Emergency SOS via satellite. With a few simple taps, Ultra 3 can gather critical information, connect you to a satellite and reach out to emergency services, so you can get the assistance you need as quickly as possible. Be found with Find My. Use Find My to share your location via satellite so friends and family know where you are. Before you go off grid, add the contacts you plan to share your location with using your paired iPhone or Ultra 3. More sports | All-round champion. Apple Watch Ultra 3 ups your game in every sport. When you're cycling, it actively monitors your speed and efficiency so you can see your progress in real time. And in the water, it can track your sets as you swim, automatically detect stroke patterns and calculate your total distance. Time to clock your best. Find your Power Zones. Connect your personal power meter to Ultra 3 to estimate your Functional Threshold Power (FTP), the highest level of intensity theoretically maintainable for an hour. Your FTP enables Power Zones to show your current power, time in a zone and average power. Watch your cycling metrics on your iPhone. When you start a cycling workout on Ultra 3, it automatically shows up as a Live Activity on your iPhone - making it easier to see and safer when it's mounted on your handlebars.",https://cdn.shopify.com/s/files/1/0955/2409/4277/files/Apple_Watch_Ultra3_Black-Ocean_HDEW3.jpg?v=1765509271,https://cdn.shopify.com/s/files/1/0955/2409/4277/files/Apple_Watch_Ultra3_Black-Ocean_HDEW3.jpg?v=1765509271 | https://cdn.shopify.com/s/files/1/0955/2409/4277/files/Apple_Watch_Ultra3_Natural-Ocean_HDEW4.jpg?v=1765509122,2026-05-05T05:54:11+01:00
HDEW Cameras,https://hdewcameras.co.uk,15578438992197,https://hdewcameras.co.uk/products/apple-watch-11-silver-46mm-aluminium-case-m-l-with-purple-fog-sport-band,Apple Watch 11 Silver 46mm aluminium case (M/L) with Purple Fog Sport Band,,51350-00498-00,Apple Watch,"apple-watch, Gift Idea, Smart Watch, sport-fitness, sports-outdoor, Wearable",APPLE,399.00,,Unknown,,"Apple Watch Series 11 | The ultimate way to watch your health. | Take a closer look. | Health | Know your body by heart. The more insights you have, the more empowered you are to take action. From the ECG app to the Vitals app and more, Apple Watch Series 11 provides a bigger picture of your health, so you can stay informed. More features to empower your health. | Wake up to your sleep score. Sleep quality is influenced by factors such as sleep duration, bedtime consistency, how often you wake up and time spent in each sleep stage. Sleep score analyses these factors every night and provides a classification and a score. You'll see how the score is calculated, so you can understand the quality of your sleep and learn how to make it more restorative. Keep an eye on sleep apnoea. Sleep apnoea is a condition where people experience repeated interruptions in their regular respiratory pattern during sleep. if untreated, sleep apnoea can have important consequences on your health. Series 11 can monitor for breathing disturbances over time and notify you of possible sleep apnoea. The Vitals app. Your daily health status, stat. Quickly see your overnight health data - including heart rate, respiratory rate, wrist temperature, blood oxygen and sleep duration - and get notified if multiple metrics are ever outside your typical range. Follow your heart on the ECG app. With Series 11 you can check for signs of atrial fibrillation, or AFib, from your wrist by using the ECG app to generate a single-lead electrocardiogram. Stay on the pulse with the Heart Rate app . You can check your heart rate at any time - and get automatic notifications for a high or low heart rate or an irregular rhythm. Cycle Tracking keeps you in the loop. Since cycles vary, the best way to understand what's normal for you is by tracking your menstrual cycle. You can use Cycle Tracking to log your period, record symptoms, and get predictions about your next period or fertile window.11 It can also notify you if a cycle deviation is detected. Get retrospective ovulation estimates. Series 11 has advanced sensors that track your wrist temperature while you sleep.5 The Cycle Tracking app uses this data to provide a retrospective estimate of when you likely ovulated, which can be helpful for family planning. Measure your blood oxygen. It's a breathtaking innovation. The sensor and app in Apple Watch Series 11 allow you to take on-demand readings of your blood oxygen as well as background readings, day and night. Fitness | Better by every measure. Whether you're training for a marathon or swimming laps, Apple Watch Series 11 serves up endless ways to work out. And it uses helpful metrics to count every move, so you know how to push harder and train smarter. Let's go - the starting line is on your wrist. A refreshed Workout app. An improved layout highlights four new corner buttons, making it even quicker to access your go-to features like Pacer, Race Route and Custom Workout. Run circles around your Activity rings. Move. Exercise. Stand. The Activity app can track your daily activity. You can easily pause your rings or adjust your goals for each day of the week.",https://cdn.shopify.com/s/files/1/0955/2409/4277/files/Apple_Watch_11_Silver-PurpleFog_HDEW1.jpg?v=1763526104,https://cdn.shopify.com/s/files/1/0955/2409/4277/files/Apple_Watch_11_Silver-PurpleFog_HDEW1.jpg?v=1763526104 | https://cdn.shopify.com/s/files/1/0955/2409/4277/files/Apple_Watch_11_Silver-PurpleFog_HDEW2.jpg?v=1763526104,2026-05-05T05:51:48+01:00
HDEW Cameras,https://hdewcameras.co.uk,15854065025349,https://hdewcameras.co.uk/products/apple-watch-se3-starlight-case-sport-band-m-l-40mm,Apple Watch SE3 Starlight Case & Sport Band (M/L) 40mm,,51350-00459-00,Apple Watch,"apple-watch, Gift Idea, Smart Watch",APPLE,219.00,0.00,Unknown,,"Get meaningful insights about your health just by wearing your Apple Watch SE 3. A new wrist temperature sensor enables deeper insights in the Vitals app and retrospective ovulation estimates in the Cycle Tracking app. You'll also receive a daily sleep score and possible sleep apnoea notifications. It's never been easier to live in the know. Track your daily health status in the Vitals app. Quickly see your overnight health data on your wrist - including heart rate, respiratory rate, wrist temperature and sleep duration - and get notified if your metrics are ever outside your typical range. Get retrospective ovulation estimates. SE 3 has advanced sensors that can track your wrist temperature while you sleep. The Cycle Tracking app uses this data to provide a retrospective estimate of when you likely ovulated, which can be helpful for family planning. Know your sleep score. Sleep quality is influenced by factors such as sleep duration, bedtime consistency, how often you wake up and time spent in each sleep stage. Sleep score analyses these factors every night and provides a classification and a score. You'll see how the score is calculated, so you can understand the quality of your sleep and learn how to make it more restorative. Make every move count. From running to riding your bike, tennis to tai chi, Apple Watch SE 3 gives you a healthy number of ways to track your workouts. With real-time metrics and new personalised fitness encouragement, it will motivate you to hit your goals like never before. Close your Activity rings. Track your daily Move, Exercise and Stand goals with Activity rings. Earn awards and share progress with your community for some friendly competition. And pause or adjust your Activity rings at any time in the Activity app. A more powerful Workout app. An improved layout provides four new corner buttons, making it even quicker to access your go-to features such as media, Workout Views, and experiences like Pacer or Custom Workouts. Hit the ground running. Apple Watch SE 3 is your perfect running partner. Using built-in GPS and advanced sensors, it can help you track your distance, pace and heart rate - and it provides all the metrics you could want so you can keep your fitness goals on track. Meet your new Workout Buddy. With Apple Intelligence from your nearby iPhone, Workout Buddy delivers personalised audible motivation based on your workout data and fitness history - so every pep talk feels truly personal. As always, your data stays private. Move it. Groove it. Feel the burn with just the right beats. Let Apple Music pick the perfect playlist based on your workout and music preferences - or choose a playlist or podcast on your own. So much to love | A wristful of wonderful. The S10 chip - the same epic chip that runs Apple Watch Series 11 and Ultra 3 - comes to SE 3, giving you all-new superpowers. Now the Always-On display shows the information you want at a glance, without raising your wrist. And intuitive gestures, like double tap and wrist flick, make your watch even easier to control with just one hand when you're holding a coffee or carrying the shopping. Just ask Siri. Now your favourite - and most private - digital assistant lives on your device and can handle helpful tasks without Wi-Fi or mobile network connection. Get to it with gestures. Wrist flick lets you perform an action, like dismissing a notification, just by quickly turning your wrist over and back. And with double tap, you can answer a call, respond to a message, scroll through your Smart Stack and more. Abracadabra.",https://cdn.shopify.com/s/files/1/0955/2409/4277/files/Apple_Watch_SE3_40mm_Starlight_HDEW1.jpg?v=1762222479,https://cdn.shopify.com/s/files/1/0955/2409/4277/files/Apple_Watch_SE3_40mm_Starlight_HDEW1.jpg?v=1762222479 | https://cdn.shopify.com/s/files/1/0955/2409/4277/files/Apple_Watch_SE3_40mm_Starlight_HDEW2.jpg?v=1762222479 | https://cdn.shopify.com/s/files/1/0955/2409/4277/files/Apple-WatchSE3_Starlight_HDEW3.jpg?v=1765497913 | https://cdn.shopify.com/s/files/1/0955/2409/4277/files/Apple-WatchSE3_Starlight_HDEW4.jpg?v=1765497913 | https://cdn.shopify.com/s/files/1/0955/2409/4277/files/Apple-WatchSE3_Starlight_HDEW5.jpg?v=1765497913 | https://cdn.shopify.com/s/files/1/0955/2409/4277/files/Apple-WatchSE3_Starlight_HDEW6.jpg?v=1765497913,2026-05-05T05:24:51+01:00
HDEW Cameras,https://hdewcameras.co.uk,15712232440133,https://hdewcameras.co.uk/products/jmgo-n1s-tri-laser-full-hd-home-theatre-projector,JMGO N1S Tri-Laser Full HD Home Theatre Projector,,170160,Portable Projector,"Home Theatre, portable-devices, projectors",JMGO,869.00,,Unknown,,"The N1S uses MALC triple laser optics, which combines three colour-intensive laser beams (red, green, blue). This technology produces a native Full HD resolution (1920x1080) with an enormous colour depth of 10 bits and covers over 110% of the BT.2020 colour space. This enables vivid colours, high colour accuracy (ΔE < 1) and more than 1.07 billion colours. A special feature is the integrated gimbal design: the projector can be swivelled 360° horizontally and 135° vertically - simply place it with one hand on any flat surface - table, floor or ceiling. The automatic keystone correction adjusts the image instantly, complemented by functions such as autofocus, for an instantly optimised image. The N1S is pre-installed with Google TV - including Netflix, access to over 10,000 apps and Chromecast built-in. This turns the projector into an all-in-one smart TV solution, without the need for external streaming sticks. The device delivers impressive sound in a compact design: Proven Dolby Audio or DTS, combined with JMGO's Master Sound tuning and dual speakers (5 watts each). With a laser life of up to 30,000 hours and a noise level of less than 26 dB, the N1S is suitable for extended film evenings. Features: Application areas: Home cinema Living room Mobile presentation Triple laser technology (red/green/blue) - native 1080p, 10-bit, 1.07 billion colours Projection technology: DLP Light source: laser Native aspect ratio: 16:9 Image brightness: 850 ISO lumens Projection ratio: 1.2:1 Minimum screen diagonal: 40 inches / 1.016 m Maximum screen diagonal: 200 inches / 5.08 m 1x 3.5 mm audio output, 1x HDMI with ARC, 2x USB-A 2. 0 / network (RJ 45) Connectivity: wireless transmission, Bluetooth 5.1, WLAN 802.11a/b/g/n/ac, Miracast, Google Chromecast Integrated High Dynamic Range (HDR) Integrated speakers (2x 5 watts)",https://cdn.shopify.com/s/files/1/0955/2409/4277/files/JMGO_N1S_Projector_HDEW2.jpg?v=1772089597,https://cdn.shopify.com/s/files/1/0955/2409/4277/files/JMGO_N1S_Projector_HDEW2.jpg?v=1772089597 | https://cdn.shopify.com/s/files/1/0955/2409/4277/files/JMGO_N1S_Projector_HDEW1.jpg?v=1772089597 | https://cdn.shopify.com/s/files/1/0955/2409/4277/files/JMGO_N1S_Projector_HDEW6.jpg?v=1772089597 | https://cdn.shopify.com/s/files/1/0955/2409/4277/files/JMGO_N1S_Projector_HDEW5.jpg?v=1772089597 | https://cdn.shopify.com/s/files/1/0955/2409/4277/files/JMGO_N1S_Projector_HDEW4.jpg?v=1772089597 | https://cdn.shopify.com/s/files/1/0955/2409/4277/files/JMGO_N1S_Projector_HDEW3.jpg?v=1772089597,2026-05-05T04:48:40+01:00
HDEW Cameras,https://hdewcameras.co.uk,15324685205829,https://hdewcameras.co.uk/products/asus-vp279he-27-inch-fhd-eye-care-monitor,Asus VP279HE 27-inch FHD Eye Care Monitor,,658541,Monitor,"27"" Monitor, computing",ASUS,139.00,,Unknown,,"ASUS VP279HE Eye Care Monitor – 27 inch, FHD (Full HD 1920 x 1080), IPS, Frameless, 75Hz, Adaptive-Sync/FreeSync™, HDMI, Low Blue Light, Flicker Free, Wall Mountable 27-inch Full HD (1920 x 1080) LED backlight display with IPS 178° wide viewing angle panel Up to 75Hz refresh rate with Adaptive-Sync/FreeSync™ technology to eliminate tracing and ensure crisp and clear video playback Extensive connectivity including HDMI and D-sub ports. ASUS Eye Care monitors feature Flicker-free and Low Blue Light technologies to ensure a comfortable viewing experience Screen diagonal: 69 cm / 27 inch Resolution: Full HD 1920 x 1080 pixels Matt display Brightness: 250 cd/m² Horizontal/vertical viewing angle: 178°/178 AMD FreeSync technology Flicker-Fre technology Low-Blue-Light technology Asus GamePlus Connections: 1x HDMI (1.4), 1x VGA, headphones",https://cdn.shopify.com/s/files/1/0955/2409/4277/files/Asus_VP279HE_HDEW1.jpg?v=1759032123,https://cdn.shopify.com/s/files/1/0955/2409/4277/files/Asus_VP279HE_HDEW1.jpg?v=1759032123 | https://cdn.shopify.com/s/files/1/0955/2409/4277/files/Asus_VP279HE_HDEW3.jpg?v=1759032123 | https://cdn.shopify.com/s/files/1/0955/2409/4277/files/Asus_VP279HE_HDEW2.jpg?v=1759032123 | https://cdn.shopify.com/s/files/1/0955/2409/4277/files/Asus_VP279HE_HDEW4.jpg?v=1759032123,2026-05-03T14:15:25+01:00
HDEW Cameras,https://hdewcameras.co.uk,15129596035397,https://hdewcameras.co.uk/products/sandisk-64gb-extreme-pro-cfexpress-type-b-1500m-s,SanDisk CF Express Type 2 64GB Extreme Pro,,722381,Memory Card,"compact-flash, memory-storage, photo-video-accessories, sandisk",Sandisk,109.00,,Unknown,,"Designed to deliver speeds necessary for working with smooth, raw 4K video captures at resolutions up to 4096 x 2160, the 64GB Extreme PRO CFexpress Card Type B from SanDisk provides read speeds of up to 1500 MB/s and write speeds of up to 800 MB/s, which enables low latency during high-speed recording and an enhanced workflow efficiency. This card is also backward compatible with select XQD cameras that adopt firmware to enable CFexpress. In the event of accidental file deletion, SanDisk's RescuePRO Deluxe data recover software is available as a free download.",https://cdn.shopify.com/s/files/1/0955/2409/4277/files/sandisk-64gb-extreme-pro-cfexpress-type-b-1500m-s-13336-p.jpg?v=1756284920,https://cdn.shopify.com/s/files/1/0955/2409/4277/files/sandisk-64gb-extreme-pro-cfexpress-type-b-1500m-s-13336-p.jpg?v=1756284920,2026-05-03T08:27:46+01:00
HDEW Cameras,https://hdewcameras.co.uk,15845870305605,https://hdewcameras.co.uk/products/om-system-chs-09-float-strap-open-box,OM System CHS-09 Float Strap (Open Box),,881449_OB,Camera Accessory,"olympus, om-system-tg-accessories, open-box-models, photo-video-accessories",OLYMPUS,16.00,,Unknown,,1 OPEN BOX UNIT - AS NEW CONDITION OPENED BUT NEVER USED RETURNED AS CUSTOMER CHANGED MIND The red CHS-09 Floating Wrist Strap from Olympus keeps your Tough-Series camera safe when you're shooting in the water. The gentle positive buoyancy of the strap allows you to take steady underwater pictures without your hand being forced to the surface. The strap is adjustable for the perfect fit on your wrist or arm and the carabiner loop attaches to your life jacket or scuba gear.,https://cdn.shopify.com/s/files/1/0955/2409/4277/files/om-system-chs-09-float-strap-21665-p_40160356-1658-4569-bcb0-3442170d3234.jpg?v=1777542575,https://cdn.shopify.com/s/files/1/0955/2409/4277/files/om-system-chs-09-float-strap-21665-p_40160356-1658-4569-bcb0-3442170d3234.jpg?v=1777542575 | https://cdn.shopify.com/s/files/1/0955/2409/4277/files/IMG_9667_1.jpg?v=1777643586 | https://cdn.shopify.com/s/files/1/0955/2409/4277/files/IMG_9668_1_51e67dbe-ad52-48f4-92be-a7e7156d1ffd.jpg?v=1777643585 | https://cdn.shopify.com/s/files/1/0955/2409/4277/files/IMG_9670_1.jpg?v=1777643588 | https://cdn.shopify.com/s/files/1/0955/2409/4277/files/IMG_9671_1_4d2d283e-e1b9-4c84-bed0-7b02cba36839.jpg?v=1777643593,2026-04-30T10:53:57+01:00
HDEW Cameras,https://hdewcameras.co.uk,15844313137477,https://hdewcameras.co.uk/products/sandisk-ultra-dual-drivego-1tb-usb-type-c-flash-sdddc3-1t00-g46,SanDisk Ultra Dual DriveGo 1TB USB Type C Flash SDDDC3-1T00-G46,,136126,Storage,"memory-storage, sandisk",Sandisk,140.00,,Unknown,,Features: Capacity: 1 TB Easy attachment to key ring thanks to eyelet Rotatable design for even more protection Connections: 1x USB-C 3.2 Gen 1 1x USB-A 3.2 Gen 1 Sequential reading: 400 MB/s Dimensions (L x W x H): 44.45 x 12.19 x 8.64 mm Weight: 6.5 g,https://cdn.shopify.com/s/files/1/0955/2409/4277/files/default-2026-04-29T125209.511.jpg?v=1777463542,https://cdn.shopify.com/s/files/1/0955/2409/4277/files/default-2026-04-29T125209.511.jpg?v=1777463542,2026-04-29T12:53:49+01:00
HDEW Cameras,https://hdewcameras.co.uk,15844304355653,https://hdewcameras.co.uk/products/sandisk-cruzer-ultra-fit-1tb-usb-3-2-sdcz430-1t00-g46,SanDisk Cruzer Ultra Fit 1TB USB 3.2 SDCZ430-1T00-G46,,136371,Storage,"memory-storage, sandisk",Sandisk,170.00,,Unknown,,Features: Capacity: 1 TB Sequential read: up to 400 MB/s Interface: 1x USB-A 3.2 Gen 1 Dimensions (L x W x H): 29.8 x 14.3 x 5 mm Weight: 1.28 g,https://cdn.shopify.com/s/files/1/0955/2409/4277/files/default-2026-04-29T124506.707.jpg?v=1777463119,https://cdn.shopify.com/s/files/1/0955/2409/4277/files/default-2026-04-29T124506.707.jpg?v=1777463119,2026-04-29T12:49:34+01:00
HDEW Cameras,https://hdewcameras.co.uk,15129616056645,https://hdewcameras.co.uk/products/sandisk-extreme-portable-ssd-1tb-1050mb-s,SanDisk Extreme Portable SSD 1TB 1050MB/s,,721982,Hard Drive,"computing, sandisk, storage",Sandisk,189.00,,Unknown,,"The SanDisk Extreme PRO Portable SSD is a robust, reliable storage solution with high SSD performance. Features: Capacity: 1 TB IP-55 water and dust protection Practical snap hook to attach to your belt or backpack Interface: 2x USB 3.2 Gen 2 Compatibility: USB 3.2 Gen 2x2 (20 Gbit/s), USB 3.0, USB 2.0 Dimensions (L X W X H): 110.26 x 57.34 x 10.22 mm Sequential read: Up to 1050MB/s Sequential writing: Up to 1000MB/s USB-C to USB-C cable USB-C to USB-A cable What's in the box? SanDisk Extreme Pro Portable SSD 2TB 1050MB/s 3 Year SanDisk Warranty Shipping Time For UK we normally ship out your order within 3 to 5 working days of receiving your cleared payment. If you require delivery by or before a certain date please call us on 02086695668 and we will do our best to accommodate your needs. Shipping insurance is included in the cost of delivery. The following table is a guide to shipping times for orders: UK Ireland Rest of Europe Royal Mail / DPD Royal Mail / DPD N/A 3-5 Working days from Payment Processing 3-7 Working days from Payment Processing N/A Collections Alternatively, if you would rather come and collect from our office, you are more than welcome to. We would just require you to call us first on 02086695668 to place an order with us beforehand to check stock availability, and once your order is ready to collect, our sales team will contact you.",https://cdn.shopify.com/s/files/1/0955/2409/4277/files/sandisk-extreme-portable-ssd-1tb-1050mb-s-18481-p.jpg?v=1756969222,https://cdn.shopify.com/s/files/1/0955/2409/4277/files/sandisk-extreme-portable-ssd-1tb-1050mb-s-18481-p.jpg?v=1756969222,2026-04-29T11:30:48+01:00
HDEW Cameras,https://hdewcameras.co.uk,15841598177605,https://hdewcameras.co.uk/products/apple-airpods-max-2-blue,Apple AirPods Max 2 Blue,,52352-00142-00,Headphones,"apple, apple-airpods, Gift Idea",Apple,549.00,0.00,Unknown,,"AirPods Max 2. With up to 1.5x more Active Noise Cancellation than the previous generation and improved high-fidelity audio — it’s the ultimate over-ear listening experience. ULTIMATE OVER-EAR LISTENING EXPERIENCE — Powered by the H2 chip, AirPods Max 2 delivers improved high-fidelity audio with deep bass, expansive mids and crisp highs for an unparalleled listening experience. TUNE OUT THE NOISE — Up to 1.5x more Active Noise Cancellation than the previous generation, fully immersing you in every sound. HEAR THE WORLD AROUND YOU — Adaptive Audio automatically adjusts noise cancellation levels to suit your environment. Conversation Awareness lowers the volume of what’s playing to make it easy to talk to those around you. And Transparency lets outside sounds in so you can interact with your surroundings. PERSONALISED SPATIAL AUDIO — With sound tuned to your unique ear shape and dynamic head tracking, AirPods Max 2 delivers an immersive listening experience that surrounds you with cinema-like sound. COMMUNICATE ACROSS LANGUAGES — Simply press and hold the listening mode button to activate Live Translation powered by Apple Intelligence, which automatically translates the language someone is speaking into your preferred language. ACOUSTIC-FIRST DESIGN — Designed with a breathable knit-mesh canopy, memory foam and custom-designed textile ear cushions, and telescoping arms for an exceptional over-ear fit. Available in five vibrant colours. LOSSLESS AUDIO WITH USB-C — Experience every detail of the original recording when connecting AirPods Max 2 to your device via USB-C. And you can charge your AirPods Max 2 with the same cable you use to charge your other Apple devices. ALL-DAY BATTERY LIFE — Up to 20 hours of listening or movie watching on a single charge with Active Noise Cancellation and Spatial Audio enabled.",https://cdn.shopify.com/s/files/1/0955/2409/4277/files/Airpods_Max2_Blue_HDEW1.jpg?v=1777341307,https://cdn.shopify.com/s/files/1/0955/2409/4277/files/Airpods_Max2_Blue_HDEW1.jpg?v=1777341307 | https://cdn.shopify.com/s/files/1/0955/2409/4277/files/Airpods_Max2_Blue_HDEW2.jpg?v=1777341307 | https://cdn.shopify.com/s/files/1/0955/2409/4277/files/Airpods_Max2_Gen-HDEW1.jpg?v=1776744112 | https://cdn.shopify.com/s/files/1/0955/2409/4277/files/Airpods_Max2_Blue_HDEW3.jpg?v=1777341306 | https://cdn.shopify.com/s/files/1/0955/2409/4277/files/Airpods_Max2_Gen-HDEW3.jpg?v=1776744112 | https://cdn.shopify.com/s/files/1/0955/2409/4277/files/Airpods_Max2_Midnight_HDEW4.jpg?v=1776744112 | https://cdn.shopify.com/s/files/1/0955/2409/4277/files/Airpods_Max2_Midnight_HDEW5.jpg?v=1776744112 | https://cdn.shopify.com/s/files/1/0955/2409/4277/files/Airpods_Max2_Gen-HDEW1_655f4c03-79c1-4fc3-819e-c725f362f99b.jpg?v=1777341307 | https://cdn.shopify.com/s/files/1/0955/2409/4277/files/Airpods_Max2_Gen-HDEW3_4fa07963-0af4-4f35-9b48-c8faf8ef31c2.jpg?v=1777341307,2026-04-28T02:56:35+01:00
HDEW Cameras,https://hdewcameras.co.uk,15129588433221,https://hdewcameras.co.uk/products/canon-eos-5d-mark-iv-24-105-ii-kit,Canon EOS 5D Mark IV + 24-105 II Kit,,02230-00599-00,Camera,"bundles-kits, cameras, dslr-cameras, £1000+",CANON,2029.00,,Unknown,,"3 YEAR CAMERA WARRANTY & 1 YEAR LENS WARRANTY 30.4MP Full-Frame CMOS Sensor and DIGIC 6+ Image Processor : This camera combines a 30.4MP full-frame CMOS sensor with the DIGIC 6+ image processor to deliver impressive image quality. It excels in balancing fine detail, resolution, and low-light performance, with an ISO range of 100-32000 (expandable to 50-102400). Enhanced AF System : The 5D Mark IV features an advanced AF system with a 150,000-pixel RGB+IR metering sensor, ensuring accurate exposures even in challenging lighting conditions. It offers a speedy continuous shooting rate of 7 fps, making it suitable for a wide range of photography, from landscapes to events. Dual Pixel CMOS AF for Video : For videographers, the camera introduces Dual Pixel CMOS AF and Movie Servo AF, allowing smooth focus transitions while shooting. The 3.2"" 1.62m-dot touchscreen LCD simplifies focus adjustments with a simple tap. Plus, with DCI 4K video recording at 30 fps, you can extract 8.8MP stills from your videos. Dual Pixel RAW : A unique feature, Dual Pixel RAW, provides post-production flexibility. Fine-tune image parameters such as focus and bokeh shift even after capturing the shot, thanks to Canon's Digital Photo Professional 4.5 software. Durable and Connected : The camera's body design focuses on comfort, ease of access, durability, and weather resistance. It includes GPS and Wi-Fi with NFC, transforming it into a connected camera. The kit bundles the camera with the versatile EF 24-105mm f/4L IS II USM Lens, known for its improved peripheral illumination. High Density Reticular AF : The 61-point High Density Reticular AF system enhances subject tracking and locking, especially in dim lighting. The camera offers an impressive -3 EV center point for low-light performance. 4K EOS Movies : Professional video recording is a breeze with DCI 4K resolution at 30 fps. Additionally, the camera supports Full HD 1080p at 60 fps for stunning slow-motion playback. Uncompressed Full HD 1080p video can be saved via HDMI to an external recorder with 4:2:2 colour sampling. Body Design : A 3.2"" 1.62m-dot Clear View II LCD monitor with a touchscreen interface allows intuitive touch-to-focus control. The camera boasts dual CompactFlash and SD memory card slots, an Intelligent Viewfinder II, and a robust magnesium alloy body that's dust- and weather-sealed. Other Camera Features : Geotag your images with the built-in GPS module, sync with Universal Time Code via satellites, and enjoy Digital Lens Optimiser technology for optical defect compensation. A built-in intervalometer enables time-lapse creation, and Wi-Fi/NFC connectivity simplifies wireless sharing and control. This Canon 5D Mark IV DSLR with 24-105mm f/4L II Lens is a fantastic imaging companion, delivering outstanding performance for both photography and 4K video. In The Box Canon EOS 5D Mark IV DSLR EF 24-105mm f/4L IS II USM Lens LP-E6N Lithium-Ion Battery Pack (7.2V, 1865mAh) LC-E6 Charger for LP-E6 Battery Pack Eyecup Eg RF-3 Body Cap for Canon EOS Cameras IFC-150U II USB 3.0 Interface Cable for DSLRs Cable Protector Wide Neck Strap Software CD-ROM",https://cdn.shopify.com/s/files/1/0955/2409/4277/files/canon-eos-5d-mark-iv-24-105-ii-kit-5314-p.jpg?v=1756285003,https://cdn.shopify.com/s/files/1/0955/2409/4277/files/canon-eos-5d-mark-iv-24-105-ii-kit-5314-p.jpg?v=1756285003 | https://cdn.shopify.com/s/files/1/0955/2409/4277/files/canon-eos-5d-mark-iv-24-105-ii-kit-_282_29-5314-p.jpg?v=1756285003 | https://cdn.shopify.com/s/files/1/0955/2409/4277/files/canon-eos-5d-mark-iv-24-105-ii-kit-_283_29-5314-p.jpg?v=1756285003 | https://cdn.shopify.com/s/files/1/0955/2409/4277/files/canon-eos-5d-mark-iv-24-105-ii-kit-_284_29-5314-p.jpg?v=1756285003 | https://cdn.shopify.com/s/files/1/0955/2409/4277/files/canon-eos-5d-mark-iv-24-105-ii-kit-_285_29-5314-p.jpg?v=1756285003,2026-04-24T08:26:23+01:00
HDEW Cameras,https://hdewcameras.co.uk,15129591513413,https://hdewcameras.co.uk/products/canon-ef-70-200mm-f-2-8l-is-iii-usm-lens,Canon EF 70-200mm f/2.8L IS III USM Lens,,08230-00174-00,Camera Lenses,"canon, ef-lenses, lenses, telephoto-lens, £1000+",CANON,1449.00,1499.00,Unknown,,"1 YEAR WARRANTY INCLUDED Key Features EF-Mount Lens/Full-Frame Format Aperture Range: f/2.8 to f/32 One Fluorite Element & Five UD Elements Air Sphere Coating Ring-Type Ultrasonic Motor AF System Optical Image Stabilizer Internal Focus, Focus Range Limiter Weather-Sealed Design, Fluorine Coating Detachable, Rotatable Tripod Collar Rounded 8-Blade Diaphragm One of the most versatile lenses available, the EF 70-200mm f/2.8L IS III USM from Canon is an L-series telephoto zoom distinguished by its bright design and advanced optics. Ideal for a variety of subjects ranging from portraiture to sports, the fast constant f/2.8 maximum aperture excels in difficult lighting conditions and also offers increased control over depth of field for isolating subjects. The optical layout makes use of one fluorite element and five UD elements to suppress chromatic aberrations and colour fringing in order to realize a high degree of clarity throughout the zoom range. An Air Sphere Coating is also featured, and works to reduce flare and ghosting for greater colour fidelity and contrast in all conditions. Complementing the speed and optics is an Optical Image Stabilizer, which compensates for 3.5 stops of camera shake to better enable working handheld and in low-light situations. A ring-type USM and internal focusing mechanism also afford quick, quiet, and accurate autofocus performance, as well as full-time manual focus override. Additionally, this lens is weather-sealed for use in trying environmental conditions. Versatile telephoto zoom is designed for full-frame Canon EF-mount DSLRs, however can also be used with APS-C models where it provides a 112-320mm equivalent focal length range. Bright constant f/2.8 maximum aperture affords consistent performance throughout the zoom range and offers notable control over depth of field for working with selective focus techniques. One fluorite element and five ultra-low dispersion glass elements noticeably reduce colour fringing and chromatic aberrations for high clarity and colour fidelity. An Air Sphere Coating (ASC) has been applied to lens elements to reduce backlit flaring and ghosting for maintained light transmission and high contrast in strong lighting conditions. An Optical Image Stabilizer helps to minimize the appearance of camera shake by up to 3.5 shutter speed stops to better enable working in low-light conditions and with slower shutter speeds. In addition to the single-shot standard IS mode, a second mode is also available that it optimized for panning. A ring-type Ultrasonic Motor (USM), along with an internal focusing system, is employed to deliver fast, precise, and quiet autofocus performance as well as full-time manual focus override. Focus Limiter switch lets you constrain the focusing to two different ranges to suit different applications: 3.9'-infinity or 8.2'-infinity. Rounded eight-blade diaphragm contributes to a pleasing out of focus quality that benefits the use of shallow depth of field and selective focus techniques. A weather-resistant design protects the lens from dust and moisture to enable its use in inclement conditions. Additionally, fluorine coatings have also been applied to the front and rear lens elements for further protection against fingerprints and smudging. Removable rotating tripod collar is included and benefits working with the lens atop a tripod or monopod. Compatible with optional EF 1.4X and EF 2X teleconverters. What's in the box: Canon EF 70-200mm f/2.8L IS III USM Lens E-77 II 77mm Lens Cap Lens Dust Cap E (Rear) ET-87 Lens Hood LZ1326 Lens Case Tripod Collar",https://cdn.shopify.com/s/files/1/0955/2409/4277/files/canon-ef-70-200mm-f-2.8l-is-iii-usm-lens-9005-p.jpg?v=1756284970,https://cdn.shopify.com/s/files/1/0955/2409/4277/files/canon-ef-70-200mm-f-2.8l-is-iii-usm-lens-9005-p.jpg?v=1756284970 | https://cdn.shopify.com/s/files/1/0955/2409/4277/files/canon-ef-70-200mm-f-2.8l-is-iii-usm-lens-_282_29-9005-p.jpg?v=1756284970 | https://cdn.shopify.com/s/files/1/0955/2409/4277/files/canon-ef-70-200mm-f-2.8l-is-iii-usm-lens-_283_29-9005-p.jpg?v=1756284970 | https://cdn.shopify.com/s/files/1/0955/2409/4277/files/1540387810_IMG_1082319.jpg?v=1758205664 | https://cdn.shopify.com/s/files/1/0955/2409/4277/files/1540392306_IMG_1082322.jpg?v=1758205664,2026-04-24T08:17:21+01:00
HDEW Cameras,https://hdewcameras.co.uk,15129587941701,https://hdewcameras.co.uk/products/sandisk-256gb-extreme-pro-170mb-s-sdxc-uhs-i,SanDisk Extreme Pro SDXC 256GB UHS-I C10 U3 V30,,732776,Memory Card,"memory-storage, photo-video-accessories, sandisk, sd-sdhc",Sandisk,79.00,,Unknown,,"SanDisk Extreme Pro SDXC UHS-1 Card Get a unbelieveable fast SDXC card with the SanDisk Extreme Pro SDXC UHS-I card - the professionals' choice for high-speed burst shooting, supports capturing cinema quality Full HD (1080p), 3D, and 4K video and fast data transfer for post-production workflow efficiency. Highlights: Delivers up to 90MB/s write and 95MB/s read rate for extreme speed. Innovative memory controller supports unrivaled performance Ideal for advanced DSLR cameras and HD camcorders Durability tested to ensure card reliability 90MB/s Write Speed for Ultimate Burst-Mode Performance Never miss the moment with thise fast SDXC memory card. With write speeds up to 90 MB/s (600X) and read speeds up to 95 MB/s (633X) this card exploits your DSLR's potential for continuous burst mode shooting. Engineered with Ultra High Speed (UHS-I) bus architecture, it is designed to exceed rigorous performance standards. You'll catch all those high-resolution action shots the moment they happen. Power Core Controller Delivers Unmatched Speeds Featuring SanDisk's proprietary Power Core Controller technology, this card is engineered to take whatever your camera's buffer can dish out. By distributing image data across the card more rapidly and efficiently, SanDisk Extreme Pro SDXC UHS-I cards deliver blazing speed and extraordinary dependability even in extremely challenging conditions. That's why for memories that can't be missed, professional photographers worldwide choose SanDisk. Store Plenty of Photos with high storage capacity These cards give you more room for capturing RAW+JPEG, sequential bursts shots and uninterrupted video files. You'll be able to capture a whole shoot without interrupting the session to upload your photos to a computer. Seamless Full HD Video Recording SanDisk Extreme Pro SDXC UHS-I cards deliver the highest video performance with Class 10 rating plus UHS Speed Class 1 (U1) to support cinema quality Full HD (1080p), 3D, and 4K video. Error Correction for Enhanced Reliability The card's built in Advanced Wear Leveling and Error Correction Code engine enhances endurance and reliability. Fast Read Speed Reduces Upload Time The card boasts a read speed of up to 95MB/s providing fast data transfer for post -production workflow efficiency. You'll be able to edit, store, and share your photos more quickly. Durable Design SanDisk Extreme Pro SDXC UHS-I Cards are shockproof, X-ray proof, and waterproof and ready to handle whatever life throws at them. You can capture memories in almost any climate - the card operates in temperatures ranging from -13 to 185 degrees Fahrenheit.",https://cdn.shopify.com/s/files/1/0955/2409/4277/files/sandisk-256gb-extreme-pro-170mb-s-sdxc-uhs-i-4850-p.jpg?v=1756285008,https://cdn.shopify.com/s/files/1/0955/2409/4277/files/sandisk-256gb-extreme-pro-170mb-s-sdxc-uhs-i-4850-p.jpg?v=1756285008,2026-04-23T16:46:23+01:00
HDEW Cameras,https://hdewcameras.co.uk,15129646760261,https://hdewcameras.co.uk/products/pocketbook-era-stardust-silver-16gb,PocketBook Era Stardust Silver 16GB,,737970,Tablet,"portable-devices, tablets",PocketBook,199.00,,Unknown,,"Key Features: 17,78 cm / 7"" E Ink Carta 1200 Screen (Resolution: 1264 x 1680 / 300 dpi) Side control buttons and G-sensor for perfect comfort of reading Ultra-modern design, ergonomic shape and compactness Built-in speaker and Bluetooth for audio listening with no limits Text-to-Speech turns any text file into an audiobook Enhanced anti-scratch screen protection and IPX8 waterproof Regulate the brightness and colouring temperature with SMARTlight Support for 23 most popular text, comic and graphic formats WiFi Bluetooth Built-in speaker Platform (OS): Linux 3.10.65 E-book formats (without conversion): ACSM, CBR, CBZ, CHM, DJVU, DOC, DOCX, EPUB, EPUB (DRM), FB2, FB2.ZIP, HTM, HTML, MOBI, PDF, PDF (DRM), PRC, RTF, TXT Audio formats: MP3, OGG Audiobook formats: M4A, M4B, OGG, OGG.ZIP, MP3, MP3.ZIP",https://cdn.shopify.com/s/files/1/0955/2409/4277/files/default-2025-11-06T110934.371.jpg?v=1762427427,https://cdn.shopify.com/s/files/1/0955/2409/4277/files/default-2025-11-06T110934.371.jpg?v=1762427427 | https://cdn.shopify.com/s/files/1/0955/2409/4277/files/default-2025-11-06T110941.388.jpg?v=1762427427 | https://cdn.shopify.com/s/files/1/0955/2409/4277/files/default-2025-11-06T110938.167.jpg?v=1762427427 | https://cdn.shopify.com/s/files/1/0955/2409/4277/files/default-2025-11-06T110945.252.jpg?v=1762427427,2026-04-23T14:45:22+01:00
HDEW Cameras,https://hdewcameras.co.uk,15724723896645,https://hdewcameras.co.uk/products/acer-nitro-x343v-34-inch-curve-gaming-monitor,Acer Nitro X343V 34-inch Curve Gaming Monitor,,153878,"34"" Monitor","34"" Monitor, Curve Monitor, Gaming Monitor",Acer,419.00,449.00,Unknown,,"The Acer Predator X34V3 is an impressive, curved monitor designed specifically for gamers looking for an outstanding visual experience. ON SALE NOW! With its 34-inch WQHD display and a refresh rate of 180 Hz, the monitor offers smooth, detailed graphics and fast response behaviour - perfect for fast-paced action games. Thanks to AMD FreeSync Premium technology, image tearing is a thing of the past, while the elegant, ergonomic design and LED backlighting ensure an optimal gaming experience. Whether for intense gaming sessions or productive work processes - the X34V3 always delivers impressive performance and comfort. Features: Monitor with matt display Screen diagonal: 34 inch / 86 cm Resolution: 3440 x 1440 Contrast ratio: 4000:1 Brightness: 1000 cd/m 2 Aspect ratio: 21:9 Maximum viewing angle horizontal / vertical: 178° / 178° Horizontal frequency: 71.52 to 268.2 kHz Vertical frequency: 48 to 180 Hz Response time: 1 ms Connections: 2x HDMI 2.0 / 1x DisplayPort 1.4 / 1x USB-C 3.1 Gen 1 (supports Power Delivery) / 2x USB-A 3.2 Gen 1 / 2x USB-B 3.2 Integrated speakers (2x 5 watts) Monitor can be tilted, height-adjusted and swivelled Stand included in the scope of delivery Wall mount optionally available (VESA 100 x 100 mm) Dimensions with stand (W x H x D): 80.61 x 57.73 x 34.56 cm Weight with stand: 8.08 kg",https://cdn.shopify.com/s/files/1/0955/2409/4277/files/Acer_Predator_X34V3_Curve-Monitor_HDEW1.jpg?v=1772761599,https://cdn.shopify.com/s/files/1/0955/2409/4277/files/Acer_Predator_X34V3_Curve-Monitor_HDEW1.jpg?v=1772761599 | https://cdn.shopify.com/s/files/1/0955/2409/4277/files/Acer_Predator_X34V3_Curve-Monitor_HDEW2.jpg?v=1772761599 | https://cdn.shopify.com/s/files/1/0955/2409/4277/files/Acer_Predator_X34V3_Curve-Monitor_HDEW3.jpg?v=1772761599 | https://cdn.shopify.com/s/files/1/0955/2409/4277/files/Acer_Predator_X34V3_Curve-Monitor_HDEW4.jpg?v=1772761599,2026-04-23T03:38:49+01:00
HDEW Cameras,https://hdewcameras.co.uk,15829276623173,https://hdewcameras.co.uk/products/pocketbook-verse-bright-blue-open-box,PocketBook Verse Bright Blue (Open Box),,827920_OB,E-Book Reader,"open-box-models, portable-devices",PocketBook,95.00,,Unknown,,"1 OPEN BOX UNIT - AS NEW CONDITION ORIGINAL BOX AND ACCESSORIES - OPENED BUT NEVER USED E-Ink Carta screen for reading like a printed book With its 6 E-Ink Carta touch screen, the PocketBook Verse ensures pleasant reading hours. The anti-glare display technology offers a reading experience that is just like reading the pages of a printed book. This allows you to read for hours - even in bright sunlight - without eye fatigue. Read anytime thanks to adaptive SMARTlight The PocketBook Verse's screen illumination enables comfortable reading in any lighting conditions, day or night, and can be adjusted to suit the surrounding light conditions and personal preferences thanks to the integrated SMARTlight technology. If you activate DARKmode, you can read in dimly lit surroundings or at night in a particularly relaxed manner. Format variety for endless reading pleasure The PocketBook Verse supports 25 book and graphic formats, including ACSM, AZW, CBZ, DJVU, DOC, EPUB, FB2, PDF, TXT, JPEG and PNG. E-books in these formats do not need to be converted beforehand, but are recognised and opened directly by the e-reader. Memory card slot and long battery life The internal memory of 8 GB offers enough space for your digital library. Thanks to the microSD card slot, you can expand the memory by up to 128 GB as needed - that's about 15,000 e-books. Thanks to the device's energy efficiency, one battery charge lasts up to a month of active reading. The battery can be charged using the included USB-C cable. A combination of comfort and style PocketBook Verse is particularly compact, measuring 10.8 x 15.6 x 0.76 cm and weighing only 182 grams. Its mechanical control buttons and touch screen ensure effortless navigation and an intuitive reading experience. The slim, minimalist design is stylishly accentuated by the appealing housing colours. WLAN, cloud services and free dictionaries PocketBook Verse has Wi-Fi, so you can easily buy your books online, manage your library and synchronise files with other devices in your PocketBook Cloud. The Internet connection also allows you to download software updates to the device and upload new books to the device with just a few clicks via Send-to-PocketBook or Dropbox. The e-reader comes with 11 pre-installed dictionaries, with a further 42 language combinations available for free download. Features: Resolution: 758 x 1024 pixels Number of grayscales: 16 17 different fonts 40 different font sizes E-book formats (without conversion): ACSM, CHM, DJVU, DOC, DOCX, EPUB, EPUB(DRM), FB2, FB2.ZIP, HTM, HTML, MOBI, PDF, PDF (DRM), PRC, RTF, TXT, AZW, CBR, AZW3, CBZ Supported image formats: JPEG, BMP, PNG, TIFF Connectivity: WLAN Connections: USB-C Operating system: Linux Colour: Bright Blue Dimensions: 156 x 108 x 7.6 mm Weight: 182 g",https://cdn.shopify.com/s/files/1/0955/2409/4277/files/pocketbook-verse-bright-blue-23284-p_92a88646-5303-4171-8667-290ace591d69.jpg?v=1776870203,https://cdn.shopify.com/s/files/1/0955/2409/4277/files/pocketbook-verse-bright-blue-23284-p_92a88646-5303-4171-8667-290ace591d69.jpg?v=1776870203 | https://cdn.shopify.com/s/files/1/0955/2409/4277/files/pocketbook-verse-bright-blue-_282_29-23284-p_982d2cbe-572c-47f4-9e27-73fce4b30097.jpg?v=1776870203 | https://cdn.shopify.com/s/files/1/0955/2409/4277/files/IMG_9489_1.jpg?v=1776871143 | https://cdn.shopify.com/s/files/1/0955/2409/4277/files/IMG_9491_1_b9cc79a7-84dd-4a99-a4c7-5edde11f892b.jpg?v=1776871139 | https://cdn.shopify.com/s/files/1/0955/2409/4277/files/IMG_9492_1.jpg?v=1776871138 | https://cdn.shopify.com/s/files/1/0955/2409/4277/files/IMG_9494_1_c8b3e129-ae38-40c4-8228-d8684dc6f73e.jpg?v=1776871137 | https://cdn.shopify.com/s/files/1/0955/2409/4277/files/IMG_9495_1_b8814bc5-b799-407d-857a-c848b2a86123.jpg?v=1776871141 | https://cdn.shopify.com/s/files/1/0955/2409/4277/files/IMG_9496_1_04bee5eb-0f62-43d6-9c24-752defd274d6.jpg?v=1776871141 | https://cdn.shopify.com/s/files/1/0955/2409/4277/files/IMG_9497_1.jpg?v=1776871141,2026-04-22T16:06:39+01:00
HDEW Cameras,https://hdewcameras.co.uk,15827524845893,https://hdewcameras.co.uk/products/samsung-galaxy-tab-a11-64gb-wifi-silver,Samsung Galaxy Tab A11 64GB Wifi Silver,,246257,Tablet,"computing, portable-devices, tablets",Samsung,119.00,139.00,Unknown,,"The Samsung Galaxy Tab A11 WiFi offers you an impressive combination of performance and mobility. With its slim design and low weight of only 335 g, it is the ideal companion for on the go. Powerful processor The tablet is equipped with an octa-core processor clocked at 2.2 GHz and 2 GHz. This ensures smooth and fast performance, whether you're using apps, surfing the internet or watching videos. High-quality display The 22.05 cm (8.7 inch) TFT display offers a resolution of 1340 x 800 pixels and displays 16 million colours, so you can enjoy your content in brilliant quality. Versatile camera With the 8 MP main camera and 5 MP front camera, you can take great photos and videos. The main camera's autofocus ensures sharp images. Large memory and expandable capacity The Galaxy Tab A11 has 4 GB of RAM and 64 GB of internal memory, which can be expanded up to 2 TB with a microSD card. This gives you enough space for all your files and apps. Features: MediaTek Helio G99 octa-core processor with 2.2 GHz and 2 GHz for fast performance Display: 22.05 cm (8.7 inch) TFT display with 1340 x 800 pixels for clear images Main camera: 8 MP with autofocus for sharp photos Front camera: 5 MP for selfies and video calls Memory: 4 GB RAM and 64 GB internal memory, expandable up to 2 TB Wi-Fi 802.11 a/b/g/n/ac (2.4 GHz + 5 GHz) for fast and stable connections Bluetooth 5.3 for wireless connections USB-C 2.0 port for easy data transfer Location tracking: GPS, Glonass, Beidou, Galileo, QZSS for precise navigation Sensors: Accelerometer, geomagnetic sensor, brightness sensor for versatile applications Battery: 5100 mAh for long usage time Dimensions (H x W x D): 211.0 x 124.7 x 8.0 mm Weight: 335 g Note: Charging adapter not included in the scope of delivery Compatible charging adapter: USB 10 - 15 watts Memory: The available memory capacity depends on the pre-installed software. Freely available memory is lower. Battery capacity: The mAh specification refers to the typical battery capacity value determined under laboratory conditions. The (minimum) capacity determined in accordance with the relevant IEC 61960 standard is a lower value. The actual battery life may vary depending on the network environment, user behavior and other factors. Display diagonal: Measured in a full rectangle and without taking into account the rounded corners. The actual usable screen area is further reduced by the camera area.",https://cdn.shopify.com/s/files/1/0955/2409/4277/files/Samsung_Galaxy-TabA11_Silver_HDEW1.jpg?v=1776825647,https://cdn.shopify.com/s/files/1/0955/2409/4277/files/Samsung_Galaxy-TabA11_Silver_HDEW1.jpg?v=1776825647 | https://cdn.shopify.com/s/files/1/0955/2409/4277/files/Samsung_Galaxy-TabA11_Silver_HDEW2.jpg?v=1776825648 | https://cdn.shopify.com/s/files/1/0955/2409/4277/files/Samsung_Galaxy-TabA11_Silver_HDEW3.jpg?v=1776825647,2026-04-22T05:27:11+01:00
HDEW Cameras,https://hdewcameras.co.uk,15826298536261,https://hdewcameras.co.uk/products/sakk-camera-saddle-harness,Sakk Camera Saddle Harness,,Sakk26,Camera Bag,"bags, bags-cases-housing, photo-video-accessories",Sakk,83.00,,Unknown,,"1 Year Warranty Key Specs: 61cm tall x waist & shoulder straps are fully adjustable to fit all body sizes. Weight: 0.4kg or 0.88lbs Internal EVA foam AIRMESH COOL VANE 290G Interior plastic PE board back support All Woojin hardware aluminium & Acetal clips Internal PE board back support 4x looping points for extreme support Adjustable webbing loops, for all shooting heights, low angle, chest height & eye line The Sakk Camera Saddle Harness is built to support your body while you shoot. Designed to integrate seamlessly with the Sakk Camera Saddle and Inflatable Saddle, it redistributes weight, reducing strain and creating a more stable shooting platform. Take pressure off your lower back and arms. The harness distributes weight evenly across your body, helping you stay comfortable during long shoots. By anchoring your setup to your body, the harness creates a more controlled and stable shooting experience, ideal for handheld and long days filming. Fully compatible with: Sakk Camera Saddle Sakk Inflatable Saddle Works seamlessly as part of your existing setup. What's included: 1x Body Harness 4x Aluminium & Acetal Clips to clip onto the 4x loops on your Sakk Camera Saddle or Pump Sakk Inflatable Saddle Saddle is not included, this item is the harness and clips only",https://cdn.shopify.com/s/files/1/0955/2409/4277/files/nxQDLYGw.jpg?v=1776765243,https://cdn.shopify.com/s/files/1/0955/2409/4277/files/nxQDLYGw.jpg?v=1776765243 | https://cdn.shopify.com/s/files/1/0955/2409/4277/files/m3UNJVQQ.jpg?v=1776765243 | https://cdn.shopify.com/s/files/1/0955/2409/4277/files/Esvje-Vg.jpg?v=1776765243 | https://cdn.shopify.com/s/files/1/0955/2409/4277/files/CtwbQbHw.jpg?v=1776765243 | https://cdn.shopify.com/s/files/1/0955/2409/4277/files/gdhjMQ0w.jpg?v=1776765243 | https://cdn.shopify.com/s/files/1/0955/2409/4277/files/nEMPYI4w.jpg?v=1776765244 | https://cdn.shopify.com/s/files/1/0955/2409/4277/files/wearable-camera-rig-body-support_93de3f4f-efd6-422c-a21c-9c2d829ea04b.webp?v=1776765244 | https://cdn.shopify.com/s/files/1/0955/2409/4277/files/sakk_attach_stabilizer.webp?v=1776765290,2026-04-21T10:58:12+01:00
HDEW Cameras,https://hdewcameras.co.uk,15824938893637,https://hdewcameras.co.uk/products/apple-airpods-max-2-starlight,Apple AirPods Max 2 Starlight,,52352-00141-00,Headphones,"apple, apple-airpods, Gift Idea",Apple,489.00,499.00,Unknown,,"AirPods Max 2. With up to 1.5x more Active Noise Cancellation than the previous generation and improved high-fidelity audio — it’s the ultimate over-ear listening experience. ULTIMATE OVER-EAR LISTENING EXPERIENCE — Powered by the H2 chip, AirPods Max 2 delivers improved high-fidelity audio with deep bass, expansive mids and crisp highs for an unparalleled listening experience. TUNE OUT THE NOISE — Up to 1.5x more Active Noise Cancellation than the previous generation, fully immersing you in every sound. HEAR THE WORLD AROUND YOU — Adaptive Audio automatically adjusts noise cancellation levels to suit your environment. Conversation Awareness lowers the volume of what’s playing to make it easy to talk to those around you. And Transparency lets outside sounds in so you can interact with your surroundings. PERSONALISED SPATIAL AUDIO — With sound tuned to your unique ear shape and dynamic head tracking, AirPods Max 2 delivers an immersive listening experience that surrounds you with cinema-like sound. COMMUNICATE ACROSS LANGUAGES — Simply press and hold the listening mode button to activate Live Translation powered by Apple Intelligence, which automatically translates the language someone is speaking into your preferred language. ACOUSTIC-FIRST DESIGN — Designed with a breathable knit-mesh canopy, memory foam and custom-designed textile ear cushions, and telescoping arms for an exceptional over-ear fit. Available in five vibrant colours. LOSSLESS AUDIO WITH USB-C — Experience every detail of the original recording when connecting AirPods Max 2 to your device via USB-C. And you can charge your AirPods Max 2 with the same cable you use to charge your other Apple devices. ALL-DAY BATTERY LIFE — Up to 20 hours of listening or movie watching on a single charge with Active Noise Cancellation and Spatial Audio enabled.",https://cdn.shopify.com/s/files/1/0955/2409/4277/files/Airpods_Max2_Starlight_HDEW1.jpg?v=1776744112,https://cdn.shopify.com/s/files/1/0955/2409/4277/files/Airpods_Max2_Starlight_HDEW1.jpg?v=1776744112 | https://cdn.shopify.com/s/files/1/0955/2409/4277/files/Airpods_Max2_Starlight_HDEW3.jpg?v=1776744112 | https://cdn.shopify.com/s/files/1/0955/2409/4277/files/Airpods_Max2_Gen-HDEW1.jpg?v=1776744112 | https://cdn.shopify.com/s/files/1/0955/2409/4277/files/Airpods_Max2_Starlight_HDEW2.jpg?v=1776744112 | https://cdn.shopify.com/s/files/1/0955/2409/4277/files/Airpods_Max2_Gen-HDEW3.jpg?v=1776744112 | https://cdn.shopify.com/s/files/1/0955/2409/4277/files/Airpods_Max2_Midnight_HDEW4.jpg?v=1776744112 | https://cdn.shopify.com/s/files/1/0955/2409/4277/files/Airpods_Max2_Midnight_HDEW5.jpg?v=1776744112,2026-04-21T05:19:51+01:00
HDEW Cameras,https://hdewcameras.co.uk,15824897999173,https://hdewcameras.co.uk/products/apple-airpods-max-2-midnight,Apple AirPods Max 2 Midnight,,52352-00140-00,Headphones,"apple, apple-airpods, Gift Idea",Apple,489.00,499.00,Unknown,,"AirPods Max 2. With up to 1.5x more Active Noise Cancellation than the previous generation and improved high-fidelity audio — it’s the ultimate over-ear listening experience. ULTIMATE OVER-EAR LISTENING EXPERIENCE — Powered by the H2 chip, AirPods Max 2 delivers improved high-fidelity audio with deep bass, expansive mids and crisp highs for an unparalleled listening experience. TUNE OUT THE NOISE — Up to 1.5x more Active Noise Cancellation than the previous generation, fully immersing you in every sound. HEAR THE WORLD AROUND YOU — Adaptive Audio automatically adjusts noise cancellation levels to suit your environment. Conversation Awareness lowers the volume of what’s playing to make it easy to talk to those around you. And Transparency lets outside sounds in so you can interact with your surroundings. PERSONALISED SPATIAL AUDIO — With sound tuned to your unique ear shape and dynamic head tracking, AirPods Max 2 delivers an immersive listening experience that surrounds you with cinema-like sound. COMMUNICATE ACROSS LANGUAGES — Simply press and hold the listening mode button to activate Live Translation powered by Apple Intelligence, which automatically translates the language someone is speaking into your preferred language. ACOUSTIC-FIRST DESIGN — Designed with a breathable knit-mesh canopy, memory foam and custom-designed textile ear cushions, and telescoping arms for an exceptional over-ear fit. Available in five vibrant colours. LOSSLESS AUDIO WITH USB-C — Experience every detail of the original recording when connecting AirPods Max 2 to your device via USB-C. And you can charge your AirPods Max 2 with the same cable you use to charge your other Apple devices. ALL-DAY BATTERY LIFE — Up to 20 hours of listening or movie watching on a single charge with Active Noise Cancellation and Spatial Audio enabled.",https://cdn.shopify.com/s/files/1/0955/2409/4277/files/Airpods_Max2_Midnight_HDEW1.jpg?v=1776744012,https://cdn.shopify.com/s/files/1/0955/2409/4277/files/Airpods_Max2_Midnight_HDEW1.jpg?v=1776744012 | https://cdn.shopify.com/s/files/1/0955/2409/4277/files/Airpods_Max2_Midnight_HDEW3.jpg?v=1776744012 | https://cdn.shopify.com/s/files/1/0955/2409/4277/files/Airpods_Max2_Midnight_HDEW2.jpg?v=1776744012 | https://cdn.shopify.com/s/files/1/0955/2409/4277/files/Airpods_Max2_Gen-HDEW1.jpg?v=1776744112 | https://cdn.shopify.com/s/files/1/0955/2409/4277/files/Airpods_Max2_Gen-HDEW3.jpg?v=1776744112 | https://cdn.shopify.com/s/files/1/0955/2409/4277/files/Airpods_Max2_Midnight_HDEW4.jpg?v=1776744112 | https://cdn.shopify.com/s/files/1/0955/2409/4277/files/Airpods_Max2_Midnight_HDEW5.jpg?v=1776744112,2026-04-21T05:00:10+01:00
HDEW Cameras,https://hdewcameras.co.uk,15129688834373,https://hdewcameras.co.uk/products/apple-airpods-max-purple-2024,Apple AirPods Max Purple 2024,,52352-00121-00,Headphones,"apple, apple-airpods, Gift Idea",Apple,399.00,419.00,Unknown,,"The ultimate over-ear personal listening experience now in fresh new colours. AirPods Max deliver stunningly detailed, high-fidelity audio. Personalised Spatial Audio with dynamic head tracking for sound that surrounds you. Pro-level Active Noise Cancellation to remove unwanted sound. Transparency mode to comfortably hear the world around you. Up to 20 hours of battery life on a single charge. Effortless setup and on-head detection for a magical listening experience. Now with USB-C for easy charging. Effectively cancels outside noise to eliminate distortion with maximum sound efficiency Spatial Audio feature for better reliability and ensure maximum productivity Music application/usage for better interactivity with added efficiency Volume earpiece control for faster, dependable performance, better navigation, and maximum user-friendliness Over-the-head earpiece design provides a comfortable and secure fit Circumaural design features Bluetooth wireless technology Immense yourself in quality sound with this stereo headset Dance to your favourite tracks and never worry about the wires getting in your way with these wireless Bluetooth Headset",https://cdn.shopify.com/s/files/1/0955/2409/4277/files/apple-airpods-max-purple-2024-23868-1-p.jpg?v=1756968405,https://cdn.shopify.com/s/files/1/0955/2409/4277/files/apple-airpods-max-purple-2024-23868-1-p.jpg?v=1756968405 | https://cdn.shopify.com/s/files/1/0955/2409/4277/files/1725971584_IMG_2332957.jpg?v=1758795554 | https://cdn.shopify.com/s/files/1/0955/2409/4277/files/1725971584_IMG_2332958.jpg?v=1758795554 | https://cdn.shopify.com/s/files/1/0955/2409/4277/files/1725971584_IMG_2332963.jpg?v=1758795833,2026-04-21T04:26:41+01:00
HDEW Cameras,https://hdewcameras.co.uk,15129688801605,https://hdewcameras.co.uk/products/apple-airpods-max-orange-2024,Apple AirPods Max Orange 2024,,52352-00122-00,Headphones,"apple, apple-airpods, Gift Idea",Apple,399.00,419.00,Unknown,,"The ultimate over-ear personal listening experience now in fresh new colours. AirPods Max deliver stunningly detailed, high-fidelity audio. Personalised Spatial Audio with dynamic head tracking for sound that surrounds you. Pro-level Active Noise Cancellation to remove unwanted sound. Transparency mode to comfortably hear the world around you. Up to 20 hours of battery life on a single charge. Effortless setup and on-head detection for a magical listening experience. Now with USB-C for easy charging. Effectively cancels outside noise to eliminate distortion with maximum sound efficiency Spatial Audio feature for better reliability and ensure maximum productivity Music application/usage for better interactivity with added efficiency Volume earpiece control for faster, dependable performance, better navigation, and maximum user-friendliness Over-the-head earpiece design provides a comfortable and secure fit Circumaural design features Bluetooth wireless technology Immense yourself in quality sound with this stereo headset Dance to your favourite tracks and never worry about the wires getting in your way with these wireless Bluetooth Headset",https://cdn.shopify.com/s/files/1/0955/2409/4277/files/apple-airpods-max-orange-2024-23867-1-p.jpg?v=1756968404,https://cdn.shopify.com/s/files/1/0955/2409/4277/files/apple-airpods-max-orange-2024-23867-1-p.jpg?v=1756968404 | https://cdn.shopify.com/s/files/1/0955/2409/4277/files/1725971584_IMG_2332936.jpg?v=1758795648 | https://cdn.shopify.com/s/files/1/0955/2409/4277/files/1725971584_IMG_2332937.jpg?v=1758795648 | https://cdn.shopify.com/s/files/1/0955/2409/4277/files/1725971584_IMG_2332963.jpg?v=1758795833,2026-04-21T04:26:41+01:00
HDEW Cameras,https://hdewcameras.co.uk,15129688342853,https://hdewcameras.co.uk/products/apple-airpods-max-starlight-2024,Apple AirPods Max Starlight 2024,,52352-00119-00,Headphones,"apple, apple-airpods, Gift Idea",Apple,399.00,419.00,Unknown,,"The ultimate over-ear personal listening experience now in fresh new colours. AirPods Max deliver stunningly detailed, high-fidelity audio. Personalised Spatial Audio with dynamic head tracking for sound that surrounds you. Pro-level Active Noise Cancellation to remove unwanted sound. Transparency mode to comfortably hear the world around you. Up to 20 hours of battery life on a single charge. Effortless setup and on-head detection for a magical listening experience. Now with USB-C for easy charging. Effectively cancels outside noise to eliminate distortion with maximum sound efficiency Spatial Audio feature for better reliability and ensure maximum productivity Music application/usage for better interactivity with added efficiency Volume earpiece control for faster, dependable performance, better navigation, and maximum user-friendliness Over-the-head earpiece design provides a comfortable and secure fit Circumaural design features Bluetooth wireless technology Immense yourself in quality sound with this stereo headset Dance to your favourite tracks and never worry about the wires getting in your way with these wireless Bluetooth Headset",https://cdn.shopify.com/s/files/1/0955/2409/4277/files/apple-airpods-max-starlight-2024-23777-1-p.jpg?v=1756968407,https://cdn.shopify.com/s/files/1/0955/2409/4277/files/apple-airpods-max-starlight-2024-23777-1-p.jpg?v=1756968407 | https://cdn.shopify.com/s/files/1/0955/2409/4277/files/1725971584_IMG_2332965.jpg?v=1758795719 | https://cdn.shopify.com/s/files/1/0955/2409/4277/files/1725971584_IMG_2332966.jpg?v=1758795719 | https://cdn.shopify.com/s/files/1/0955/2409/4277/files/1725971584_IMG_2332963.jpg?v=1758795833,2026-04-21T04:26:41+01:00
HDEW Cameras,https://hdewcameras.co.uk,15273344794949,https://hdewcameras.co.uk/products/samsung-galaxy-tab-active-5-pro-ee-128gb-5g,Samsung Galaxy Tab Active 5 Pro EE 128GB 5G,,164819,Tablet,"portable-devices, samsung, £500+",Samsung,529.00,,Unknown,,"This robust tablet was specially developed for demanding working environments. It offers protection against shocks and extreme conditions. With IP68 certification, it is waterproof and dustproof, ideal for use in harsh environments. The 10.1-inch display with Corning Gorilla Glass Victus+ offers high resistance to scratches and breakage. Wi-Fi 6E technology ensures fast and stable internet connections, while Dual GPS provides precise location tracking. The tablet supports eSIM, allowing flexible and easy connectivity without a physical SIM card. With two replaceable 5050 mAh batteries and fast charging via USB-C and POGO, the device remains ready for use for a long time, even with intensive use. The no-battery mode allows the tablet to be operated directly from a power source without using the battery. The front tagging NFC function facilitates contactless payments and transactions. The display offers a brightness of up to 600 nits and a refresh rate of 120 Hz for clear and smooth visuals. The integrated speaker technology maximises volume and reduces feedback noise, ideal for noisy work environments. Overall, the Galaxy Tab Active 5 Pro combines first-class robustness, versatile connectivity and outstanding display quality for professional use. Features: Display: 10.1"" / 25.54 cm 16:10 TFT display with multi-touch touchscreen, 600 cd/m², 120 Hz, Corning Gorilla Glass Victus+ Display resolution (pixels): 1920 x 1200 (WUXGA) Processor: Qualcomm Snapdragon 7s Gen 3 (SM7635) with 8 cores (1x 2.5 GHz + 3x 2.4 GHz + 4x 1.8 GHz) Graphics: Qualcomm Adreno GPU NPU: Qualcomm Hexagon NPU Memory (RAM): 6 GB Internal storage: 128 GB Flash External storage: microSD card (up to 2 TB) Cameras: 8 MP front camera, 12 MP rear camera with autofocus and flash Video recording: UHD 4K (3840 x 2160 pixels) @30fps Audio (integrated): Speaker and microphone Communication: 5G, 4G LTE, UMTS, GSM, Wi-Fi 6E (WLAN IEEE 802.11a/b/g/n/ac/ax, 2.4/5/6 GHz), Bluetooth 5.4, front tagging NFC SIM card: Dual SIM (Nano-SIM + eSIM) Navigation/location: GPS, Glonass, Beidou, Galileo, QZSS Sensors: Fingerprint scanner, Accelerometer, Position sensor, Geomagnetic sensor, Hall sensor, Brightness sensor, Proximity sensor Ports: 1x USB-C 3. 2 Gen 1 (data transfer / power connection), 1x 3.5 mm headphone connection, 1x microSD card slot, 1x nano-SIM slot, 1x connection for POGO charging station (sold separately) Other features: IP68 certification (resistant to water, dust and dirt), Protective Cover+, S Pen stylus Battery: 2x lithium-ion 5050 mAh (replaceable) Operating system: Android Colour: Green Dimensions (W x H x D): 24.29 cm x 17.02 cm x 10.2 cm Weight: 683 g Memory: The available memory capacity depends on the pre-installed software. Freely available memory is lower. Battery capacity: The mAh specification refers to the typical battery capacity value determined under laboratory conditions. The (minimum) capacity determined in accordance with the relevant IEC 61960 standard is a lower value. The actual battery life may vary depending on the network environment, user behavior and other factors. Display diagonal: Measured in a full rectangle and without taking into account the rounded corners. The actual usable screen area is further reduced by the camera area.",https://cdn.shopify.com/s/files/1/0955/2409/4277/files/Galaxy_Tab_Active5Pro_HDEW1.jpg?v=1757038409,https://cdn.shopify.com/s/files/1/0955/2409/4277/files/Galaxy_Tab_Active5Pro_HDEW1.jpg?v=1757038409 | https://cdn.shopify.com/s/files/1/0955/2409/4277/files/Galaxy_Tab_Active5Pro_HDEW2.jpg?v=1757038438 | https://cdn.shopify.com/s/files/1/0955/2409/4277/files/Galaxy_Tab_Active5Pro_HDEW3.jpg?v=1757038461 | https://cdn.shopify.com/s/files/1/0955/2409/4277/files/Galaxy_Tab_Active5Pro_HDEW4.jpg?v=1757038479,2026-04-20T06:54:26+01:00
HDEW Cameras,https://hdewcameras.co.uk,15819313545541,https://hdewcameras.co.uk/products/easypix-aquapix-w3048-edge-iceblue-cert-refurb,Easypix Aquapix W3048 Edge iceblue (Cert Refurb),,570012_OB,Camera,"action-cameras, compact-cameras, open-box-models",Easypix,65.00,,Unknown,,"1 CERTIFIED REFURBISHED UNIT - EXCELLENT CONDITION ORIGINAL BOX AND ACCESSORIES 1 YEAR WARRANTY Key Features: Underwater camera with dual screen 3.0"" (7.6 cm) Main screen 2.0"" (5 cm) Front screen for Selfies Up to 3 m waterproof 13 MP sensor 48 MP max. resolution (by Interpolation) Video up to 4K 16x digital zoom Overview: With this underwater camera you will attract attention: Smart design, a 7.6cm (3.0"") large main screen and a second 5cm (2.0"") display on the front. Thanks to this dual display function you can create wonderful Selfies at any time keeping an eye on the big picture and selecting the perfect photo detail. Thanks to the high grade 13MP sensor, 4 x digital zoom function and the clear image resolution of up to 20MP, the camera captures your underwater holiday snapshots in crisp, sharp quality. It can also create videos in a resolution of up to 4K. So there is no better way to start your holiday.",https://cdn.shopify.com/s/files/1/0955/2409/4277/files/easypix-aquapix-w3048-edge-iceblue-20894-1-p_8036a4d6-d039-4afa-8762-dc600db1cf81.jpg?v=1776439898,https://cdn.shopify.com/s/files/1/0955/2409/4277/files/easypix-aquapix-w3048-edge-iceblue-20894-1-p_8036a4d6-d039-4afa-8762-dc600db1cf81.jpg?v=1776439898 | https://cdn.shopify.com/s/files/1/0955/2409/4277/files/IMG_9581_1_468345ad-7d4e-48e5-9b31-5ffdc5277d1d.jpg?v=1776861123 | https://cdn.shopify.com/s/files/1/0955/2409/4277/files/IMG_9582_1_ad664869-edba-4f02-b288-81a2aa27356e.jpg?v=1776861122 | https://cdn.shopify.com/s/files/1/0955/2409/4277/files/IMG_9583_1_47ed3f87-5c3f-4288-9781-a315fa37face.jpg?v=1776861124 | https://cdn.shopify.com/s/files/1/0955/2409/4277/files/IMG_9584_1_5c169932-3008-478d-b41f-cca51985646e.jpg?v=1776861121 | https://cdn.shopify.com/s/files/1/0955/2409/4277/files/IMG_9585_1_6e7167c8-cc6d-4d6a-a29a-db86ddbcc177.jpg?v=1776861119 | https://cdn.shopify.com/s/files/1/0955/2409/4277/files/IMG_9586_1_735867c6-6689-4cf5-ae6f-ba1dfceefdcc.jpg?v=1776861116 | https://cdn.shopify.com/s/files/1/0955/2409/4277/files/IMG_9590_1_ce631de2-a466-4bcf-8679-38b5d4723ab9.jpg?v=1776861123,2026-04-17T16:35:59+01:00
HDEW Cameras,https://hdewcameras.co.uk,15595191566661,https://hdewcameras.co.uk/products/canon-eos-r5-body-only-open-box,Canon EOS R5 Body Only (Cert Refurb),,02230-00764-00_OBOX,Camera,"body-only, cameras, canon, canon-mirrorless, mirrorless-cameras, open-box-models",Canon,1649.00,,Unknown,,"1 CERTIFIED REFURBISHED UNIT - GREAT CONDITION ORIGINAL BOX AND ACCESSORIES - BOX SLIGHTLY DAMAGED S LIGHT SCRATCHES ON SHUTTER COVER (SEE PICTURES) REPAIRED BY CANON 1 YEAR WARRANTY As a stills or hybrid shooter who switches from photo to video and back again its thought to be one of the best cameras you'll ever use. Yes, its a powerhouse performer, with the 8K video outclassing many of the best cinema cameras. Its speed puts it on a level with the best cameras for sport, its 45MP sensor out does all but a few of the best mirrorless cameras and in-body image stabilisation, which works together with a lens own IS system, delivers up to 8 stops of protection against camera shake. This is all provided with a new low-noise shutter, making your shooting super discreet. Ideal for event and wedding photographers. The brand new 45MP image sensor pairs with the refined DIGIC X image processor to usher in a new generation of Dual Pixel CMOS AF for quick, smooth, and intelligent focusing performance using 1053 selectable points that cover the entire field of view. This focusing system has also been updated to make use of Deep Learning technology for improved subject tracking as well as precise eye, face, and head-detection for both people and animals. An especially high-resolution 0.5"" 5.76m-dot electronic viewfinder provides a realistic 120 fps refresh rate while the 3.2"" rear touchscreen LCD monitor sports a vari-angle design to accommodate vlogging needs as well as benefit working from high and low angles. A top class LCD makes for an intuitive workflow and the camera also incorporates dual memory card slots one CF express Type B, one SD UHS-II along with Bluetooth and Wi-Fi wireless connectivity. 45MP Full-Frame Sensor and DIGIC X Processor Built around a newly developed 45MP full-frame CMOS sensor, the Canon EOS R5 offers both high-resolution stills and video output and the fine-tuned DIGIC X image processor complements this with a wealth of speed. Sensitivity from ISO 100-51200, which can be expanded to ISO 102400, suits working in a variety of lighting conditions while quick continuous shooting up to 12 fps with a mechanical shutter, or silent 20 fps with an electronic shutter, is ideal for working with moving subjects. Dual Pixel CMOS AF II An updated Dual Pixel CMOS AF II features 1053 selectable focusing points, which cover approximately 100% of the image frame for wide and even coverage. This focusing system offers smooth and fast focusing performance in a similar manner to how a camcorder acquires focus. This system integrates two separate photodiodes within each pixel to provide a broad and dense network of phase-detection gathering elements across a majority of the image sensor to reduce focus hunting for faster, more direct control of focus placement. When working with still imagery, this focusing system works to acquire focus quickly and accurately, making it ideally suited to shooting and tracking moving subjects so that critical focus is attained with each shot. When shooting video, a Movie Servo AF mode offers smooth and natural focusing when changing from different subjects or different distances within the scene, as well as the ability to specify tracking sensitivity, AF speed, and Face Tracking priority. Benefited by the Touch AF system, rack focus is possible simply by touching elements within the scene on the touchscreen in order to change focus in an intuitive manner. Subject tracking in movies is also heightened due to the Dual Pixel CMOS AF system's ability to recognise subjects and maintain focus when working within changing or cluttered scenery. Subject tracking has also been benefitted through the use of Deep Learning technology, which helps to gradually refine the focusing system's ability to quickly and accurately recognise both people and animal subjects. This technology also supports the more refined eye, face, and head detection functions, for both people and animals, that are well-suited for portraiture applications. Sensor-Shift Image Stabiliser A first for EOS cameras, the R5 incorporates five-axis sensor-shift image stabilisation that compensates for up to an impressive eight stops of camera shake for truly effective compensation of camera shake to suit handheld shooting with slower shutter speeds. This stabilisation system also works in concert with lens-based optical image stabilisation for both native RF lenses and adapted EF lenses. Body Design and Wireless Connectivity High-resolution 5.67m-dot 0.5"" electronic viewfinder provides a bright and detailed means for eye-level viewing and the quick 120 fps refresh rate offers natural motion rendering for a more realistic viewfinder experience. Rear 3.2"" 2.1m-dot LCD touchscreen features a vari-angle design that benefits front-facing recording, such as for vlogging needs, as well as working from high and low shooting angles. Top status LCD can be used to quickly review camera and shooting settings. CFexpress Type B and SD UHS-II memory card slots are featured for flexible storage needs; the CFexpress slot is ideal for 8K video and high-speed, high-resolution burst shooting needs while the SD card slot retains a familiar form factor for wide compatibility. Both a 3.5mm headphone and a 3.5mm external microphone port are featured for improved audio monitoring and recording capabilities. Refined body design incorporates four distinct control dials across the body for intuitive tactile control and a joystick controller is used on the back of the camera for fast and intuitive focus point selection and menu navigation. Durable, weather-sealed body design is built to handle tough working conditions and inclement weather. Both 5 GHz and 2.4 GHz Wi-Fi bands are available for fast file transferring to a mobile device and Bluetooth is also available to provide constant device connection via the Camera Connect app. What's in the box? EOS R5 Mirrorless Digital Camera (Body Only) LP-E6NH Lithium-Ion Battery (7.2V, 2130mAh) LC-E6 Charger for LP-E6 Battery Pack R-F-5 Camera Cover Battery Pack Cover Strap ER-EOSR5 IFC-100U Interface Cable (39.4"") IFC Cable IFC-100U Protector",https://cdn.shopify.com/s/files/1/0955/2409/4277/files/canon-eos-r5-body-only-19433-p_ea094e9c-bd23-4f9e-9a01-89506abf84cf.jpg?v=1766150379,https://cdn.shopify.com/s/files/1/0955/2409/4277/files/canon-eos-r5-body-only-19433-p_ea094e9c-bd23-4f9e-9a01-89506abf84cf.jpg?v=1766150379 | https://cdn.shopify.com/s/files/1/0955/2409/4277/files/IMG_9555_1_ab6ffc13-358f-45cc-b524-f3dbdae51b76.jpg?v=1776858676 | https://cdn.shopify.com/s/files/1/0955/2409/4277/files/IMG_9556_1_beb193ae-7062-4d69-b15c-3562d296c89e.jpg?v=1776858685 | https://cdn.shopify.com/s/files/1/0955/2409/4277/files/IMG_9557_1_cd6a2f40-a8ca-40d2-a383-89fec4dff2e8.jpg?v=1776858674 | https://cdn.shopify.com/s/files/1/0955/2409/4277/files/IMG_9560_1_5b72f4b7-587e-4b6c-8700-53e845610fa9.jpg?v=1776858675 | https://cdn.shopify.com/s/files/1/0955/2409/4277/files/IMG_9564_1_2bca348d-4243-435a-be23-b02aec4f9ba4.jpg?v=1776858676 | https://cdn.shopify.com/s/files/1/0955/2409/4277/files/IMG_9565_1_a21108c2-2a11-4ae5-8bcb-411550ce8829.jpg?v=1776858673 | https://cdn.shopify.com/s/files/1/0955/2409/4277/files/IMG_9566_1.jpg?v=1776858677 | https://cdn.shopify.com/s/files/1/0955/2409/4277/files/IMG_9561_1.jpg?v=1776858681 | https://cdn.shopify.com/s/files/1/0955/2409/4277/files/IMG_9568_1_77464e52-1a8b-4393-a59d-7b46c40f3500.jpg?v=1776858680,2026-04-17T15:54:14+01:00
HDEW Cameras,https://hdewcameras.co.uk,15819120738629,https://hdewcameras.co.uk/products/asus-proart-pa248qv-24-inch-professional-monitor-open-box,Asus ProArt PA248QV 24-inch Professional Monitor (Open Box),,623317_OB,Monitor,"24"" Monitor, open-box-models",ASUS,169.00,,Unknown,,"1 OPEN BOX UNIT - EXCELLENT CONDITION OPENED BUT NEVER USED RETURNED AS CUSTOMER CHANGED MIND ProArt Display PA248QV is a 24.1-inch monitor designed to satisfy the needs of creative professionals, from photo and video editing to graphic design. ProArt Display PA248QV is factory calibrated and Calman Verified to deliver superb colour accuracy (∆E < 2). It also provides industry-standard 100% sRGB / 100% Rec. 709 colour space coverage. With ASUS-exclusive features, such as ProArt Preset and ProArt Palette with six-axis colour, black-level and brightness adjustments, PA248QV makes it easy to achieve the exact look you desire quickly, easily and precisely. Colour professionals rely on colour-accurate displays to ensure that their creations look exactly as intended. ProArt Display PA248QV is factory calibrated and Calman Verified to guarantee industry-leading colour accuracy. Every ProArt display undergoes stringent, meticulous testing to ensure smoother colour gradation. Consumer of pro, you're assured colour-accurate viewing and content-creation experiences. Resolution: 1920 x 1080 (Full HD) Aspect ratio: 16:10 Contrast ratio: 1000:1 Response time: 5 ms Brightness: 300 cd/m 2 Maximum viewing angle horizontal / vertical: 178° / 178° Speakers: 2x 2 W Connectivity: 1x DisplayPort 1.2, 1x HDMI 1.4, 1x VGA, 1x headphone jack, 4x USB-A 3.0 Monitor can be tilted, rotated, pivoted and height-adjusted",https://cdn.shopify.com/s/files/1/0955/2409/4277/files/Asus_PA248QV_HDEW1_cac9ff38-3d17-4817-a128-6a079a2e53ee.jpg?v=1776429477,https://cdn.shopify.com/s/files/1/0955/2409/4277/files/Asus_PA248QV_HDEW1_cac9ff38-3d17-4817-a128-6a079a2e53ee.jpg?v=1776429477 | https://cdn.shopify.com/s/files/1/0955/2409/4277/files/Asus_PA248QV_HDEW3_1916152f-37a1-42a7-bd45-74263240176d.jpg?v=1776429476 | https://cdn.shopify.com/s/files/1/0955/2409/4277/files/Asus_PA248QV_HDEW2_fe93156a-151e-4e5f-8280-a23de11482a1.jpg?v=1776429477 | https://cdn.shopify.com/s/files/1/0955/2409/4277/files/Asus_PA248QV_HDEW4_d8861a16-4ebe-4c27-969f-7f7e03f58686.jpg?v=1776429477 | https://cdn.shopify.com/s/files/1/0955/2409/4277/files/Asus_PA248QV_HDEW5_4811213d-57ca-4fda-ad09-31c57cbf992f.jpg?v=1776429476,2026-04-17T13:47:13+01:00
HDEW Cameras,https://hdewcameras.co.uk,15818011312453,https://hdewcameras.co.uk/products/atomos-shinobi-7rx-camera-monitor,Atomos Shinobi 7RX Camera Monitor,,206959,On Camera Monitor,"Atomos, Camera Monitor, on-camera-field-monitors, production-studio-monitors",Atomos,679.00,,Unknown,,"A precise look at your footage is important, especially when light conditions change and every detail needs to be right. With a large display it is easier to judge scenes and make fitting decisions. You keep an eye on your recordings and react faster to changes without searching or correcting for a long time. This overview supports you during demanding projects. Image quality that supports your work The clear view on the screen goes together with expressive colours and stable brightness levels. This helps you in situations where reflections and difficult surroundings would otherwise take much time. At the same time you stay flexible because different monitoring views for professional use are included. This way the monitor suits workflows that require high attention. More control on set Through the control functions the camera is adjusted directly through the monitor which makes workflows smoother. Touch gestures help you with quick adjustments while the wireless transmission saves extra steps. Combined with the option to use different colour profiles the display adapts to many camera types. This allows you to work reliably even when requirements change. Features: 7‑inch HDR display with high peak brightness for clear visibility in bright surroundings Professional analysis tools support exposure and focus with exact control displays HDMI and SDI ports make it easier to work with different camera systems Camera control through USB‑C supports fast adjustments directly on the monitor Touch‑to‑focus assists targeted focusing without detours Integrated 5G WiFi transfers signals from the Atomos TX with low delay for smooth workflows Real‑time processing of Log, PQ and HLG signals gives you an extended dynamic view during filming Two NPF slots increase operating time with flexible power supply",https://cdn.shopify.com/s/files/1/0955/2409/4277/files/Atomos_Shinobi7RX_HDEW1_70c209b9-5dd6-4f95-9892-51afb4e33e8b.jpg?v=1776403593,https://cdn.shopify.com/s/files/1/0955/2409/4277/files/Atomos_Shinobi7RX_HDEW1_70c209b9-5dd6-4f95-9892-51afb4e33e8b.jpg?v=1776403593 | https://cdn.shopify.com/s/files/1/0955/2409/4277/files/Atomos_Shinobi7RX_HDEW2_740581e9-9e93-4724-b986-3d84ca1b3c53.jpg?v=1776403593 | https://cdn.shopify.com/s/files/1/0955/2409/4277/files/Atomos_Shinobi7RX_HDEW3_5e23f046-6d42-4fbf-9110-ae5f6fdd0091.jpg?v=1776403593 | https://cdn.shopify.com/s/files/1/0955/2409/4277/files/Atomos_Shinobi7RX_HDEW4_fdb2706b-60ad-4c3f-9e02-50a66fb44007.jpg?v=1776403593,2026-04-17T06:27:22+01:00
HDEW Cameras,https://hdewcameras.co.uk,15806499389765,https://hdewcameras.co.uk/products/apple-watch-11-46mm-jet-black-s-m-airpods-4-with-anc-power-bundle,Apple Watch 11 46mm Jet Black (S/M) & Airpods 4 with ANC Power Bundle,,51350-00470-00AIRPODS_WATCH11-BUNDLE,Apple Bundle,"Apple Airpods, apple-watch",Apple,469.00,,Unknown,,"Apple Health & Audio Power Bundle Apple AirPods 4 with ANC + Apple Watch Series 11 Experience the perfect fusion of immersive sound and intelligent health insights with the Apple Health & Audio Power Bundle & save £££. Designed for people who want to stay connected, stay informed, and stay inspired, this bundle pairs the all‑new AirPods 4 with Active Noise Cancellation and the advanced Apple Watch Series 11—two devices that elevate your daily routine in ways you’ll feel immediately. Apple Watch Series 11 Your health, fitness, and daily insights—right on your wrist. Apple Watch Series 11 gives you a deeper understanding of your body and empowers you to take action with advanced health monitoring and fitness tools. ECG app for AFib detection Vitals app with overnight metrics: heart rate, respiratory rate, wrist temperature, blood oxygen & sleep duration Sleep Score with detailed analysis of sleep stages and consistency Sleep apnoea monitoring with notifications for possible breathing disturbances Cycle Tracking with retrospective ovulation estimates Blood Oxygen app for on‑demand and background readings Heart Rate app with high/low/irregular rhythm alerts Refreshed Workout app with quick-access corner buttons Activity rings with adjustable daily goals From marathon training to mindful recovery, Series 11 helps you move smarter, sleep better, and understand your health like never before. AirPods 4 with Active Noise Cancellation AirPods 4 deliver a breakthrough listening experience with a redesigned fit, richer audio, and powerful new intelligence. Active Noise Cancellation, Adaptive Audio & Transparency Mode H2 chip for clearer calls with Voice Isolation and Conversation Awareness Personalised Spatial Audio with dynamic head tracking IP54 dust, sweat & water resistance Up to 30 hours of listening with USB‑C charging Find My support with built‑in case speaker Wireless charging via Apple Watch or Qi-certified chargers True wireless design with intuitive Play/Pause controls Lightweight, comfortable fit for all‑day listening Whether you're taking calls, working out, or getting lost in your favourite playlist, AirPods 4 deliver sound that moves with you. Why They’re Better Together Seamless Apple ecosystem integration means your devices work in harmony: Start a workout on Apple Watch and enjoy immersive Spatial Audio motivation through AirPods Get clearer calls and notifications instantly routed to your AirPods Use Siri hands‑free across both devices Track your health, fitness, and daily habits while enjoying distraction‑free sound Find both devices easily with Find My support This bundle brings together Apple’s most personal device and Apple’s most immersive audio experience —a perfect pairing for productivity, wellness, and everyday convenience.",https://cdn.shopify.com/s/files/1/0955/2409/4277/files/Apple_Watch_11_46mm_Jet_Black_SM_Airpods_4_with_ANC_Power_Bundle.png?v=1776344016,https://cdn.shopify.com/s/files/1/0955/2409/4277/files/Apple_Watch_11_46mm_Jet_Black_SM_Airpods_4_with_ANC_Power_Bundle.png?v=1776344016 | https://cdn.shopify.com/s/files/1/0955/2409/4277/files/Apple_Watch_11_Jet-Black_HDEW1.jpg?v=1776344137 | https://cdn.shopify.com/s/files/1/0955/2409/4277/files/Apple_Airpods4-ANC_HDEW1.jpg?v=1776344641 | https://cdn.shopify.com/s/files/1/0955/2409/4277/files/Apple_Watch_11_HDEW3.jpg?v=1776344365 | https://cdn.shopify.com/s/files/1/0955/2409/4277/files/Apple_Airpods4-ANC_HDEW2.jpg?v=1776344641 | https://cdn.shopify.com/s/files/1/0955/2409/4277/files/Apple_Airpods4-ANC_HDEW3.jpg?v=1776344641 | https://cdn.shopify.com/s/files/1/0955/2409/4277/files/Apple_Airpods4-ANC_HDEW4.jpg?v=1776344365 | https://cdn.shopify.com/s/files/1/0955/2409/4277/files/Apple_Watch_11_HDEW4.jpg?v=1776344365,2026-04-17T05:09:41+01:00
HDEW Cameras,https://hdewcameras.co.uk,15812752572741,https://hdewcameras.co.uk/products/apple-watch-ultra-3-49mm-cellular-black-airpods-4-with-anc-power-bundle,Apple Watch Ultra 3 49mm Cellular Black & Airpods 4 with ANC Power Bundle,,51350-00494-00_AIRPODSWATCHULTRA-BUNDLE OCEAN,Apple Bundle,"Apple Airpods, apple-watch",Apple,794.00,828.00,Unknown,,"Apple Health & Audio Power Bundle Apple Watch Ultra 3 + Apple AirPods 4 with ANC Experience the perfect fusion of immersive sound and intelligent health insights with the Apple Health & Audio Power Bundle & save £££. Unlock your peak potential with the Apple Watch Ultra 3 paired with AirPods 4 . This powerhouse combination delivers rugged durability, pro‑level fitness tools, crystal‑clear audio and seamless connectivity — built for athletes, adventurers and anyone who wants the most capable Apple experience on the move. Apple Watch Ultra 3 — Built for the Extreme Engineered for endurance , Ultra 3 is Apple’s most advanced sports and adventure watch yet, featuring built‑in satellite communications, multiday battery life and the largest, brightest display ever in an Apple Watch. Key Benefits Rugged Titanium Build — Ultra‑tough titanium case with sapphire crystal display. Water‑resistant to 100 metres, perfect for swimming, diving and high‑speed water sports. Bright, Beautiful Display — A large, ultra‑bright display that stays readable at wider angles and doubles as a powerful torch. Multiday Battery Life — Up to 42 hours of normal use and up to 72 hours in Low Power Mode. Track GPS‑intensive workouts for up to 20 hours in Low Power Mode. Elite Training Tools — Precision dual‑frequency GPS, Pacer, Heart Rate Zones, Custom Workouts, running power, training load and Workout Buddy powered by Apple Intelligence from your nearby iPhone. Safety You Can Count On — Detects hard falls and severe car crashes, helps connect you to emergency services and notifies your emergency contacts. Check In automatically alerts loved ones when you arrive safely. Customisable Action Button — Start workouts, mark segments or turn on the torch instantly with a single press. Advanced Health Insights — High and low heart‑rate notifications, possible sleep apnoea alerts, sleep score, Vitals app metrics and blood oxygen readings. Freedom to Stay Connected — Make calls, stream music and podcasts, and listen through AirPods or the built‑in speaker — even without your iPhone. Trailblazing Band Options — Four versatile, elegant band styles designed for training, travel and everyday wear. AirPods 4 — Immersive Sound That Moves With You Pair Ultra 3 with AirPods 4 for a next‑level audio experience that enhances every workout, adventure and moment of downtime. Why They’re the Perfect Match Active Noise Cancellation & Adaptive Audio keep you focused during intense training sessions. Personalised Spatial Audio delivers immersive sound that adapts to your movement. H2 Chip with Voice Isolation ensures crystal‑clear calls — ideal when using Ultra 3’s standalone calling features. Sweat & Water Resistance (IP54) makes them perfect for workouts, trails and outdoor adventures. Long Battery Life & USB‑C Charging keep you powered through long runs, hikes and travel days. Find My Support helps you locate your AirPods and Ultra 3 with ease. Why This Bundle Is a Game Changer Together, Apple Watch Ultra 3 and AirPods 4 create a seamless ecosystem built for performance, exploration and everyday convenience. Start a workout on Ultra 3 and get immersive Spatial Audio motivation instantly through AirPods. Take calls, listen to music and stay connected without your iPhone. Track your health, sleep and training load while enjoying distraction‑free sound. Move between workouts, workdays and weekends with a rugged watch and ultra‑comfortable earbuds designed for all‑day wear. AirPods 4 deliver a breakthrough listening experience with a redesigned fit, richer audio, and powerful new intelligence. Active Noise Cancellation, Adaptive Audio & Transparency Mode H2 chip for clearer calls with Voice Isolation and Conversation Awareness Personalised Spatial Audio with dynamic head tracking IP54 dust, sweat & water resistance Up to 30 hours of listening with USB‑C charging Find My support with built‑in case speaker Wireless charging via Apple Watch or Qi-certified chargers True wireless design with intuitive Play/Pause controls Lightweight, comfortable fit for all‑day listening Whether you're taking calls, working out, or getting lost in your favourite playlist, AirPods 4 deliver sound that moves with you. Why They’re Better Together Seamless Apple ecosystem integration means your devices work in harmony: Start a workout on Apple Watch and enjoy immersive Spatial Audio motivation through AirPods Get clearer calls and notifications instantly routed to your AirPods Use Siri hands‑free across both devices Track your health, fitness, and daily habits while enjoying distraction‑free sound Find both devices easily with Find My support This bundle brings together Apple’s most personal device and Apple’s most immersive audio experience —a perfect pairing for productivity, wellness, and everyday convenience.",https://cdn.shopify.com/s/files/1/0955/2409/4277/files/Apple_Watch_Ultra_3_49mm_Cellular_Black_Airpods_4_with_ANC_Power_Bundle.png?v=1776344467,https://cdn.shopify.com/s/files/1/0955/2409/4277/files/Apple_Watch_Ultra_3_49mm_Cellular_Black_Airpods_4_with_ANC_Power_Bundle.png?v=1776344467 | https://cdn.shopify.com/s/files/1/0955/2409/4277/files/Apple_Watch_Ultra_Black-Ocean_HDEW1.jpg?v=1776344467 | https://cdn.shopify.com/s/files/1/0955/2409/4277/files/Apple_Airpods4-ANC_HDEW1.jpg?v=1776344641 | https://cdn.shopify.com/s/files/1/0955/2409/4277/files/Apple_Watch_Ultra_Black-Ocean_HDEW2.jpg?v=1776344467 | https://cdn.shopify.com/s/files/1/0955/2409/4277/files/Apple_Watch-Ultra3_Cellular-Black_HDEW2_33a3d4f2-54f9-4a61-9c31-9d5494dc3fc2.jpg?v=1776344641 | https://cdn.shopify.com/s/files/1/0955/2409/4277/files/Apple_Airpods4-ANC_HDEW2.jpg?v=1776344641 | https://cdn.shopify.com/s/files/1/0955/2409/4277/files/Apple_Airpods4-ANC_HDEW3.jpg?v=1776344641,2026-04-17T05:09:40+01:00
HDEW Cameras,https://hdewcameras.co.uk,15812722032965,https://hdewcameras.co.uk/products/apple-watch-11-42mm-rose-gold-blush-s-m-airpods-4-with-anc-power-bundle,Apple Watch 11 46mm Rose-Gold/Blush (S/M) & Airpods 4 with ANC Power Bundle,,51350-00505-00AIRPODS_WATCH11-BUNDLE,Apple Bundle,"Apple Airpods, apple-watch",Apple,469.00,0.00,Unknown,,"Apple Health & Audio Power Bundle Apple AirPods 4 with ANC + Apple Watch Series 11 Experience the perfect fusion of immersive sound and intelligent health insights with the Apple Health & Audio Power Bundle & save £££. Designed for people who want to stay connected, stay informed, and stay inspired, this bundle pairs the all‑new AirPods 4 with Active Noise Cancellation and the advanced Apple Watch Series 11—two devices that elevate your daily routine in ways you’ll feel immediately. Apple Watch Series 11 Your health, fitness, and daily insights—right on your wrist. Apple Watch Series 11 gives you a deeper understanding of your body and empowers you to take action with advanced health monitoring and fitness tools. ECG app for AFib detection Vitals app with overnight metrics: heart rate, respiratory rate, wrist temperature, blood oxygen & sleep duration Sleep Score with detailed analysis of sleep stages and consistency Sleep apnoea monitoring with notifications for possible breathing disturbances Cycle Tracking with retrospective ovulation estimates Blood Oxygen app for on‑demand and background readings Heart Rate app with high/low/irregular rhythm alerts Refreshed Workout app with quick-access corner buttons Activity rings with adjustable daily goals From marathon training to mindful recovery, Series 11 helps you move smarter, sleep better, and understand your health like never before. AirPods 4 with Active Noise Cancellation AirPods 4 deliver a breakthrough listening experience with a redesigned fit, richer audio, and powerful new intelligence. Active Noise Cancellation, Adaptive Audio & Transparency Mode H2 chip for clearer calls with Voice Isolation and Conversation Awareness Personalised Spatial Audio with dynamic head tracking IP54 dust, sweat & water resistance Up to 30 hours of listening with USB‑C charging Find My support with built‑in case speaker Wireless charging via Apple Watch or Qi-certified chargers True wireless design with intuitive Play/Pause controls Lightweight, comfortable fit for all‑day listening Whether you're taking calls, working out, or getting lost in your favourite playlist, AirPods 4 deliver sound that moves with you. Why They’re Better Together Seamless Apple ecosystem integration means your devices work in harmony: Start a workout on Apple Watch and enjoy immersive Spatial Audio motivation through AirPods Get clearer calls and notifications instantly routed to your AirPods Use Siri hands‑free across both devices Track your health, fitness, and daily habits while enjoying distraction‑free sound Find both devices easily with Find My support This bundle brings together Apple’s most personal device and Apple’s most immersive audio experience —a perfect pairing for productivity, wellness, and everyday convenience.",https://cdn.shopify.com/s/files/1/0955/2409/4277/files/Apple_Watch_11_46mm_Rose-GoldBlush_SM_Airpods_4_with_ANC_Power_Bundle.png?v=1776344365,https://cdn.shopify.com/s/files/1/0955/2409/4277/files/Apple_Watch_11_46mm_Rose-GoldBlush_SM_Airpods_4_with_ANC_Power_Bundle.png?v=1776344365 | https://cdn.shopify.com/s/files/1/0955/2409/4277/files/Apple_Watch_11_Rose-gold_Blush_HDEW1.jpg?v=1776344365 | https://cdn.shopify.com/s/files/1/0955/2409/4277/files/Apple_Airpods4-ANC_HDEW1.jpg?v=1776344641 | https://cdn.shopify.com/s/files/1/0955/2409/4277/files/Apple_Watch_11_Rose-gold_Blush_HDEW2.jpg?v=1776344365 | https://cdn.shopify.com/s/files/1/0955/2409/4277/files/Apple_Airpods4-ANC_HDEW2.jpg?v=1776344641 | https://cdn.shopify.com/s/files/1/0955/2409/4277/files/Apple_Watch_11_HDEW3.jpg?v=1776344365 | https://cdn.shopify.com/s/files/1/0955/2409/4277/files/Apple_Airpods4-ANC_HDEW3.jpg?v=1776344641 | https://cdn.shopify.com/s/files/1/0955/2409/4277/files/Apple_Airpods4-ANC_HDEW4.jpg?v=1776344365 | https://cdn.shopify.com/s/files/1/0955/2409/4277/files/Apple_Watch_11_HDEW4.jpg?v=1776344365,2026-04-17T05:09:40+01:00
HDEW Cameras,https://hdewcameras.co.uk,15812716233029,https://hdewcameras.co.uk/products/apple-watch-11-46mm-silver-purple-fog-m-l-airpods-4-with-anc-power-bundle,Apple Watch 11 46mm Silver-Purple Fog (M/L) & Airpods 4 with ANC Power Bundle,,51350-00473-00AIRPODS_WATCH11-BUNDLE,Apple Bundle,"Apple Airpods, apple-watch",Apple,469.00,,Unknown,,"Apple Health & Audio Power Bundle Apple AirPods 4 with ANC + Apple Watch Series 11 Experience the perfect fusion of immersive sound and intelligent health insights with the Apple Health & Audio Power Bundle & save £££. Designed for people who want to stay connected, stay informed, and stay inspired, this bundle pairs the all‑new AirPods 4 with Active Noise Cancellation and the advanced Apple Watch Series 11—two devices that elevate your daily routine in ways you’ll feel immediately. Apple Watch Series 11 Your health, fitness, and daily insights—right on your wrist. Apple Watch Series 11 gives you a deeper understanding of your body and empowers you to take action with advanced health monitoring and fitness tools. ECG app for AFib detection Vitals app with overnight metrics: heart rate, respiratory rate, wrist temperature, blood oxygen & sleep duration Sleep Score with detailed analysis of sleep stages and consistency Sleep apnoea monitoring with notifications for possible breathing disturbances Cycle Tracking with retrospective ovulation estimates Blood Oxygen app for on‑demand and background readings Heart Rate app with high/low/irregular rhythm alerts Refreshed Workout app with quick-access corner buttons Activity rings with adjustable daily goals From marathon training to mindful recovery, Series 11 helps you move smarter, sleep better, and understand your health like never before. AirPods 4 with Active Noise Cancellation AirPods 4 deliver a breakthrough listening experience with a redesigned fit, richer audio, and powerful new intelligence. Active Noise Cancellation, Adaptive Audio & Transparency Mode H2 chip for clearer calls with Voice Isolation and Conversation Awareness Personalised Spatial Audio with dynamic head tracking IP54 dust, sweat & water resistance Up to 30 hours of listening with USB‑C charging Find My support with built‑in case speaker Wireless charging via Apple Watch or Qi-certified chargers True wireless design with intuitive Play/Pause controls Lightweight, comfortable fit for all‑day listening Whether you're taking calls, working out, or getting lost in your favourite playlist, AirPods 4 deliver sound that moves with you. Why They’re Better Together Seamless Apple ecosystem integration means your devices work in harmony: Start a workout on Apple Watch and enjoy immersive Spatial Audio motivation through AirPods Get clearer calls and notifications instantly routed to your AirPods Use Siri hands‑free across both devices Track your health, fitness, and daily habits while enjoying distraction‑free sound Find both devices easily with Find My support This bundle brings together Apple’s most personal device and Apple’s most immersive audio experience —a perfect pairing for productivity, wellness, and everyday convenience.",https://cdn.shopify.com/s/files/1/0955/2409/4277/files/Apple_Watch_11_46mm_Silver-Purple_Fog_ML_Airpods_4_with_ANC_Power_Bundle.png?v=1776344272,https://cdn.shopify.com/s/files/1/0955/2409/4277/files/Apple_Watch_11_46mm_Silver-Purple_Fog_ML_Airpods_4_with_ANC_Power_Bundle.png?v=1776344272 | https://cdn.shopify.com/s/files/1/0955/2409/4277/files/Apple_Watch_11_Purple_HDEW1.jpg?v=1776344272 | https://cdn.shopify.com/s/files/1/0955/2409/4277/files/Apple_Airpods4-ANC_HDEW1.jpg?v=1776344641 | https://cdn.shopify.com/s/files/1/0955/2409/4277/files/Apple_Watch_11_Purple_HDEW2.jpg?v=1776344272 | https://cdn.shopify.com/s/files/1/0955/2409/4277/files/Apple_Airpods4-ANC_HDEW2.jpg?v=1776344641 | https://cdn.shopify.com/s/files/1/0955/2409/4277/files/Apple_Watch_11_HDEW3.jpg?v=1776344365 | https://cdn.shopify.com/s/files/1/0955/2409/4277/files/Apple_Airpods4-ANC_HDEW3.jpg?v=1776344641 | https://cdn.shopify.com/s/files/1/0955/2409/4277/files/Apple_Airpods4-ANC_HDEW4.jpg?v=1776344365 | https://cdn.shopify.com/s/files/1/0955/2409/4277/files/Apple_Watch_11_HDEW4.jpg?v=1776344365,2026-04-17T05:09:40+01:00
HDEW Cameras,https://hdewcameras.co.uk,15812695916869,https://hdewcameras.co.uk/products/apple-watch-11-46mm-jet-black-m-l-airpods-4-with-anc-power-bundle,Apple Watch 11 46mm Jet Black (M/L) & Airpods 4 with ANC Power Bundle,,51350-00471-00AIRPODS_WATCH11-BUNDLE,Apple Bundle,"Apple Airpods, apple-watch",Apple,444.00,468.00,Unknown,,"Apple Health & Audio Power Bundle Apple AirPods 4 with ANC + Apple Watch Series 11 Experience the perfect fusion of immersive sound and intelligent health insights with the Apple Health & Audio Power Bundle & save £££. Designed for people who want to stay connected, stay informed, and stay inspired, this bundle pairs the all‑new AirPods 4 with Active Noise Cancellation and the advanced Apple Watch Series 11—two devices that elevate your daily routine in ways you’ll feel immediately. Apple Watch Series 11 Your health, fitness, and daily insights—right on your wrist. Apple Watch Series 11 gives you a deeper understanding of your body and empowers you to take action with advanced health monitoring and fitness tools. ECG app for AFib detection Vitals app with overnight metrics: heart rate, respiratory rate, wrist temperature, blood oxygen & sleep duration Sleep Score with detailed analysis of sleep stages and consistency Sleep apnoea monitoring with notifications for possible breathing disturbances Cycle Tracking with retrospective ovulation estimates Blood Oxygen app for on‑demand and background readings Heart Rate app with high/low/irregular rhythm alerts Refreshed Workout app with quick-access corner buttons Activity rings with adjustable daily goals From marathon training to mindful recovery, Series 11 helps you move smarter, sleep better, and understand your health like never before. AirPods 4 with Active Noise Cancellation AirPods 4 deliver a breakthrough listening experience with a redesigned fit, richer audio, and powerful new intelligence. Active Noise Cancellation, Adaptive Audio & Transparency Mode H2 chip for clearer calls with Voice Isolation and Conversation Awareness Personalised Spatial Audio with dynamic head tracking IP54 dust, sweat & water resistance Up to 30 hours of listening with USB‑C charging Find My support with built‑in case speaker Wireless charging via Apple Watch or Qi-certified chargers True wireless design with intuitive Play/Pause controls Lightweight, comfortable fit for all‑day listening Whether you're taking calls, working out, or getting lost in your favourite playlist, AirPods 4 deliver sound that moves with you. Why They’re Better Together Seamless Apple ecosystem integration means your devices work in harmony: Start a workout on Apple Watch and enjoy immersive Spatial Audio motivation through AirPods Get clearer calls and notifications instantly routed to your AirPods Use Siri hands‑free across both devices Track your health, fitness, and daily habits while enjoying distraction‑free sound Find both devices easily with Find My support This bundle brings together Apple’s most personal device and Apple’s most immersive audio experience —a perfect pairing for productivity, wellness, and everyday convenience.",https://cdn.shopify.com/s/files/1/0955/2409/4277/files/51350-00471-00AIRPODS_WATCH11-BUNDLE.png?v=1776344137,https://cdn.shopify.com/s/files/1/0955/2409/4277/files/51350-00471-00AIRPODS_WATCH11-BUNDLE.png?v=1776344137 | https://cdn.shopify.com/s/files/1/0955/2409/4277/files/Apple_Watch_11_Jet-Black_HDEW1.jpg?v=1776344137 | https://cdn.shopify.com/s/files/1/0955/2409/4277/files/Apple_Airpods4-ANC_HDEW1.jpg?v=1776344641 | https://cdn.shopify.com/s/files/1/0955/2409/4277/files/Apple_Watch_11_HDEW3.jpg?v=1776344365 | https://cdn.shopify.com/s/files/1/0955/2409/4277/files/Apple_Airpods4-ANC_HDEW2.jpg?v=1776344641 | https://cdn.shopify.com/s/files/1/0955/2409/4277/files/Apple_Airpods4-ANC_HDEW3.jpg?v=1776344641 | https://cdn.shopify.com/s/files/1/0955/2409/4277/files/Apple_Airpods4-ANC_HDEW4.jpg?v=1776344365 | https://cdn.shopify.com/s/files/1/0955/2409/4277/files/Apple_Watch_11_HDEW4.jpg?v=1776344365,2026-04-17T05:09:40+01:00
HDEW Cameras,https://hdewcameras.co.uk,15812812308805,https://hdewcameras.co.uk/products/apple-watch-ultra-3-49mm-cellular-black-m-airpods-4-with-anc-power-bundle,Apple Watch Ultra 3 49mm Cellular Black (M) & Airpods 4 with ANC Power Bundle,,51350-00495-00_AIRPODSWATCHULTRA-BUNDLE ALPINE,Apple Bundle,"Apple Airpods, apple-watch",Apple,829.00,0.00,Unknown,,"Apple Health & Audio Power Bundle Apple Watch Ultra 3 + Apple AirPods 4 with ANC Experience the perfect fusion of immersive sound and intelligent health insights with the Apple Health & Audio Power Bundle & save £££. Unlock your peak potential with the Apple Watch Ultra 3 paired with AirPods 4 . This powerhouse combination delivers rugged durability, pro‑level fitness tools, crystal‑clear audio and seamless connectivity — built for athletes, adventurers and anyone who wants the most capable Apple experience on the move. Apple Watch Ultra 3 — Built for the Extreme Engineered for endurance , Ultra 3 is Apple’s most advanced sports and adventure watch yet, featuring built‑in satellite communications, multiday battery life and the largest, brightest display ever in an Apple Watch. This option is with the M Black Alpine Loop. Band. Key Benefits Rugged Titanium Build — Ultra‑tough titanium case with sapphire crystal display. Water‑resistant to 100 metres, perfect for swimming, diving and high‑speed water sports. Bright, Beautiful Display — A large, ultra‑bright display that stays readable at wider angles and doubles as a powerful torch. Multiday Battery Life — Up to 42 hours of normal use and up to 72 hours in Low Power Mode. Track GPS‑intensive workouts for up to 20 hours in Low Power Mode. Elite Training Tools — Precision dual‑frequency GPS, Pacer, Heart Rate Zones, Custom Workouts, running power, training load and Workout Buddy powered by Apple Intelligence from your nearby iPhone. Safety You Can Count On — Detects hard falls and severe car crashes, helps connect you to emergency services and notifies your emergency contacts. Check In automatically alerts loved ones when you arrive safely. Customisable Action Button — Start workouts, mark segments or turn on the torch instantly with a single press. Advanced Health Insights — High and low heart‑rate notifications, possible sleep apnoea alerts, sleep score, Vitals app metrics and blood oxygen readings. Freedom to Stay Connected — Make calls, stream music and podcasts, and listen through AirPods or the built‑in speaker — even without your iPhone. Trailblazing Band Options — Four versatile, elegant band styles designed for training, travel and everyday wear. AirPods 4 — Immersive Sound That Moves With You Pair Ultra 3 with AirPods 4 for a next‑level audio experience that enhances every workout, adventure and moment of downtime. Why They’re the Perfect Match Active Noise Cancellation & Adaptive Audio keep you focused during intense training sessions. Personalised Spatial Audio delivers immersive sound that adapts to your movement. H2 Chip with Voice Isolation ensures crystal‑clear calls — ideal when using Ultra 3’s standalone calling features. Sweat & Water Resistance (IP54) makes them perfect for workouts, trails and outdoor adventures. Long Battery Life & USB‑C Charging keep you powered through long runs, hikes and travel days. Find My Support helps you locate your AirPods and Ultra 3 with ease. Why This Bundle Is a Game Changer Together, Apple Watch Ultra 3 and AirPods 4 create a seamless ecosystem built for performance, exploration and everyday convenience. Start a workout on Ultra 3 and get immersive Spatial Audio motivation instantly through AirPods. Take calls, listen to music and stay connected without your iPhone. Track your health, sleep and training load while enjoying distraction‑free sound. Move between workouts, workdays and weekends with a rugged watch and ultra‑comfortable earbuds designed for all‑day wear. AirPods 4 deliver a breakthrough listening experience with a redesigned fit, richer audio, and powerful new intelligence. Active Noise Cancellation, Adaptive Audio & Transparency Mode H2 chip for clearer calls with Voice Isolation and Conversation Awareness Personalised Spatial Audio with dynamic head tracking IP54 dust, sweat & water resistance Up to 30 hours of listening with USB‑C charging Find My support with built‑in case speaker Wireless charging via Apple Watch or Qi-certified chargers True wireless design with intuitive Play/Pause controls Lightweight, comfortable fit for all‑day listening Whether you're taking calls, working out, or getting lost in your favourite playlist, AirPods 4 deliver sound that moves with you. Why They’re Better Together Seamless Apple ecosystem integration means your devices work in harmony: Start a workout on Apple Watch and enjoy immersive Spatial Audio motivation through AirPods Get clearer calls and notifications instantly routed to your AirPods Use Siri hands‑free across both devices Track your health, fitness, and daily habits while enjoying distraction‑free sound Find both devices easily with Find My support This bundle brings together Apple’s most personal device and Apple’s most immersive audio experience —a perfect pairing for productivity, wellness, and everyday convenience.",https://cdn.shopify.com/s/files/1/0955/2409/4277/files/Apple_Watch_Ultra_3_49mm_Cellular_Black_M_Airpods_4_with_ANC_Power_Bundle.png?v=1776344641,https://cdn.shopify.com/s/files/1/0955/2409/4277/files/Apple_Watch_Ultra_3_49mm_Cellular_Black_M_Airpods_4_with_ANC_Power_Bundle.png?v=1776344641 | https://cdn.shopify.com/s/files/1/0955/2409/4277/files/Apple_Watch-Ultra3_Cellular-Black_HDEW1_f23a2c70-81d3-49a3-9556-dca857419a2d.jpg?v=1776344641 | https://cdn.shopify.com/s/files/1/0955/2409/4277/files/Apple_Airpods4-ANC_HDEW1.jpg?v=1776344641 | https://cdn.shopify.com/s/files/1/0955/2409/4277/files/Apple_Watch-Ultra3_Cellular-Black_HDEW2_33a3d4f2-54f9-4a61-9c31-9d5494dc3fc2.jpg?v=1776344641 | https://cdn.shopify.com/s/files/1/0955/2409/4277/files/Apple_Airpods4-ANC_HDEW2.jpg?v=1776344641 | https://cdn.shopify.com/s/files/1/0955/2409/4277/files/Apple_Airpods4-ANC_HDEW3.jpg?v=1776344641,2026-04-17T05:09:00+01:00
HDEW Cameras,https://hdewcameras.co.uk,15817927819589,https://hdewcameras.co.uk/products/atomos-shinobi-go-hdmi-camera-monitor,Atomos Shinobi Go HDMI Camera Monitor,,150329,On Camera Monitor,"Atomos, Camera Monitor, on-camera-field-monitors, production-studio-monitors",Atomos,259.00,,Unknown,,"If you rely on a compact and bright display while on the go, the Shinobi GO provides clear visibility for every shot. Designed for mobility, this monitor delivers a sharp image – even in direct sunlight. Its slim housing and simple power supply make it a flexible addition to your equipment. More control for every shoot The 5.2-inch touchscreen with Full HD resolution shows your image in high detail. You use professional color profiles and HDR modes to evaluate your material directly on set. Integrated analysis functions like waveform, vectorscope, and focus peaking help you control your image precisely. Flexible and well-thought-out Whether via battery or USB-C – you decide how to power the monitor. Operation is via a multifunction button and the touchscreen, while you receive signals up to 4K UHD through the HDMI input. With the ability to load your own LUTs, you can adapt the display to your workflow. Features: Bright display with 1500 cd/m² for clear visibility in daylight Full HD touchscreen with 1920 x 1080 pixels for detailed display HDR support including HLG and PQ for realistic contrasts AtomHDR mode with 10-stop dynamic range for precise exposure HDMI input for 4K UHD signals up to 30p Individual color profiles and 3D LUTs for flexible image adjustment Focus tools like peaking, zebra, and false color for image control Analysis functions like waveform, histogram, and vectorscope Power supply via USB-C PD or NP-F battery for mobile use (battery not included) Control of external devices via USB-C and 2.5 mm serial jack USB-C 2.0 cable, HDMI, and USB-C locking cable adapter included Dimensions (W x H x D): 15.1 x 9.15 x 2.08 cm Weight: 210 g",https://cdn.shopify.com/s/files/1/0955/2409/4277/files/Atomos_Shinobi-Go_HDEW1.jpg?v=1776390065,https://cdn.shopify.com/s/files/1/0955/2409/4277/files/Atomos_Shinobi-Go_HDEW1.jpg?v=1776390065 | https://cdn.shopify.com/s/files/1/0955/2409/4277/files/Atomos_Shinobi-Go_HDEW2.jpg?v=1776390065 | https://cdn.shopify.com/s/files/1/0955/2409/4277/files/Atomos_Shinobi-Go_HDEW3.jpg?v=1776390064 | https://cdn.shopify.com/s/files/1/0955/2409/4277/files/Atomos_Shinobi-Go_HDEW4.jpg?v=1776390065 | https://cdn.shopify.com/s/files/1/0955/2409/4277/files/Atomos_Shinobi-Go_HDEW5.jpg?v=1776390064,2026-04-17T02:45:16+01:00
HDEW Cameras,https://hdewcameras.co.uk,15817927754053,https://hdewcameras.co.uk/products/atomos-shogun-classic-pro-edition-monitor-recorder,Atomos Shogun Classic Pro Edition Monitor - Recorder,,114342,Field Monitor,"on-camera-field-monitors, photo-video-accessories, portable-devices, production-studio-monitors",Atomos,1049.00,,Unknown,,"The Atomos Shogun Classic Pro Edition is a state-of-the-art all-in-one solution for professional video recording and live streaming. It combines a 7-inch HDR monitor, a recorder and a mixer in one compact device. With its comprehensive features and versatile functions, the Atomos Shogun Classic Pro Edition is the perfect choice for demanding productions. The Atomos Shogun Classic Pro Edition is ideal for professional video productions, live events and video podcasts. Features: 7-inch HDR monitor: the monitor offers a resolution of 1920 x 1200 pixels and a brightness of up to 3000 nits, providing exceptional detail, colour and contrast. 4K HDR recording: record in real time in ProRes, CinemaDNG and Avid DNx formats. Multi-cam switching: Four SDI inputs enable seamless transitions between live video streams. ISO recording: Simultaneous recording of up to four video sources (1080p60). Monitoring tools: Built-in tools such as false colour profiles, adjustable focus peaking and 1:1 and 2:1 pixel magnification. Custom 3D LUTs: For precise colour corrections and adjustments. Robust design: Glass fibre reinforced polycarbonate housing and active heat sink with fan. Technical data: Display panel: IPS panel (capacitive touch) Resolution: 1920 x 1200 (1920 x 1080 image display) Bit depth: 10-bit (8+2 FRC) Backlight: Zone backlight (full-array local dimming) Input voltage: 6.2V to 16.8V Compatible batteries: 2x NP-F / L-Series batteries DC input: 1x DC input (6.2 - 16.8 V) Dimensions: 214 mm x 127 mm x 45 mm Weight: 738 g Scope of delivery: Atomos Shogun Classic Pro Edition HPRC hard case (yellow) USB 3.0 docking station 1x D-TAP to DC spiral cable 5x Master Caddy II 1x Fast charger 12V-3A AC power supply 2x 5200 mAh battery (NP-F750) Sun visor for Shogun Classic",https://cdn.shopify.com/s/files/1/0955/2409/4277/files/Atomos_Shogun_Classic-Pro_HDEW1.jpg?v=1776388716,https://cdn.shopify.com/s/files/1/0955/2409/4277/files/Atomos_Shogun_Classic-Pro_HDEW1.jpg?v=1776388716 | https://cdn.shopify.com/s/files/1/0955/2409/4277/files/Atomos_Shogun_Classic-Pro_HDEW2.jpg?v=1776388716 | https://cdn.shopify.com/s/files/1/0955/2409/4277/files/Atomos_Shogun_Classic-Pro_HDEW3.jpg?v=1776388716 | https://cdn.shopify.com/s/files/1/0955/2409/4277/files/Atomos_Shogun_Classic-Pro_HDEW4.jpg?v=1776388716 | https://cdn.shopify.com/s/files/1/0955/2409/4277/files/Atomos_Shogun_Classic-Pro_HDEW5.jpg?v=1776388716,2026-04-17T02:27:07+01:00
HDEW Cameras,https://hdewcameras.co.uk,15817922347333,https://hdewcameras.co.uk/products/atomos-ninja-ultra-accessory-kit,Atomos Ninja Ultra Accessory Kit,,152261,Monitor Recorder Accessories,"Atomos, Camera Monitor, on-camera-field-monitors, production-studio-monitors",Atomos,109.00,,Unknown,,Exclusive accessory kit for Atomos Ninja Ultra monitor recorder consisting of: HPRC hard case - For safe transport and protection USB 3.0 docking station - For fast and efficient data transfer 4x Master Caddy II - for more memory for long shooting days 2x 5200 mAh NPF batteries - Longer runtimes without interruption D-Tap to DC power cable - Flexible power supply on set Quick charger - Fast charging for maximum efficiency,https://cdn.shopify.com/s/files/1/0955/2409/4277/files/Atomos_Ninja-Ultra_Accessory-Kit_HDEW1.jpg?v=1776388008,https://cdn.shopify.com/s/files/1/0955/2409/4277/files/Atomos_Ninja-Ultra_Accessory-Kit_HDEW1.jpg?v=1776388008 | https://cdn.shopify.com/s/files/1/0955/2409/4277/files/Atomos_Ninja-Ultra_Accessory-Kit_HDEW2.jpg?v=1776388008,2026-04-17T02:06:47+01:00
HDEW Cameras,https://hdewcameras.co.uk,15817921528133,https://hdewcameras.co.uk/products/atomos-ninja-tx-go-5-inch-fhd-monitor-recorder,Atomos Ninja TX Go 5 inch FHD Monitor-Recorder,,210102,On Camera Monitor,"Atomos, Camera Monitor, on-camera-field-monitors, production-studio-monitors",Atomos,759.00,,Unknown,,"With the Ninja TX GO you work with a compact 5.2-inch monitor recorder. It has 1500 nits brightness and a Full HD resolution of 1920 x 1080 for a clear image. The case is made of aluminium and ABS, weighs 400 grams, and stays cool with an active fan. Through HDMI you can record signals up to 6Kp30 and use high‑quality formats like ProRes RAW or H.265 directly in your workflow. Powerful image feedback The display covers Rec.709 and supports log gammas like SLog3, C‑Log3 and V‑Log. This helps you check exposure and colour. With tools such as waveform, RGB parade and false colour you control your image data directly on the device. It works with HDMI, USB‑C or WiFi 6E and processes 8‑bit or 10‑bit signals in 4:2:2. Recording and workflow on set The recorder works with CFexpress Type B or USB media and uses the ExFAT file system for longer clips. For fast delivery you can send recordings directly through ATOMOSphere, Frame.io or Dropbox. With USB‑C you can control supported cameras and set start/stop, ISO, aperture or white balance directly from the monitor. Features: 1500 nits brightness for clear viewing in strong light 6Kp30 over HDMI for high‑quality image signals 400 grams weight for easy rigging Active cooling keeps the recorder stable up to 40 degrees Colour display with Rec.709 and many log profiles for consistent image control Waveform, false colour and vectorscope for safe exposure checking ProRes RAW, ProRes, DNx and H.265 for structured post‑production USB‑C camera control for direct adjustment of key settings Direct cloud upload for fast delivery on set",https://cdn.shopify.com/s/files/1/0955/2409/4277/files/Atomos_Ninja_TX-Go_HDEW1.jpg?v=1776387279,https://cdn.shopify.com/s/files/1/0955/2409/4277/files/Atomos_Ninja_TX-Go_HDEW1.jpg?v=1776387279 | https://cdn.shopify.com/s/files/1/0955/2409/4277/files/Atomos_Ninja_TX-Go_HDEW2.jpg?v=1776387279 | https://cdn.shopify.com/s/files/1/0955/2409/4277/files/Atomos_Ninja_TX-Go_HDEW3.jpg?v=1776387279 | https://cdn.shopify.com/s/files/1/0955/2409/4277/files/Atomos_Ninja_TX-Go_HDEW4.jpg?v=1776387279 | https://cdn.shopify.com/s/files/1/0955/2409/4277/files/Atomos_Ninja_TX-Go_HDEW5.jpg?v=1776387279 | https://cdn.shopify.com/s/files/1/0955/2409/4277/files/Atomos_Ninja_TX-Go_HDEW6.jpg?v=1776387279,2026-04-17T01:55:08+01:00
HDEW Cameras,https://hdewcameras.co.uk,15817903571269,https://hdewcameras.co.uk/products/orangemonkie-foldio-3-halo-bar,Orangemonkie Foldio 3 Halo Bar,,315422,Studio Lights,"lighting, Portable Lighting, studio-equipment",Orangemonkie,39.00,,Unknown,,"Dimmable Halo Bar lights that can be positioned anywhere withing the Foldio 3 portable-foto-studio-system (inside or in front) These lights help eliminate shadows and can be used without the overhead LEDs to achieve different effects. The Halo Bars are magnetic, so they can even attach to the side of the studio, keeping them hidden from the camera’s view and making them more flexible. Please note: The Halo Bar only works in combination with the Orangemonkie Foldio 3. No stand-alone solution NOT suitable for Foldio or Foldio 2.",https://cdn.shopify.com/s/files/1/0955/2409/4277/files/Orangemonkie_Foldio3_Halo-Bar_HDEW1.jpg?v=1776383681,https://cdn.shopify.com/s/files/1/0955/2409/4277/files/Orangemonkie_Foldio3_Halo-Bar_HDEW1.jpg?v=1776383681 | https://cdn.shopify.com/s/files/1/0955/2409/4277/files/Orangemonkie_Foldio3_Halo-Bar_HDEW2.jpg?v=1776383681 | https://cdn.shopify.com/s/files/1/0955/2409/4277/files/Orangemonkie_Foldio3_Halo-Bar_HDEW3.jpg?v=1776383681,2026-04-17T01:31:21+01:00
HDEW Cameras,https://hdewcameras.co.uk,15129720324421,https://hdewcameras.co.uk/products/transcend-storejet-25m3-2-5-2tb-usb-3-1-gen-1-iron-grey-1,"Transcend StoreJet 25M3C 2,5"" 2TB USB 3.1 Gen 1 - Iron Grey",,466566,Hard Drive,"computing, memory-storage, storage, transcend",Transcend,179.00,,Unknown,,"Go rugged - stay with USB Type-C Transcend's StoreJet 25M3C ruggedized external hard drive features the USB 3.1 Gen 1 interface and a USB Type-C port for unmatched transfer rates, and comes with both a USB Type-C cable as well as a Type-C to Type-A cable for max compatibility across devices. Supreme shock-resistant qualities ensure superior protection for data stored on the drive. USB Type-C connector The StoreJet 25M3C external hard drive comes with an USB Type-C connector for greater ease of use. It is reversibly-oriented, and compatible with next-generation PC devices that feature USB Type-C ports. Lightning-fast transfer speeds The StoreJet 25M3C external hard drive is equipped with the USB 3.1 Gen 1 interface with the support of UASP (USB Attached SCSI Protocol), providing lightning-fast transfer rates of up to 5Gbps. Excellent anti-shock protection The StoreJet 25M3C features a three-stage shock protection system to fully protect data stored on the drive. The three-stage shock protection system includes a silicone rubber case, an internal shock-absorbing suspension damper, and a reinforced hard casing. One touch auto backup The StoreJet 25M3C is equipped with a one touch auto-backup button that instantly backs up your data with just one press (Transcend Elite software is required). The button also enables you to reconnect the hard drive to your PC without the need to unplug and reinsert it.",https://cdn.shopify.com/s/files/1/0955/2409/4277/files/transcend-storejet-25m3-2-5-2tb-usb-3.1-gen-1-iron-grey-1-27373-p.jpg?v=1756969318,https://cdn.shopify.com/s/files/1/0955/2409/4277/files/transcend-storejet-25m3-2-5-2tb-usb-3.1-gen-1-iron-grey-1-27373-p.jpg?v=1756969318 | https://cdn.shopify.com/s/files/1/0955/2409/4277/files/default_-_2025-11-24T142151.877.jpg?v=1763994132 | https://cdn.shopify.com/s/files/1/0955/2409/4277/files/default_-_2025-11-24T142154.949.jpg?v=1763994133,2026-04-16T06:50:36+01:00
HDEW Cameras,https://hdewcameras.co.uk,15815378796869,https://hdewcameras.co.uk/products/transcend-drivepro-body-60-64gb,Transcend DrivePro Body 60 64GB,,710971,Camera,"action-cameras, cameras, transcend",Transcend,249.00,,Unknown,,"Transcend's DrivePro Body 60 body camera features a compact camera unit tethered to a control unit, allowing for a wide variety of attachment options. Tailor-made for public safety professionals, the rugged and highly responsive DrivePro Body 60 allows high-definition evidence collection and wireless data previews and transfers. Exmor high-sensitivity image sensor The DrivePro Body 60 features an Exmor sensor to capture high-resolution images with superb, rich color even in low light. Images are highly detailed with low noise and excellent balance between light and dark areas. Note: Exmor is a trademark of Sony Corporation. Tethered camera unit The DrivePro Body 60 is composed of a control unit tethered to a compact camera unit that can be securely mounted on shoulder harnesses or helmets, making it a solid choice for filming in the dynamic environments public safety officers work in every day. Quick and easy connectivity Designed to work with Transcend's DrivePro Body App, the DrivePro Body 60 supports both Bluetooth wireless technology for basic setup and switching modes, and Wi-Fi connectivity for live streaming of videos on iOS and Android mobile devices. By connecting the DrivePro Body 60 with iOS devices, you can control the camera hands-free with Siri voice control. Instant and easy access to the device facilitates your work! Long battery life The DrivePro Body 60 comes with a high-capacity Li-Polymer battery, allowing up to 10 hours of recording on a single charge. This allows police and other professionals to record over a full shift. Note: Battery life may vary based on environmental conditions and operation settings. GPS receiver The DrivePro Body 60 has a built-in GPS receiver for geotagging videos and images. With the exclusive DrivePro Body Toolbox, users can view their route on a map display during video playback, making it easy to establish when and where an event occurred. Rugged and durable design The DrivePro Body 60 is built to withstand harsh environmental conditions, making it ideal for outdoor recording. It is IP67 rated, offering full protection against dust and water. It also offers a high shock resistance. Note: Splash, water, and dust resistance are not permanent conditions and resistance may decrease as a result of normal wear. Product must be clean and dry before use. Capacious storage The DrivePro Body 60 has 64 GB storage built in, enough to store up to 16 hours of Full HD 1080P video, and DDR3 cache memory, which can hold up to 2 minutes of video. Vibration alerts Reminds users of recording in progress every one minute. Buffering mode Captures crucial footage while saving on storage space. Loop recording Allows the body camera to overwrite old video files with new ones. Password Protects data from unauthorized access. GPS AssistNow Accelerates GPS positioning. Stealth mode Disables the light indicators, buzzer, and vibrator. Team sync One body camera enters recording mode from buffering mode, and other cameras in the same group automatically enter recording mode as well. Quick wakeup Leader body camera enters recording mode, and other cameras in the same group automatically enter recording mode from off status. DrivePro Body Toolbox Transcend's DrivePro Body Toolbox is exclusively designed for the DrivePro Body series. It features a user-friendly interface that allows users to securely manage recorded videos and snapshots on PCs. In addition, users can adjust settings for both the Toolbox and the DrivePro Body device, format internal storage, and upgrade the body camera's firmware via the Toolbox. DrivePro Body Toolbox provides smart detection function. By automatically identifying the faces in a video, the footage can be extracted to the sidebar to let users blur or block out the faces. Multifunctional docking station (available separately) Exclusively designed for the DrivePro Body 60, Transcend's TS-DPD6N docking station offers a complete camera management, charging, and data upload solution. The six-port docking station has two Ethernet ports, a LAN port for administrative setup, and a WAN port for simultaneous data upload while charging. Available accessories The DrivePro Body 60 comes with all needed accessories for deploying the main unit and the camera unit. Transcend also provides a wide range of accessories for separate purchase, including a 360° rotating clip, a Velcro holder, a magnetic mount, and a MOLLE mount. Technical data: Dimensions: 95.9 mm x 52.2 mm x 24.9 mm Camera dimensions: 61.3 mm x 22 mm x 22 mm Weight: 167 g Connection interface: USB 2.0, cable 3.5 mm jack to USB-A included Wi-Fi: 802.11n/ac, 2.4/5 GHz Bluetooth Storage: 64 GB internal storage Viewing angle: 130° (diagonal) Aperture: F/2.8 Battery: 3120 mAh built-in Li-polymer battery for max. 10 hours of use (Note: Battery life and charge cycles will vary depending on usage, network settings such as Bluetooth or Wi-Fi connection and other environmental factors; actual results may vary). Video recording: Resolution: Full HD 1080P Frame rate: 30 fps Video format: MP4 (H.264) Operating temperature: -20°C (-4°F) to 65°C (149°F) Storage temperature: -25°C (-13°F) to 70°C (158°F) IP rating: IP67",https://cdn.shopify.com/s/files/1/0955/2409/4277/files/Transcend_DrivePro_Body60_HDEW1.jpg?v=1776315523,https://cdn.shopify.com/s/files/1/0955/2409/4277/files/Transcend_DrivePro_Body60_HDEW1.jpg?v=1776315523 | https://cdn.shopify.com/s/files/1/0955/2409/4277/files/Transcend_DrivePro_Body60_HDEW3.jpg?v=1776315523 | https://cdn.shopify.com/s/files/1/0955/2409/4277/files/Transcend_DrivePro_Body60_HDEW4.jpg?v=1776315523 | https://cdn.shopify.com/s/files/1/0955/2409/4277/files/Transcend_DrivePro_Body60_HDEW5.jpg?v=1776315523 | https://cdn.shopify.com/s/files/1/0955/2409/4277/files/Transcend_DrivePro_Body60_HDEW6.jpg?v=1776315523,2026-04-16T05:59:38+01:00
HDEW Cameras,https://hdewcameras.co.uk,15799769203013,https://hdewcameras.co.uk/products/sandisk-ultra-microsdxc-a1-1tb-150mb-s-with-adapter,SanDisk Ultra microSDXC A1 1TB 150MB/s with Adapter,,753041,Storage,"memory-storage, sandisk",Sandisk,159.00,,Unknown,,SanDisk Ultra A1 microSD card Features: Super fast transfer rates Extra robust For a wide range of devices Technical data Storage Type of Memory Card - microSDXC Memory Capacity (GB) - 1000 Quantity - 1 Speed Class Class 10 - Yes UHS Class U1 - Yes UHS-I - Yes Application Performance Class 1 (A1) - Yes General Incl. Adapter - Yes,https://cdn.shopify.com/s/files/1/0955/2409/4277/files/default-2026-04-10T110939.487.jpg?v=1775815826,https://cdn.shopify.com/s/files/1/0955/2409/4277/files/default-2026-04-10T110939.487.jpg?v=1775815826,2026-04-10T11:45:06+01:00
HDEW Cameras,https://hdewcameras.co.uk,15799620993349,https://hdewcameras.co.uk/products/sandisk-phone-drive-2in1-256gb-usb-c-usb-a,SanDisk Phone Drive 2in1 256GB USB C USB A,,151911,Storage,"memory-storage, sandisk",Sandisk,69.00,,Unknown,,"USB flash drive from SanDisk: Phone Drive for iPhone - 256 GB Photos, videos and files can be quickly moved between iPhone, iPad and Mac with this compact memory stick - without an internet connection. Two ports provide flexible connection options, while the right app automatically backs up your content. The elegant metallic sky-look casing matches the look of your Apple devices while protecting the technology inside. Features: Two ports for easy file transfer between Apple devices with USB-C and Lightning Automatic data backup via the SanDisk app for more security Fast reading speed for quick access to your content Encryption software protects your private data with every transfer Slim metal housing in a stylish design for on the go No Wi-Fi required - content can be transferred directly Dimensions (W x H x D): 1.52 x 0.87 x 5.0 cm Weight: 5 g",https://cdn.shopify.com/s/files/1/0955/2409/4277/files/default-2026-04-10T105429.444.jpg?v=1775815628,https://cdn.shopify.com/s/files/1/0955/2409/4277/files/default-2026-04-10T105429.444.jpg?v=1775815628,2026-04-10T11:08:34+01:00
HDEW Cameras,https://hdewcameras.co.uk,15129615991109,https://hdewcameras.co.uk/products/sandisk-extreme-pro-portable-ssd-2tb-2000mb-s,SanDisk Extreme Pro Portable SSD 2TB 2000MB/s,,722136,Hard Drive,"computing, sandisk, storage",Sandisk,319.00,,Unknown,,"The SanDisk Extreme PRO Portable SSD is a robust, reliable storage solution with high SSD performance. Features: Capacity: 2 TB IP-55 water and dust protection Practical snap hook to attach to your belt or backpack Interface: 2x USB 3.2 Gen 2 Compatibility: USB 3.2 Gen 2x2 (20 Gbit/s), USB 3.0, USB 2.0 Dimensions (L X W X H): 110.26 x 57.34 x 10.22 mm Sequential read: Up to 2000MB/s Sequential writing: Up to 2000MB/s USB-C to USB-C cable USB-C to USB-A cable What's in the box? SanDisk Extreme Pro Portable SSD 2TB 2000MB/s 3 Year SanDisk Warranty Delivery Address If you wish to pay using your card then unfortunately due to the value of the products we sell we can only send orders to the billing address of your card. However, If you need to have an item delivered to an alternative address to your billing address then we can do this but you would have to select to pay via either Bank Transfer or Amazon Pay. By using Amazon Payments you can select one of your saved address on Amazon for your delivery - we are happy to help over the telephone if you have not used Amazon Payments before or if you are having any problems. We understand this can sometimes be difficult with work commitments, but we will do our best to accommodate your needs. Please note we are unable to accept card payments for orders placed from outside of the UK, the only methods of payment we can accept for orders from outside of the UK would be a bank transfer or Amazon Pay. Shipping Time For UK we normally ship out your order within 3 to 5 working days of receiving your cleared payment. If you require delivery by or before a certain date please call us on 02086695668 and we will do our best to accommodate your needs. Shipping insurance is included in the cost of delivery. The following table is a guide to shipping times for orders: UK Ireland Rest of Europe Royal Mail / DPD Royal Mail / DPD N/A 3-5 Working days from Payment Processing 3-7 Working days from Payment Processing N/A Collections Alternatively, if you would rather come and collect from our office, you are more than welcome to. We would just require you to call us first on 02086695668 to place an order with us beforehand to check stock availability, and once your order is ready to collect, our sales team will contact you.",https://cdn.shopify.com/s/files/1/0955/2409/4277/files/sandisk-extreme-pro-portable-ssd-2tb-2000mb-s-18480-p.jpg?v=1756969226,https://cdn.shopify.com/s/files/1/0955/2409/4277/files/sandisk-extreme-pro-portable-ssd-2tb-2000mb-s-18480-p.jpg?v=1756969226,2026-04-10T10:44:48+01:00
HDEW Cameras,https://hdewcameras.co.uk,15798406644037,https://hdewcameras.co.uk/products/polar-verity-sense-heart-rate-sensor-black-l-xxl,Polar Verity Sense Optical Heart Rate sensor black L-XXL,,229093,Smart Watches,"Health Monitoring, polar, portable-devices, sport-fitness, sports-outdoor, Wearable",Polar,79.00,87.00,Unknown,,"For intense sessions in endurance, swimming and strength training you get a sensor that measures your heart rate with precision and is easy to wear. The armband sits firmly without causing problems and is suitable for long training phases. The technology is aimed at athletes who want structured performance data for their analysis. Direct access to training data You connect the sensor to compatible watches or apps via Bluetooth LE and ANT+ to see your values live. If you train without a device, you use the internal memory and view the data later. This is suitable for intervals, swimming or sessions where you do not want to focus on a display. Constant use during different activities The recording mode supports you indoors, outdoors or in water. The low weight makes the sensor comfortable to wear, even during long sessions. The temperature tolerance allows training in warm and cold conditions. Features: size L - XXL fits arm sizes between 31 and 56 cm armband length 28 - 44 cm enables live heart rate measurement via Bluetooth LE and ANT+ helps during sessions without a device through 16 MB of internal memory suitable for swimming, gym and outdoor training through WR50 water resistance supports structured training data through the recording mode provides movement information through the integrated acceleration sensor useful for long sessions through the rechargeable 45 mAh battery supports stable transmission with a range of 15000 cm suitable for changing conditions through an operating range from −20 °C to 60 °C weighs only 19 g and is comfortable during long sessions",https://cdn.shopify.com/s/files/1/0955/2409/4277/files/polar-verity-sense-heart-rate-sensor-black-m-xxl-21055-p.jpg?v=1756969106,https://cdn.shopify.com/s/files/1/0955/2409/4277/files/polar-verity-sense-heart-rate-sensor-black-m-xxl-21055-p.jpg?v=1756969106 | https://cdn.shopify.com/s/files/1/0955/2409/4277/files/Polar_Verity_HRM_HDEW3.jpg?v=1775796148 | https://cdn.shopify.com/s/files/1/0955/2409/4277/files/Polar_Verity_HRM_HDEW2.jpg?v=1775796148 | https://cdn.shopify.com/s/files/1/0955/2409/4277/files/Polar_Verity_HRM_HDEW4.jpg?v=1775796148 | https://cdn.shopify.com/s/files/1/0955/2409/4277/files/Polar_Verity_HRM_HDEW5.jpg?v=1775796148,2026-04-10T05:46:34+01:00
HDEW Cameras,https://hdewcameras.co.uk,15798361719109,https://hdewcameras.co.uk/products/apple-watch-ultra-3-49mm-cellular-black-with-black-alpine-loop-m,Apple Watch Ultra 3 49mm Cellular Black with Black Alpine Loop (M) MF0V4,,51350-00495-00,Apple Watch,"Apple Watch Ultra 3, apple-watch, Smart Watch, sport-fitness, sports-outdoor, Wearable",APPLE,749.00,0.00,Unknown,,"Your ultimate running companion with advanced metrics, training load and the best GPS in a sports watch. Running | Optimise every stride. Calling all runners. Apple Watch Ultra 3 has everything you need to train smarter and reach your personal best. Powerful features like precision dual-frequency GPS, advanced metrics, Custom Workouts and new Workout Buddy help you ace your pace. Hit the ground running with the Action button. It's customisable and gives you quick control over a variety of functions, so you can do things like control a workout, move to your next interval, mark a segment and more. All with extreme precision. All you need is your watch. Ultra 3 has mobile connectivity built in, so you can stay better connected on the go. With a carrier plan, you can keep in touch almost anywhere, even if you've left your iPhone behind to go for a run. Advance with advanced metrics. Track your progress with metrics like running power and cadence. And if you create a Custom Workout on your watch or iPhone, you can add work and recovery intervals, set a pace for outdoor workouts and more. You can even get an estimate of your VO2 max after your run. Track your training load. Helpful insights from training load show the impact your workouts have on your body over time, so it's easier to plan when to push and when to rest - especially useful when you're training for your next big event. A battery built for stamina. Apple Watch Ultra 3 is engineered to give you even longer battery life - so you can go further and wider than ever before. When you do need to power up, you can fast-charge in just 15 minutes for up to 12 hours of normal use. On the go | Satellite communications. Up and running. Now when you're off the grid without mobile connectivity or Wi-Fi, Ultra 3 can help you stay connected using built-in satellite communications.1 So if you need critical help, you can contact emergency services via satellite - straight from your wrist. Get help with Emergency SOS via satellite. With a few simple taps, Ultra 3 can gather critical information, connect you to a satellite and reach out to emergency services, so you can get the assistance you need as quickly as possible. Be found with Find My. Use Find My to share your location via satellite so friends and family know where you are. Before you go off grid, add the contacts you plan to share your location with using your paired iPhone or Ultra 3. More sports | All-round champion. Apple Watch Ultra 3 ups your game in every sport. When you're cycling, it actively monitors your speed and efficiency so you can see your progress in real time. And in the water, it can track your sets as you swim, automatically detect stroke patterns and calculate your total distance. Time to clock your best. Find your Power Zones. Connect your personal power meter to Ultra 3 to estimate your Functional Threshold Power (FTP), the highest level of intensity theoretically maintainable for an hour. Your FTP enables Power Zones to show your current power, time in a zone and average power. Watch your cycling metrics on your iPhone. When you start a cycling workout on Ultra 3, it automatically shows up as a Live Activity on your iPhone - making it easier to see and safer when it's mounted on your handlebars.",https://cdn.shopify.com/s/files/1/0955/2409/4277/files/Apple_Watch-Ultra3_Cellular-Black_HDEW1_ab6ab2ca-c871-4089-aa8d-b0c2f3f939b5.jpg?v=1775785252,https://cdn.shopify.com/s/files/1/0955/2409/4277/files/Apple_Watch-Ultra3_Cellular-Black_HDEW1_ab6ab2ca-c871-4089-aa8d-b0c2f3f939b5.jpg?v=1775785252 | https://cdn.shopify.com/s/files/1/0955/2409/4277/files/Apple_Watch-Ultra3_Cellular-Black_HDEW2.jpg?v=1775785252 | https://cdn.shopify.com/s/files/1/0955/2409/4277/files/Apple_Watch_Ultra3_Black-Trail_S_HDEW3.jpg?v=1775785252,2026-04-10T02:40:51+01:00
HDEW Cameras,https://hdewcameras.co.uk,15797254553925,https://hdewcameras.co.uk/products/sandisk-ixpand-flash-drive-256gb,SanDisk iXpand Flash Drive 256GB,,722549,Storage,"computing, memory-storage",Sandisk,69.00,,Unknown,,"Key Features 256GB Storage Capacity USB 3.0/3.1 Gen 1 Interface USB Type-A & Lightning Connectors Password Protect Your Files Free up space on your iPhone using the 256GB iXpand Flash Drive Go from SanDisk . Built with both Lightning and USB 3.0 Type-A connections, files can easily be transferred between your iPhone, the iXpand Go, and your desktop or laptop system. Simply plug the Lightning connector into your iPhone, copy any desired files to the iXpand Go, and then plug the USB Type-A connector into your computer to access and copy its content. Using the iXpand Drive app, you'll be able to configure automatic backups of your iPhone's photos, videos, and contacts. If you'd like to share this flash drive with someone else, yet keep your content private, the app can also password protect your content. The iXpand Flash Drive Go also lets you record videos directly to the drive instead of saving them to your iPhone's internal storage. General Features USB 3.0 / 3.1 Gen 1 / 3.2 Gen 1 USB 3.0, which is also known as USB 3.1 Gen 1 and USB 3.2 Gen 1, features a maximum throughput of 5 Gb/s. Free Up Space On Your iPhone Out of space on your iPhone? Simply plug in the iXpand Flash Drive Go and easily move files off your iPhone, freeing up valuable space so you can take more selfies, play more games, watch more videos, or whatever else you do with your iPhone Automatically Back Up Photos and Videos Your iPhone holds some of your most cherished memories. All you need to do is plug in the iXpand Flash Drive Go and it automatically backs up your latest photos, videos, and contacts for you via the iXpand Drive app. You can rest assured that even if you lose your phone, you've got the memories that matter most. Record Videos Directly to the Drive Are videos taking up too much space? With the iXpand Flash Drive Go, you can record right onto the drive, keeping those memory-heavy files from taking up valuable space on your iPhone. Quickly Move Content to Your Computer Say goodbye to emailing photos between devices. Once files are on your iXpand Flash Drive Go, you can use the USB 3.0 connector to transfer them over to your computer. Password Protect Your Files Want to keep your files private when you share your drive? Use the iXpand app to password-protect your files and photos across iPhone, Windows, and Mac computers. Dual-Purpose Swivel with Keyring Hole The iXpand Flash Drive Go has a swivel design that protects its connectors when it's tossed in your bag or pocket and a keyring hole makes it easy to attach to your keyring. It's always handy if you need to free up space when you're out and about. iXpand Drive App The iXpand Drive app makes it easy to manage photos and videos, watch videos directly from the drive, and even take videos from the app and save them directly onto the drive. MP4 and MOV videos formats are supported in iOS and DRM-protected content cannot be streamed. iPhone Compatibility iPhone 5, 5c, 5s, 6, 6 Plus, 6s, 6s Plus, Se, 7, 7 Plus, 8, 8 Plus, X, Xs, Xs Max, and XR with iOS 10.0.2 or higher. iPad Compatibility iPad Air, iPad mini, iPad mini 4, iPad Pro, iPad with Retina display, and iPod 5th Generation and newer with iOS 10.0.2 or higher.",https://cdn.shopify.com/s/files/1/0955/2409/4277/files/1569256216_IMG_1258044.jpg?v=1775745681,https://cdn.shopify.com/s/files/1/0955/2409/4277/files/1569256216_IMG_1258044.jpg?v=1775745681 | https://cdn.shopify.com/s/files/1/0955/2409/4277/files/1569256216_IMG_1258045.jpg?v=1775745681 | https://cdn.shopify.com/s/files/1/0955/2409/4277/files/1569255712_1503944.jpg?v=1775745682 | https://cdn.shopify.com/s/files/1/0955/2409/4277/files/default-2026-04-09T153831.198.jpg?v=1775745682,2026-04-09T15:42:53+01:00
HDEW Cameras,https://hdewcameras.co.uk,15796537393477,https://hdewcameras.co.uk/products/thermaltake-toughpower-pf3-1200w-gen-5-power-supply,Thermaltake Toughpower PF3 1200W Gen 5 Power Supply,,785675,Computer Component,"computing, power-supply",Thermaltake,215.00,,Unknown,,"The Toughpower PF3 series is fully compatible with Intel's ATX 3.0 specifications. It is equipped with a native PCIe Gen 5 connector and can run next-generation technology with a 12VHPWR cable. 1 The PF3 Platinum series offers 80 PLUS Platinum efficiency, and therefore stability, longevity and reliability. Features: Fully compatible with ATX 3.0 standards Also supports NVIDIA and AMD graphics cards Connectors: 2x 4/8-pin ATX12V 1x 16-pin PCIe 5.0 (12+4-pin 12VHPWR) 1 5x 6/8-pin PCIe 12x SATA 8x IDE 1x floppy (FDD) Main connection: 1x 24-pin 80 Plus Platinum for high energy efficiency 120 mm fan with liquid bearing and excellent cooling Low noise High-quality capacitors Dimensions (WxHxD): 150 x 86 x 140 mm 1 The wattage indicated on the 12VHPWR connector is the recommended wattage. The native 16-PIN 12VHPWR PCIe connector of the PF3 1200W can deliver up to 600W for PCIe 5.0 graphics cards. (Note:1 The recommended wattage is an estimate of system power requirements. Actual power requirements may vary depending on specific components, usage and many other factors. 2. please refer to the GPU manufacturer's recommended power requirements before using the 12VHPWR cable). Technical data Power Supply Input Frequency (Hz) - 50 - 60 Input Voltage (V) - 100 - 240 Amperage - 15 Protection Functions Over Temperature Protection - Yes Overcurrent Protection (OCP) - Yes Over Power Protection - Yes Short-Circuit Protection (SCP) - Yes Overvoltage Protection (OVP) - Yes Under Voltage Protection - Yes Cooling Fan (Number) - 1 Type of Cooling - Semi-Passive Fan Diameter (mm) - 120 Equipment PFC Type (Power Factor Correction) - Active PFC Power Switch - Yes Mean Time Between Failures (MTBF) (h) - 100000 Cable Management - Fully Modular Ports ATX-Mainboard - 1x 24pin ATX12V - 2x 4+4pin PCIe - 5x 6+2pin 16‑Pin (12VHPWR, PCIe 5.0) - 1x 600W Peripheral P4 - 4x 4pin S-ATA - 12x Performance Power (Watt) - 1200 Top Performance (Watt) - 1200 Form Factor - ATX ATX Version - 3.0 Noise Level in Sleep Mode (dB) - 0 Noise Level at Full Load Mode (dB) - 37,65 Certification - 80PLUS Platinum General Colour - Black Width (mm) - 150 Height (mm) - 86 Depth (mm) - 140",https://cdn.shopify.com/s/files/1/0955/2409/4277/files/default-2026-04-09T125446.023.jpg?v=1775735795,https://cdn.shopify.com/s/files/1/0955/2409/4277/files/default-2026-04-09T125446.023.jpg?v=1775735795 | https://cdn.shopify.com/s/files/1/0955/2409/4277/files/default-2026-04-09T125449.544.jpg?v=1775735794 | https://cdn.shopify.com/s/files/1/0955/2409/4277/files/default-2026-04-09T125456.444.jpg?v=1775735795 | https://cdn.shopify.com/s/files/1/0955/2409/4277/files/default-2026-04-09T125500.361.jpg?v=1775735794 | https://cdn.shopify.com/s/files/1/0955/2409/4277/files/default-2026-04-09T125508.321.jpg?v=1775735794 | https://cdn.shopify.com/s/files/1/0955/2409/4277/files/default-2026-04-09T125532.301.jpg?v=1775735795 | https://cdn.shopify.com/s/files/1/0955/2409/4277/files/default-2026-04-09T125528.719.jpg?v=1775735794,2026-04-09T13:06:24+01:00
HDEW Cameras,https://hdewcameras.co.uk,15129688277317,https://hdewcameras.co.uk/products/apple-airpods-max-blue-2024,Apple AirPods Max Blue 2024,,52352-00120-00,Headphones,"apple, apple-airpods, Gift Idea",Apple,399.00,419.00,Unknown,,"The ultimate over-ear personal listening experience now in fresh new colours. AirPods Max deliver stunningly detailed, high-fidelity audio. Personalised Spatial Audio with dynamic head tracking for sound that surrounds you. Pro-level Active Noise Cancellation to remove unwanted sound. Transparency mode to comfortably hear the world around you. Up to 20 hours of battery life on a single charge. Effortless setup and on-head detection for a magical listening experience. Now with USB-C for easy charging. Effectively cancels outside noise to eliminate distortion with maximum sound efficiency Spatial Audio feature for better reliability and ensure maximum productivity Music application/usage for better interactivity with added efficiency Volume earpiece control for faster, dependable performance, better navigation, and maximum user-friendliness Over-the-head earpiece design provides a comfortable and secure fit Circumaural design features Bluetooth wireless technology Immense yourself in quality sound with this stereo headset Dance to your favourite tracks and never worry about the wires getting in your way with these wireless Bluetooth Headset",https://cdn.shopify.com/s/files/1/0955/2409/4277/files/apple-airpods-max-blue-2024-23776-p.jpg?v=1756968402,https://cdn.shopify.com/s/files/1/0955/2409/4277/files/apple-airpods-max-blue-2024-23776-p.jpg?v=1756968402 | https://cdn.shopify.com/s/files/1/0955/2409/4277/files/1725971014_IMG_2332920.jpg?v=1758795833 | https://cdn.shopify.com/s/files/1/0955/2409/4277/files/1725971014_IMG_2332921.jpg?v=1758795833 | https://cdn.shopify.com/s/files/1/0955/2409/4277/files/1725971584_IMG_2332963.jpg?v=1758795833,2026-04-09T12:52:36+01:00
HDEW Cameras,https://hdewcameras.co.uk,15302863356229,https://hdewcameras.co.uk/products/om-system-om-5-mark-ii-kit-12-45-black,OM System OM-5 Mark II Kit (12-45) Black,,02300-00605-00,Camera,"bundles-kits, cameras, canon, canon-mirrorless, mirrorless-cameras, £1000+",OLYMPUS,1059.00,,Unknown,,"3 YEAR CAMERA WARRANTY Pairing the compact mirrorless camera with a versatile zoom, the OM-5 Mark II Mirrorless Camera with 12-45mm f/4 Lens from OM SYSTEM provides a powerful and reliable configuration for shooting a wide variety of subjects. Key Features: 20.4MP Live MOS Micro Four Thirds Sensor TruePic IX Image Processor DCI 4K/24p & UHD 4K/30p Video Recording 5-Axis Sensor-Shift Image Stabilisation IP53-Rated, Weather-Sealed Construction 121-Point Hybrid Contrast + Phase AF SD Memory Card Slot 2.36m-Dot Eye-Level OLED EVF 3.0"" 1.04m-Dot Vari-Angle Touchscreen Wi-Fi and Bluetooth Returning to the light footprint and high- res imaging standards OM System is known for, the second-generation OM-5 Mark II Mirrorless Camera boasts improvements in comfort and convenience to reassert itself at the apex of adventure-friendly cameras. What's New in the Mark II USB-C Charging The OM-5 Mark II has a USB-C port allowing both power delivery and high-speed transfer of photos and video. The new port also makes it possible to use portable power banks, available separately, to charge the camera on the go for all-day shooting in any environment. Computational Photography Button The computational photography button, located on the camera's top plate next to the shutter release button, gives the user direct access to a wide array of creative tools, such as High-Res Shot, Live ND, Focus Stacking, HDR, and Multiple Exposure modes without having to enter the menu. New Shooting Modes Two new creative shooting modes were designed specifically to aid low-light shooters: Night Vision mode brings out the details of a scene shrouded in darkness, clearly displaying both the night sky and the foreground and simplifying composition. Hand Held Assist allows users to gauge the stability of handheld long exposures in real time. New Colour Profiles The OM-5 features two new video colour profiles, the OM Cinema 1 & 2, meant to help the user achieve a cinematic look to video footage without requiring special processing or grading. OM SYSTEM Menu Introduced in the OM-1 Mark II and the OM-3, the OM-5 Mark II now carries the company's newest menu system, a much-lauded and intuitive organisation of features and settings that's easy to understand, even for first-time users. Improved Grip The OM-5 Mark II features a more pronounced hand grip, giving users a superior hold benefiting one-handed use. Imaging Details & Body Design 20.4MP Live MOS Sensor and TruePic IX Image Processor The original's 20.4MP Live MOS sensor and TruePic IX image processor return, working together to provide fast shooting performance, a sensitivity range up to ISO 25600, 4K video recording capabilities, and a continuous shooting rate of up 30 fps when shooting in the camera's Pro Capture mode, which enables users to half-press the shutter button to begin capturing fast-moving subjects before normal shooting begins. 121-Point All Cross-Type Phase-Detection AF An advanced autofocus system combines both 121 phase-detection AF points and 121 contrast-detection AF points for focusing performance that is both quick and accurate. All 121 phase-detection points are cross-type for improved precision in mixed lighting conditions, providing enhanced subject tracking capabilities. Different focusing modes are available to suit working in various shooting conditions as well, including Group Target 25-point mode for moving subjects such as birds and wildlife. Face and Eye subject detection modes are available, as well as Starry Sky AF mode as well as individual AF area settings for vertical and horizontal positions. 5-Axis Sensor-Shift Image Stabilisation In-body, sensor-shift image stabilisation helps to minimise the appearance of camera shake by up to 6.5 stops with any lens in use and compensates for camera movements that become especially noticeable when working with telephoto shots, macro imagery, and long exposures. The image stabilisation system works across five axes to compensate for vertical angle rotation, horizontal angle rotation, horizontal shift, vertical shift, and rolling camera shake movement. When paired with select lenses featuring optical image stabilisation, shake compensation up to 7.5 stops is possible. The system benefits use with the High-Res Shot and Hand Held Assist shooting modes, allowing you to capture sharp images with incredible detail, even in low light. DCI and UHD 4K Video Recording and OM-Log400 The sensor and processor also support recording both DCI (4096 x 2160) and UHD (3840 x 2160) 4K movies. When working in DCI, a true 24p frame rate is used, while UHD 4K is available in frame rates up to 30p. Audio recording is possible using the built-in stereo microphone, and an external mic jack is available for improved audio recording quality. Limitless video recording is possible, within the constraints of storage and battery. Time-lapse Movie mode is also available for recording up to 4K UHD resolution. The camera can be used as a UVC/UAC web camera when connected to a compatible device via USB-C cable. The rear LCD shows a red Recording rectangle when live capturing footage, and a red indicator lamp on the front of the camera lights up during recording as well. Creative Shooting Modes In addition to Night Mode and Hand Held Assist, the OM-5 Mark II carries a variety of creative shooting modes: Simulating the effects of a neutral density filter, Live ND 16 mode results in blurred subject movement by combining exposures into a single image to replicate a photo taken at slower shutter speeds. This is particularly suitable for photographing moving water and clouds. Focus stacking mode records multiple sequential frames then composites the exposures into a single image that exhibits an extended depth of field. High-Res Shot mode offers the equivalent output of a 50MP image in handheld mode, and an 80MP image using a tripod. Live Composite mode gradually builds up an exposure over time without overexposing key elements within the frame and is ideal for long exposures, nigh time shooting, and light painting applications. Vertical Video mode provides a 9:16 aspect ratio for easily integrating videos on Facebook, Instagram, YouTube, and other similar platforms. Designed for the Elements IP53-rated, the OM-5 Mark II offers superior weather protection and withstands some of the harshest conditions in the field. Its tough construction renders the camera freeze proof, dust and splash-resistant, and operable at temperatures as low as 14°F. Body Design and Connectivity High-resolution 2.36m-dot electronic viewfinder for eye-level monitoring and clear, distortion-free viewing. Rear 3.0"" 1.04m-dot LCD monitor features a vari-angle design to support working from a variety of angles, and it is also a touchscreen for intuitive menu navigation and image playback. Included BLS-50 rechargeable lithium-ion battery provides approximately 310 shots per charge. Single SD memory card slot is UHS-II compatible for fast read/write speeds. Wide accessory compatibility provided with the incorporation of a microphone port, a top hot shoe, micro-USB and micro-HDMI ports, and a 2.5mm port for optional remotes. Built-in Wi-Fi and Bluetooth permits wireless image sharing and remote camera control from a linked smartphone or tablet. OM SYSTEM M.Zuiko Digital ED 12-45mm f/4 PRO Lens Covering a useful and familiar range with a svelte form factor, the OM SYSTEM M.Zuiko Digital ED 12-45mm f/4 PRO is a 24-90mm-equivalent zoom for Micro Four Thirds mirrorless cameras. Distinguished by its f/4 constant maximum aperture, this lens strikes a balance between a bright design and a highly compact design to suit its use in everyday situations. Myriad specialized elements are incorporated into the optical design, which helps to suppress spherical aberrations, color fringing, and distortion in order to produce sharp, color-accurate imagery. A ZERO coating is also featured, which controls flare and ghosting for improved contrast when working in bright and backlit conditions. Complementing the optics is a Movie & Still Compatible autofocus system, which achieves fast, smooth, and silent focusing performance, and a maximum 0.25x magnification throughout the zoom range to suit working with close-up subjects. Additionally, the lens is weather-sealed to enable its use in trying weather conditions. Standard wide-angle to portrait-length zoom lens is designed for Micro Four Thirds mirrorless cameras and provides a 24-90mm equivalent focal length range. Constant f/4 maximum aperture enables consistent performance throughout the zoom range and helps to achieve a sleek and lightweight physical design. The lens construction integrates two aspherical elements, one DSA (Dual Super Aspherical) element, two extra-low dispersion elements, one Super HR (high-refractive index) elements, and two HR elements into its design to minimise aberrations, distortion, and colour fringing throughout the zoom range while also contributing to overall image sharpness, clarity, and colour accuracy. A ZERO (Zuiko Extra-low Reflection Optical) coating has been applied to individual elements to minimise lens flare and ghosting for improved contrast and colour fidelity when working in strong lighting conditions. Movie & Still Compatible (MSC) autofocus system benefits both photo and video applications due to its smooth, quiet, and fast performance. Minimum focusing distance of 4.7"" at the wide end and 9.1"" at the tele end pairs with an impressive 0.25x maximum magnification ratio to suit working with close-up subjects. Dust-, freeze-, and drip-proof design ensure the lens' performance in inclement and harsh conditions. Rounded seven-blade diaphragm produces a smooth bokeh quality. Included in the box: OM SYSTEM OM-5 Mark II Mirrorless Camera (Black) USB-A to USB-C Cable OM SYSTEM BLS-50 Lithium-Ion Battery (7.2V, 1210mAh) Shoulder Strap OM SYSTEM M.Zuiko Digital ED 12-45mm f/4 PRO Lens Front and Rear Lens Caps Lens Hood",https://cdn.shopify.com/s/files/1/0955/2409/4277/files/OM_System_OM-5_Mark_II_12-45mm_PRO_Kit_Black_1.jpg?v=1758113011,https://cdn.shopify.com/s/files/1/0955/2409/4277/files/OM_System_OM-5_Mark_II_12-45mm_PRO_Kit_Black_1.jpg?v=1758113011 | https://cdn.shopify.com/s/files/1/0955/2409/4277/files/1750124780_1900662.jpg?v=1758113011 | https://cdn.shopify.com/s/files/1/0955/2409/4277/files/om-system-om-5-mark-ii-body-black-_2_-27975-p_cf61bd58-c3af-4fd2-9c61-3eb45ff942e6.jpg?v=1758113011 | https://cdn.shopify.com/s/files/1/0955/2409/4277/files/om-system-om-5-mark-ii-body-black-27975-p_11fdd423-c290-4275-97b4-9d87e234aaf9.webp?v=1758113011 | https://cdn.shopify.com/s/files/1/0955/2409/4277/files/om-system-om-5-mark-ii-body-black-_5_-27975-p_2b6e3a4f-2cdd-48ba-81f0-811c2ab68ae9.jpg?v=1758113011,2026-04-08T12:51:01+01:00
HDEW Cameras,https://hdewcameras.co.uk,15391835128133,https://hdewcameras.co.uk/products/sakk-pack-v2,Sakk Pack V2,,Sakk3,Camera Bag,"bags, bags-cases-housing, photo-video-accessories",Sakk,249.00,,Unknown,,"1 Year Warranty Key Specs: Dimensions: 22 x 14 x 9 inches or 52 x 40 x 26cm Weight: 2.9kg or 6.3lbs Pockets: 3 front-facing pockets, 3 side pockets, 1 top pocket & 2 interior pockets Holds large cameras including rigged up mirrorless setups Holds a ""14 or 16"" laptop 100% waterproof body Exterior Material: 100% Rip Stop Nylon 210D Fabric With Triple layered Laminated Waterproof Super-high Strength Yarn Interior Material: 3D 200D embossed poly fabric Built for filmmakers who carry it all, the Sakk Pack V2 fits cinema cameras like the FX6, RED, C70, Ursa, BMPCC, ARRI, and more, along with drones, lenses, and a full 14–16” laptop setup. Its spacious 52L interior keeps everything organized, while 8 exterior pockets handle all your accessories and a large top pocket stores a jacket, change of clothes, or chargers. To ease the load, a removable waist strap with 2 extra pockets provides added support and quick-access storage. Designed for every scenario, the Sakk Pack V2 adapts seamlessly to your workflow, from client shoots to cross-country adventures. Features: Water bottle holder 100% YKK Zippers Removable waist belt Tripod webbing attachments Woojin hardware offers lasting performance and smooth adjustment Nylon webbing Hypalon details",https://cdn.shopify.com/s/files/1/0955/2409/4277/files/large-capacity-filmmaker-backpack.webp?v=1761655918,https://cdn.shopify.com/s/files/1/0955/2409/4277/files/large-capacity-filmmaker-backpack.webp?v=1761655918 | https://cdn.shopify.com/s/files/1/0955/2409/4277/files/Untitled-10.webp?v=1761655919 | https://cdn.shopify.com/s/files/1/0955/2409/4277/files/backpack-with-multiple-camera-compartments.webp?v=1761655919 | https://cdn.shopify.com/s/files/1/0955/2409/4277/files/sakk-pack-v2-internal-layout-diagram.webp?v=1761655918 | https://cdn.shopify.com/s/files/1/0955/2409/4277/files/dslr-and-drone-backpack-with-pocket-access.webp?v=1761655919 | https://cdn.shopify.com/s/files/1/0955/2409/4277/files/outdoor-camera-backpack-for-travel-and-hiking.webp?v=1761655919,2026-04-08T10:58:09+01:00
HDEW Cameras,https://hdewcameras.co.uk,15391906595141,https://hdewcameras.co.uk/products/sakk-pack-cube,Sakk Pack Cube,,Sakk8,Camera Bag,"bags, bags-cases-housing, Gift Idea, photo-video-accessories",Sakk,189.00,,Unknown,,"1 Year Warranty Key Specs: Dimensions: 18.3 x 14 x 9inches or 46.5 x 35 x 26cm Weight: 2.2kg or 4.8lbs Pockets: 3 front-facing pockets, 3 side pockets, 1 top pocket & 2 interior pockets Holds large cameras including rigged up mirrorless setups Holds 14"" laptop 100% waterproof body Exterior Material: 100% Rip Stop Nylon 210D Fabric With Triple layered Laminated Waterproof Super-high Strength Yarn Interior Material: 3D 200D embossed poly fabric Compact Frame. Complete Load out. Built for days when you’re carrying just enough, but need everything to stay locked in. The Sakk Pack Cube fits most cinema camera setups, FX6, C70, BMPCC, Ursa, RED ARRI, drones, lenses, iPad, 14 ” laptop, and other essential accessories. Everything has a place and stays put. It’s carry-on ready, clip-compatible with the Axis Clip Tech Pouch, and shaped to move with you through your travels or daily commute, it brings full-sized function in a compact form. Features: Removable waist belt Tripod webbing attachments Water bottle holder 100% YKK Zippers Woojin hardware offers lasting performance and smooth adjustment Nylon & waterproof PU coated YKK zippers Nylon webbing Hypalon details",https://cdn.shopify.com/s/files/1/0955/2409/4277/files/camera-backpack-for-cinema-gear.webp?v=1761657127,https://cdn.shopify.com/s/files/1/0955/2409/4277/files/camera-backpack-for-cinema-gear.webp?v=1761657127 | https://cdn.shopify.com/s/files/1/0955/2409/4277/files/DSC01332.webp?v=1761657127 | https://cdn.shopify.com/s/files/1/0955/2409/4277/files/modular-cinema-camera-backpack.webp?v=1761657127 | https://cdn.shopify.com/s/files/1/0955/2409/4277/files/sakk-pack-cube-internal-layout-diagram.webp?v=1761657127 | https://cdn.shopify.com/s/files/1/0955/2409/4277/files/Hike_and_Camp_Travel_Backpack.webp?v=1761657127 | https://cdn.shopify.com/s/files/1/0955/2409/4277/files/Waterproof_Camera_Backpack.webp?v=1761657127,2026-04-08T10:57:31+01:00
HDEW Cameras,https://hdewcameras.co.uk,15794380570949,https://hdewcameras.co.uk/products/garmin-instinct-2x-solar-tactical-edition-black,Garmin Instinct 2X Solar Tactical Edition Black,,236317,Smart Watches,"garmin, Smart Watch, Wearable",Garmin,269.00,349.00,Unknown,,"This watch supports activities over long periods of time and helps you with many functions in daily life and off‑road. Solar charging extends use in smartwatch mode to up to 40 days and even longer in sunlight. The transflective MIP display with 176 x 176 pixels stays easy to read in bright conditions. You get many measurements that are useful for training and tours. More orientation on every route The position tracking combines several satellite systems and processes additional frequencies. This helps you see your location even in challenging areas. An LED unit with several levels supports low‑light situations. There are also modes that reduce lighting or hide location data in the background. Long runtime for training and daily use The battery lasts up to 150 hours in the maximum GPS mode or up to 60 days in the expedition function. Body data such as sleep phases, HRV and energy levels help with planning training and daily routines. More than 60 profiles record sports activities with suitable data. Values such as VO2max or training load help you assess your performance. Features: Solar charging extends use to up to 40 days in smartwatch mode LED light with several levels supports low‑light situations Multi‑frequency reception uses extra signals for more precise positions Mode with reduced lighting works with devices using night‑vision amplification Stealth mode turns off wireless connections and hides location data TracBack helps you return to your starting point on routes Over 60 profiles for training and activities support suitable evaluations Sleep analysis with score shows light, deep and REM phases Contactless payment supports quick purchases without accessories This product is not a medical device and is not intended for diagnosis, treatment or cure of diseases or for prevention.",https://cdn.shopify.com/s/files/1/0955/2409/4277/files/Garmin_Instinct2X-Solar_HDEW1.jpg?v=1775620927,https://cdn.shopify.com/s/files/1/0955/2409/4277/files/Garmin_Instinct2X-Solar_HDEW1.jpg?v=1775620927 | https://cdn.shopify.com/s/files/1/0955/2409/4277/files/Garmin_Instinct2X-Solar_HDEW2.jpg?v=1775620927 | https://cdn.shopify.com/s/files/1/0955/2409/4277/files/Garmin_Instinct2X-Solar_HDEW3.jpg?v=1775620927 | https://cdn.shopify.com/s/files/1/0955/2409/4277/files/Garmin_Instinct2X-Solar_HDEW4.jpg?v=1775620927 | https://cdn.shopify.com/s/files/1/0955/2409/4277/files/Garmin_Instinct2X-Solar_HDEW5.jpg?v=1775620927,2026-04-08T05:02:28+01:00
HDEW Cameras,https://hdewcameras.co.uk,15794178621765,https://hdewcameras.co.uk/products/garmin-dash-cam-live-with-voice-control,Garmin Dash Cam Live with Voice Control,,785304,Dash Cam,GPS Navigation,Garmin,319.00,349.00,Unknown,,"LTE connectivity (subscription plan required) enables anytime access to live view, location tracking, theft alerts and parking guard notifications from your dash cam to the app on your smartphone. With an LTE subscription, enjoy peace of mind with vehicle surveillance features, including a live view, location tracking and theft alerts. 1440p HD video with a wide 140-degree lens and Garmin Clarity HDR optics provides crisp detail day and night. Be ready for anything. Garmin Dash Cam Live continuously records and saves video with location details. Easily view and share saved videos anytime by using the Garmin Drive app. Increase situational awareness with forward collision, lane departure and safety camera warnings 1 . Keep your hands on the wheel while you command the dash cam with your voice. 1 Certain conditions may impair the warning function. LIVE VIEW With an active LTE subscription, you can access a live view from your dash cam anytime when using the Garmin Drive app. Some vehicles will require use of the Constant Power Cable. VIEW AND SHARE VIDEOS Saved videos are stored securely in the online Vault and can be accessed by using the Garmin Drive app. With an LTE subscription or Wi-Fi connectivity, share video clips with others by sending a link and passcode. LOCATION TRACKING Enjoy the convenience of checking on your vehicle’s location anytime when using the Garmin Drive app. This feature requires an active LTE subscription. THEFT ALERTS If someone drives your vehicle without your phone inside, you’ll receive an alert through the Garmin Drive app. This feature requires an active LTE subscription. PARKING GUARD When your Garmin Dash Cam Live detects an incident affecting your parked car, you’ll receive a notification in the Garmin Drive app, with a video clip of the detected incident. This feature requires an active LTE subscription. INCIDENT DETECTION When an incident is detected, this camera automatically saves video from just before, during and after it happens to help capture a full recording of the event along with GPS location, date and time. LTE SUBSCRIPTION Activate an LTE Vault subscription plan in the Garmin Drive app to enable location tracking, theft alerts and parking guard notifications. LTE connectivity moves beyond the limitations of a Wi-Fi connection so you can access a live view from almost anywhere, anytime. CRISP HD VIDEO With 1440p HD video, a wide 140-degree lens and Garmin Clarity HDR optics, this dash cam records crisp footage of important details, day and night. Use the 3"" LCD display on the camera to align the camera and change the settings. AUTOMATIC RECORDING Once plugged into your vehicle’s power source, the dash cam continually records, so you can set it and forget it. VOICE CONTROL Keep your hands on the wheel, and use voice commands to tell the camera to save video, start and stop audio recording, take still pictures and more. This feature is available in English, German, French, Spanish, Italian and Swedish. FORWARD COLLISION WARNINGS To encourage safer driving, get alerts if you’re driving too close to the vehicle ahead. Certain conditions may impair the warning function. LANE DEPARTURE WARNINGS Receive alerts if you drift off the road or into oncoming traffic. Certain conditions may impair the warning function. “GO” ALERTS This feature notifies you when stopped traffic in front of you has started to move. RED LIGHT AND SAFETY CAMERAS This camera’s got you covered with alerts for nearby red light cameras and speed cameras (not available in all regions). TRAVELAPSE FEATURE Share your drive with friends by using the Travelapse feature. Easily condense hours of driving footage into minutes of highlights for a fun, creative video.",https://cdn.shopify.com/s/files/1/0955/2409/4277/files/Garmin_Dash-cam_Live_HDEW1.jpg?v=1775606556,https://cdn.shopify.com/s/files/1/0955/2409/4277/files/Garmin_Dash-cam_Live_HDEW1.jpg?v=1775606556 | https://cdn.shopify.com/s/files/1/0955/2409/4277/files/Garmin_Dash-cam_Live_HDEW2.jpg?v=1775606556 | https://cdn.shopify.com/s/files/1/0955/2409/4277/files/Garmin_Dash-cam_Live_HDEW3.jpg?v=1775606556 | https://cdn.shopify.com/s/files/1/0955/2409/4277/files/Garmin_Dash-cam_Live_HDEW4.jpg?v=1775606556,2026-04-08T01:05:48+01:00
HDEW Cameras,https://hdewcameras.co.uk,15629928956229,https://hdewcameras.co.uk/products/tomtom-go-classic-5-inch-2nd-gen-gps,TomTom Go Classic 5-inch 2nd Gen GPS,,220084,GPS,GPS Navigation,TomTom,115.00,,Unknown,,"The TomTom GO Classic 5' 2nd Generation offers numerous improvements (compared to the previous generation) and features that will make your journey even safer and more enjoyable. With a responsive 6-inch touchscreen, monthly map updates for Europe and an integrated TomTom Traffic subscription, this device is the ideal companion for your journeys. Features: 5’ (12,7 cm) capacitive touchscreen display High resolution: 854 x 480 pixels Internal memory: 32 GB Integrated maps of Europe Updates via integrated Wi-Fi (without computer) TomTom Traffic subscription (via smartphone) Functions: Dynamic lane assistant, visual cues, speed limits, route overview Connectivity: Wi-Fi, Bluetooth Lithium-ion battery with approx. 1 hour operating time Integrated and reversible cradle, USB-C connection Car charger with USB-C cable included",https://cdn.shopify.com/s/files/1/0955/2409/4277/files/TomTom_Go_Classic_5_HDEW1.jpg?v=1772034348,https://cdn.shopify.com/s/files/1/0955/2409/4277/files/TomTom_Go_Classic_5_HDEW1.jpg?v=1772034348 | https://cdn.shopify.com/s/files/1/0955/2409/4277/files/TomTom_Go_Classic_5_HDEW2.jpg?v=1772034348 | https://cdn.shopify.com/s/files/1/0955/2409/4277/files/TomTom_Go_Classic_HDEW3.jpg?v=1775534795 | https://cdn.shopify.com/s/files/1/0955/2409/4277/files/TomTom_Go_Classic_HDEW4.jpg?v=1775534796,2026-04-07T05:10:05+01:00
HDEW Cameras,https://hdewcameras.co.uk,15792707567941,https://hdewcameras.co.uk/products/tomtom-rider-550-world-premium-pack-motorbike-navigation,TomTom Rider 550 World Premium Pack Motorbike Navigation,,226195,GPS,GPS Navigation,TomTom,349.00,499.00,Unknown,,"The TomTom Rider 550 helps you plan motorbike trips that match your riding style and guide you along winding and hilly roads. You can set the level of hills and curves, choose exciting sections and save every trip in the ride log. With integrated WiFi, you update maps and software directly on the device, without using a computer. This keeps your sat nav up to date on long journeys and daily rides. Create routes that fit your riding style You choose how many curves and hills your route should have, giving your tour its special character. The sat nav calculates the right route and avoids long and boring straight roads. With the round‑trip function, you get a different route back than the way you came. You can save your own routes as favourites and open them again anytime in “My Routes”. Connected planning and smart services With TomTom MyDrive, you plan and edit your routes on the website or app and send them wirelessly to the device. You can search for hotels, restaurants and other points of interest while planning or on the way, add stopovers and start your ride right away. Lifetime map updates for many regions worldwide and TomTom Traffic keep your routes current and consider traffic and delays. Speed camera alerts, warnings for accident zones and end‑of‑traffic jams help you ride safely. Smart functions during the ride Smartphone notifications appear on the display and are sent to your headset, so you get information about calls and messages without touching your phone. With voice control using Siri or Google Now, you can access music, calls and other smartphone functions. By tapping the display, you can quickly find nearby stopovers such as places to stay, biker meeting points or restaurants. Ride statistics show how long, how fast and how far you have travelled. Display and operation for motorbike use The touchscreen works with thin and thick gloves, so you can adjust settings while riding. The fully interactive display supports gestures like zooming and moving the map. In portrait view, you see more of winding roads, and different colour modes improve readability in sunshine and at different times of the day. The case is shockproof, dustproof and waterproof, so the device works even in bad weather. Tracks, storage and tour archive With track support, you can import GPX files and follow prepared routes from the biker community. A large selection of special points of interest for motorcyclists, such as mountain passes, meeting spots, hotels and museums, gives you more ideas for your tours. The SD card slot expands the storage, so you can manage large tour collections and share them with other riders. With compact dimensions and low weight, the device fits neatly on your bike mount. Features: Adjustable level of curves and hills to match every tour to your riding style Route planning with TomTom MyDrive including easy adding of stopovers such as hotels, restaurants and other points of interest Worldwide map coverage and free map updates for Europe, so your route guidance always stays up to date TomTom Traffic and alerts for speed cameras, accident zones and end‑of‑traffic jams for safer navigation Smartphone notifications and voice control with Siri or Google Now for calls, music and messages via your headset Interactive touch display with gesture control and operation with thin or thick gloves Portrait view and adjustable colour modes for better visibility of winding sections and different lighting Track support for GPX files so you can follow planned routes from biker communities SD card slot to expand storage and share routes with other riders Shockproof, dustproof and waterproof case for challenging weather conditions Premium version: Includes car mounting kit, RAM anti-theft kit, and protective carrying case Dimensions: 136.8 x 88.4 x 30.5 mm Weight: 280 g for easy mounting on the motorbike",https://cdn.shopify.com/s/files/1/0955/2409/4277/files/TomTom_Rider550_Bike-GPS_HDEW1.jpg?v=1775533482,https://cdn.shopify.com/s/files/1/0955/2409/4277/files/TomTom_Rider550_Bike-GPS_HDEW1.jpg?v=1775533482 | https://cdn.shopify.com/s/files/1/0955/2409/4277/files/TomTom_Rider550_Bike-GPS_HDEW2.jpg?v=1775533482 | https://cdn.shopify.com/s/files/1/0955/2409/4277/files/TomTom_Rider550_Bike-GPS-Premium_HDEW5.jpg?v=1775533886 | https://cdn.shopify.com/s/files/1/0955/2409/4277/files/TomTom_Rider550_Bike-GPS-Premium_HDEW3.jpg?v=1775533886 | https://cdn.shopify.com/s/files/1/0955/2409/4277/files/TomTom_Rider550_Bike-GPS-Premium_HDEW4.jpg?v=1775533886,2026-04-07T04:51:24+01:00
HDEW Cameras,https://hdewcameras.co.uk,15792707207493,https://hdewcameras.co.uk/products/tomtom-rider-550-world-motorbike-navigation,TomTom Rider 550 World Motorbike Navigation,,226188,GPS,GPS Navigation,TomTom,299.00,399.00,Unknown,,"The TomTom Rider 550 helps you plan motorbike trips that match your riding style and guide you along winding and hilly roads. You can set the level of hills and curves, choose exciting sections and save every trip in the ride log. With integrated WiFi, you update maps and software directly on the device, without using a computer. This keeps your sat nav up to date on long journeys and daily rides. Create routes that fit your riding style You choose how many curves and hills your route should have, giving your tour its special character. The sat nav calculates the right route and avoids long and boring straight roads. With the round‑trip function, you get a different route back than the way you came. You can save your own routes as favourites and open them again anytime in “My Routes”. Connected planning and smart services With TomTom MyDrive, you plan and edit your routes on the website or app and send them wirelessly to the device. You can search for hotels, restaurants and other points of interest while planning or on the way, add stopovers and start your ride right away. Lifetime map updates for many regions worldwide and TomTom Traffic keep your routes current and consider traffic and delays. Speed camera alerts, warnings for accident zones and end‑of‑traffic jams help you ride safely. Smart functions during the ride Smartphone notifications appear on the display and are sent to your headset, so you get information about calls and messages without touching your phone. With voice control using Siri or Google Now, you can access music, calls and other smartphone functions. By tapping the display, you can quickly find nearby stopovers such as places to stay, biker meeting points or restaurants. Ride statistics show how long, how fast and how far you have travelled. Display and operation for motorbike use The touchscreen works with thin and thick gloves, so you can adjust settings while riding. The fully interactive display supports gestures like zooming and moving the map. In portrait view, you see more of winding roads, and different colour modes improve readability in sunshine and at different times of the day. The case is shockproof, dustproof and waterproof, so the device works even in bad weather. Tracks, storage and tour archive With track support, you can import GPX files and follow prepared routes from the biker community. A large selection of special points of interest for motorcyclists, such as mountain passes, meeting spots, hotels and museums, gives you more ideas for your tours. The SD card slot expands the storage, so you can manage large tour collections and share them with other riders. With compact dimensions and low weight, the device fits neatly on your bike mount. Features: Adjustable level of curves and hills to match every tour to your riding style Route planning with TomTom MyDrive including easy adding of stopovers such as hotels, restaurants and other points of interest Worldwide map coverage and free map updates for Europe, so your route guidance always stays up to date TomTom Traffic and alerts for speed cameras, accident zones and end‑of‑traffic jams for safer navigation Smartphone notifications and voice control with Siri or Google Now for calls, music and messages via your headset Interactive touch display with gesture control and operation with thin or thick gloves Portrait view and adjustable colour modes for better visibility of winding sections and different lighting Track support for GPX files so you can follow planned routes from biker communities SD card slot to expand storage and share routes with other riders Shockproof, dustproof and waterproof case for challenging weather conditions Dimensions: 136.8 x 88.4 x 30.5 mm Weight: 280 g for easy mounting on the motorbike",https://cdn.shopify.com/s/files/1/0955/2409/4277/files/TomTom_Rider550_Bike-GPS_HDEW1.jpg?v=1775533482,https://cdn.shopify.com/s/files/1/0955/2409/4277/files/TomTom_Rider550_Bike-GPS_HDEW1.jpg?v=1775533482 | https://cdn.shopify.com/s/files/1/0955/2409/4277/files/TomTom_Rider550_Bike-GPS_HDEW2.jpg?v=1775533482 | https://cdn.shopify.com/s/files/1/0955/2409/4277/files/TomTom_Rider550_Bike-GPS_HDEW3.jpg?v=1775533482 | https://cdn.shopify.com/s/files/1/0955/2409/4277/files/TomTom_Rider550_Bike-GPS_HDEW4.jpg?v=1775533482,2026-04-07T04:45:04+01:00
HDEW Cameras,https://hdewcameras.co.uk,15792615227717,https://hdewcameras.co.uk/products/lenco-lpj-960si-full-hd-lcd-projector,Lenco LPJ-960SI Full HD LCD Projector,,207120,Portable Projector,"Home Cinema, Home Theatre, projectors",Lenco,259.00,,Unknown,,"A large image brings movies and series to life and creates an impressive presentation in your own home. This model delivers clear colors and pleasant image sharpness, while its compact design allows for flexible use. The projection works in different rooms and, thanks to its stable construction, blends well into various living spaces. Image Design with Flexible Options Automatic focus helps you achieve a clear image, while keystone correction ensures a straight alignment. The rotating stand allows you to quickly adjust the projector, so the image looks impressive even on larger screens. A projection distance of one to four meters offers multiple setup options, allowing you to vary the image size. Streaming and Connections for More Choice The wireless connection provides direct access to popular services like Netflix, Prime Video, and YouTube, making the projector usable without any additional devices. The built-in speakers reproduce voices and sound effects clearly, and additional audio devices can be connected via the available outputs. With multiple input slots for external sources, even more content is available. Features: Full HD 1080p for crystal-clear movie playback 2.4 and 5 GHz Wi-Fi for fast access to content Rotating stand for optimal image alignment 300 ANSI lumens for bright indoor lighting Autofocus ensures sharp focus Automatic keystone correction for a flat image Access to streaming services via integrated apps Projection size up to 400 cm for larger rooms 5-watt stereo speakers for enjoyable sound",https://cdn.shopify.com/s/files/1/0955/2409/4277/files/Lenco_LPJ-960_HDEW1.jpg?v=1775527908,https://cdn.shopify.com/s/files/1/0955/2409/4277/files/Lenco_LPJ-960_HDEW1.jpg?v=1775527908 | https://cdn.shopify.com/s/files/1/0955/2409/4277/files/Lenco_LPJ-960_HDEW3.jpg?v=1775527908 | https://cdn.shopify.com/s/files/1/0955/2409/4277/files/Lenco_LPJ-960_HDEW2.jpg?v=1775527908 | https://cdn.shopify.com/s/files/1/0955/2409/4277/files/Lenco_LPJ-960_HDEW4.jpg?v=1775527908,2026-04-07T03:11:47+01:00
HDEW Cameras,https://hdewcameras.co.uk,15792602448197,https://hdewcameras.co.uk/products/lenco-lpj-280wh-lcd-digital-projector,Lenco LPJ-280WH LCD Everyday Digital Projector,,862759,Portable Projector,"Home Cinema, Home Theatre, projectors",Lenco,89.00,,Unknown,,Projection technology: LCD Light source: LED Native resolution: 800 x 480 pixels Image brightness: 2800 ISO lumens Contrast ratio: 3000:1 Maximum image diagonal: 2.5 m Maximum projection distance: 5.0 m Minimum projection distance: 1.0 m Connections: Audio input Headphone connection 1x D-Sub 15-pin (VGA) 2x HDMI 1x USB-A 3.1 Wireless transmission Connectivity: MHL Integrated keystone correction Integrated speaker Remote control included,https://cdn.shopify.com/s/files/1/0955/2409/4277/files/Lenco_LPJ-280_HDEW1.jpg?v=1775526761,https://cdn.shopify.com/s/files/1/0955/2409/4277/files/Lenco_LPJ-280_HDEW1.jpg?v=1775526761 | https://cdn.shopify.com/s/files/1/0955/2409/4277/files/Lenco_LPJ-280_HDEW2.jpg?v=1775526761 | https://cdn.shopify.com/s/files/1/0955/2409/4277/files/Lenco_LPJ-280_HDEW3.jpg?v=1775526762 | https://cdn.shopify.com/s/files/1/0955/2409/4277/files/Lenco_LPJ-280_HDEW4.jpg?v=1775526761 | https://cdn.shopify.com/s/files/1/0955/2409/4277/files/Lenco_LPJ-280_HDEW5.jpg?v=1775526762,2026-04-07T02:54:12+01:00
HDEW Cameras,https://hdewcameras.co.uk,15792593273157,https://hdewcameras.co.uk/products/philips-neopix-450-smart-home-projector,Philips NeoPix 450 Smart Home Projector,,207288,Portable Projector,"Home Cinema, Home Theatre, projectors",Philips,349.00,,Unknown,,"Enjoy films and series in high picture quality wherever you like. The compact design with quiet operation and flexible positioning ensures a relaxed experience. With integrated streaming via Google TV, you have direct access to your favourite content. Flexibility for any environment The 180‑degree rotatable stand opens up new possibilities for projection. Whether on the wall or the ceiling – simply adjust the angle to suit your surroundings. Automatic focus and keystone correction make the setup even easier. High‑quality picture and sound True Full HD with 1080p delivers clear details and strong contrasts. Two built‑in speakers provide rich sound, while the connection to external devices via Bluetooth or the audio jack offers additional options. Features: Full HD resolution with 1080p for clear and detailed images Automatic focus and keystone correction for easy alignment 180‑degree rotatable stand for flexible projection angles LED light source with up to 30,000 hours of lifetime for long-lasting use Dual‑band WiFi for stable and fast wireless screen mirroring Image size up to 254 cm for a large projection experience Stereo speakers with 2 x 5 W for clear sound Bluetooth connection for external speakers or headphones",https://cdn.shopify.com/s/files/1/0955/2409/4277/files/Philips_Neopix450_HDEW1_f47548c5-2cb5-42b4-a44a-36df02247f18.jpg?v=1775525996,https://cdn.shopify.com/s/files/1/0955/2409/4277/files/Philips_Neopix450_HDEW1_f47548c5-2cb5-42b4-a44a-36df02247f18.jpg?v=1775525996 | https://cdn.shopify.com/s/files/1/0955/2409/4277/files/Philips_Neopix450_HDEW2_64f97381-1d49-4cb3-807e-76660aab62ca.jpg?v=1775525997 | https://cdn.shopify.com/s/files/1/0955/2409/4277/files/Philips_Neopix450_HDEW3_05d76449-b9d6-46fa-adb0-2126473de251.jpg?v=1775525996,2026-04-07T02:40:20+01:00
HDEW Cameras,https://hdewcameras.co.uk,15792579248453,https://hdewcameras.co.uk/products/philips-neopix-250-smart-home-projector,Philips NeoPix 250 Smart Home Projector,,207281,Portable Projector,"Home Cinema, Home Theatre, projectors",Philips,249.00,,Unknown,,"Enjoy films, series and videos on a large surface without complicated setup. The projector can be adjusted flexibly and delivers clear images in high resolution. Every wall becomes a screen for your entertainment. Flexible and convenient The rotating stand allows a 180-degree adjustment so you can place the projector on almost any flat surface. With wireless mirroring and Bluetooth connection, you share content and connect accessories without tangled cables. Smart streaming and clear display The built-in Google TV device brings your favourite apps together and suggests content that matches your taste. Automatic image correction ensures a neat picture even if the projector is not perfectly aligned. Features: Full HD resolution with 1,920 x 1,080 pixels for detailed display Rotating stand with 180-degree adjustment for flexible positioning Wireless screen mirroring for content from smartphone, tablet or PC Google TV streaming device for access to apps and personalised recommendations Automatic keystone and four-corner correction for an even image Bluetooth connection for speakers and accessories LED light source with up to 30,000 hours lifetime for long-term use Projection size up to 200 cm for a large image in any room",https://cdn.shopify.com/s/files/1/0955/2409/4277/files/Philips_Neopix250_HDEW1_7e5b0d07-2f9b-44c9-ab7b-651a8e348f43.jpg?v=1775525586,https://cdn.shopify.com/s/files/1/0955/2409/4277/files/Philips_Neopix250_HDEW1_7e5b0d07-2f9b-44c9-ab7b-651a8e348f43.jpg?v=1775525586 | https://cdn.shopify.com/s/files/1/0955/2409/4277/files/Philips_Neopix250_HDEW2_1ed44f66-a941-4a31-8ca3-4f354f0ce78e.jpg?v=1775525587 | https://cdn.shopify.com/s/files/1/0955/2409/4277/files/Philips_Neopix250_HDEW3_bcccece0-81c2-4a42-b42d-684bad5215db.jpg?v=1775525587,2026-04-07T02:33:54+01:00
HDEW Cameras,https://hdewcameras.co.uk,15792572531013,https://hdewcameras.co.uk/products/philips-neopix-150-fhd-lcd-family-projector,Philips NeoPix 150 FHD LCD Family Projector,,207302,Portable Projector,"Home Cinema, Home Theatre, projectors",Philips,149.00,,Unknown,,"Turn your living space into a cinema and enjoy clear images in a large format. Its compact design fits easily into almost any room and creates a real movie atmosphere. The adjustable stand lets you project onto different surfaces so you can watch wherever you like. Flexible entertainment Full HD resolution delivers sharp details and vibrant colours, while automatic keystone correction ensures a distortion-free image. Wireless screen mirroring allows you to share content from your smartphone or tablet without extra cables, making streaming or gaming simple. Sound and convenience combined Two built-in speakers provide clear audio that brings films and series to life. For a personalised sound experience, connect headphones or external speakers via the audio jack. The quiet fan keeps playback pleasant even during longer sessions. Features: Stand rotates 180 degrees for projection on walls or ceilings Full HD resolution of 1,920 x 1,080 pixels for detailed images Screen size up to 203 cm for a big home cinema feeling Wireless screen mirroring via dual-band WiFi for a stable connection Stereo speakers with 2 x 3 W for clear sound 3.5 mm audio output for headphones or external speakers Automatic keystone correction for a clean image without distortion LED light source with up to 30,000 hours lifetime for long use",https://cdn.shopify.com/s/files/1/0955/2409/4277/files/Philips_Neopix150_HDEW1_f849b74a-c61d-4e3d-a5a4-caee01dffdf4.jpg?v=1775525071,https://cdn.shopify.com/s/files/1/0955/2409/4277/files/Philips_Neopix150_HDEW1_f849b74a-c61d-4e3d-a5a4-caee01dffdf4.jpg?v=1775525071 | https://cdn.shopify.com/s/files/1/0955/2409/4277/files/Philips_Neopix150_HDEW2_359d34a7-e68b-475b-a7a1-1c58c77cf667.jpg?v=1775525072 | https://cdn.shopify.com/s/files/1/0955/2409/4277/files/Philips_Neopix150_HDEW3_40f6a7bf-dd60-489e-927b-40eae5c01130.jpg?v=1775525072 | https://cdn.shopify.com/s/files/1/0955/2409/4277/files/Philips_Neopix150_HDEW4_b4dcf9d9-317b-4036-98a0-75f31ea6db5a.jpg?v=1775525072 | https://cdn.shopify.com/s/files/1/0955/2409/4277/files/Philips_Neopix150_HDEW5_1bbe8f1e-538c-4676-9249-f1e835d249b3.jpg?v=1775525072,2026-04-07T02:26:11+01:00
HDEW Cameras,https://hdewcameras.co.uk,15792565092677,https://hdewcameras.co.uk/products/philips-neopix-100-fhd-family-projector,Philips NeoPix 100 FHD Family Projector,,207295,Portable Projector,"Home Cinema, Home Theatre, projectors",Philips,89.00,,Unknown,,"Movies, series, or music – with the NeoPix 100, you can bring entertainment directly into your living room. The combination of HD resolution and a compact design make it a convenient companion for your everyday life. HDMI and USB ensure quick access to your content – without any hassle. More than just a picture The projector not only brings your favorite movies to the big screen, but also directly powers external streaming devices like Fire TV or Chromecast. This allows you to conveniently control everything with the included remote control – without any additional cable clutter. Sound that moves with you The integrated speakers deliver clear sound directly. If you want more, simply connect your own speakers via the audio output. This way, the sound can be adjusted to your taste. Flexible in any environment Whether it's a small wall or a large screen – with a projection size of up to 165 cm, the NeoPix 100 adapts to your surroundings. Manual focus adjustment and keystone correction help you optimally align the image. Design meets function With its glossy finish and slim housing, the projector blends stylishly into your home. Operation remains simple and straightforward – for a hassle-free experience every time. Features: HDMI and USB ports for quick access to content Power for streaming devices directly via USB Integrated stereo speakers for direct sound Additional audio output for external speakers Remote control for sofa operation Projection size up to 165 cm for flexible use Manual focus adjustment for clear images Manual keystone correction for image adjustment Supports Full HD sources for sharp playback LED light source with a lifespan of up to 30,000 hours Integrated media player for videos, music, and photos Sleek design with a glossy finish",https://cdn.shopify.com/s/files/1/0955/2409/4277/files/Philips_Neopix100_HDEW1.jpg?v=1775524465,https://cdn.shopify.com/s/files/1/0955/2409/4277/files/Philips_Neopix100_HDEW1.jpg?v=1775524465 | https://cdn.shopify.com/s/files/1/0955/2409/4277/files/Philips_Neopix100_HDEW2.jpg?v=1775524465 | https://cdn.shopify.com/s/files/1/0955/2409/4277/files/Philips_Neopix100_HDEW3.jpg?v=1775524464 | https://cdn.shopify.com/s/files/1/0955/2409/4277/files/Philips_Neopix100_HDEW4.jpg?v=1775524465 | https://cdn.shopify.com/s/files/1/0955/2409/4277/files/Philips_Neopix100_HDEW5.jpg?v=1775524465,2026-04-07T02:16:39+01:00
HDEW Cameras,https://hdewcameras.co.uk,15792529932613,https://hdewcameras.co.uk/products/epson-lifestudio-grand-eh-ls670w-4k-uhd-projector-white,Epson Lifestudio Grand EH-LS670W 4K UHD Projector - White,,229576,Portable Projector,"Home Theatre, portable-devices, projectors",ACER,1899.00,,Unknown,,"A large screen opens up new possibilities for TV series, movies, or sports and is ideal for living spaces where a television would be too small. The Epson Lifestudio Grand EH-LS670B offers a projection area of up to 120 inches and is designed for users who want a wide range of applications on a large screen. Laser projection ensures a uniform image, creating a home theater experience that integrates seamlessly into everyday life. Sound with a clear focus on movies and TV series The integrated 2.1-channel speaker enhances spatial perception and brings out audio elements more clearly. The combination of Bluetooth and Dolby Audio offers flexible connectivity options and supports various media sources. This feature helps to reproduce speech, music, and effects with clarity. Even without additional speakers, the sound is perfect for movies and TV series. High-precision image display The Epson Lifestudio Grand EH-LS670B's 3LCD technology with 3,600 lumens makes it easy to use even in ambient light. AI image enhancement delivers sharper contours, while HDR10 displays content with extended brightness ranges. A high refresh rate of up to 240 Hz makes it ideal for fast-moving content. This results in an image that brings a variety of content to life. Smart features for diverse media sources Google TV provides access to numerous streaming services and organizes content clearly. Control apps, search for content, or adjust settings with voice commands via Google Assistant. Google Cast extends usage to mobile devices, allowing you to stream photos, videos, or music. These features integrate seamlessly into existing home and media environments. Large Screen for Gaming, Sports, and TV Shows Gaming Mode (ALLM) supports a direct image response without additional signal processing. The Epson Lifestudio Grand EH-LS670B's projection area of up to 120 inches is ideal for games that benefit from large visuals. The short projection distance is especially practical in smaller rooms. This makes the projector suitable for gaming setups as well as sports broadcasts or binge-watching TV shows. Gaming Mode (ALLM) supports direct image processing without additional signal processing. Features: Enables large images up to 120 inches for movies, TV shows, and sports in living rooms Facilitates flexible setup with an ultra-short throw distance of 0.3–0.7 m Provides clear images even in partial ambient light with 3,600 lumens Supports smooth motion with refresh rates up to 240 Hz Enhances contours and details with AI-powered image optimization Offers extended dynamic range with HDR10 and HLG Supports streaming via Google TV with multiple services in one place Simplifies operation with voice control via Google Assistant Delivers clear audio with 20 W 2.1-channel speakers Expands connectivity options with HDMI (ARC/eARC), USB, and Wi-Fi 6E Offers flexible audio transmission via Bluetooth 5.2 Enhances gaming visuals ALLM for direct reactions",https://cdn.shopify.com/s/files/1/0955/2409/4277/files/Epson_Lifestudio_Grand_White_HDEW1.jpg?v=1775523332,https://cdn.shopify.com/s/files/1/0955/2409/4277/files/Epson_Lifestudio_Grand_White_HDEW1.jpg?v=1775523332,2026-04-07T01:57:09+01:00
HDEW Cameras,https://hdewcameras.co.uk,15792520200517,https://hdewcameras.co.uk/products/epson-lifestudio-grand-eh-ls670b-4k-uhd-projector-black,Epson Lifestudio Grand EH-LS670B 4K UHD Projector - Black,,229569,Portable Projector,"Home Theatre, portable-devices, projectors",ACER,1899.00,,Unknown,,"A large screen opens up new possibilities for TV series, movies, or sports and is ideal for living spaces where a television would be too small. The Epson Lifestudio Grand EH-LS670B offers a projection area of up to 120 inches and is designed for users who want a wide range of applications on a large screen. Laser projection ensures a uniform image, creating a home theater experience that integrates seamlessly into everyday life. Sound with a clear focus on movies and TV series The integrated 2.1-channel speaker enhances spatial perception and brings out audio elements more clearly. The combination of Bluetooth and Dolby Audio offers flexible connectivity options and supports various media sources. This feature helps to reproduce speech, music, and effects with clarity. Even without additional speakers, the sound is perfect for movies and TV series. High-precision image display The Epson Lifestudio Grand EH-LS670B's 3LCD technology with 3,600 lumens makes it easy to use even in ambient light. AI image enhancement delivers sharper contours, while HDR10 displays content with extended brightness ranges. A high refresh rate of up to 240 Hz makes it ideal for fast-moving content. This results in an image that brings a variety of content to life. Smart features for diverse media sources Google TV provides access to numerous streaming services and organizes content clearly. Control apps, search for content, or adjust settings with voice commands via Google Assistant. Google Cast extends usage to mobile devices, allowing you to stream photos, videos, or music. These features integrate seamlessly into existing home and media environments. Large Screen for Gaming, Sports, and TV Shows Gaming Mode (ALLM) supports a direct image response without additional signal processing. The Epson Lifestudio Grand EH-LS670B's projection area of up to 120 inches is ideal for games that benefit from large visuals. The short projection distance is especially practical in smaller rooms. This makes the projector suitable for gaming setups as well as sports broadcasts or binge-watching TV shows. Gaming Mode (ALLM) supports direct image processing without additional signal processing. Features: Enables large images up to 120 inches for movies, TV shows, and sports in living rooms Facilitates flexible setup with an ultra-short throw distance of 0.3–0.7 m Provides clear images even in partial ambient light with 3,600 lumens Supports smooth motion with refresh rates up to 240 Hz Enhances contours and details with AI-powered image optimization Offers extended dynamic range with HDR10 and HLG Supports streaming via Google TV with multiple services in one place Simplifies operation with voice control via Google Assistant Delivers clear audio with 20 W 2.1-channel speakers Expands connectivity options with HDMI (ARC/eARC), USB, and Wi-Fi 6E Offers flexible audio transmission via Bluetooth 5.2 Enhances gaming visuals ALLM for direct reactions",https://cdn.shopify.com/s/files/1/0955/2409/4277/files/Epson_Lifestudio_Grand_Black_HDEW1.jpg?v=1775523050,https://cdn.shopify.com/s/files/1/0955/2409/4277/files/Epson_Lifestudio_Grand_Black_HDEW1.jpg?v=1775523050 | https://cdn.shopify.com/s/files/1/0955/2409/4277/files/Epson_Lifestudio_Grand_Black_HDEW2.jpg?v=1775523050 | https://cdn.shopify.com/s/files/1/0955/2409/4277/files/Epson_Lifestudio_Grand_Black_HDEW3.jpg?v=1775523050,2026-04-07T01:53:18+01:00
HDEW Cameras,https://hdewcameras.co.uk,15792476160325,https://hdewcameras.co.uk/products/acer-pd1800-fhd-business-projector,Acer PD1800 4K UHD Business Projector,,236618,Portable Projector,projectors,ACER,479.00,,Unknown,,"This Acer PD1800 LED solution delivers clear images in large rooms, revealing precision and fine details. The projector produces a 4K UHD image that retains its structure even on larger screens. The LED technology operates without warm-up time and offers consistent colour reproduction. Thanks to its high image sharpness, the device is ideal for presentations, moving content, and extended use in meeting environments. Its compact design makes it well-suited for meeting rooms and mobile setups. Sharp Images Even During Motion A high refresh rate of up to 240Hz ensures smooth motion. Even fast-moving content retains its contours, which is particularly helpful for presentations with animations. Low latency reduces delays and supports direct image transmission. HDR10 expands the contrast range, resulting in clearer separation of bright and dark areas. High colour accuracy contributes to a natural image. Flexible Projection in Various Rooms The variable projection distance accommodates small to very large rooms. Vertical and horizontal keystone correction allows for easy image adjustment to different positions. Four-corner correction simplifies setup in situations where the projector is not centered. A 1.1x optical zoom enables precise adjustment to the desired image size. The long LED lifespan reduces maintenance requirements over extended periods. Connectivity for modern sources HDMI 2.0 with HDCP 2.2 enables the transmission of 4K content. Compact media players can be powered directly via USB. An audio input and output port allows for the connection of external systems or speakers. The integrated 5-watt speaker supports spontaneous presentations without additional accessories. CEC control simplifies the operation of connected devices. Use with variable image sizes A projection size of up to 300 inches allows for presentations to large groups. The projector operates with uniform illumination, ensuring that the image is clearly visible even at the edges. Quiet operation in Eco mode is ideal for quiet meeting rooms. Stable DLP technology delivers a high-contrast image with crisp detail. The compact design makes it easy to transport and store. Features: 4K UHD resolution produces crisp details for large screens HDR10 expands the contrast range for nuanced brightness levels LED technology with a lifespan of up to 30,000 hours ensures long operating times High refresh rate up to 240Hz supports smooth motion Low latency enables instant playback of fast-moving content 1,000 ANSI lumens provide clear visibility in suitable rooms Keystone correction and 4-corner adjustment facilitate flexible placement HDMI 2.0 (HDCP 2.2) is compatible with modern playback devices Projection size up to 300 inches supports large presentation areas Quiet operation in Eco mode at 26dB for quiet environments",https://cdn.shopify.com/s/files/1/0955/2409/4277/files/Acer_PD1500_HDEW1.jpg?v=1775520889,https://cdn.shopify.com/s/files/1/0955/2409/4277/files/Acer_PD1500_HDEW1.jpg?v=1775520889 | https://cdn.shopify.com/s/files/1/0955/2409/4277/files/Acer_PD1500_HDEW2.jpg?v=1775520888 | https://cdn.shopify.com/s/files/1/0955/2409/4277/files/Acer_PD1500_HDEW3.jpg?v=1775520888 | https://cdn.shopify.com/s/files/1/0955/2409/4277/files/Acer_PD1500_HDEW4.jpg?v=1775520889,2026-04-07T01:27:07+01:00
HDEW Cameras,https://hdewcameras.co.uk,15792474194245,https://hdewcameras.co.uk/products/acer-pd1500-fhd-business-projector,Acer PD1500 FHD Business Projector,,236597,Portable Projector,projectors,ACER,449.00,,Unknown,,"The Acer PD1500 projector displays content in Full HD and supports accurate colour reproduction for clear presentations. Its LED technology provides stable brightness and long operating times, making it particularly attractive for regular use. The image diagonal reaches up to 300 inches, covering large rooms. At the same time, the device remains compact and easy to transport. The projection can be flexibly adapted to different environments. Flexibility for Various Rooms Keystone correction helps you achieve a clean image alignment. Even lateral positioning can be compensated for, which is especially useful in smaller rooms. The projection sizes and distances cover a wide range of scenarios. Additionally, the projector supports various mounting options, allowing for both mobile and stationary use. Precise Colours for Presentations and Movies A wide colour gamut ensures vibrant and clear images. RGB LED technology delivers consistent colour performance for many hours. The supported colour space technologies help with fine gradations. At the same time, contrast and sharpness remain stable. This makes the device suitable for both graphic content and video formats. Quiet Operation for Focused Work In Eco mode, the projector operates particularly quietly, which is helpful during longer presentations. The LED light source enables extended use without noise. Replacement. Energy consumption is also lower than with many lamp-based devices. The compact design facilitates transport and setup, making the device suitable for changing locations. Flexible connectivity options With HDMI and audio connections, the projector can be quickly connected to various devices. You can connect presentation sources directly or output sound from external speakers. USB power allows for the operation of small devices. The supported frequencies ensure stable signal transmission, keeping you flexible in everyday use. F eatures: Full HD resolution for clear images Supports 1.07 billion colours through RGB LED technology Flexible alignment thanks to 2D keystone correction and 4-corner adjustment Projections up to 300"" for larger rooms Quiet operation at 26 dB in Eco mode Utilizes an LED light source with up to 30,000 hours of lifespan Brightness with 1,500 ANSI lumens Supports multiple projection modes for flexible placement",https://cdn.shopify.com/s/files/1/0955/2409/4277/files/Acer_PD1500_HDEW1.jpg?v=1775520889,https://cdn.shopify.com/s/files/1/0955/2409/4277/files/Acer_PD1500_HDEW1.jpg?v=1775520889 | https://cdn.shopify.com/s/files/1/0955/2409/4277/files/Acer_PD1500_HDEW2.jpg?v=1775520888 | https://cdn.shopify.com/s/files/1/0955/2409/4277/files/Acer_PD1500_HDEW3.jpg?v=1775520888 | https://cdn.shopify.com/s/files/1/0955/2409/4277/files/Acer_PD1500_HDEW4.jpg?v=1775520889,2026-04-07T01:17:24+01:00
HDEW Cameras,https://hdewcameras.co.uk,15791407890757,https://hdewcameras.co.uk/products/atomos-sumo-19-se-production-monitor,Atomos Sumo 19 SE 4K Production Monitor,,735807,Production Monitor,"Atomos, production-studio-monitors",Atomos,1849.00,,Unknown,,"The first production monitor that also records in 4K 12bit Raw, 10bit ProRes/DNxHR and is a 1080p60 switcher/recorder. Studio Monitor In the studio in post-production, the 19"" Sumo is an extremely powerful monitor with 10 stops of dynamic range and 10-bit processing. It accepts all log formats as well as PQ and HLG and, thanks to the 1200 nit or cd/m² display, can show the footage in full HDR glory. On-set monitor The durable aluminium chassis has ten threads (1/4 and 3/8 inch) distributed on the sides, top and bottom, as well as a rear-mountable VESA bracket for different configurations. For operation with mains power, the Sumo has a sturdy XLR connector. For recording and playback of the audio source, an XLR audio connector, a 3.5 mm jack plug for headphones and built-in speakers are available. With the separately available battery plates, 2 V-Lock or Anton Bauer batteries can be used in tandem. A special highlight is the Continuous-Power technology. This allows batteries to be changed without loss of power. On-set workflow For the first time, the 19"" Sumo is an on-set monitor that can also record and display HDR. This not only makes it possible to ensure the recording quality and examine the result. With the recording function, dailies, proxies or 4Kp60 masters can also be created. Studio workflow After shooting, the Sumo can be easily integrated into the post-production workflow to use the 1200 nit or cd/m² display for HDR editing. Simply connect to the Grading software and view Log, PQ and HLG in true colour and HDR in 10-bit quality with 10 stops of Dynamic Range. Quad SDI & HDMI 2.0 In/Out The Sumo easily connects to all standard SDI and HDMI sources and converts signals as desired. Quad SDI lets you connect cameras with multiple 1.5 or 3G SDI outputs without the need for a converter. With HDMI 2.0, the Sumo supports 4Kp60 in and out as well as Genlock and LTC timecode. Professional recording quality Record Sony RAW, Canon RAW or Panasonic RAW over SDI at up to 12-bit 4kp30 as CDNG, ProResRAW or Apple ProRes / Avid DNxHR at up to 10-bit 4Kp60 (2kp240). The Sumo's processing power enables recording directly from the sensor at data rates of up to 3.2 Gbps with no loss of quality. Monitor, Switcher, Record Live switcher and recorder with up to 4x 1080p60 sources, 4x ISO recording and playback. The Sumo makes working with multiple cameras a breeze. As a switcher/mixer, you can record live up to 4 HD ISO sources via QuadLink SDI and relay a signal. Features: 19'' 1200nit display 1920x1080 resolution 4k 12 bit raw recording HD 240p recording Switching and recording of up to 4 HD signals simultaneously AtomHDR Continuous Power Aluminium housing",https://cdn.shopify.com/s/files/1/0955/2409/4277/files/Atomos_Sumo_19SE_HDEW1.jpg?v=1775462614,https://cdn.shopify.com/s/files/1/0955/2409/4277/files/Atomos_Sumo_19SE_HDEW1.jpg?v=1775462614 | https://cdn.shopify.com/s/files/1/0955/2409/4277/files/Atomos_Sumo_19SE_HDEW2.jpg?v=1775462613,2026-04-06T09:04:02+01:00
HDEW Cameras,https://hdewcameras.co.uk,15791407104325,https://hdewcameras.co.uk/products/atomos-shogun-ultra-7-inch-hdr-raw-recorder-with-cloud-integration,Atomos Shogun Ultra 7 inch HDR Raw Recorder with Cloud Integration,,833576,On Camera Monitor,"Atomos, Camera Monitor, on-camera-field-monitors, production-studio-monitors",Atomos,999.00,,Unknown,,"Shogun Ultra is everything you’d expect from a Shogun: perfect for larger HDMI mirrorless and SDI cinematic cameras and with network connectivity built-in. It’s also your gateway to amazingly fast and productive cloud workflows. Shogun Ultra is Peak Shogun. Opening up a host of ultra-efficient cloud workflows, including dual record ProRes RAW/H.265 for Camera to Cloud, automated matching filenames with popular cinematic cameras and 4K H.265 for instant publishing from the cloud. Atomos’ close partnerships with major camera manufacturers ensure that Shogun Ultra works flawlessly with an increasing range of DSLR, mirrorless and cinematic cameras. Shogun Ultra is a leap forward in filmaking technology that captures your vision in ProRes RAW up to 8K 30P, 6K 60P & 4K 120P with full codec flexibility choice between ProRes RAW, ProRes, DNxHD & H.265 (HEVC). Shogun Ultra has two faces: Local and Cloud. Use it conventionally, and you have an incredible HDR screen, new monitoring tools and both HDMI and 12G SDI. Turn on its wireless and network capabilities, and you have the best-of-breed Wi-Fi, Ethernet and AirGlu wireless sync technology - and you have access to new and productive cloud workflows like camera to cloud and Atomos Edit. You can even edit your project in the cloud and publish directly to social media within minutes of shooting the action. Shogun Ultra has been built with a new operating system AtomOS 11 that host new and exclusive monitoring and recording features that bring creativity to live in every project, from cinematic to social media. RecordAssist and PlayBackAssist cover pre-arranged or remote shots, while improved false colour tools like Arri False Colour or EL Zone system fit with today's creators needs. It opens up ultra-efficient cloud workflows, including dual record ProRes RAW/H.265 for Camera to Cloud and 4K H.265 for instant publishing from the cloud, and the SDI Cine feature for automated matching filenames, timecode and record trigger from ARRI, Canon, RED and Sony SDI cameras. Share what’s on your Atomos screen with other Atomos OS11 users, iPads, Macs and Apple TVs wirelessly in the same premises or anywhere in the world with full audio comunication between devices in the included feature Atomos RemoteView. These new features bring even more versatility to the Shogun Ultra, providing professional I/O options for a multitude of cameras 12G-SDI, AirGlu wireless timecode and control and up to 4K NDI– from entry level mirrorless cameras through to the latest compact cinema and high-end professional cameras. Shogun Ultra supports WiFi 6E that boosts cloud video workflows offering more a stable conection. Atomos’ close partnerships with major camera manufacturers ensure that Shogun Ultra works flawlessly with an increasing range of DSLR, mirrorless and cinematic cameras. AtomOS 11, New Look, New Possibilities Operating system AtomOS 11: Built for the new Ninja and Shogun, it not only looks amazing, but introduces a host of great new features. The tools are more visible and with the improved look of the icons, you know exactly what you’re selecting. It’s easier to use, more logical and feels more professional. Endless features with OS11 The Shogun offers a huge range of features that can enhance your workflow, including AtomOS Monitor Assist features like Focus Peaking, Zoom, Vectorscopes & Atomos and ARRI False Color, EL Zone System colorized exposure through to Safe Areas, Cine Guides and our AtomHDR processing engine that allows realtime Log>PQ/HLG previewing and more. Shogun Ultra & ProRes RAW Over 55 cameras which now support RAW recording over HDMI and SDI on the Shogun and this list is still growing. Apple ProRes RAW combines the visual and workflow benefits of RAW video with the incredible real-time performance of ProRes. It gives filmmakers enormous latitude to adjust look of their images, making it ideal for HDR workflows. The new Apple ProRes RAW plug-in adds camera-specific characteristics to the mix. Record up to 6Kp30. Or for Camera to Cloud record up to 4Kp30 ProRes whilst recording a HDp30 H.265 proxy file. NDI with Shogun NDI is a way to send video over ordinary networks (including Wi-Fi and Mobile) in high quality but with remarkably low bandwidth requirements. It’s increasingly used in live production, and now your Shogun can take part in an NDI network. The NDI TX option turns your Shogun into an NDI source, visible to all other NDI compatible devices on the local network. Features: 7-inch 2000nit monitor-recorder 12G SDI IN and OUT and HDMI IN and OUT More Codecs Capture in ProRes RAW up to 8K30p Operating system AtomOS 11 New monitoring tools Long range ATOMOS AirGlu™ sync technology Remote View Record Assist Playback Assist Faster and stronger connectivity with Wi-Fi 6E 1GbE Ethernet for high-speed robust hardwired network connection",https://cdn.shopify.com/s/files/1/0955/2409/4277/files/Atomos_Shogun_Ultra_HDEW1.jpg?v=1775462034,https://cdn.shopify.com/s/files/1/0955/2409/4277/files/Atomos_Shogun_Ultra_HDEW1.jpg?v=1775462034 | https://cdn.shopify.com/s/files/1/0955/2409/4277/files/Atomos_Shogun_Ultra_HDEW2.jpg?v=1775462034 | https://cdn.shopify.com/s/files/1/0955/2409/4277/files/Atomos_Shogun_Ultra_HDEW3.jpg?v=1775462034,2026-04-06T08:54:09+01:00
HDEW Cameras,https://hdewcameras.co.uk,15791401173317,https://hdewcameras.co.uk/products/atomos-shogun-7-inch-monitor-recorder,Atomos Shogun 7 inch Monitor-Recorder,,454274,On Camera Monitor,"Atomos, Camera Monitor, on-camera-field-monitors, production-studio-monitors",Atomos,949.00,,Unknown,,"Atomos Shogun 7 is a precision HDR monitor-recorder-switcher designed for the film and video professional. It can be used as either a stand-alone field monitor, recorder and switcher for event, documentary and live in-the-field storytelling; or as a tool for large-scale on-set episodic TV, film and cinema productions where multiple crew members such as focus pullers, grips and cinematographers require a consistent visual reference across the field monitor ecosystem. Shogun 7's portable size lets you monitor, analyze and tag while on set; and check how your content will look in your audience’s home via real-time Dolby Vision output. With Shogun 7 you’re not locked into any format, camera manufacturer or pipeline. It is a completely flexible master recording and production station. Features: Monitor, recorder and switcher all in one 17,78 cm / 7 inch dispay with 3000 nits 4K recording and Dolby Vision HDR in real time AtomHDR backlighting AtomOS 10 User Interface Chic, portable design",https://cdn.shopify.com/s/files/1/0955/2409/4277/files/Atomos_Shogun_HDEW1_946c335f-880e-4a27-b09b-fab2070a6a55.jpg?v=1775460107,https://cdn.shopify.com/s/files/1/0955/2409/4277/files/Atomos_Shogun_HDEW1_946c335f-880e-4a27-b09b-fab2070a6a55.jpg?v=1775460107 | https://cdn.shopify.com/s/files/1/0955/2409/4277/files/Atomos_Shogun_HDEW2_afab5473-5461-4ddb-828e-1d98cc5cd690.jpg?v=1775460108 | https://cdn.shopify.com/s/files/1/0955/2409/4277/files/Atomos_Shogun_HDEW3_3460ad58-8d21-4d50-8425-32bc45d96d42.jpg?v=1775460108,2026-04-06T08:23:50+01:00
HDEW Cameras,https://hdewcameras.co.uk,15791386755397,https://hdewcameras.co.uk/products/atomos-ninja-tx-5-inch-touchscreen-hdmi-sdi-monitor-recorder,Atomos Ninja TX 5 inch Touchscreen HDMI SDI Monitor-Recorder,,182928,On Camera Monitor,"Atomos, Camera Monitor, on-camera-field-monitors, production-studio-monitors",Atomos,999.00,,Unknown,,"With the Ninja TX, you get a compact recording and monitoring device that combines HDMI 2.0, 12G-SDI, and Wi-Fi 6E. You can save your recordings directly to CFexpress Type B or USB-C media and use professional codecs such as Apple ProRes, Avid DNx, and H.265/H.264. The bright 5-inch touchscreen display with 1500 nits ensures clear visibility – even in direct sunlight. Connected and Flexible The monitor supports camera-to-cloud workflows with direct uploads to ATOMOSphere, Frame.io, and Dropbox. Timecode synchronization via Bluetooth or wireless technology simplifies the synchronization of multiple devices. Firmware updates are conveniently available via Wi-Fi – completely wireless. Professional tools for your setup You can use a wide range of monitoring tools such as focus peaking, zebras, false colour, and waveforms. Support for log formats and custom 3D LUTs ensures precise colour control. With HDMI and SDI pass-through options and cross-conversion, the Ninja TX flexibly adapts to your workflow. Features: HDMI 2.0 and 12G-SDI input and output for flexible connectivity Wi-Fi 6E for wireless camera-to-cloud integration and OTA updates Recording to CFexpress Type B or USB-C for fast data storage Support for Apple ProRes, Avid DNx, and H.265/H.264 for professional formats 5-inch 1500-nit touchscreen for clear viewing in all lighting conditions Timecode synchronization via Bluetooth or wireless for precise tuning Monitoring tools such as focus peaking, zebras, and false color for optimal control Cross-conversion between HDMI and SDI for flexible signal routing Direct upload to ATOMOSphere, Frame.io, and Dropbox for fast sharing",https://cdn.shopify.com/s/files/1/0955/2409/4277/files/Atomos_Ninja_TX_HDEW1.jpg?v=1775454801,https://cdn.shopify.com/s/files/1/0955/2409/4277/files/Atomos_Ninja_TX_HDEW1.jpg?v=1775454801 | https://cdn.shopify.com/s/files/1/0955/2409/4277/files/Atomos_Ninja_TX_HDEW2.jpg?v=1775454801 | https://cdn.shopify.com/s/files/1/0955/2409/4277/files/Atomos_Ninja_TX_HDEW3.jpg?v=1775454801 | https://cdn.shopify.com/s/files/1/0955/2409/4277/files/Atomos_Ninja_TX_HDEW4.jpg?v=1775454801 | https://cdn.shopify.com/s/files/1/0955/2409/4277/files/Atomos_Ninja_TX_HDEW5.jpg?v=1775454801 | https://cdn.shopify.com/s/files/1/0955/2409/4277/files/Atomos_Ninja_TX_HDEW6.jpg?v=1775454801,2026-04-06T06:54:43+01:00
HDEW Cameras,https://hdewcameras.co.uk,15791386329413,https://hdewcameras.co.uk/products/atomos-ninja-ultra-5-inch-hdmi-hdr-monitor-recorder,Atomos Ninja ULTRA 5 inch HDMI HDR Monitor-Recorder,,825400,On Camera Monitor,"Atomos, Camera Monitor, on-camera-field-monitors, production-studio-monitors",Atomos,779.00,,Unknown,,"Record full-quality files in ProRes RAW at up to 4K 60p while simultaneously recording HD 60p in H.265. It's the best of both worlds. Boost your productivity by saving your final copy in ProRes RAW for your post-production workflow and using your H.265 copy for your camera-to-cloud activities. Enhance your camera The Ninja Ultra can capture RAW HDMI inputs at up to 8K at 30 frames per second while outputting a normal video signal over HDMI for devices that don't support RAW formats. With a versatile 5.2-inch SuperAtom IPS touchscreen for clear images and easy access to AtomOS features, the Ninja Ultra has a new operating system and user interface. Any camera, any format. Anywhere. Ninja Ultra can be paired with smaller cameras as part of a minimal setup, as well as with large camera rigs on large-scale productions. Ninja Ultra is made of precision materials carefully crafted for maximum durability. Weighing only 360g, you can comfortably use it with a handheld camera. Ninja Ultra features 16 anti-rotation mounting points on the top and bottom. It comes with a ¼-20 adapter that allows easy mounting to standard equipment from many manufacturers. More value for your production To save space and allow for longer recordings, many cameras record compressed 4:2:0 8-bit video internally. If the camera outputs the video via HDMI, the quality can often be maintained in a 4:2:2 8-bit or 10-bit format. Ninja Ultra can record more colour information and instantly enhance your production with your existing camera equipment. If you're shooting log footage, you can bypass in-camera compression to get the best dynamic range possible. We designed Ninja Ultra to maximize your video quality. Ninja Ultra has very impressive performance when shooting in ProRes RAW, which is supported by over 55 compatible cameras. Get more out of your video Ninja supports log video workflows by capturing original log footage and applying LUTs so you can see your results in a precise, viewable colour space. With a high-brightness HDR screen, Ninja provides instant visual feedback so you can assess your footage on set and adjust and reshoot as needed. We support protocol formats from a wide range of companies. When available, Ninja captures 10-bit 4:2:2 video to maximize colour information and reduce the likelihood of ""banding"" when converting to a viewable colour space. Features: Screen: 5.2 inches (13.2 cm) 10-bit HDR Brightness: 1 000 nits (cd/m²) Resolution: 1920 x 1080 Aspect ratio: 16:9 native 8K RAW via HDMI (30 fps) Recording in 4K: 60 fps Recording in FullHD: 120 fps Wi-Fi 6E 2x HDMI: 1x input, 1x output 1x microphone jack 3.5 mm 1x headphone jack 3.5 mm 1x LANC 2.5 mm Hard disk (connectable): 1 TB AtomX SSDmini hard disk Operating system: AtomOs 11 Power supply: Battery (connectable), mains operation Dimensions, weight, colour: Dimensions (W x H x D): 151 x 91.5 x 31 mm Weight: 360 g Colour: gold",https://cdn.shopify.com/s/files/1/0955/2409/4277/files/Atomos_Ninja_Ultra_HDEW1.jpg?v=1775454318,https://cdn.shopify.com/s/files/1/0955/2409/4277/files/Atomos_Ninja_Ultra_HDEW1.jpg?v=1775454318 | https://cdn.shopify.com/s/files/1/0955/2409/4277/files/Atomos_Ninja_Ultra_HDEW2.jpg?v=1775454317 | https://cdn.shopify.com/s/files/1/0955/2409/4277/files/Atomos_Ninja_Ultra_HDEW3.jpg?v=1775454317 | https://cdn.shopify.com/s/files/1/0955/2409/4277/files/Atomos_Ninja_Ultra_HDEW4.jpg?v=1775454317 | https://cdn.shopify.com/s/files/1/0955/2409/4277/files/Atomos_Ninja_Ultra_HDEW5.jpg?v=1775454317,2026-04-06T06:45:40+01:00
HDEW Cameras,https://hdewcameras.co.uk,15791386263877,https://hdewcameras.co.uk/products/atomos-ninja-5-inch-hdmi-hdr-monitor-recorder,Atomos Ninja 5 inch HDMI HDR Monitor-Recorder,,825393,On Camera Monitor,"Atomos, Camera Monitor, on-camera-field-monitors, production-studio-monitors",Atomos,549.00,,Unknown,,"This device supports you during high-quality recording and gives you a precise view on a compact display. The combination of monitor and recorder helps in setups where clear image control and flexible formats are required. You work with a 5″ panel that processes many log profiles and HDR formats. Storage on SSD is suitable for longer sessions. The functions are aimed at users who work with different cameras and need fast adjustments. Easy image analysis The display supports you with analysis tools that help with focus, exposure and colour adjustment. Several log profiles from various manufacturers are available, allowing you to assess colours and contrast directly. The display remains visible even in brighter environments. You can use 3D LUTs for monitoring or output. Operation is handled via the capacitive touch panel, which allows fast adjustments. Flexible codecs for different workflows Recording is possible in RAW, ProRes, DNx or H.265, making it suitable for many production workflows. You can use up to 6K if the camera provides this. High frame rates are available when fast movement needs to be captured. Proxy material becomes available once accessories are added. Functions such as timelapse or pre-roll expand classic work on set. Expandable control You control compatible cameras directly via HDMI. In addition, SDI signals can be integrated with accessories. Network functions support upload workflows or multicam projects. Control via Bluetooth LE or AirGlu simplifies working in more complex setups. The device can also be expanded into an HDMI switcher. Designed for longer sessions The case is made from metal with a stable plastic rear. The fan regulates temperature during longer recordings. You can use different batteries or power the device via DC. The controls are easy to access. A tally light on the back shows the recording status. Features: supports resolutions up to 6Kp30, allowing you to realise projects with high detail offers several codecs, which helps with changing production workflows features a 5.2″ IPS display with high brightness for better visibility fits many log profiles from various brands and supports colour adjustment uses 3D LUTs that are useful for image design helps with waveform, vectorscope or zebra for analysis and control enables RAW signals via HDMI for compatible cameras works with SSDmini, Master Caddy II/III or CFast 2.0 for flexible storage choices supports proxy workflows when additional accessories are used controls cameras via HDMI, SDI (optional) or LANC expands the setup with switching functions through accessories supports longer sessions through active cooling and flexible power options Specifications: Display: 5.2″ SuperAtom IPS, 1920 x 1080, 1000 nits, 10‑bit (8+2 FRC) Resolution: up to 6Kp30 RAW, 4Kp60, 1080p120 Codecs: Apple ProRes RAW, ProRes, Avid DNxHD/DNxHR, H.265 Storage: SSDmini, Master Caddy II/III, CFast 2.0 via adapter Input: 1 x HDMI 2.0 (up to 12‑bit RAW) Output: 1 x HDMI 2.0 Audio: 24‑bit/48 kHz, 8ch HDMI, 12ch SDI (optional), 3.5 mm I/O Power: NP‑F batteries, DC‑in via battery eliminator Operating temperature: up to 40 °C Dimensions (W x H x D): 15.1 x 9.15 x 3.1 cm Weight: 360 g Scope of delivery: 1x Ninja 1x battery eliminator 1x USB‑C‑PD to 2.1 mm DC cable",https://cdn.shopify.com/s/files/1/0955/2409/4277/files/Atomos_Ninja_HDEW1.jpg?v=1775453708,https://cdn.shopify.com/s/files/1/0955/2409/4277/files/Atomos_Ninja_HDEW1.jpg?v=1775453708 | https://cdn.shopify.com/s/files/1/0955/2409/4277/files/Atomos_Ninja_HDEW2.jpg?v=1775453708 | https://cdn.shopify.com/s/files/1/0955/2409/4277/files/Atomos_Ninja_HDEW3.jpg?v=1775453707 | https://cdn.shopify.com/s/files/1/0955/2409/4277/files/Atomos_Ninja_HDEW4.jpg?v=1775453708 | https://cdn.shopify.com/s/files/1/0955/2409/4277/files/Atomos_Ninja_HDEW5.jpg?v=1775453708 | https://cdn.shopify.com/s/files/1/0955/2409/4277/files/Atomos_Ninja_HDEW6.jpg?v=1775453708,2026-04-06T06:38:16+01:00
HDEW Cameras,https://hdewcameras.co.uk,15786734059845,https://hdewcameras.co.uk/products/sandisk-extremepro-sdxcv90-128gb-300mb-uhs-ii,SanDisk ExtremePRO SDXCV90 128GB 300MB UHS-II,,165330,Memory Card,"memory-storage, sd-sdhc",Sandisk,219.00,,Unknown,,"Capture your favourite moments with a memory card that keeps up with demanding shots. The SanDisk Extreme PRO SD UHS-II offers fast write and read speeds, so you can record and transfer burst photos and high-resolution videos without delay. With its large storage capacity and resistance to water, dust and drops, it’s a reliable companion for your creative projects – whether in the studio or outdoors. Features: Write speed up to 300 MB/s for fast burst shooting without delay 128 GB storage capacity for long 4K and 8K video recordings without changing cards Read speed up to 300 MB/s speeds up data transfer and saves time when editing IP68 rating protects against water, dust and drops from up to 6 metres RescuePRO Deluxe software helps recover accidentally deleted files Dimensions (W x H x D): 31.92 x 2.17 x 23.91 mm Weight: 1.67 g",https://cdn.shopify.com/s/files/1/0955/2409/4277/files/default-2026-04-02T115840.100.jpg?v=1775127540,https://cdn.shopify.com/s/files/1/0955/2409/4277/files/default-2026-04-02T115840.100.jpg?v=1775127540,2026-04-02T12:03:30+01:00
HDEW Cameras,https://hdewcameras.co.uk,15282023366981,https://hdewcameras.co.uk/products/pocketbook-verse-mist-grey-open-box,PocketBook Verse Mist Grey (Cert Refurb),,827913_OB,E-Book Reader,"open-box-models, portable-devices, tablets",PocketBook,95.00,,Unknown,,"1 CERTIFIED REFURBISHED UNIT- EXCELLENT CONDITION ORIGINAL BOX AND ACCESSORIES Features: Resolution: 758 x 1024 pixels Number of grayscales: 16 17 different fonts 40 different font sizes E-book formats (without conversion): ACSM, CHM, DJVU, DOC, DOCX, EPUB, EPUB(DRM), FB2, FB2.ZIP, HTM, HTML, MOBI, PDF, PDF (DRM), PRC, RTF, TXT, AZW, CBR, AZW3, CBZ Supported image formats: JPEG, BMP, PNG, TIFF Connectivity: WLAN Connections: USB-C Operating system: Linux Colour: Mist Grey Dimensions: 156 x 108 x 7.6 mm Weight: 182 g E-Ink Carta screen for reading like a printed book With its 6 E-Ink Carta touch screen, the PocketBook Verse ensures pleasant reading hours. The anti-glare display technology offers a reading experience that is just like reading the pages of a printed book. This allows you to read for hours - even in bright sunlight - without eye fatigue. Read anytime thanks to adaptive SMARTlight The PocketBook Verse's screen illumination enables comfortable reading in any lighting conditions, day or night, and can be adjusted to suit the surrounding light conditions and personal preferences thanks to the integrated SMARTlight technology. If you activate DARKmode, you can read in dimly lit surroundings or at night in a particularly relaxed manner. Format variety for endless reading pleasure The PocketBook Verse supports 25 book and graphic formats, including ACSM, AZW, CBZ, DJVU, DOC, EPUB, FB2, PDF, TXT, JPEG and PNG. E-books in these formats do not need to be converted beforehand, but are recognised and opened directly by the e-reader. Memory card slot and long battery life The internal memory of 8 GB offers enough space for your digital library. Thanks to the microSD card slot, you can expand the memory by up to 128 GB as needed - that's about 15,000 e-books. Thanks to the device's energy efficiency, one battery charge lasts up to a month of active reading. The battery can be charged using the included USB-C cable. A combination of comfort and style PocketBook Verse is particularly compact, measuring 10.8 x 15.6 x 0.76 cm and weighing only 182 grams. Its mechanical control buttons and touch screen ensure effortless navigation and an intuitive reading experience. The slim, minimalist design is stylishly accentuated by the appealing housing colours. WLAN, cloud services and free dictionaries PocketBook Verse has Wi-Fi, so you can easily buy your books online, manage your library and synchronise files with other devices in your PocketBook Cloud. The Internet connection also allows you to download software updates to the device and upload new books to the device with just a few clicks via Send-to-PocketBook or Dropbox. The e-reader comes with 11 pre-installed dictionaries, with a further 42 language combinations available for free download.",https://cdn.shopify.com/s/files/1/0955/2409/4277/files/pocketbook-verse-mist-grey-22957-p_c8de5f66-f155-47bb-8d6b-1046b67feddb.jpg?v=1757599260,https://cdn.shopify.com/s/files/1/0955/2409/4277/files/pocketbook-verse-mist-grey-22957-p_c8de5f66-f155-47bb-8d6b-1046b67feddb.jpg?v=1757599260 | https://cdn.shopify.com/s/files/1/0955/2409/4277/files/IMG_0311_1.jpg?v=1775049033 | https://cdn.shopify.com/s/files/1/0955/2409/4277/files/IMG_0312_1.jpg?v=1775049036 | https://cdn.shopify.com/s/files/1/0955/2409/4277/files/IMG_0316_1.jpg?v=1775049141 | https://cdn.shopify.com/s/files/1/0955/2409/4277/files/IMG_0317_1.jpg?v=1775049141 | https://cdn.shopify.com/s/files/1/0955/2409/4277/files/IMG_0318_1.jpg?v=1775049141,2026-03-31T12:07:20+01:00
HDEW Cameras,https://hdewcameras.co.uk,15780216209733,https://hdewcameras.co.uk/products/apple-ipad-air-m4-13-inch-wifi-256gb-purple,Apple iPad Air (M4) 13 inch Wifi 256GB Purple,,27351-01502-00,iPad,"apple, Apple iPad Air M4, apple-ipads, Gift Idea, October Sale 4",Apple,779.00,899.00,Unknown,,"The 13-inch iPad Air. Built for Apple Intelligence.¹ iPad Air, now supercharged by the Apple M4 chip. Powerfully capable and affordable. It features a stunning Liquid Retina display, a 12MP Centre Stage front camera for great video calls, iPadOS, and blazing-fast Wi-Fi 7.² And it works with Apple Pencil Pro, Magic Keyboard for iPad Air and more, so you can multitask, study, work, play and create with ease. WHY IPAD AIR — iPad Air with the Apple M4 chip packs even more performance into a beautiful design, and it comes in two portable sizes. It features Apple Intelligence¹ along with a stunning Liquid Retina display, Touch ID, advanced cameras and Wi-Fi 7.² PERFORMANCE AND STORAGE — The M4 chip delivers advanced graphics and incredible performance for smooth multitasking and complex AI tasks. And with all-day battery life, you can keep working and playing wherever you go.³ Choose up to 1TB of storage for apps, music, movies and more.⁴ IPADOS + APPS — Run apps and get more done with the game-changing capabilities and intuitive design of iPadOS. The flexible windowing system lets you control, organise and manage your workflows like never before. APPLE INTELLIGENCE — Apple Intelligence is the personal intelligence system that helps you create, communicate and get things done effortlessly with groundbreaking privacy protections at every step.¹ 13-INCH LIQUID RETINA DISPLAY — The gorgeous Liquid Retina display features advanced technologies like P3 wide colour, True Tone and ultra-low reflectivity, which make everything look stunning.⁵ CONNECTIVITY — Wi‑Fi 7 with Apple N1² enables fast wireless connections for transfers of photos, documents and large video files. APPLE PENCIL AND MAGIC KEYBOARD FOR IPAD AIR — Apple Pencil Pro and Apple Pencil (USB-C) enable intuitive and precise control for drawing, note-taking and creativity. Magic Keyboard provides an amazing typing experience and a trackpad with haptic feedback. ADVANCED CAMERAS — iPad Air features a 12MP Center Stage front camera that’s perfect for video calls and selfies, and a 12MP Wide back camera for document scanning and capturing photos and 4K videos. UNLOCK AND PAY WITH TOUCH ID — Touch ID lets you use your fingerprint to unlock your iPad Air, sign in to apps and make payments securely with Apple Pay. Apple Pencil Pro | Engineered for limitless creativity. Apple Pencil sets the standard for how drawing, painting, handwriting, and note-taking should feel - intuitive, precise, and magical. All with pixel-perfect precision, low latency, tilt sensitivity, and support for palm rejection. And Apple Pencil Pro adds even more capabilities to bring your ideas to life like never before. ¹Apple Intelligence is available in beta. Some features may not be available in all regions or languages. ²Wi‑Fi 7 available in countries and regions where supported. ³Battery life varies by use and configuration. ⁴Available space is less and varies due to many factors. Storage capacity subject to change based on software version, settings and iPad model. 1GB = 1 billion bytes; 1TB = 1 trillion bytes. Actual formatted capacity less. ⁵The display has rounded corners. When measured diagonally as a rectangle, the 13-inch iPad Air is 12.9 inches. Actual viewable area is less.",https://cdn.shopify.com/s/files/1/0955/2409/4277/files/apple-2025-ipad-air-13-wifi-256gb-purple-open-box-27474-p.jpg?v=1756968393,https://cdn.shopify.com/s/files/1/0955/2409/4277/files/apple-2025-ipad-air-13-wifi-256gb-purple-open-box-27474-p.jpg?v=1756968393 | https://cdn.shopify.com/s/files/1/0955/2409/4277/files/apple-2025-ipad-air-13-wifi-128gb-purple-_282_29-26724-1-p.jpg?v=1756283925 | https://cdn.shopify.com/s/files/1/0955/2409/4277/files/apple-2025-ipad-air-13-wifi-128gb-purple-_283_29-26724-1-p.jpg?v=1756283925 | https://cdn.shopify.com/s/files/1/0955/2409/4277/files/apple-2025-ipad-air-13-wifi-128gb-purple-_284_29-26724-1-p.jpg?v=1756283925,2026-03-31T04:14:35+01:00
HDEW Cameras,https://hdewcameras.co.uk,15780215357765,https://hdewcameras.co.uk/products/apple-ipad-air-m4-13-inch-wifi-256gb-starlight,Apple iPad Air (M4) 13 Inch Wifi 256GB Starlight,,27351-01498-00,iPad,"apple, Apple iPad Air M4, apple-ipads",Apple,779.00,899.00,Unknown,,"The 13-inch iPad Air. Built for Apple Intelligence.¹ iPad Air, now supercharged by the Apple M4 chip. Powerfully capable and affordable. It features a stunning Liquid Retina display, a 12MP Centre Stage front camera for great video calls, iPadOS, and blazing-fast Wi-Fi 7.² It works with Apple Pencil Pro, Magic Keyboard for iPad Air and more, so you can multitask, study, work, play and create with ease. WHY IPAD AIR — iPad Air with the Apple M4 chip packs even more performance into a beautiful design, and it comes in two portable sizes. It features Apple Intelligence¹ along with a stunning Liquid Retina display, Touch ID, advanced cameras and Wi-Fi 7.² PERFORMANCE AND STORAGE — The M4 chip delivers advanced graphics and incredible performance for smooth multitasking and complex AI tasks. And with all-day battery life, you can keep working and playing wherever you go.³ Choose up to 1TB of storage for apps, music, movies and more.⁴ IPADOS + APPS — Run apps and get more done with the game-changing capabilities and intuitive design of iPadOS. The flexible windowing system lets you control, organise and manage your workflows like never before. APPLE INTELLIGENCE — Apple Intelligence is the personal intelligence system that helps you create, communicate and get things done effortlessly with groundbreaking privacy protections at every step.¹ 13-INCH LIQUID RETINA DISPLAY — The gorgeous Liquid Retina display features advanced technologies like P3 wide colour, True Tone and ultra-low reflectivity, which make everything look stunning.⁵ CONNECTIVITY — Wi‑Fi 7 with Apple N1² enables fast wireless connections for transfers of photos, documents and large video files. APPLE PENCIL AND MAGIC KEYBOARD FOR IPAD AIR — Apple Pencil Pro and Apple Pencil (USB-C) enable intuitive and precise control for drawing, note-taking and creativity. Magic Keyboard provides an amazing typing experience and a trackpad with haptic feedback. ADVANCED CAMERAS — iPad Air features a 12MP Centre Stage front camera that’s perfect for video calls and selfies, and a 12MP Wide back camera for document scanning and capturing photos and 4K videos. UNLOCK AND PAY WITH TOUCH ID — Touch ID lets you use your fingerprint to unlock your iPad Air, sign in to apps and make payments securely with Apple Pay. Apple Pencil Pro | Engineered for limitless creativity. Apple Pencil sets the standard for how drawing, painting, handwriting, and note-taking should feel - intuitive, precise, and magical. All with pixel-perfect precision, low latency, tilt sensitivity, and support for palm rejection. And Apple Pencil Pro adds even more capabilities to bring your ideas to life like never before. ¹Apple Intelligence is available in beta. Some features may not be available in all regions or languages. ²Wi‑Fi 7 available in countries and regions where supported. ³Battery life varies by use and configuration. ⁴Available space is less and varies due to many factors. Storage capacity subject to change based on software version, settings and iPad model. 1GB = 1 billion bytes; 1TB = 1 trillion bytes. Actual formatted capacity less. ⁵The display has rounded corners. When measured diagonally as a rectangle, the 13-inch iPad Air is 12.9 inches. Actual viewable area is less.",https://cdn.shopify.com/s/files/1/0955/2409/4277/files/iPad_Air_13_Starlight_HDEW1_4c778c82-4478-407d-b34c-688fdbf71482.jpg?v=1774926638,https://cdn.shopify.com/s/files/1/0955/2409/4277/files/iPad_Air_13_Starlight_HDEW1_4c778c82-4478-407d-b34c-688fdbf71482.jpg?v=1774926638 | https://cdn.shopify.com/s/files/1/0955/2409/4277/files/iPad_Air_13_Starlight_HDEW2.jpg?v=1774926638 | https://cdn.shopify.com/s/files/1/0955/2409/4277/files/1741093451_IMG_2445852.jpg?v=1774926638 | https://cdn.shopify.com/s/files/1/0955/2409/4277/files/1741093451_IMG_2445853.jpg?v=1774926638,2026-03-31T04:10:37+01:00
HDEW Cameras,https://hdewcameras.co.uk,15780211654981,https://hdewcameras.co.uk/products/apple-ipad-air-m4-13-inch-wifi-128gb-space-grey,Apple iPad Air (M4) 13 Inch Wifi 128GB Space Grey,,27351-01488-00,iPad,"apple, Apple iPad Air M4, apple-ipads",Apple,689.00,799.00,Unknown,,"The 13-inch iPad Air. Built for Apple Intelligence.¹ iPad Air, now supercharged by the Apple M4 chip. Powerfully capable and affordable. It features a stunning Liquid Retina display, a 12MP Centre Stage front camera for great video calls, iPadOS, and blazing-fast Wi-Fi 7.² It works with Apple Pencil Pro, Magic Keyboard for iPad Air and more, so you can multitask, study, work, play and create with ease. WHY IPAD AIR — iPad Air with the Apple M4 chip packs even more performance into a beautiful design, and it comes in two portable sizes. It features Apple Intelligence¹ along with a stunning Liquid Retina display, Touch ID, advanced cameras and Wi-Fi 7.² PERFORMANCE AND STORAGE — The M4 chip delivers advanced graphics and incredible performance for smooth multitasking and complex AI tasks. And with all-day battery life, you can keep working and playing wherever you go.³ Choose up to 1TB of storage for apps, music, movies and more.⁴ IPADOS + APPS — Run apps and get more done with the game-changing capabilities and intuitive design of iPadOS. The flexible windowing system lets you control, organise and manage your workflows like never before. APPLE INTELLIGENCE — Apple Intelligence is the personal intelligence system that helps you create, communicate and get things done effortlessly with groundbreaking privacy protections at every step.¹ 13-INCH LIQUID RETINA DISPLAY — The gorgeous Liquid Retina display features advanced technologies like P3 wide colour, True Tone and ultra-low reflectivity, which make everything look stunning.⁵ CONNECTIVITY — Wi‑Fi 7 with Apple N1² enables fast wireless connections for transfers of photos, documents and large video files. APPLE PENCIL AND MAGIC KEYBOARD FOR IPAD AIR — Apple Pencil Pro and Apple Pencil (USB-C) enable intuitive and precise control for drawing, note-taking and creativity. Magic Keyboard provides an amazing typing experience and a trackpad with haptic feedback. ADVANCED CAMERAS — iPad Air features a 12MP Centre Stage front camera that’s perfect for video calls and selfies, and a 12MP Wide back camera for document scanning and capturing photos and 4K videos. UNLOCK AND PAY WITH TOUCH ID — Touch ID lets you use your fingerprint to unlock your iPad Air, sign in to apps and make payments securely with Apple Pay. Apple Pencil Pro | Engineered for limitless creativity. Apple Pencil sets the standard for how drawing, painting, handwriting, and note-taking should feel - intuitive, precise, and magical. All with pixel-perfect precision, low latency, tilt sensitivity, and support for palm rejection. And Apple Pencil Pro adds even more capabilities to bring your ideas to life like never before. ¹Apple Intelligence is available in beta. Some features may not be available in all regions or languages. ²Wi‑Fi 7 available in countries and regions where supported. ³Battery life varies by use and configuration. ⁴Available space is less and varies due to many factors. Storage capacity subject to change based on software version, settings and iPad model. 1GB = 1 billion bytes; 1TB = 1 trillion bytes. Actual formatted capacity less. ⁵The display has rounded corners. When measured diagonally as a rectangle, the 13-inch iPad Air is 12.9 inches. Actual viewable area is less.",https://cdn.shopify.com/s/files/1/0955/2409/4277/files/Apple_iPad-Air11_Space-Grey_HDEW1_7caf480c-b6d1-482d-b3b6-a7f10b5bf940.jpg?v=1773193399,https://cdn.shopify.com/s/files/1/0955/2409/4277/files/Apple_iPad-Air11_Space-Grey_HDEW1_7caf480c-b6d1-482d-b3b6-a7f10b5bf940.jpg?v=1773193399 | https://cdn.shopify.com/s/files/1/0955/2409/4277/files/Apple_iPad-Air11_2025_Space-Grey_HDEW3_6c55cae4-1fc0-4607-89d9-ffbc3ed2970b.jpg?v=1773193399 | https://cdn.shopify.com/s/files/1/0955/2409/4277/files/1741093451_IMG_2445852.jpg?v=1774926638 | https://cdn.shopify.com/s/files/1/0955/2409/4277/files/1741093451_IMG_2445853.jpg?v=1774926638,2026-03-31T03:54:56+01:00
HDEW Cameras,https://hdewcameras.co.uk,15129673466181,https://hdewcameras.co.uk/products/wacom-one-medium,Wacom One Medium,,406149,Tablet,"portable-devices, tablets",WACOM,64.00,,Unknown,,"Whether you're sketching for fun or drawing detailed diagrams for class, the Wacom One can help turn your creative ideas into digital works. Available with a black top and red bottom, this medium-sized entry level creative pen tablet features an 8.5 x 5.3"" active area that allows you to draw, make handwritten notes, and interact with compatible computer applications as though you were using a pen and paper. The included stylus has up to 2048 levels of pressure sensitivity, so you can press harder for thick lines and softer for light ones. It also uses electromagnetic resonance technology, so you never have to worry about changing the pen's batteries or keeping it charged. Simply connect the Wacom One to the USB Type-A port of your compatible Windows, Mac, or Chromebook system using the included cable to get started. Key Features: 8.5 x 5.3"" Active Area 2048 Levels of Pen Pressure Sensitivity Wired USB Connectivity Pressure-Sensitive Pen Included Windows, Mac & Chrome OS Compatible Compatible devices: macOS 10.10 or later Windows 7 or later Chromebook devices running the latest Chrome OS",https://cdn.shopify.com/s/files/1/0955/2409/4277/files/wacom-one-medium-22950-p.jpg?v=1756284326,https://cdn.shopify.com/s/files/1/0955/2409/4277/files/wacom-one-medium-22950-p.jpg?v=1756284326 | https://cdn.shopify.com/s/files/1/0955/2409/4277/files/wacom-one-medium-_282_29-22950-p.jpg?v=1756284326 | https://cdn.shopify.com/s/files/1/0955/2409/4277/files/Screenshot_2025-11-12_104728.png?v=1762944654 | https://cdn.shopify.com/s/files/1/0955/2409/4277/files/wacom-one-medium-_283_29-22950-p.jpg?v=1762944654,2026-03-30T12:36:01+01:00
HDEW Cameras,https://hdewcameras.co.uk,15129588302149,https://hdewcameras.co.uk/products/canon-eos-5d-mark-iv-body,Canon EOS 5D Mark IV Body,,02230-00598-00,Camera,"body-only, cameras, dslr-cameras, £1000+",CANON,1299.00,,Unknown,,"3 YEAR WARRANTY The 5D Mark IV DSLR - a true masterpiece that brings out the artist in every photographer and videographer. This exceptional multimedia tool combines advanced technology and refined craftsmanship to provide an unparalleled photography and videography experience. Elevate Your Photography Experience DIGIC 6+ Image Processor : At the heart of the 5D Mark IV is the DIGIC 6+ image processor, a technological marvel that powers your creative vision. This processor allows you to capture the perfect shot at a remarkable 7 frames per second in continuous shooting mode. It works in harmony with a high-precision 150,000-pixel RGB+IR metering sensor, ensuring accurate exposures even in challenging lighting conditions. Enhanced Autofocus : The camera features a revamped 61-point High Density Reticular AF system, which enhances your ability to track and capture fast-moving subjects swiftly and accurately. Notably, the center point functions down to -3 EV, making it incredibly effective in low-light situations. The addition of a dedicated AF area select button provides immediate access to this essential setting. Masterful Video Creation Dual Pixel CMOS AF : For videographers, the 5D Mark IV is a game-changer. Dual Pixel CMOS AF and Movie Servo AF work seamlessly to achieve smooth and precise focus transitions during video recording. The camera's 3.2"" 1.62m-dot touchscreen LCD simplifies focus point adjustments, and the introduction of DCI 4K (4096 x 2160) video recording at 30 fps opens up exciting creative possibilities. You can even extract 8.8MP still frames from your video footage, offering a rapid and efficient capture option. Dual Pixel RAW : Canon introduces a groundbreaking feature known as Dual Pixel RAW, setting a new standard in post-processing flexibility. This unique feature enables fine-tuning of specific image parameters, such as bokeh shift and focus micro adjustment, after the image has been captured, giving photographers unprecedented creative control. Durable and Intuitive Design Weather-Sealed Body : The 5D Mark IV is built for durability and designed to withstand challenging environments. Its weather-sealed body provides peace of mind when shooting in adverse conditions, ensuring the camera's reliability and longevity. User-Friendly Interface : The camera features a large 3.2"" 1.62m-dot Clear View II LCD monitor with touchscreen capabilities, allowing for easy adjustment of settings and focus points. The dedicated AF mode selection button simplifies access to essential settings, making the shooting experience intuitive and efficient. Dual Memory Card Slots : With Dual CompactFlash and SD memory card slots, the 5D Mark IV offers extended storage options. This feature allows for overflow recording or separation of file types while shooting, ensuring that you never miss a moment. Connectivity and More Built-in GPS : The 5D Mark IV is equipped with a built-in GPS module, enabling geotagging of images in-camera. It also synchronizes with the Universal Time Code via satellite signals, providing precise time information. Compatible with multiple satellite systems, including GPS, GLONASS, and Japanese quasi-zenith Michibiki, this feature expands your creative possibilities. Digital Lens Optimizer : The camera incorporates Digital Lens Optimizer technology, which corrects various optical defects in real-time. These corrections include chromatic aberration, distortion, peripheral brightness, and diffraction, resulting in JPEGs with these corrections already applied. Intervalometer : Create captivating time-lapse sequences with ease using the built-in intervalometer. This feature allows you to specify the number of frames to capture and the intervals between shots, providing full creative control over your time-lapse projects. Built-in Wi-Fi and NFC : Stay connected and share your work effortlessly with the built-in Wi-Fi and NFC connectivity options. You can wirelessly transfer images to your compatible smart device or utilize the Canon Connect Station for easy image management and sharing. Discover boundless possibilities and elevate your creative journey with the Canon 5D Mark IV DSLR. This remarkable camera combines advanced technology, rugged design, and intuitive features to empower photographers and videographers to capture every moment with precision and clarity. Whether you're an enthusiast or a professional, the 5D Mark IV is your gateway to a world of limitless creativity. In The Box Canon EOS 5D Mark IV DSLR Camera (Body Only) Canon LP-E6N Lithium-Ion Battery Pack (7.2V, 1865mAh) Canon LC-E6 Charger for LP-E6 and LP-EL Battery Packs Canon Eyecup Eg Canon RF-3 Body Cap for Canon EOS Cameras Canon IFC-150U II USB 3.1 Gen 1 Interface Cable for DSLRs Cable Protector Wide Neck Strap Software Download Instructions",https://cdn.shopify.com/s/files/1/0955/2409/4277/files/canon-eos-5d-mark-iv-body-5161-p.jpg?v=1756285003,https://cdn.shopify.com/s/files/1/0955/2409/4277/files/canon-eos-5d-mark-iv-body-5161-p.jpg?v=1756285003 | https://cdn.shopify.com/s/files/1/0955/2409/4277/files/canon-eos-5d-mark-iv-body-_282_29-5161-p.jpg?v=1756285004 | https://cdn.shopify.com/s/files/1/0955/2409/4277/files/canon-eos-5d-mark-iv-body-_283_29-5161-p.jpg?v=1756285004 | https://cdn.shopify.com/s/files/1/0955/2409/4277/files/1515086623_IMG_675256.jpg?v=1761144310 | https://cdn.shopify.com/s/files/1/0955/2409/4277/files/canon-eos-5d-mark-iv-body-_284_29-5161-p.jpg?v=1761144310 | https://cdn.shopify.com/s/files/1/0955/2409/4277/files/canon-eos-5d-mark-iv-body-_285_29-5161-p.jpg?v=1761144310 | https://cdn.shopify.com/s/files/1/0955/2409/4277/files/1515086622_IMG_675451.jpg?v=1761144310 | https://cdn.shopify.com/s/files/1/0955/2409/4277/files/1515086623_IMG_675452.jpg?v=1761144310 | https://cdn.shopify.com/s/files/1/0955/2409/4277/files/1515086623_IMG_674219.jpg?v=1761146634 | https://cdn.shopify.com/s/files/1/0955/2409/4277/files/1515086625_IMG_675187.jpg?v=1761146634 | https://cdn.shopify.com/s/files/1/0955/2409/4277/files/1515086623_IMG_675184.jpg?v=1761146634 | https://cdn.shopify.com/s/files/1/0955/2409/4277/files/1515086623_IMG_675182.jpg?v=1761146634,2026-03-27T12:25:26+00:00
HDEW Cameras,https://hdewcameras.co.uk,15129663799621,https://hdewcameras.co.uk/products/open-box-plustek-opticfilm-8200-i-silverfast-ai,Open Box Plustek OpticFilm 8200 i SilverFast Ai,,580734_OB,Camera Accessory,"computing, scanners",Plustek,339.00,,Unknown,,"Key Features: 7200 dpi resolution 48-bit colour depth 64-bit Hardware and Software support Hardware and Software solution for dust and scratch removal Professional SilverFast Ai Studio 8 Software bundled IT-8 calibration slide for colour accuracy Scan Modes: Colour: 48-bit input, 24/48-bit output Gray scale: 16-bit input, 8/16-bit output B/W: 1-bit Scanning Speed: 3600 dpi: Approx. 36 sec (Multi-Sampling ON) 7200 dpi: Approx. 113 sec (Multi-Sampling ON) Preview Speed: Negative Film: Approx. 8 sec (Multi-Sampling ON) Positive Film: Approx. 8 sec (Multi-Sampling ON) OS: Windows XP / Vista / 7 Intel-based Mac OS X 10.5 / 10.6 / 10.7 The well-designed hardware features of the OpticFilm 8200i Ai combine perfectly with the professional scanner software SilverFast from Laser soft Imaging. SilverFast Multi-Exposure® increases dynamic range, reduces noise and increases Picture details. SilverFast iSRD for dust and scratch removal can save images from dust and scratches and optimise Images. SilverFast Auto IT8 Calibration colour calibrates the scanner device in just 2 minutes. The Plustek OpticFilm 8200i Ai scanner is bundled with the LaserSoft Imagings acclaimed scanner software - SilverFast 8. The WorkflowPilot guides users through all scanning and processing steps. SilverFast 8s graphical user interface reduces the learning curve, and the preview mode allows users to immediately see the results of any adjustments made, even the results of complex functions. SilverFast 8 supports Multi-Tasking and 64-bit hardware and is extremely fast and efficient. The Plustek OpticFilm 8200i Ai gets professional quality results from any photographic original. It is used by professional photographers, amateur photographers, graphic designers, image enthusiasts, and those who highly demand image quality on photo enlargements.",https://cdn.shopify.com/s/files/1/0955/2409/4277/files/open-box-plustek-opticfilm-8200-i-silverfast-ai-21350-p.jpg?v=1756969039,https://cdn.shopify.com/s/files/1/0955/2409/4277/files/open-box-plustek-opticfilm-8200-i-silverfast-ai-21350-p.jpg?v=1756969039,2026-03-27T05:43:16+00:00
HDEW Cameras,https://hdewcameras.co.uk,15772266955077,https://hdewcameras.co.uk/products/verbatim-portable-touch-monitor-14-inch-light-series,Verbatim Portable Touch Monitor 14 inch powerbank Light Series,,233384,Portable Monitor,"Portable Monitors, portable-devices",Verbatim,159.00,,Unknown,,"This model offers a clear picture on the go with a 1920 x 1080p resolution and a color depth of 16.7 million colors. IPS technology supports a 178° viewing angle and displays content evenly. HDR enhances contrast and helps you see details more clearly. Its lightweight design makes it easy to carry in bags and quick to set up. An included power bank provides power when no power outlet is available. Convenient Mobile Use The lightweight design makes it ideal for commutes or travel. The responsive multi-touch display is perfect for tasks like sketching, scrolling, or using apps. An integrated speaker allows you to play audio without additional devices. The power bank provides flexible use without a fixed power source. The display connects to various devices via USB-C or HDMI. Reliable Power for Different Connections The magnetically attached 5,000 mAh power bank keeps the monitor powered even when not in use. Power is supplied when smartphones or consoles don't provide enough power via USB-C. With an HDMI connection, the power bank takes over the entire power supply. This simplifies situations where mobility is crucial. The monitor remains usable independently of a power outlet, creating a solution for mobile work and media consumption. Features: Full HD resolution supports clear visuals with 1920 x 1080p IPS technology ensures stable color reproduction from 178° viewing angles HDR enhances contrast and makes it easier to see fine details 10-point multi-touch touchscreen Integrated 2 x 1W speakers support media playback without external devices Includes a practical 5,000 mAh power bank Two USB-C ports and one HDMI 1.4 enable flexible use with various devices Kickstand with tilt angles from 0° to 85° for adjustable positioning",https://cdn.shopify.com/s/files/1/0955/2409/4277/files/Verbatim_PM-14_Touch_HDEW1.jpg?v=1774584559,https://cdn.shopify.com/s/files/1/0955/2409/4277/files/Verbatim_PM-14_Touch_HDEW1.jpg?v=1774584559 | https://cdn.shopify.com/s/files/1/0955/2409/4277/files/Verbatim_PM-14_Touch_HDEW2.jpg?v=1774584558 | https://cdn.shopify.com/s/files/1/0955/2409/4277/files/Verbatim_PM-14_Touch_HDEW3.jpg?v=1774584559 | https://cdn.shopify.com/s/files/1/0955/2409/4277/files/Verbatim_PM-14_Touch_HDEW4.jpg?v=1774584559 | https://cdn.shopify.com/s/files/1/0955/2409/4277/files/Verbatim_PM-14_Touch_HDEW5.jpg?v=1774584559,2026-03-27T04:11:19+00:00
HDEW Cameras,https://hdewcameras.co.uk,15772261908805,https://hdewcameras.co.uk/products/verbatim-pmt-15-touch-monitor-15-6-inch-light-series,Verbatim PMT-15 Touch Monitor 15.6 inch Light Series,,202136,Portable Monitor,"Portable Monitors, portable-devices",Verbatim,129.00,,Unknown,,"With its capacitive 10-point multi-touch functionality, you can swipe, tap, zoom, and draw directly on this compact display - perfect for on-the-go and students. The Plug & Play USB-C connection simplifies your setup - a single cable provides power, video, and touch input. Sharp, Responsive Images The IPS panel delivers Full HD images and ensures consistent performance from any viewing angle. Built-in stereo speakers enhance your media experience, while its slim profile is always ready for travel. Versatility for Work and Play This portable touchscreen monitor is compatible with a variety of devices, from laptops and desktop PCs to smartphones and gaming consoles. You can use it as a second screen, a touchscreen workstation, or a portable media player. Features: 15.6 inches (= 40 cm) Full HD touchscreen with a resolution of 1920 × 1080 Capacitive 10-point multi-touch for intuitive control and easy operation IPS panel with ultra-wide 178° viewing angle and 16:9 aspect ratio for consistent image quality from any angle HDR technology for enhanced image sharpness and contrast Lightweight and ultra-thin for maximum mobility and easy transport USB-C Plug & Play - one cable for video, touch, and power for easy setup Mini-HDMI port for additional connectivity Integrated stereo speakers and 3.5 mm audio jack for an enhanced media experience Neoprene protective cover included for extra protection on the go Dimensions (W x H x D): 35.6 x 22.2 x 1.8 cm Weight: 973 g",https://cdn.shopify.com/s/files/1/0955/2409/4277/files/Verbatim_PM-15_Touch_HDEW1.jpg?v=1774583334,https://cdn.shopify.com/s/files/1/0955/2409/4277/files/Verbatim_PM-15_Touch_HDEW1.jpg?v=1774583334 | https://cdn.shopify.com/s/files/1/0955/2409/4277/files/Verbatim_PM-15_Touch_HDEW2.jpg?v=1774583335 | https://cdn.shopify.com/s/files/1/0955/2409/4277/files/Verbatim_PM-15_Touch_HDEW3.jpg?v=1774583334,2026-03-27T03:49:24+00:00
HDEW Cameras,https://hdewcameras.co.uk,15772257550661,https://hdewcameras.co.uk/products/verbatim-pm-15-portable-monitor-15-6-inch-light-series,Verbatim PM-15 Portable Monitor 15.6 inch Light Series,,202129,Portable Monitor,"Portable Monitors, portable-devices",Verbatim,109.00,,Unknown,,"Working from home, presenting on-site, or watching a movie: The Verbatim monitor can be easily transported in a backpack or laptop bag. The connection works with a single USB-C cable or via HDMI (additional power supply required), making it an ideal secondary screen for laptops, game consoles, and mobile devices. Full HD Picture Quality The 15.6-inch display delivers vibrant images in Full HD, making it ideal for multitasking, spreadsheets, and creative projects. Thanks to the IPS panel and HDR technology, the images are consistently bright and color-accurate from almost any viewing angle. The built-in stereo speakers and headphone jack ensure that you can fully immerse yourself in both video calls and entertainment. Versatile Compatibility The LIGHT Series monitor is designed for professional users and digital nomads and is compatible with a variety of devices, including Windows PCs, Macs, smartphones, and game consoles. Whether used as a portable screen for a dual-screen laptop setup or as a compact monitor for console gaming, this Verbatim portable monitor is perfect for both professional and personal use. Features: Full HD resolution of 1920 × 1080 pixels for sharp images IPS panel with ultra-wide 178° viewing angles for optimal visibility from any angle HDR technology for vibrant and high-contrast images Lightweight and ultra-slim design for easy portability USB-C plug & play – a single cable for power and video HDMI connectivity for broader compatibility Built-in stereo speakers and audio jack for versatile audio options Includes protective neoprene sleeve Ideal for laptops, consoles, tablets, and more Screen size: 15.6 inches (= 39.6 cm) Dimensions (W x H x D): 22.2 x 35.6 x 1.7 cm Weight: 682 g",https://cdn.shopify.com/s/files/1/0955/2409/4277/files/Verbatim_PM-15_HDEW1.jpg?v=1774581942,https://cdn.shopify.com/s/files/1/0955/2409/4277/files/Verbatim_PM-15_HDEW1.jpg?v=1774581942 | https://cdn.shopify.com/s/files/1/0955/2409/4277/files/Verbatim_PM-15_HDEW2.jpg?v=1774581942 | https://cdn.shopify.com/s/files/1/0955/2409/4277/files/Verbatim_PM-15_HDEW3.jpg?v=1774581942 | https://cdn.shopify.com/s/files/1/0955/2409/4277/files/Verbatim_PM-15_HDEW4.jpg?v=1774581942 | https://cdn.shopify.com/s/files/1/0955/2409/4277/files/Verbatim_PM-15_HDEW5.jpg?v=1774581942 | https://cdn.shopify.com/s/files/1/0955/2409/4277/files/Verbatim_PM-15_HDEW6.jpg?v=1774581942,2026-03-27T03:25:57+00:00
HDEW Cameras,https://hdewcameras.co.uk,15129608880453,https://hdewcameras.co.uk/products/asus-sdrw-08d2s-u-lite-black,Asus SDRW-08D2S-U Lite external DVD Writer,,231926,External DVD Writer,"accessories, computing, external-dvd",Asus,35.00,,Unknown,,"Asus SDRW-08D2S-U Lite external DVD writer 8x writing speeds Equipped with USB 2.0 and the E-Green Engine Disc Encryption II provides doubly security with password-controlled and hidden-file functionality Drag and Burn features a friendly interface with only three simple steps to burn a disc Unique diamond-shaped design with polished edges Colour: black Compatible operating systems: Windows: Windows® 10, Windows® 8.1, Windows® 8, Windows® 7, Windows® Vista, Windows® XP, Windows® Server 2003, Windows® Server 2008 Mac: Mac OS X 10.5",https://cdn.shopify.com/s/files/1/0955/2409/4277/files/asus-sdrw-08d2s-u-lite-black-1-16630-p.jpg?v=1756968454,https://cdn.shopify.com/s/files/1/0955/2409/4277/files/asus-sdrw-08d2s-u-lite-black-1-16630-p.jpg?v=1756968454,2026-03-27T03:01:24+00:00
HDEW Cameras,https://hdewcameras.co.uk,15772232417605,https://hdewcameras.co.uk/products/samsung-s34c50tau-amd-freesync-34-inch-curve-monitor,Samsung S34C50TAU AMD Freesync 34 inch Curve Monitor,,861093,"34"" Monitor","34"" Monitor, computing, Curve Monitor",Samsung,479.00,,Unknown,,"Samsung S34C650TAU This monitor is equipped with AMD FreeSync. Features: Monitor with matt display Screen diagonal: 86.4 cm / 34"" Resolution: 3440 x 1440 Contrast ratio: 3000:1 Brightness: 350 cd/m 2 Aspect ratio: 21:9 Maximum viewing angle horizontal / vertical: 178° / 178° Response time: 5 ms Connections: Headphone connection / 1x HDMI 2.0 / Integrated speakers (5 watts) Monitor can be tilted, height-adjusted, rotated and swivelled Stand included in the scope of delivery Wall mount optionally available (VESA 100 x 100 mm) Dimensions with stand (W x H x D): 80.66 x 56.15 x 24.1 cm Weight with stand: 8.1 kg",https://cdn.shopify.com/s/files/1/0955/2409/4277/files/Samsung_S34C650TAU_HDEW1.jpg?v=1774579636,https://cdn.shopify.com/s/files/1/0955/2409/4277/files/Samsung_S34C650TAU_HDEW1.jpg?v=1774579636 | https://cdn.shopify.com/s/files/1/0955/2409/4277/files/Samsung_S34C650TAU_HDEW2.jpg?v=1774579637 | https://cdn.shopify.com/s/files/1/0955/2409/4277/files/Samsung_S34C650TAU_HDEW3.jpg?v=1774579636 | https://cdn.shopify.com/s/files/1/0955/2409/4277/files/Samsung_S34C650TAU_HDEW4.jpg?v=1774579637,2026-03-27T02:48:40+00:00
HDEW Cameras,https://hdewcameras.co.uk,15771909816645,https://hdewcameras.co.uk/products/philips-evnia-32m2c3500l-32-inch-professional-curve-monitor,Philips Evnia 32M2C3500L 32 inch Professional Curve Monitor,,100195,"32"" Monitor","32"" Monitor, Computer Monitor, computing, Curve Monitor",Philips,249.00,,Unknown,,Philips Evnia 32M2C3500L QHD Curved Monitor with 32 inch This monitor is equipped with AMD FreeSync Premium. Features: Monitor with matt display Screen diagonal: 31.5’ / 80 cm Resolution: 2560 x 1440 Contrast ratio: 3500:1 Brightness: 300 cd/m 2 Aspect ratio: 16:9 Maximum viewing angle horizontal / vertical: 178° / 178° Horizontal frequency: 30 to 230 kHz Vertical frequency: 48 to 144 Hz Response time: 0.5 ms Pixel pitch: 0.2724 mm Connections: Headphone connection / 2x HDMI 2.0 / 2x DisplayPort 1.4 Monitor can be tilted Stand included in the scope of delivery Wall mount optionally available (VESA 100 x 100 mm) Dimensions with stand (W x H x D): 70.9 x 51.9 x 25 cm Weight with stand: 6.85 kg,https://cdn.shopify.com/s/files/1/0955/2409/4277/files/Philips_Evnia_32M2C3500L_curve_HDEW1.jpg?v=1774567717,https://cdn.shopify.com/s/files/1/0955/2409/4277/files/Philips_Evnia_32M2C3500L_curve_HDEW1.jpg?v=1774567717 | https://cdn.shopify.com/s/files/1/0955/2409/4277/files/Philips_Evnia_32M2C3500L_curve_HDEW2.jpg?v=1774567717 | https://cdn.shopify.com/s/files/1/0955/2409/4277/files/Philips_Evnia_32M2C3500L_curve_HDEW3.jpg?v=1774567716 | https://cdn.shopify.com/s/files/1/0955/2409/4277/files/Philips_Evnia_32M2C3500L_curve_HDEW4.jpg?v=1774567716,2026-03-26T23:29:57+00:00
HDEW Cameras,https://hdewcameras.co.uk,15771874197829,https://hdewcameras.co.uk/products/philips-evnia-27m2n8500-27-inch-gaming-monitor,Philips Evnia 27M2N8500 27 inch Gaming Monitor,,209171,"27"" Monitor","27"" Monitor, computing, Gaming Monitor",Philips,549.00,,Unknown,,"Experience the impressive image quality of the QD OLED monitor, which impresses with its wide range of connection options and outstanding display properties. Enjoy razor-sharp images and brilliant colour reproduction that take your viewing experience to a whole new level. Perfect connectivity The QD OLED monitor offers numerous connectivity options, including two HDMI 2.1 ports, a DisplayPort 1.4 and a USB-B port. Thanks to separate synchronisation and a headphone output, you can easily connect your devices and enjoy an optimal audio experience. Outstanding image quality With a display size of 67.3 cm (26.5 inches) and an aspect ratio of 16:9, the QD OLED monitor offers impressive image quality. The brightness of up to 1000 nits and the colour representation of 1.07 billion colours ensure vivid and realistic images. Comfort and user-friendliness The monitor is equipped with integrated speakers and a variety of OSD languages for easy operation. The height adjustment, swivel joint and tilt function provide additional comfort and flexibility during use. Features: Signal input: 2 x HDMI 2.1, 1 x DisplayPort 1.4, 1 x USB-B for versatile connection options Synchronisation input: Separate synchronisation for optimal image quality Audio input/output: Headphone output for a personalised audio experience HDCP: HDCP 1.4 and 2.2 for secure copy protection USB connection box: 1 x USB-B upstream, 2 x USB-A downstream for fast data transfer Display size: 67.3 cm (26.5 inches) for a large field of view Aspect ratio: 16:9 for a wide image format Screen type: QD OLED for brilliant colours and high contrast Brightness: SDR: 250 nits HDR: 450 nits HDR E/P: 1000 nits Display colours: 1.07 billion colours for realistic colour representation Contrast ratio: 1,500,000:1 for deep blacks and bright whites Response time: 0.03 ms for smooth motion Stand included in the scope of delivery Wall mount optionally available (VESA 100 x 100 mm) Dimensions with stand (W x H x D): 609.3 x 513.7 x 274.5 mm Weight with stand: 7.35 kg",https://cdn.shopify.com/s/files/1/0955/2409/4277/files/Philips_Evnia_27M2N_Gaming-Monitor_HDEW1.jpg?v=1774567283,https://cdn.shopify.com/s/files/1/0955/2409/4277/files/Philips_Evnia_27M2N_Gaming-Monitor_HDEW1.jpg?v=1774567283 | https://cdn.shopify.com/s/files/1/0955/2409/4277/files/Philips_Evnia_27M2N_Gaming-Monitor_HDEW2.jpg?v=1774567283 | https://cdn.shopify.com/s/files/1/0955/2409/4277/files/Philips_Evnia_27M2N_Gaming-Monitor_HDEW3.jpg?v=1774567282 | https://cdn.shopify.com/s/files/1/0955/2409/4277/files/Philips_Evnia_27M2N_Gaming-Monitor_HDEW4.jpg?v=1774567283 | https://cdn.shopify.com/s/files/1/0955/2409/4277/files/Philips_Evnia_27M2N_Gaming-Monitor_HDEW5.jpg?v=1774567282,2026-03-26T23:21:56+00:00
HDEW Cameras,https://hdewcameras.co.uk,15771848442181,https://hdewcameras.co.uk/products/philips-24e2n1110-24-inch-everyday-fhd-monitor,Philips 24E2N1110 24 inch everyday FHD Monitor,,165344,"24"" Monitor","24"" Monitor, computing",Philips,99.00,,Unknown,,"The Philips 24E2N1110 is the ideal monitor for office users and productive everyday users who value clear picture quality and ergonomic design. With its Full HD display, it offers razor-sharp images for text, tables and multimedia applications. The flicker-free technology and LowBlue mode are easy on your eyes, even during long working sessions. Thanks to its versatile connection options, the monitor can be flexibly integrated into existing workstation setups. Features: Monitor with matt display Screen diagonal: 24 inch / 60 cm Resolution: 1920 x 1080 Full HD Contrast ratio: 1500:1 Brightness: 300 cd/m 2 Aspect ratio: 16:9 Maximum viewing angle horizontal / vertical: 178° / 178° Response time: 4 ms Pixel pitch: 0.2745 mm Connections: 1x HDMI 1. 4 / 1x VGA Monitor can be tilted Stand included Wall mount optionally available (VESA 100 x 100 mm) Dimensions with stand (W x H x D): 54.2 x 41.7 x 18 cm Weight with stand: 2.44 kg",https://cdn.shopify.com/s/files/1/0955/2409/4277/files/Philips_24EN1110_Monitor-HDEW1.jpg?v=1774566574,https://cdn.shopify.com/s/files/1/0955/2409/4277/files/Philips_24EN1110_Monitor-HDEW1.jpg?v=1774566574 | https://cdn.shopify.com/s/files/1/0955/2409/4277/files/Philips_24EN1110_Monitor-HDEW2.jpg?v=1774566574 | https://cdn.shopify.com/s/files/1/0955/2409/4277/files/Philips_24EN1110_Monitor-HDEW3.jpg?v=1774566573 | https://cdn.shopify.com/s/files/1/0955/2409/4277/files/Philips_24EN1110_Monitor-HDEW4.jpg?v=1774566574,2026-03-26T23:10:13+00:00
HDEW Cameras,https://hdewcameras.co.uk,15770341933381,https://hdewcameras.co.uk/products/jmgo-n1s-se-full-hd-laser-home-theatre-projector-open-box,JMGO N1S SE Full HD Laser Home Theatre Projector (Open Box),,172694_OBOX,Portable Projector,"Home Theatre, open-box-models, projectors",JMGO,569.00,,Unknown,,"1 OPEN BOX UNIT - AS NEW CONDITION OPENED BUT NEVER USED ORIGINAL BOX AND ACCESSORIES UNWANTED RETURN - CUSTOMER WANTED SMALLER PROJECTOR Looking for a projector that delivers sharp visuals and adapts to your space? This model combines triple laser technology with flexible positioning to give you clear images in different lighting conditions. Its compact design fits easily into various environments and makes setup simple. Adjust and start watching The gimbal with a wide tilt angle helps you aim the projection exactly where you want it. Autofocus using TOF sensors keeps the image sharp without manual adjustments. Two built-in speakers provide balanced sound for your films and presentations. Smart features for everyday use With 800 ISO lumens, the projector works well even in rooms with ambient light. The wide colour range brings your content to life. HDMI and USB ports make it easy to connect other devices, and the lightweight body is easy to move. Clear images in Full HD Native 1080p resolution ensures detailed visuals, even on large screens. You can also play 3D content from local or external sources, adding depth to your viewing experience. Compact and well thought-out Its low weight and ceiling mounting options make it suitable for different setups. The built-in hardware supports smooth playback and fast response. The colour performance stands out with over 100% coverage of the BT.2020 standard. Features: Triple laser source for bright and colourful projection 800 ISO lumens for visibility in daylight 127° gimbal tilt for flexible positioning TOF autofocus for sharp images without manual adjustment Full HD resolution (1080p) for detailed visuals Supports 3D content from local and external sources BT.2020 colour range with 110% coverage for vivid colours 2x 5-watt speakers for balanced sound HDMI 2.1 and USB-A 2.0 for easy device connection Suitable for front, rear and ceiling projection MT9630 chip with 2 GB RAM and 32 GB storage",https://cdn.shopify.com/s/files/1/0955/2409/4277/files/JMGO_N1S_SE_FHD_Projector_HDEW1_b767f43a-209b-4e9d-a7a0-8571f40cb5a3.jpg?v=1774524447,https://cdn.shopify.com/s/files/1/0955/2409/4277/files/JMGO_N1S_SE_FHD_Projector_HDEW1_b767f43a-209b-4e9d-a7a0-8571f40cb5a3.jpg?v=1774524447 | https://cdn.shopify.com/s/files/1/0955/2409/4277/files/JMGO_N1S_SE_FHD_Projector_HDEW5_a2113d00-0ca9-44d1-9944-60b95a45a2e8.jpg?v=1774524446 | https://cdn.shopify.com/s/files/1/0955/2409/4277/files/IMG_0346_1.jpg?v=1775053322 | https://cdn.shopify.com/s/files/1/0955/2409/4277/files/IMG_0350_1.jpg?v=1775053322 | https://cdn.shopify.com/s/files/1/0955/2409/4277/files/IMG_0352_1.jpg?v=1775053322 | https://cdn.shopify.com/s/files/1/0955/2409/4277/files/IMG_0353_1.jpg?v=1775053322 | https://cdn.shopify.com/s/files/1/0955/2409/4277/files/IMG_0356_1.jpg?v=1775053322 | https://cdn.shopify.com/s/files/1/0955/2409/4277/files/IMG_0354_1.jpg?v=1775053322 | https://cdn.shopify.com/s/files/1/0955/2409/4277/files/IMG_0355_1.jpg?v=1775053322,2026-03-26T11:32:10+00:00
HDEW Cameras,https://hdewcameras.co.uk,15767426597189,https://hdewcameras.co.uk/products/lenovo-legion-r27fc-full-hd-27-inch-curve-gaming-monitor,Lenovo Legion R27fc Full HD 27 inch Curve Gaming Monitor,,224536,"27"" Monitor","Computer Monitor, computing, Curve Monitor, curve-monitors, Gaming Monitor",Lenovo,189.00,,Unknown,,"This monitor opens a new dimension for gaming and multimedia. Its curved design and high refresh rate create smooth motion and clear visuals. The combination of a VA panel and Full HD resolution delivers vivid colours and deep contrasts on the screen. Smooth action without delay The ultra-fast response time of up to 0.5 ms and refresh rate of up to 280 Hz prevent blurring and ghosting. Movements appear sharp so every scene stays detailed and no moment is missed. Stable image quality for every game The technology that synchronises with the graphics card ensures tear-free images. Even during rapid frame changes, the display remains stable and controls react instantly. Intense gaming experience The 1500R curvature creates a wider field of view and realistic depth. Combined with high colour coverage, the image appears vivid and detailed. Sound and flexibility in one device Built-in speakers deliver clear stereo sound, while the ergonomic stand allows adjustments for height, tilt and rotation. This way, the monitor adapts to different needs. Features: 27 inch (70 cm) Full HD resolution for sharp and clear visuals Refresh rate up to 280 Hz for smooth motion in fast-paced games Response time: 0.5 ms (MPRT), 1 ms (Extreme mode), 6 ms (Normal mode) AMD FreeSync Premium matches frame rate and prevents tearing 1500R curvature expands the view and enhances depth perception Colour coverage of 99% sRGB and 90% DCI-P3 for vivid colours ClearMR 7000 ensures sharp images without blurring Two integrated speakers with 3 watts each for clear stereo sound Ergonomic stand with height, tilt, rotation and pivot adjustment Tilt angle (-5°/22°) Swivel angle (+30°/-30°) Height adjustment range (135 mm) Screen rotation with pivot function (-90°/90°) Ports: 2x HDMI 2.1 / 1x DisplayPort 1.4 / 1x 3.5 mm audio output Brightness of 350 cd/m² for clear view even in bright environments 178° viewing angle for consistent image quality from any position",https://cdn.shopify.com/s/files/1/0955/2409/4277/files/Lenovo_Legion_R27_HDEW1.jpg?v=1774413091,https://cdn.shopify.com/s/files/1/0955/2409/4277/files/Lenovo_Legion_R27_HDEW1.jpg?v=1774413091 | https://cdn.shopify.com/s/files/1/0955/2409/4277/files/Lenovo_Legion_R27_HDEW2.jpg?v=1774413091 | https://cdn.shopify.com/s/files/1/0955/2409/4277/files/Lenovo_Legion_R27_HDEW3.jpg?v=1774413091 | https://cdn.shopify.com/s/files/1/0955/2409/4277/files/Lenovo_Legion_R27_HDEW4.jpg?v=1774413091,2026-03-25T04:31:30+00:00
HDEW Cameras,https://hdewcameras.co.uk,15767418437957,https://hdewcameras.co.uk/products/lenovo-thinkvision-p27q-27-inch-qhd-professional-monitor-copy,Lenovo Thinkvision S24i FHD 24 inch Everyday Monitor,,204845,"24"" Monitor","24"" Monitor, Computer Monitor, computing",Lenovo,139.00,,Unknown,,"The Lenovo ThinkVision S24i-30 is a slim 23.8-inch Full HD monitor with an IPS panel that impresses with its balanced image quality, particularly for office and everyday use. With a typical brightness of 250 cd/m² and a static contrast ratio of 1300:1, it delivers clear, easy-to-read images – ideal for text work and multimedia content. The display covers around 99% of the sRGB colour space, ensuring realistic colour reproduction. In addition, the wide viewing angle stability (178° horizontally and vertically) ensures that image content can hardly be perceived as changed even from side positions. The monitor supports a refresh rate of up to 100 Hz, which is above the usual standard of 60 Hz and enables smoother display of dynamic content. The response time is nominally 6 ms, or 4 ms in faster operation (‘Extreme Mode’). To protect your eyes, the S24i-30 features ‘Natural Low Blue Light’ technology, which Lenovo uses to reduce harmful blue light without compromising colour quality. In terms of connectivity, the monitor offers an HDMI port and a VGA (D-Sub) port. The stand can be tilted (from -5° to +22°) and the device can alternatively be mounted using a VESA 100x100 mm hole pattern to keep your workspace flexible. An integrated cable management guide on the stand keeps things tidy by allowing cables to be neatly routed. Features: Monitor with matte display Screen diagonal: 23.8 inches / 60.45 cm Resolution: 1920 x 1080 Full HD Contrast ratio: 1300:1 Brightness: 250 cd/m 2 Aspect ratio: 16:9 Maximum viewing angle horizontal/vertical: 178°/178° Response time: 4–6 ms Pixel pitch: 0.275 mm Connections: 1x HDMI 1.4 / 1x VGA Monitor is tiltable Stand included in the scope of delivery Wall mount optionally available (VESA 100 x 100 mm) Dimensions with stand (W x H x D): 53.94 x 43.40 x 18.3 cm Weight with stand: 3.8 kg",https://cdn.shopify.com/s/files/1/0955/2409/4277/files/Lenovo_Thinkvision_P27Q-HDEW1_c861d902-c5d3-4ce7-b312-e403821d4e6c.jpg?v=1774412135,https://cdn.shopify.com/s/files/1/0955/2409/4277/files/Lenovo_Thinkvision_P27Q-HDEW1_c861d902-c5d3-4ce7-b312-e403821d4e6c.jpg?v=1774412135 | https://cdn.shopify.com/s/files/1/0955/2409/4277/files/Lenovo_S24i_HDEW4.jpg?v=1774412135 | https://cdn.shopify.com/s/files/1/0955/2409/4277/files/Lenovo_S24i_HDEW2.jpg?v=1774412135 | https://cdn.shopify.com/s/files/1/0955/2409/4277/files/Lenovo_S24i_HDEW3_85ed7823-5230-4bf8-8508-7c14c46bd520.jpg?v=1774412135,2026-03-25T04:15:34+00:00
HDEW Cameras,https://hdewcameras.co.uk,15767417454917,https://hdewcameras.co.uk/products/lenovo-thinkvision-p27q-27-inch-qhd-professional-monitor,Lenovo Thinkvision P27Q 27 inch QHD Professional Monitor,,206651,"27"" Monitor","27"" Monitor, Computer Monitor, computing",Lenovo,269.00,,Unknown,,"A monitor that offers you an impressive viewing experience is an indispensable tool for your everyday life. With a screen size of 27 inches and a resolution of 2560 x 1440 pixels, you can enjoy razor-sharp images and videos. In-Plane Switching (IPS) technology ensures vivid colours and wide viewing angles, giving you a clear picture from almost any position. Vivid colours and clear images Thanks to WLED backlighting and support for 1.07 billion colours, you'll experience an impressive range of colours. The monitor covers 99% of the sRGB colour space and offers a brightness of 350 cd/m², so your content always looks brilliant and vivid. The anti-glare coating reduces annoying reflections and ensures comfortable use even in bright ambient light. Flexibility and comfort The monitor is equipped with a versatile stand that can be tilted, swivelled, rotated and adjusted in height. This allows you to optimally adapt it to your needs. Support for VESA mounts allows for easy wall mounting, and the narrow side bezels ensure a modern and elegant design. Advanced features With a response time of 4 ms in Extreme mode and a refresh rate of up to 120 Hz, the monitor is also suitable for fast-paced games and action-packed films. Modular support for cameras and speakers offers additional flexibility and allows you to expand the monitor according to your needs. Features: Screen size: 27 inches for an impressive viewing experience Resolution: 2560 x 1440 pixels for razor-sharp images IPS technology: Vivid colours and wide viewing angles WLED backlighting: Brilliant and vivid colours Anti-glare coating: Reduces annoying reflections Response time: 4 ms in Extreme mode for fast games Refresh rate: Up to 120 Hz for smooth motion Modular support: Camera and speakers can be retrofitted Integrated power supply: Simple and neat installation Monitor is tiltable, height-adjustable, rotatable and swivelling Stand included in the scope of delivery Wall mount optionally available (VESA 100 x 100 mm) Dimensions with stand (W x H x D): 61.36 x 19.50 x 38.42 cm Weight with stand: 6.4 kg",https://cdn.shopify.com/s/files/1/0955/2409/4277/files/Lenovo_Thinkvision_P27Q-HDEW1.jpg?v=1774407951,https://cdn.shopify.com/s/files/1/0955/2409/4277/files/Lenovo_Thinkvision_P27Q-HDEW1.jpg?v=1774407951 | https://cdn.shopify.com/s/files/1/0955/2409/4277/files/Lenovo_Thinkvision_P27Q-HDEW2.jpg?v=1774407951 | https://cdn.shopify.com/s/files/1/0955/2409/4277/files/Lenovo_Thinkvision_P27Q-HDEW3.jpg?v=1774407951 | https://cdn.shopify.com/s/files/1/0955/2409/4277/files/Lenovo_Thinkvision_P27Q-HDEW4.jpg?v=1774407951,2026-03-25T03:06:19+00:00
HDEW Cameras,https://hdewcameras.co.uk,15767408738629,https://hdewcameras.co.uk/products/lenovo-l27-4c-fhd-27-inch-everyday-monitor,Lenovo L27-4C FHD 27 inch Everyday Monitor,,210459,"27"" Monitor","27"" Monitor, Computer Monitor, computing",Lenovo,119.00,,Unknown,,"Experience impressive image quality with the Lenovo L27-4C monitor. With a screen size of 27 inches and a resolution of 1920 x 1080 pixels, this monitor offers a clear and vivid viewing experience. In-Plane Switching (IPS) technology ensures consistent colour reproduction and wide viewing angles. Perfect image quality Thanks to WLED backlighting and a brightness of 300 cd/m², you can enjoy bright and clear images. The monitor supports 16.7 million colours and covers 99% of the sRGB colour space, making it ideal for colour-critical applications. Smooth display With a refresh rate of 144 Hz and a response time of just 1 ms (MPRT), you'll experience smooth motion without delays. AMD FreeSync technology ensures that screen tearing and stuttering are a thing of the past. Elegant design The Lenovo L27-4C impresses with its slim design in Cloud Grey. The monitor has a tiltable stand and supports VESA mounting, so you can flexibly adjust it to your needs. All in one: Sound & Tidiness The monitor is equipped with two 3-watt speakers that deliver clear and powerful sound. The integrated power adapter eliminates the need for additional cables and ensures a tidy working environment. Features: Screen size: 27 inches for a generous viewing experience Resolution: 1920 x 1080 pixels for clear and sharp images Brightness: 300 cd/m² for bright and vivid displays Refresh rate: 144Hz for smooth motion Response time: 1ms (MPRT) for fast image changes Colour support: 16.7 million colours for realistic images Colour space coverage: 99% sRGB for accurate colour representation Viewing angle: 178°/178° for consistent colours from every angle Anti-glare coating: Reduces reflections for a comfortable viewing experience Integrated speakers: 2 x 3 watts for clear sound Tiltable stand: For ergonomic adjustment (included in the scope of delivery) Wall mount optionally available (VESA 100 x 100 mm) Dimensions with stand (W x H x D): 61.15 x 47.46 x 18.15 cm Weight with stand: 3.9 kg",https://cdn.shopify.com/s/files/1/0955/2409/4277/files/Lenovo_L27_FHD_HDEW1.jpg?v=1774407181,https://cdn.shopify.com/s/files/1/0955/2409/4277/files/Lenovo_L27_FHD_HDEW1.jpg?v=1774407181 | https://cdn.shopify.com/s/files/1/0955/2409/4277/files/Lenovo_L27_FHD_HDEW2.jpg?v=1774407181 | https://cdn.shopify.com/s/files/1/0955/2409/4277/files/Lenovo_L27_FHD_HDEW3.jpg?v=1774407181 | https://cdn.shopify.com/s/files/1/0955/2409/4277/files/Lenovo_L27_FHD_HDEW4.jpg?v=1774407181 | https://cdn.shopify.com/s/files/1/0955/2409/4277/files/Lenovo_L27_FHD_HDEW5.jpg?v=1774407181,2026-03-25T02:54:48+00:00
HDEW Cameras,https://hdewcameras.co.uk,15767407624517,https://hdewcameras.co.uk/products/lenovo-legion-pro-4k-uhd-27-inch-gaming-monitor,Lenovo Legion Pro 4K UHD 27 inch Gaming Monitor,,210473,"27"" Monitor","27"" Monitor, Computer Monitor, computing, Gaming Monitor",Lenovo,799.00,,Unknown,,"Experience a new dimension of gaming with the Lenovo Legion Pro 27UD-10. This display offers impressive image quality and smooth graphics that immerse you in your gaming world. With its high resolution and fast response time, it is perfect for demanding gamers. Crystal-clear display The 27-inch display of the Lenovo Legion Pro 27UD-10 offers a resolution of 3840 x 2160 pixels, ensuring razor-sharp images. Thanks to QD-OLED technology and high colour accuracy, you'll experience vivid and realistic colours. HDR support and Dolby Vision® ensure an impressive viewing experience. Smooth gameplay With a refresh rate of 240 Hz and a response time of just 0.03 ms, you can enjoy smooth and responsive gameplay. AMD FreeSync Premium Pro technology and VESA Adaptive Sync ensure that your game runs without tearing or stuttering. Natural Low Blue Light technology protects your eyes even during long gaming sessions. Versatile connectivity The Lenovo Legion Pro 27UD-10 offers numerous connection options, including USB-C, HDMI and DisplayPort. This allows you to easily connect various devices and flexibly configure your setup. The integrated cable management function keeps your desk tidy. Ergonomic design The display can be adjusted in height, tilted and swivelled so that you can always find the perfect position. VESA mounting capability allows you to mount the monitor on the wall. The slim design and narrow bezels give your setup a modern look. Features: 27-inch display with a resolution of 3840 x 2160 pixels for razor-sharp images QD-OLED technology for vivid and realistic colours HDR support and Dolby Vision® for an impressive viewing experience 240Hz refresh rate and 0.03ms response time for smooth gameplay AMD FreeSync Premium Pro and VESA Adaptive Sync for smooth gaming Natural Low Blue Light technology to protect your eyes Versatile connectivity with USB-C, HDMI and DisplayPort Integrated cable management function for a tidy desk Ergonomic design with height adjustment, tilt and swivel Slim design and narrow bezels for a modern look Factory calibration for precise colour accuracy Stand included in the scope of delivery Wall mount optionally available (VESA 100 x 100 mm) Dimensions with stand (W x H x D): 61.03 x 38.80 x 20.34 cm Weight with stand: 6.3 kg",https://cdn.shopify.com/s/files/1/0955/2409/4277/files/Lenovo_Legion_Pro_27UD_HDEW1.jpg?v=1774406612,https://cdn.shopify.com/s/files/1/0955/2409/4277/files/Lenovo_Legion_Pro_27UD_HDEW1.jpg?v=1774406612 | https://cdn.shopify.com/s/files/1/0955/2409/4277/files/Lenovo_Legion_Pro_27UD_HDEW2.jpg?v=1774406612 | https://cdn.shopify.com/s/files/1/0955/2409/4277/files/Lenovo_Legion_Pro_27UD_HDEW3.jpg?v=1774406611 | https://cdn.shopify.com/s/files/1/0955/2409/4277/files/Lenovo_Legion_Pro_27UD_HDEW4.jpg?v=1774406612,2026-03-25T02:44:08+00:00
HDEW Cameras,https://hdewcameras.co.uk,15767383572805,https://hdewcameras.co.uk/products/samsung-galaxy-tab-a11-128gb-wifi-silver,Samsung Galaxy Tab A11+ 128GB Wifi Silver,,230024,Tablet,"computing, portable-devices, tablets",Samsung,219.00,249.00,Unknown,,"The Galaxy Tab A11+ impresses with its solid performance and everyday usability. Equipped with an octa-core processor (2.5 GHz / 2.0 GHz), it offers enough power for multimedia, multitasking and productive work without compromising on efficiency. The generous internal memory provides ample space for apps, photos, documents and more – and the memory can be expanded via microSD card. The 11-inch TFT display with a resolution of 1920 x 1200 pixels and a refresh rate of 90 Hz makes the Tab an ideal companion for video streaming, reading or light gaming. The large display is powered by a 7040 mAh battery, which lasts a long time even with intensive use and can be quickly recharged thanks to the 25-watt fast charging function. The Galaxy Tab A11+ is also state-of-the-art when it comes to connectivity: in addition to fast Wi-Fi (802.11 a/b/g/n/ac) and Bluetooth 5.3, it has a USB-C port for data and charging, as well as a microSD slot that can be used to expand the memory up to 2 TB. For video calls, there is an 8 MP camera on the back and a 5 MP camera on the front – ideal for meetings, chats or selfies. Features: Octa-core processor with 2.5 GHz + 2.0 GHz 128 GB internal memory microSD card slot for expansion up to 2 TB 11-inch TFT display with 1920 x 1200 pixel resolution 90 Hz refresh rate Battery capacity: 7040 mAh Integrated fast charging function (up to 25 watts) Connections: USB‑C 2.0 Connectivity: WLAN 802.11 a/b/g/n/ac and Bluetooth 5.3 8 MP main camera / 5 MP front camera Operating system: Android 16 Sensors: Acceleration, position, light sensor, Hall sensor Dimensions (W x H x D): 257.1 x 168.7 x 6.9 mm Weight: 477 g Note: Charger not included in the scope of delivery (optionally available) Compatible charger: USB 10 - 25 Watt with Power Delivery Memory: The available memory capacity depends on the pre-installed software. Freely available memory is lower. Battery capacity: The mAh specification refers to the typical battery capacity value determined under laboratory conditions. The (minimum) capacity determined in accordance with the relevant IEC 61960 standard is a lower value. The actual battery life may vary depending on the network environment, user behavior and other factors. Display diagonal: Measured in a full rectangle and without taking into account the rounded corners. The actual usable screen area is further reduced by the camera area.",https://cdn.shopify.com/s/files/1/0955/2409/4277/files/Samsung_Galaxy_Tab_A11__Silver_HDEW1.jpg?v=1774398522,https://cdn.shopify.com/s/files/1/0955/2409/4277/files/Samsung_Galaxy_Tab_A11__Silver_HDEW1.jpg?v=1774398522 | https://cdn.shopify.com/s/files/1/0955/2409/4277/files/Samsung_Galaxy_Tab_A11__Silver_HDEW2.jpg?v=1774398521 | https://cdn.shopify.com/s/files/1/0955/2409/4277/files/Samsung_Galaxy_Tab_A11__Silver_HDEW3.jpg?v=1774398522,2026-03-25T00:29:10+00:00
HDEW Cameras,https://hdewcameras.co.uk,15767375413573,https://hdewcameras.co.uk/products/samsung-galaxy-tab-a11-lte-64gb,Samsung Galaxy Tab A11 LTE 64GB Grey,,237045,Tablet,"computing, portable-devices, tablets",Samsung,159.00,209.00,Unknown,,"The Samsung Galaxy Tab A11 LTE offers you an impressive combination of performance and versatility. With its powerful octa-core processor and a processor speed of up to 2.2 GHz, you can effortlessly multitask. The tablet is ideal for everyday use, whether it's surfing the internet, watching videos or working on the go. Brilliant display The Galaxy Tab A11's 22.05 cm (8.7 inch) TFT display offers a resolution of 1340 x 800 pixels, ensuring clear and vivid images. With 16 million colours, you can enjoy your favourite content in impressive quality. Whether you're viewing photos or streaming videos, the display always delivers excellent performance. Powerful camera The 8.0 MP main camera with autofocus allows you to take high-quality photos and videos. The 5.0 MP front camera is perfect for selfies and video calls. Even though the tablet doesn't have a flash, you can still take great shots in good lighting conditions. Plenty of storage space With 4 GB of RAM and 64 GB of internal storage, you have enough space for all your apps, photos and videos. The available storage of 44.3 GB can be expanded up to 2 TB with a microSD card, so you'll never have storage problems again. Extensive connectivity The Galaxy Tab A11 supports single SIM and offers numerous network specifications, including GSM, UMTS and 4G LTE. With Wi-Fi 802.11a/b/g/n/ac, Bluetooth 5.3 and GPS, you're always well connected. The 3.5 mm jack allows you to use your favourite headphones. Features: Octa-core processor for fast and efficient performance 22.05 cm (8.7 inch) TFT display for clear and vivid images 8 MP main camera with autofocus for high-quality photos 5 MP front camera for selfies and video calls 4 GB RAM and 64 GB internal memory for plenty of storage space Expandable memory with microSD card up to 2 TB Supports single SIM and various network specifications Wi-Fi 802.11a/b/g/n/ac and Bluetooth 5.3 for comprehensive connectivity GPS, GLONASS, Beidou, Galileo and QZSS for precise location tracking 3.5 mm jack for headphones Android operating system for a user-friendly interface Sensors: accelerometer, compass, light sensor, proximity sensor Dimensions (W x H x D): 124.7 x 211 x 8 mm Weight: 337 g Note: Charger not included in the scope of delivery Compatible charger: USB 10 - 25 Watt with Power Delivery Memory: The available memory capacity depends on the pre-installed software. Freely available memory is lower. Battery capacity: The mAh specification refers to the typical battery capacity value determined under laboratory conditions. The (minimum) capacity determined in accordance with the relevant IEC 61960 standard is a lower value. The actual battery life may vary depending on the network environment, user behavior and other factors. Display diagonal: Measured in a full rectangle and without taking into account the rounded corners. The actual usable screen area is further reduced by the camera area.",https://cdn.shopify.com/s/files/1/0955/2409/4277/files/Samsung_Galaxy_Tab_A11_LTE_Grey-HDEW1.jpg?v=1774397749,https://cdn.shopify.com/s/files/1/0955/2409/4277/files/Samsung_Galaxy_Tab_A11_LTE_Grey-HDEW1.jpg?v=1774397749 | https://cdn.shopify.com/s/files/1/0955/2409/4277/files/Samsung_Galaxy_Tab_A11_LTE_Grey-HDEW2.jpg?v=1774397749 | https://cdn.shopify.com/s/files/1/0955/2409/4277/files/Samsung_Galaxy_Tab_A11_LTE_Grey-HDEW3.jpg?v=1774397749,2026-03-25T00:16:13+00:00
HDEW Cameras,https://hdewcameras.co.uk,15767374364997,https://hdewcameras.co.uk/products/samsung-galaxy-tab-a11-64gb-wifi-grey,Samsung Galaxy Tab A11 64GB Wifi Grey,,215233,Tablet,"computing, portable-devices, tablets",Samsung,119.00,139.00,Unknown,,"The Samsung Galaxy Tab A11 WiFi offers you an impressive combination of performance and mobility. With its slim design and low weight of only 335 g, it is the ideal companion for on the go. Powerful processor The tablet is equipped with an octa-core processor clocked at 2.2 GHz and 2 GHz. This ensures smooth and fast performance, whether you're using apps, surfing the internet or watching videos. High-quality display The 22.05 cm (8.7 inch) TFT display offers a resolution of 1340 x 800 pixels and displays 16 million colours, so you can enjoy your content in brilliant quality. Versatile camera With the 8 MP main camera and 5 MP front camera, you can take great photos and videos. The main camera's autofocus ensures sharp images. Large memory and expandable capacity The Galaxy Tab A11 has 4 GB of RAM and 64 GB of internal memory, which can be expanded up to 2 TB with a microSD card. This gives you enough space for all your files and apps. Features: MediaTek Helio G99 octa-core processor with 2.2 GHz and 2 GHz for fast performance Display: 22.05 cm (8.7 inch) TFT display with 1340 x 800 pixels for clear images Main camera: 8 MP with autofocus for sharp photos Front camera: 5 MP for selfies and video calls Memory: 4 GB RAM and 64 GB internal memory, expandable up to 2 TB Wi-Fi 802.11 a/b/g/n/ac (2.4 GHz + 5 GHz) for fast and stable connections Bluetooth 5.3 for wireless connections USB-C 2.0 port for easy data transfer Location tracking: GPS, Glonass, Beidou, Galileo, QZSS for precise navigation Sensors: Accelerometer, geomagnetic sensor, brightness sensor for versatile applications Battery: 5100 mAh for long usage time Dimensions (H x W x D): 211.0 x 124.7 x 8.0 mm Weight: 335 g Note: Charging adapter not included in the scope of delivery Compatible charging adapter: USB 10 - 15 watts Memory: The available memory capacity depends on the pre-installed software. Freely available memory is lower. Battery capacity: The mAh specification refers to the typical battery capacity value determined under laboratory conditions. The (minimum) capacity determined in accordance with the relevant IEC 61960 standard is a lower value. The actual battery life may vary depending on the network environment, user behavior and other factors. Display diagonal: Measured in a full rectangle and without taking into account the rounded corners. The actual usable screen area is further reduced by the camera area.",https://cdn.shopify.com/s/files/1/0955/2409/4277/files/Samsung_Galaxy_Tab_A11_Grey_HDEW1.jpg?v=1774397187,https://cdn.shopify.com/s/files/1/0955/2409/4277/files/Samsung_Galaxy_Tab_A11_Grey_HDEW1.jpg?v=1774397187 | https://cdn.shopify.com/s/files/1/0955/2409/4277/files/Samsung_Galaxy_Tab_A11_Grey_HDEW2.jpg?v=1774397187 | https://cdn.shopify.com/s/files/1/0955/2409/4277/files/Samsung_Galaxy_Tab_A11_Grey_HDEW3.jpg?v=1774397187,2026-03-25T00:09:02+00:00
HDEW Cameras,https://hdewcameras.co.uk,15766026027333,https://hdewcameras.co.uk/products/apple-ipad-air-m4-11-wifi-256gb-space-grey-1,Apple iPad Air (M4) 13 Inch Wifi 256GB Space Grey,,27351-01496-00,iPad,"apple, Apple iPad Air M4, apple-ipads",Apple,779.00,899.00,Unknown,,"The 13-inch iPad Air. Built for Apple Intelligence.¹ iPad Air, now supercharged by the Apple M4 chip. Powerfully capable and affordable. It features a stunning Liquid Retina display, a 12MP Centre Stage front camera for great video calls, iPadOS, and blazing-fast Wi-Fi 7.² It works with Apple Pencil Pro, Magic Keyboard for iPad Air and more, so you can multitask, study, work, play and create with ease. WHY IPAD AIR — iPad Air with the Apple M4 chip packs even more performance into a beautiful design, and it comes in two portable sizes. It features Apple Intelligence¹ along with a stunning Liquid Retina display, Touch ID, advanced cameras and Wi-Fi 7.² PERFORMANCE AND STORAGE — The M4 chip delivers advanced graphics and incredible performance for smooth multitasking and complex AI tasks. And with all-day battery life, you can keep working and playing wherever you go.³ Choose up to 1TB of storage for apps, music, movies and more.⁴ IPADOS + APPS — Run apps and get more done with the game-changing capabilities and intuitive design of iPadOS. The flexible windowing system lets you control, organise and manage your workflows like never before. APPLE INTELLIGENCE — Apple Intelligence is the personal intelligence system that helps you create, communicate and get things done effortlessly with groundbreaking privacy protections at every step.¹ 13-INCH LIQUID RETINA DISPLAY — The gorgeous Liquid Retina display features advanced technologies like P3 wide colour, True Tone and ultra-low reflectivity, which make everything look stunning.⁵ CONNECTIVITY — Wi‑Fi 7 with Apple N1² enables fast wireless connections for transfers of photos, documents and large video files. APPLE PENCIL AND MAGIC KEYBOARD FOR IPAD AIR — Apple Pencil Pro and Apple Pencil (USB-C) enable intuitive and precise control for drawing, note-taking and creativity. Magic Keyboard provides an amazing typing experience and a trackpad with haptic feedback. ADVANCED CAMERAS — iPad Air features a 12MP Centre Stage front camera that’s perfect for video calls and selfies, and a 12MP Wide back camera for document scanning and capturing photos and 4K videos. UNLOCK AND PAY WITH TOUCH ID — Touch ID lets you use your fingerprint to unlock your iPad Air, sign in to apps and make payments securely with Apple Pay. Apple Pencil Pro | Engineered for limitless creativity. Apple Pencil sets the standard for how drawing, painting, handwriting, and note-taking should feel - intuitive, precise, and magical. All with pixel-perfect precision, low latency, tilt sensitivity, and support for palm rejection. And Apple Pencil Pro adds even more capabilities to bring your ideas to life like never before. ¹Apple Intelligence is available in beta. Some features may not be available in all regions or languages. ²Wi‑Fi 7 available in countries and regions where supported. ³Battery life varies by use and configuration. ⁴Available space is less and varies due to many factors. Storage capacity subject to change based on software version, settings and iPad model. 1GB = 1 billion bytes; 1TB = 1 trillion bytes. Actual formatted capacity less. ⁵The display has rounded corners. When measured diagonally as a rectangle, the 13-inch iPad Air is 12.9 inches. Actual viewable area is less.",https://cdn.shopify.com/s/files/1/0955/2409/4277/files/Apple_iPad-Air11_Space-Grey_HDEW1_7caf480c-b6d1-482d-b3b6-a7f10b5bf940.jpg?v=1773193399,https://cdn.shopify.com/s/files/1/0955/2409/4277/files/Apple_iPad-Air11_Space-Grey_HDEW1_7caf480c-b6d1-482d-b3b6-a7f10b5bf940.jpg?v=1773193399 | https://cdn.shopify.com/s/files/1/0955/2409/4277/files/Apple_iPad-Air11_2025_Space-Grey_HDEW3_6c55cae4-1fc0-4607-89d9-ffbc3ed2970b.jpg?v=1773193399 | https://cdn.shopify.com/s/files/1/0955/2409/4277/files/1741093451_IMG_2445852.jpg?v=1774926638 | https://cdn.shopify.com/s/files/1/0955/2409/4277/files/1741093451_IMG_2445853.jpg?v=1774926638,2026-03-24T02:02:28+00:00
HDEW Cameras,https://hdewcameras.co.uk,15766023962949,https://hdewcameras.co.uk/products/apple-ipad-air-13-m4-wifi-256gb-blue,Apple iPad Air (M4) 13 inch Wifi 256GB Blue,,27351-01500-00,iPad,"apple, apple-ipads, ipad-air-13-2025-new, £500+",Apple,779.00,899.00,Unknown,,"The 13-inch iPad Air. Built for Apple Intelligence.¹ iPad Air, now supercharged by the Apple M4 chip. Powerfully capable and affordable. It features a stunning Liquid Retina display, a 12MP Centre Stage front camera for great video calls, iPadOS, and blazing-fast Wi-Fi 7.² And it works with Apple Pencil Pro, Magic Keyboard for iPad Air and more, so you can multitask, study, work, play and create with ease. WHY IPAD AIR — iPad Air with the Apple M4 chip packs even more performance into a beautiful design, and it comes in two portable sizes. It features Apple Intelligence¹ along with a stunning Liquid Retina display, Touch ID, advanced cameras and Wi-Fi 7.² PERFORMANCE AND STORAGE — The M4 chip delivers advanced graphics and incredible performance for smooth multitasking and complex AI tasks. And with all-day battery life, you can keep working and playing wherever you go.³ Choose up to 1TB of storage for apps, music, movies and more.⁴ IPADOS + APPS — Run apps and get more done with the game-changing capabilities and intuitive design of iPadOS. The flexible windowing system lets you control, organise and manage your workflows like never before. APPLE INTELLIGENCE — Apple Intelligence is the personal intelligence system that helps you create, communicate and get things done effortlessly with groundbreaking privacy protections at every step.¹ 13-INCH LIQUID RETINA DISPLAY — The gorgeous Liquid Retina display features advanced technologies like P3 wide colour, True Tone and ultra-low reflectivity, which make everything look stunning.⁵ CONNECTIVITY — Wi‑Fi 7 with Apple N1² enables fast wireless connections for transfers of photos, documents and large video files. APPLE PENCIL AND MAGIC KEYBOARD FOR IPAD AIR — Apple Pencil Pro and Apple Pencil (USB-C) enable intuitive and precise control for drawing, note-taking and creativity. Magic Keyboard provides an amazing typing experience and a trackpad with haptic feedback. ADVANCED CAMERAS — iPad Air features a 12MP Center Stage front camera that’s perfect for video calls and selfies, and a 12MP Wide back camera for document scanning and capturing photos and 4K videos. UNLOCK AND PAY WITH TOUCH ID — Touch ID lets you use your fingerprint to unlock your iPad Air, sign in to apps and make payments securely with Apple Pay. ¹Apple Intelligence is available in beta. Some features may not be available in all regions or languages. ²Wi‑Fi 7 available in countries and regions where supported. ³Battery life varies by use and configuration. ⁴Available space is less and varies due to many factors. Storage capacity subject to change based on software version, settings and iPad model. 1GB = 1 billion bytes; 1TB = 1 trillion bytes. Actual formatted capacity less. ⁵The display has rounded corners. When measured diagonally as a rectangle, the 13-inch iPad Air is 12.9 inches. Actual viewable area is less.",https://cdn.shopify.com/s/files/1/0955/2409/4277/files/apple-2025-ipad-air-13-wifi-256gb-blue-26710-1-p.jpg?v=1756283928,https://cdn.shopify.com/s/files/1/0955/2409/4277/files/apple-2025-ipad-air-13-wifi-256gb-blue-26710-1-p.jpg?v=1756283928 | https://cdn.shopify.com/s/files/1/0955/2409/4277/files/apple-2025-ipad-air-13-wifi-256gb-blue-_282_29-26710-p.jpg?v=1756283928 | https://cdn.shopify.com/s/files/1/0955/2409/4277/files/apple-2025-ipad-air-13-wifi-256gb-blue-_283_29-26710-1-p.jpg?v=1756283928 | https://cdn.shopify.com/s/files/1/0955/2409/4277/files/apple-2025-ipad-air-13-wifi-256gb-blue-_284_29-26710-p.jpg?v=1756283928,2026-03-24T01:54:13+00:00
HDEW Cameras,https://hdewcameras.co.uk,15766013116741,https://hdewcameras.co.uk/products/apple-ipad-air-m4-13-inch-wifi-128gb-purple,Apple iPad Air (M4) 13 inch Wifi 128GB Purple,,27351-01494-00,iPad,"apple, Apple iPad Air M4, apple-ipads, Gift Idea, October Sale 4",Apple,689.00,799.00,Unknown,,"The 13-inch iPad Air. Built for Apple Intelligence.¹ iPad Air, now supercharged by the Apple M4 chip. Powerfully capable and affordable. It features a stunning Liquid Retina display, a 12MP Centre Stage front camera for great video calls, iPadOS, and blazing-fast Wi-Fi 7.² And it works with Apple Pencil Pro, Magic Keyboard for iPad Air and more, so you can multitask, study, work, play and create with ease. WHY IPAD AIR — iPad Air with the Apple M4 chip packs even more performance into a beautiful design, and it comes in two portable sizes. It features Apple Intelligence¹ along with a stunning Liquid Retina display, Touch ID, advanced cameras and Wi-Fi 7.² PERFORMANCE AND STORAGE — The M4 chip delivers advanced graphics and incredible performance for smooth multitasking and complex AI tasks. And with all-day battery life, you can keep working and playing wherever you go.³ Choose up to 1TB of storage for apps, music, movies and more.⁴ IPADOS + APPS — Run apps and get more done with the game-changing capabilities and intuitive design of iPadOS. The flexible windowing system lets you control, organise and manage your workflows like never before. APPLE INTELLIGENCE — Apple Intelligence is the personal intelligence system that helps you create, communicate and get things done effortlessly with groundbreaking privacy protections at every step.¹ 13-INCH LIQUID RETINA DISPLAY — The gorgeous Liquid Retina display features advanced technologies like P3 wide colour, True Tone and ultra-low reflectivity, which make everything look stunning.⁵ CONNECTIVITY — Wi‑Fi 7 with Apple N1² enables fast wireless connections for transfers of photos, documents and large video files. APPLE PENCIL AND MAGIC KEYBOARD FOR IPAD AIR — Apple Pencil Pro and Apple Pencil (USB-C) enable intuitive and precise control for drawing, note-taking and creativity. Magic Keyboard provides an amazing typing experience and a trackpad with haptic feedback. ADVANCED CAMERAS — iPad Air features a 12MP Center Stage front camera that’s perfect for video calls and selfies, and a 12MP Wide back camera for document scanning and capturing photos and 4K videos. UNLOCK AND PAY WITH TOUCH ID — Touch ID lets you use your fingerprint to unlock your iPad Air, sign in to apps and make payments securely with Apple Pay. Apple Pencil Pro | Engineered for limitless creativity. Apple Pencil sets the standard for how drawing, painting, handwriting, and note-taking should feel - intuitive, precise, and magical. All with pixel-perfect precision, low latency, tilt sensitivity, and support for palm rejection. And Apple Pencil Pro adds even more capabilities to bring your ideas to life like never before. ¹Apple Intelligence is available in beta. Some features may not be available in all regions or languages. ²Wi‑Fi 7 available in countries and regions where supported. ³Battery life varies by use and configuration. ⁴Available space is less and varies due to many factors. Storage capacity subject to change based on software version, settings and iPad model. 1GB = 1 billion bytes; 1TB = 1 trillion bytes. Actual formatted capacity less. ⁵The display has rounded corners. When measured diagonally as a rectangle, the 13-inch iPad Air is 12.9 inches. Actual viewable area is less.",https://cdn.shopify.com/s/files/1/0955/2409/4277/files/apple-2025-ipad-air-13-wifi-256gb-purple-open-box-27474-p.jpg?v=1756968393,https://cdn.shopify.com/s/files/1/0955/2409/4277/files/apple-2025-ipad-air-13-wifi-256gb-purple-open-box-27474-p.jpg?v=1756968393 | https://cdn.shopify.com/s/files/1/0955/2409/4277/files/apple-2025-ipad-air-13-wifi-128gb-purple-_282_29-26724-1-p.jpg?v=1756283925 | https://cdn.shopify.com/s/files/1/0955/2409/4277/files/apple-2025-ipad-air-13-wifi-128gb-purple-_283_29-26724-1-p.jpg?v=1756283925 | https://cdn.shopify.com/s/files/1/0955/2409/4277/files/apple-2025-ipad-air-13-wifi-128gb-purple-_284_29-26724-1-p.jpg?v=1756283925,2026-03-24T01:27:21+00:00
HDEW Cameras,https://hdewcameras.co.uk,15747500769605,https://hdewcameras.co.uk/products/apple-ipad-air-13-m4-wifi-128gb-blue,Apple iPad Air (M4) 13 inch Wifi 128GB Blue,,27351-01492-00,iPad,"apple, Apple iPad Air M4, apple-ipads, Gift Idea, October Sale 4",Apple,689.00,799.00,Unknown,,"The 13-inch iPad Air. Built for Apple Intelligence.¹ iPad Air, now supercharged by the Apple M4 chip. Powerfully capable and affordable. It features a stunning Liquid Retina display, a 12MP Centre Stage front camera for great video calls, iPadOS, and blazing-fast Wi-Fi 7.² And it works with Apple Pencil Pro, Magic Keyboard for iPad Air and more, so you can multitask, study, work, play and create with ease. WHY IPAD AIR — iPad Air with the Apple M4 chip packs even more performance into a beautiful design, and it comes in two portable sizes. It features Apple Intelligence¹ along with a stunning Liquid Retina display, Touch ID, advanced cameras and Wi-Fi 7.² PERFORMANCE AND STORAGE — The M4 chip delivers advanced graphics and incredible performance for smooth multitasking and complex AI tasks. And with all-day battery life, you can keep working and playing wherever you go.³ Choose up to 1TB of storage for apps, music, movies and more.⁴ IPADOS + APPS — Run apps and get more done with the game-changing capabilities and intuitive design of iPadOS. The flexible windowing system lets you control, organise and manage your workflows like never before. APPLE INTELLIGENCE — Apple Intelligence is the personal intelligence system that helps you create, communicate and get things done effortlessly with groundbreaking privacy protections at every step.¹ 13-INCH LIQUID RETINA DISPLAY — The gorgeous Liquid Retina display features advanced technologies like P3 wide colour, True Tone and ultra-low reflectivity, which make everything look stunning.⁵ CONNECTIVITY — Wi‑Fi 7 with Apple N1² enables fast wireless connections for transfers of photos, documents and large video files. APPLE PENCIL AND MAGIC KEYBOARD FOR IPAD AIR — Apple Pencil Pro and Apple Pencil (USB-C) enable intuitive and precise control for drawing, note-taking and creativity. Magic Keyboard provides an amazing typing experience and a trackpad with haptic feedback. ADVANCED CAMERAS — iPad Air features a 12MP Center Stage front camera that’s perfect for video calls and selfies, and a 12MP Wide back camera for document scanning and capturing photos and 4K videos. UNLOCK AND PAY WITH TOUCH ID — Touch ID lets you use your fingerprint to unlock your iPad Air, sign in to apps and make payments securely with Apple Pay. Apple Pencil Pro | Engineered for limitless creativity. Apple Pencil sets the standard for how drawing, painting, handwriting, and note-taking should feel - intuitive, precise, and magical. All with pixel-perfect precision, low latency, tilt sensitivity, and support for palm rejection. And Apple Pencil Pro adds even more capabilities to bring your ideas to life like never before. ¹Apple Intelligence is available in beta. Some features may not be available in all regions or languages. ²Wi‑Fi 7 available in countries and regions where supported. ³Battery life varies by use and configuration. ⁴Available space is less and varies due to many factors. Storage capacity subject to change based on software version, settings and iPad model. 1GB = 1 billion bytes; 1TB = 1 trillion bytes. Actual formatted capacity less. ⁵The display has rounded corners. When measured diagonally as a rectangle, the 13-inch iPad Air is 12.9 inches. Actual viewable area is less.",https://cdn.shopify.com/s/files/1/0955/2409/4277/files/apple-2025-ipad-air-13-wifi-128gb-blue-26722-1-p.jpg?v=1756283926,https://cdn.shopify.com/s/files/1/0955/2409/4277/files/apple-2025-ipad-air-13-wifi-128gb-blue-26722-1-p.jpg?v=1756283926 | https://cdn.shopify.com/s/files/1/0955/2409/4277/files/apple-2025-ipad-air-13-wifi-128gb-blue-_282_29-26722-1-p.jpg?v=1756283926 | https://cdn.shopify.com/s/files/1/0955/2409/4277/files/apple-2025-ipad-air-13-wifi-128gb-blue-_283_29-26722-1-p.jpg?v=1756283926 | https://cdn.shopify.com/s/files/1/0955/2409/4277/files/apple-2025-ipad-air-13-wifi-128gb-blue-_284_29-26722-1-p.jpg?v=1756283926,2026-03-24T00:39:10+00:00
HDEW Cameras,https://hdewcameras.co.uk,15764656816453,https://hdewcameras.co.uk/products/apple-macbook-pro-16-m5-max-18-40-core-36-2tb-space-black,"Apple MacBook Pro 16"" M5 Max 18/40 Core 36/2TB Space Black",,35352-00679-00,Macbook,"apple-macbooks, computing, macbook-pro",Apple,4299.00,4399.00,Unknown,,"The 16-inch MacBook Pro with the M5 Pro or M5 Max chip brings next-generation speed and powerful on-device AI to personal, professional and creative tasks. With all-day battery life and a breathtaking Liquid Retina XDR display, it’s pro in every way.¹ BUCKLE UP — Along with a next-generation CPU, faster unified memory and up to 2x faster SSD storage², M5 Pro and M5 Max feature a more powerful GPU with a Neural Accelerator built into each core, delivering faster AI performance and on-device training capabilities. So you can power through demanding workloads at mind-bending speeds. BUILT FOR AI — Apple silicon, and every major component that powers it, is designed to run demanding on-device AI workloads like LLM inference and training. And Apple Intelligence helps you write, express yourself and get things done effortlessly with groundbreaking privacy protections at every step.³ Up to 24 hours of battery life. ALL-DAY BATTERY LIFE — MacBook Pro delivers the same exceptional performance whether it’s running on battery or plugged in.¹ MACOS RUNS APPS FAST — All your go-to apps run lightning-fast in macOS, including built-in apps like FaceTime and Messages.⁴ Plus, built-in virus protection and free software updates help keep your Mac running smoothly and securely. IF YOU LOVE IPHONE, YOU’LL LOVE MAC — Mac works like magic with your other Apple devices. View and control what’s on your iPhone from your Mac with iPhone Mirroring.⁵ Copy something on iPhone and paste it on Mac. Send texts with Messages or use your Mac to answer FaceTime calls.⁴ BRILLIANT PRO DISPLAY — The 16.2-inch Liquid Retina XDR display⁶ features 1,600 nits peak brightness⁷, up to 1,000 nits sustained brightness and 1,000,000:1 contrast. ADVANCED CAMERA AND AUDIO — Stay perfectly framed and sound great with a 12MP Center Stage camera, three studio-quality mics, and six speakers with Spatial Audio and support for Dolby Atmos. ¹Testing conducted by Apple in January and February 2026 using preproduction 14‑inch MacBook Pro systems with Apple M5 Max, 18‑core CPU, 32‑core GPU, 36GB of unified memory and 2TB SSD, and 14‑inch MacBook Pro systems with Apple M5 Pro, 18‑core CPU, 20‑core GPU, 24GB of unified memory and 2TB SSD. Wireless web battery life tested by browsing 25 popular websites while connected to Wi‑Fi. Video streaming battery life tested with 1080p content in Safari while connected to Wi‑Fi. Display brightness was set to eight clicks from the bottom and keyboard backlight was off. Battery life varies by use and configuration. ²Testing was conducted by Apple in January and February 2026. ³Apple Intelligence is available in beta. Some features may not be available in all regions or languages. ⁴FaceTime calling requires a FaceTime‑enabled device for both caller and recipient, as well as a Wi‑Fi connection. ⁵Available on Mac computers with Apple silicon and Intel‑based Mac computers with a T2 Security Chip. Requires that your iPhone and Mac are signed in with the same Apple Account using two‑factor authentication, are near each other, and have Bluetooth and Wi‑Fi enabled, and that your Mac is not using AirPlay or Sidecar. Some iPhone features such as the camera and microphone may not be compatible with iPhone Mirroring. ⁶Screen size is measured diagonally. The display on the 16‑inch MacBook Pro has rounded corners at the top. When measured as a standard rectangular shape, the screen is 16.2 inches diagonally, though the actual viewable area is smaller. ⁷In temperatures below 25° C. ⁸Wi‑Fi 7 availability depends on supported countries and regions.",https://cdn.shopify.com/s/files/1/0955/2409/4277/files/MacBook_Pro_M5_Black_HDEW1.jpg?v=1767696195,https://cdn.shopify.com/s/files/1/0955/2409/4277/files/MacBook_Pro_M5_Black_HDEW1.jpg?v=1767696195 | https://cdn.shopify.com/s/files/1/0955/2409/4277/files/MacBook_Pro_M5_Black_HDEW9.jpg?v=1767696195 | https://cdn.shopify.com/s/files/1/0955/2409/4277/files/MacBook_Pro_M5_Black_HDEW10.jpg?v=1767696195 | https://cdn.shopify.com/s/files/1/0955/2409/4277/files/MacBook_Pro_M5_Black_HDEW8.jpg?v=1767696195 | https://cdn.shopify.com/s/files/1/0955/2409/4277/files/MacBook_Pro_M5_Black_HDEW7.jpg?v=1767696195 | https://cdn.shopify.com/s/files/1/0955/2409/4277/files/MacBook_Pro_M5_Black_HDEW6.jpg?v=1767696195 | https://cdn.shopify.com/s/files/1/0955/2409/4277/files/MacBook_Pro_M5_Black_HDEW5.jpg?v=1767696195 | https://cdn.shopify.com/s/files/1/0955/2409/4277/files/MacBook_Pro_M5_Black_HDEW4.jpg?v=1767696195 | https://cdn.shopify.com/s/files/1/0955/2409/4277/files/MacBook_Pro_M5_Black_HDEW3.jpg?v=1767696195 | https://cdn.shopify.com/s/files/1/0955/2409/4277/files/MacBook_Pro_M5_Black_HDEW2.jpg?v=1767696195,2026-03-23T10:19:13+00:00
HDEW Cameras,https://hdewcameras.co.uk,15764645118277,https://hdewcameras.co.uk/products/apple-macbook-pro-16-m5-max-18-40-core-36-2tb-silver,"Apple MacBook Pro 16"" M5 Max 18/40 Core 36/2TB Silver",,35352-00680-00,Macbook,"apple-macbooks, computing, macbook-pro",Apple,4299.00,4399.00,Unknown,,"The 16-inch MacBook Pro with the M5 Pro or M5 Max chip brings next-generation speed and powerful on-device AI to personal, professional and creative tasks. With all-day battery life and a breathtaking Liquid Retina XDR display, it’s pro in every way.¹ BUCKLE UP — Along with a next-generation CPU, faster unified memory and up to 2x faster SSD storage², M5 Pro and M5 Max feature a more powerful GPU with a Neural Accelerator built into each core, delivering faster AI performance and on-device training capabilities. So you can power through demanding workloads at mind-bending speeds. BUILT FOR AI — Apple silicon, and every major component that powers it, is designed to run demanding on-device AI workloads like LLM inference and training. And Apple Intelligence helps you write, express yourself and get things done effortlessly with groundbreaking privacy protections at every step.³ Up to 24 hours of battery life. ALL-DAY BATTERY LIFE — MacBook Pro delivers the same exceptional performance whether it’s running on battery or plugged in.¹ MACOS RUNS APPS FAST — All your go-to apps run lightning-fast in macOS, including built-in apps like FaceTime and Messages.⁴ Plus, built-in virus protection and free software updates help keep your Mac running smoothly and securely. IF YOU LOVE IPHONE, YOU’LL LOVE MAC — Mac works like magic with your other Apple devices. View and control what’s on your iPhone from your Mac with iPhone Mirroring.⁵ Copy something on iPhone and paste it on Mac. Send texts with Messages or use your Mac to answer FaceTime calls.⁴ BRILLIANT PRO DISPLAY — The 16.2-inch Liquid Retina XDR display⁶ features 1,600 nits peak brightness⁷, up to 1,000 nits sustained brightness and 1,000,000:1 contrast. ADVANCED CAMERA AND AUDIO — Stay perfectly framed and sound great with a 12MP Center Stage camera, three studio-quality mics, and six speakers with Spatial Audio and support for Dolby Atmos. ¹Testing conducted by Apple in January and February 2026 using preproduction 14‑inch MacBook Pro systems with Apple M5 Max, 18‑core CPU, 32‑core GPU, 36GB of unified memory and 2TB SSD, and 14‑inch MacBook Pro systems with Apple M5 Pro, 18‑core CPU, 20‑core GPU, 24GB of unified memory and 2TB SSD. Wireless web battery life tested by browsing 25 popular websites while connected to Wi‑Fi. Video streaming battery life tested with 1080p content in Safari while connected to Wi‑Fi. Display brightness was set to eight clicks from the bottom and keyboard backlight was off. Battery life varies by use and configuration. ²Testing was conducted by Apple in January and February 2026. ³Apple Intelligence is available in beta. Some features may not be available in all regions or languages. ⁴FaceTime calling requires a FaceTime‑enabled device for both caller and recipient, as well as a Wi‑Fi connection. ⁵Available on Mac computers with Apple silicon and Intel‑based Mac computers with a T2 Security Chip. Requires that your iPhone and Mac are signed in with the same Apple Account using two‑factor authentication, are near each other, and have Bluetooth and Wi‑Fi enabled, and that your Mac is not using AirPlay or Sidecar. Some iPhone features such as the camera and microphone may not be compatible with iPhone Mirroring. ⁶Screen size is measured diagonally. The display on the 16‑inch MacBook Pro has rounded corners at the top. When measured as a standard rectangular shape, the screen is 16.2 inches diagonally, though the actual viewable area is smaller. ⁷In temperatures below 25° C. ⁸Wi‑Fi 7 availability depends on supported countries and regions.",https://cdn.shopify.com/s/files/1/0955/2409/4277/files/MacBook_Pro_M5_Silver_HDEW1.jpg?v=1767695880,https://cdn.shopify.com/s/files/1/0955/2409/4277/files/MacBook_Pro_M5_Silver_HDEW1.jpg?v=1767695880 | https://cdn.shopify.com/s/files/1/0955/2409/4277/files/MacBook_Pro_M5_Silver_HDEW6.jpg?v=1767695880 | https://cdn.shopify.com/s/files/1/0955/2409/4277/files/MacBook_Pro_M5_Silver_HDEW5.jpg?v=1767695880 | https://cdn.shopify.com/s/files/1/0955/2409/4277/files/MacBook_Pro_M5_Silver_HDEW4.jpg?v=1767695880 | https://cdn.shopify.com/s/files/1/0955/2409/4277/files/MacBook_Pro_M5_Silver_HDEW3.jpg?v=1767695880 | https://cdn.shopify.com/s/files/1/0955/2409/4277/files/MacBook_Pro_M5_Silver_HDEW2.jpg?v=1767695880,2026-03-23T10:15:57+00:00
HDEW Cameras,https://hdewcameras.co.uk,15764635517253,https://hdewcameras.co.uk/products/apple-macbook-pro-16-m5-max-18-32-core-36-2tb-space-black,"Apple MacBook Pro 16"" M5 Max 18/32 Core 36/2TB Space Black",,35352-00677-00,Macbook,"apple-macbooks, computing, macbook-pro",Apple,3799.00,3899.00,Unknown,,"The 16-inch MacBook Pro with the M5 Pro or M5 Max chip brings next-generation speed and powerful on-device AI to personal, professional and creative tasks. With all-day battery life and a breathtaking Liquid Retina XDR display, it’s pro in every way.¹ BUCKLE UP — Along with a next-generation CPU, faster unified memory and up to 2x faster SSD storage², M5 Pro and M5 Max feature a more powerful GPU with a Neural Accelerator built into each core, delivering faster AI performance and on-device training capabilities. So you can power through demanding workloads at mind-bending speeds. BUILT FOR AI — Apple silicon, and every major component that powers it, is designed to run demanding on-device AI workloads like LLM inference and training. And Apple Intelligence helps you write, express yourself and get things done effortlessly with groundbreaking privacy protections at every step.³ Up to 24 hours of battery life. ALL-DAY BATTERY LIFE — MacBook Pro delivers the same exceptional performance whether it’s running on battery or plugged in.¹ MACOS RUNS APPS FAST — All your go-to apps run lightning-fast in macOS, including built-in apps like FaceTime and Messages.⁴ Plus, built-in virus protection and free software updates help keep your Mac running smoothly and securely. IF YOU LOVE IPHONE, YOU’LL LOVE MAC — Mac works like magic with your other Apple devices. View and control what’s on your iPhone from your Mac with iPhone Mirroring.⁵ Copy something on iPhone and paste it on Mac. Send texts with Messages or use your Mac to answer FaceTime calls.⁴ BRILLIANT PRO DISPLAY — The 16.2-inch Liquid Retina XDR display⁶ features 1,600 nits peak brightness⁷, up to 1,000 nits sustained brightness and 1,000,000:1 contrast. ADVANCED CAMERA AND AUDIO — Stay perfectly framed and sound great with a 12MP Center Stage camera, three studio-quality mics, and six speakers with Spatial Audio and support for Dolby Atmos. ¹Testing conducted by Apple in January and February 2026 using preproduction 14‑inch MacBook Pro systems with Apple M5 Max, 18‑core CPU, 32‑core GPU, 36GB of unified memory and 2TB SSD, and 14‑inch MacBook Pro systems with Apple M5 Pro, 18‑core CPU, 20‑core GPU, 24GB of unified memory and 2TB SSD. Wireless web battery life tested by browsing 25 popular websites while connected to Wi‑Fi. Video streaming battery life tested with 1080p content in Safari while connected to Wi‑Fi. Display brightness was set to eight clicks from the bottom and keyboard backlight was off. Battery life varies by use and configuration. ²Testing was conducted by Apple in January and February 2026. ³Apple Intelligence is available in beta. Some features may not be available in all regions or languages. ⁴FaceTime calling requires a FaceTime‑enabled device for both caller and recipient, as well as a Wi‑Fi connection. ⁵Available on Mac computers with Apple silicon and Intel‑based Mac computers with a T2 Security Chip. Requires that your iPhone and Mac are signed in with the same Apple Account using two‑factor authentication, are near each other, and have Bluetooth and Wi‑Fi enabled, and that your Mac is not using AirPlay or Sidecar. Some iPhone features such as the camera and microphone may not be compatible with iPhone Mirroring. ⁶Screen size is measured diagonally. The display on the 16‑inch MacBook Pro has rounded corners at the top. When measured as a standard rectangular shape, the screen is 16.2 inches diagonally, though the actual viewable area is smaller. ⁷In temperatures below 25° C. ⁸Wi‑Fi 7 availability depends on supported countries and regions.",https://cdn.shopify.com/s/files/1/0955/2409/4277/files/MacBook_Pro_M5_Black_HDEW1.jpg?v=1767696195,https://cdn.shopify.com/s/files/1/0955/2409/4277/files/MacBook_Pro_M5_Black_HDEW1.jpg?v=1767696195 | https://cdn.shopify.com/s/files/1/0955/2409/4277/files/MacBook_Pro_M5_Black_HDEW9.jpg?v=1767696195 | https://cdn.shopify.com/s/files/1/0955/2409/4277/files/MacBook_Pro_M5_Black_HDEW10.jpg?v=1767696195 | https://cdn.shopify.com/s/files/1/0955/2409/4277/files/MacBook_Pro_M5_Black_HDEW8.jpg?v=1767696195 | https://cdn.shopify.com/s/files/1/0955/2409/4277/files/MacBook_Pro_M5_Black_HDEW7.jpg?v=1767696195 | https://cdn.shopify.com/s/files/1/0955/2409/4277/files/MacBook_Pro_M5_Black_HDEW6.jpg?v=1767696195 | https://cdn.shopify.com/s/files/1/0955/2409/4277/files/MacBook_Pro_M5_Black_HDEW5.jpg?v=1767696195 | https://cdn.shopify.com/s/files/1/0955/2409/4277/files/MacBook_Pro_M5_Black_HDEW4.jpg?v=1767696195 | https://cdn.shopify.com/s/files/1/0955/2409/4277/files/MacBook_Pro_M5_Black_HDEW3.jpg?v=1767696195 | https://cdn.shopify.com/s/files/1/0955/2409/4277/files/MacBook_Pro_M5_Black_HDEW2.jpg?v=1767696195,2026-03-23T10:00:46+00:00
HDEW Cameras,https://hdewcameras.co.uk,15764617593157,https://hdewcameras.co.uk/products/apple-macbook-pro-16-m5-max-18-32-core-36-2tb-silver,"Apple MacBook Pro 16"" M5 Max 18/32 Core 36/2TB Silver",,35352-00678-00,Macbook,"apple-macbooks, computing, macbook-pro",Apple,3799.00,3899.00,Unknown,,"The 16-inch MacBook Pro with the M5 Pro or M5 Max chip brings next-generation speed and powerful on-device AI to personal, professional and creative tasks. With all-day battery life and a breathtaking Liquid Retina XDR display, it’s pro in every way.¹ BUCKLE UP — Along with a next-generation CPU, faster unified memory and up to 2x faster SSD storage², M5 Pro and M5 Max feature a more powerful GPU with a Neural Accelerator built into each core, delivering faster AI performance and on-device training capabilities. So you can power through demanding workloads at mind-bending speeds. BUILT FOR AI — Apple silicon, and every major component that powers it, is designed to run demanding on-device AI workloads like LLM inference and training. And Apple Intelligence helps you write, express yourself and get things done effortlessly with groundbreaking privacy protections at every step.³ Up to 24 hours of battery life. ALL-DAY BATTERY LIFE — MacBook Pro delivers the same exceptional performance whether it’s running on battery or plugged in.¹ MACOS RUNS APPS FAST — All your go-to apps run lightning-fast in macOS, including built-in apps like FaceTime and Messages.⁴ Plus, built-in virus protection and free software updates help keep your Mac running smoothly and securely. IF YOU LOVE IPHONE, YOU’LL LOVE MAC — Mac works like magic with your other Apple devices. View and control what’s on your iPhone from your Mac with iPhone Mirroring.⁵ Copy something on iPhone and paste it on Mac. Send texts with Messages or use your Mac to answer FaceTime calls.⁴ BRILLIANT PRO DISPLAY — The 16.2-inch Liquid Retina XDR display⁶ features 1,600 nits peak brightness⁷, up to 1,000 nits sustained brightness and 1,000,000:1 contrast. ADVANCED CAMERA AND AUDIO — Stay perfectly framed and sound great with a 12MP Center Stage camera, three studio-quality mics, and six speakers with Spatial Audio and support for Dolby Atmos. ¹Testing conducted by Apple in January and February 2026 using preproduction 14‑inch MacBook Pro systems with Apple M5 Max, 18‑core CPU, 32‑core GPU, 36GB of unified memory and 2TB SSD, and 14‑inch MacBook Pro systems with Apple M5 Pro, 18‑core CPU, 20‑core GPU, 24GB of unified memory and 2TB SSD. Wireless web battery life tested by browsing 25 popular websites while connected to Wi‑Fi. Video streaming battery life tested with 1080p content in Safari while connected to Wi‑Fi. Display brightness was set to eight clicks from the bottom and keyboard backlight was off. Battery life varies by use and configuration. ²Testing was conducted by Apple in January and February 2026. ³Apple Intelligence is available in beta. Some features may not be available in all regions or languages. ⁴FaceTime calling requires a FaceTime‑enabled device for both caller and recipient, as well as a Wi‑Fi connection. ⁵Available on Mac computers with Apple silicon and Intel‑based Mac computers with a T2 Security Chip. Requires that your iPhone and Mac are signed in with the same Apple Account using two‑factor authentication, are near each other, and have Bluetooth and Wi‑Fi enabled, and that your Mac is not using AirPlay or Sidecar. Some iPhone features such as the camera and microphone may not be compatible with iPhone Mirroring. ⁶Screen size is measured diagonally. The display on the 16‑inch MacBook Pro has rounded corners at the top. When measured as a standard rectangular shape, the screen is 16.2 inches diagonally, though the actual viewable area is smaller. ⁷In temperatures below 25° C. ⁸Wi‑Fi 7 availability depends on supported countries and regions.",https://cdn.shopify.com/s/files/1/0955/2409/4277/files/MacBook_Pro_M5_Silver_HDEW1.jpg?v=1767695880,https://cdn.shopify.com/s/files/1/0955/2409/4277/files/MacBook_Pro_M5_Silver_HDEW1.jpg?v=1767695880 | https://cdn.shopify.com/s/files/1/0955/2409/4277/files/MacBook_Pro_M5_Silver_HDEW6.jpg?v=1767695880 | https://cdn.shopify.com/s/files/1/0955/2409/4277/files/MacBook_Pro_M5_Silver_HDEW5.jpg?v=1767695880 | https://cdn.shopify.com/s/files/1/0955/2409/4277/files/MacBook_Pro_M5_Silver_HDEW4.jpg?v=1767695880 | https://cdn.shopify.com/s/files/1/0955/2409/4277/files/MacBook_Pro_M5_Silver_HDEW3.jpg?v=1767695880 | https://cdn.shopify.com/s/files/1/0955/2409/4277/files/MacBook_Pro_M5_Silver_HDEW2.jpg?v=1767695880,2026-03-23T09:57:05+00:00
HDEW Cameras,https://hdewcameras.co.uk,15764572897605,https://hdewcameras.co.uk/products/apple-macbook-pro-16-m5-pro-18-20-core-48-1tb-space-black,"Apple MacBook Pro 16"" M5 Pro 18/20 Core 48/1TB Space Black",,35352-00675-00,Macbook,"apple-macbooks, computing, macbook-pro",Apple,3049.00,3099.00,Unknown,,"The 16-inch MacBook Pro with the M5 Pro or M5 Max chip brings next-generation speed and powerful on-device AI to personal, professional and creative tasks. With all-day battery life and a breathtaking Liquid Retina XDR display, it’s pro in every way.¹ BUCKLE UP — Along with a next-generation CPU, faster unified memory and up to 2x faster SSD storage², M5 Pro and M5 Max feature a more powerful GPU with a Neural Accelerator built into each core, delivering faster AI performance and on-device training capabilities. So you can power through demanding workloads at mind-bending speeds. BUILT FOR AI — Apple silicon, and every major component that powers it, is designed to run demanding on-device AI workloads like LLM inference and training. And Apple Intelligence helps you write, express yourself and get things done effortlessly with groundbreaking privacy protections at every step.³ Up to 24 hours of battery life. ALL-DAY BATTERY LIFE — MacBook Pro delivers the same exceptional performance whether it’s running on battery or plugged in.¹ MACOS RUNS APPS FAST — All your go-to apps run lightning-fast in macOS, including built-in apps like FaceTime and Messages.⁴ Plus, built-in virus protection and free software updates help keep your Mac running smoothly and securely. IF YOU LOVE IPHONE, YOU’LL LOVE MAC — Mac works like magic with your other Apple devices. View and control what’s on your iPhone from your Mac with iPhone Mirroring.⁵ Copy something on iPhone and paste it on Mac. Send texts with Messages or use your Mac to answer FaceTime calls.⁴ BRILLIANT PRO DISPLAY — The 16.2-inch Liquid Retina XDR display⁶ features 1,600 nits peak brightness⁷, up to 1,000 nits sustained brightness and 1,000,000:1 contrast. ADVANCED CAMERA AND AUDIO — Stay perfectly framed and sound great with a 12MP Center Stage camera, three studio-quality mics, and six speakers with Spatial Audio and support for Dolby Atmos. ¹Testing conducted by Apple in January and February 2026 using preproduction 14‑inch MacBook Pro systems with Apple M5 Max, 18‑core CPU, 32‑core GPU, 36GB of unified memory and 2TB SSD, and 14‑inch MacBook Pro systems with Apple M5 Pro, 18‑core CPU, 20‑core GPU, 24GB of unified memory and 2TB SSD. Wireless web battery life tested by browsing 25 popular websites while connected to Wi‑Fi. Video streaming battery life tested with 1080p content in Safari while connected to Wi‑Fi. Display brightness was set to eight clicks from the bottom and keyboard backlight was off. Battery life varies by use and configuration. ²Testing was conducted by Apple in January and February 2026. ³Apple Intelligence is available in beta. Some features may not be available in all regions or languages. ⁴FaceTime calling requires a FaceTime‑enabled device for both caller and recipient, as well as a Wi‑Fi connection. ⁵Available on Mac computers with Apple silicon and Intel‑based Mac computers with a T2 Security Chip. Requires that your iPhone and Mac are signed in with the same Apple Account using two‑factor authentication, are near each other, and have Bluetooth and Wi‑Fi enabled, and that your Mac is not using AirPlay or Sidecar. Some iPhone features such as the camera and microphone may not be compatible with iPhone Mirroring. ⁶Screen size is measured diagonally. The display on the 16‑inch MacBook Pro has rounded corners at the top. When measured as a standard rectangular shape, the screen is 16.2 inches diagonally, though the actual viewable area is smaller. ⁷In temperatures below 25° C. ⁸Wi‑Fi 7 availability depends on supported countries and regions.",https://cdn.shopify.com/s/files/1/0955/2409/4277/files/MacBook_Pro_M5_Black_HDEW1.jpg?v=1767696195,https://cdn.shopify.com/s/files/1/0955/2409/4277/files/MacBook_Pro_M5_Black_HDEW1.jpg?v=1767696195 | https://cdn.shopify.com/s/files/1/0955/2409/4277/files/MacBook_Pro_M5_Black_HDEW9.jpg?v=1767696195 | https://cdn.shopify.com/s/files/1/0955/2409/4277/files/MacBook_Pro_M5_Black_HDEW10.jpg?v=1767696195 | https://cdn.shopify.com/s/files/1/0955/2409/4277/files/MacBook_Pro_M5_Black_HDEW8.jpg?v=1767696195 | https://cdn.shopify.com/s/files/1/0955/2409/4277/files/MacBook_Pro_M5_Black_HDEW7.jpg?v=1767696195 | https://cdn.shopify.com/s/files/1/0955/2409/4277/files/MacBook_Pro_M5_Black_HDEW6.jpg?v=1767696195 | https://cdn.shopify.com/s/files/1/0955/2409/4277/files/MacBook_Pro_M5_Black_HDEW5.jpg?v=1767696195 | https://cdn.shopify.com/s/files/1/0955/2409/4277/files/MacBook_Pro_M5_Black_HDEW4.jpg?v=1767696195 | https://cdn.shopify.com/s/files/1/0955/2409/4277/files/MacBook_Pro_M5_Black_HDEW3.jpg?v=1767696195 | https://cdn.shopify.com/s/files/1/0955/2409/4277/files/MacBook_Pro_M5_Black_HDEW2.jpg?v=1767696195,2026-03-23T07:17:22+00:00
HDEW Cameras,https://hdewcameras.co.uk,15764572340549,https://hdewcameras.co.uk/products/apple-macbook-pro-16-m5-pro-18-20-core-48-1tb-silver,"Apple MacBook Pro 16"" M5 Pro 18/20 Core 48/1TB Silver",,35352-00676-00,Macbook,"apple-macbooks, computing, macbook-pro",Apple,3049.00,3099.00,Unknown,,"The 16-inch MacBook Pro with the M5 Pro or M5 Max chip brings next-generation speed and powerful on-device AI to personal, professional and creative tasks. With all-day battery life and a breathtaking Liquid Retina XDR display, it’s pro in every way.¹ BUCKLE UP — Along with a next-generation CPU, faster unified memory and up to 2x faster SSD storage², M5 Pro and M5 Max feature a more powerful GPU with a Neural Accelerator built into each core, delivering faster AI performance and on-device training capabilities. So you can power through demanding workloads at mind-bending speeds. BUILT FOR AI — Apple silicon, and every major component that powers it, is designed to run demanding on-device AI workloads like LLM inference and training. And Apple Intelligence helps you write, express yourself and get things done effortlessly with groundbreaking privacy protections at every step.³ Up to 24 hours of battery life. ALL-DAY BATTERY LIFE — MacBook Pro delivers the same exceptional performance whether it’s running on battery or plugged in.¹ MACOS RUNS APPS FAST — All your go-to apps run lightning-fast in macOS, including built-in apps like FaceTime and Messages.⁴ Plus, built-in virus protection and free software updates help keep your Mac running smoothly and securely. IF YOU LOVE IPHONE, YOU’LL LOVE MAC — Mac works like magic with your other Apple devices. View and control what’s on your iPhone from your Mac with iPhone Mirroring.⁵ Copy something on iPhone and paste it on Mac. Send texts with Messages or use your Mac to answer FaceTime calls.⁴ BRILLIANT PRO DISPLAY — The 16.2-inch Liquid Retina XDR display⁶ features 1,600 nits peak brightness⁷, up to 1,000 nits sustained brightness and 1,000,000:1 contrast. ADVANCED CAMERA AND AUDIO — Stay perfectly framed and sound great with a 12MP Center Stage camera, three studio-quality mics, and six speakers with Spatial Audio and support for Dolby Atmos. ¹Testing conducted by Apple in January and February 2026 using preproduction 14‑inch MacBook Pro systems with Apple M5 Max, 18‑core CPU, 32‑core GPU, 36GB of unified memory and 2TB SSD, and 14‑inch MacBook Pro systems with Apple M5 Pro, 18‑core CPU, 20‑core GPU, 24GB of unified memory and 2TB SSD. Wireless web battery life tested by browsing 25 popular websites while connected to Wi‑Fi. Video streaming battery life tested with 1080p content in Safari while connected to Wi‑Fi. Display brightness was set to eight clicks from the bottom and keyboard backlight was off. Battery life varies by use and configuration. ²Testing was conducted by Apple in January and February 2026. ³Apple Intelligence is available in beta. Some features may not be available in all regions or languages. ⁴FaceTime calling requires a FaceTime‑enabled device for both caller and recipient, as well as a Wi‑Fi connection. ⁵Available on Mac computers with Apple silicon and Intel‑based Mac computers with a T2 Security Chip. Requires that your iPhone and Mac are signed in with the same Apple Account using two‑factor authentication, are near each other, and have Bluetooth and Wi‑Fi enabled, and that your Mac is not using AirPlay or Sidecar. Some iPhone features such as the camera and microphone may not be compatible with iPhone Mirroring. ⁶Screen size is measured diagonally. The display on the 16‑inch MacBook Pro has rounded corners at the top. When measured as a standard rectangular shape, the screen is 16.2 inches diagonally, though the actual viewable area is smaller. ⁷In temperatures below 25° C. ⁸Wi‑Fi 7 availability depends on supported countries and regions.",https://cdn.shopify.com/s/files/1/0955/2409/4277/files/MacBook_Pro_M5_Silver_HDEW1.jpg?v=1767695880,https://cdn.shopify.com/s/files/1/0955/2409/4277/files/MacBook_Pro_M5_Silver_HDEW1.jpg?v=1767695880 | https://cdn.shopify.com/s/files/1/0955/2409/4277/files/MacBook_Pro_M5_Silver_HDEW6.jpg?v=1767695880 | https://cdn.shopify.com/s/files/1/0955/2409/4277/files/MacBook_Pro_M5_Silver_HDEW5.jpg?v=1767695880 | https://cdn.shopify.com/s/files/1/0955/2409/4277/files/MacBook_Pro_M5_Silver_HDEW4.jpg?v=1767695880 | https://cdn.shopify.com/s/files/1/0955/2409/4277/files/MacBook_Pro_M5_Silver_HDEW3.jpg?v=1767695880 | https://cdn.shopify.com/s/files/1/0955/2409/4277/files/MacBook_Pro_M5_Silver_HDEW2.jpg?v=1767695880,2026-03-23T07:09:40+00:00
HDEW Cameras,https://hdewcameras.co.uk,15764300628293,https://hdewcameras.co.uk/products/apple-macbook-pro-16-m5-pro-18-20-core-24-1tb-space-black,"Apple MacBook Pro 16"" M5 Pro 18/20 Core 24/1TB Space Black",,35352-00673-00,Macbook,"apple-macbooks, computing, macbook-pro",Apple,2649.00,2699.00,Unknown,,"The 16-inch MacBook Pro with the M5 Pro or M5 Max chip brings next-generation speed and powerful on-device AI to personal, professional and creative tasks. With all-day battery life and a breathtaking Liquid Retina XDR display, it’s pro in every way.¹ BUCKLE UP — Along with a next-generation CPU, faster unified memory and up to 2x faster SSD storage², M5 Pro and M5 Max feature a more powerful GPU with a Neural Accelerator built into each core, delivering faster AI performance and on-device training capabilities. So you can power through demanding workloads at mind-bending speeds. BUILT FOR AI — Apple silicon, and every major component that powers it, is designed to run demanding on-device AI workloads like LLM inference and training. And Apple Intelligence helps you write, express yourself and get things done effortlessly with groundbreaking privacy protections at every step.³ Up to 24 hours of battery life. ALL-DAY BATTERY LIFE — MacBook Pro delivers the same exceptional performance whether it’s running on battery or plugged in.¹ MACOS RUNS APPS FAST — All your go-to apps run lightning-fast in macOS, including built-in apps like FaceTime and Messages.⁴ Plus, built-in virus protection and free software updates help keep your Mac running smoothly and securely. IF YOU LOVE IPHONE, YOU’LL LOVE MAC — Mac works like magic with your other Apple devices. View and control what’s on your iPhone from your Mac with iPhone Mirroring.⁵ Copy something on iPhone and paste it on Mac. Send texts with Messages or use your Mac to answer FaceTime calls.⁴ BRILLIANT PRO DISPLAY — The 16.2-inch Liquid Retina XDR display⁶ features 1,600 nits peak brightness⁷, up to 1,000 nits sustained brightness and 1,000,000:1 contrast. ADVANCED CAMERA AND AUDIO — Stay perfectly framed and sound great with a 12MP Center Stage camera, three studio-quality mics, and six speakers with Spatial Audio and support for Dolby Atmos. ¹Testing conducted by Apple in January and February 2026 using preproduction 14‑inch MacBook Pro systems with Apple M5 Max, 18‑core CPU, 32‑core GPU, 36GB of unified memory and 2TB SSD, and 14‑inch MacBook Pro systems with Apple M5 Pro, 18‑core CPU, 20‑core GPU, 24GB of unified memory and 2TB SSD. Wireless web battery life tested by browsing 25 popular websites while connected to Wi‑Fi. Video streaming battery life tested with 1080p content in Safari while connected to Wi‑Fi. Display brightness was set to eight clicks from the bottom and keyboard backlight was off. Battery life varies by use and configuration. ²Testing was conducted by Apple in January and February 2026. ³Apple Intelligence is available in beta. Some features may not be available in all regions or languages. ⁴FaceTime calling requires a FaceTime‑enabled device for both caller and recipient, as well as a Wi‑Fi connection. ⁵Available on Mac computers with Apple silicon and Intel‑based Mac computers with a T2 Security Chip. Requires that your iPhone and Mac are signed in with the same Apple Account using two‑factor authentication, are near each other, and have Bluetooth and Wi‑Fi enabled, and that your Mac is not using AirPlay or Sidecar. Some iPhone features such as the camera and microphone may not be compatible with iPhone Mirroring. ⁶Screen size is measured diagonally. The display on the 16‑inch MacBook Pro has rounded corners at the top. When measured as a standard rectangular shape, the screen is 16.2 inches diagonally, though the actual viewable area is smaller. ⁷In temperatures below 25° C. ⁸Wi‑Fi 7 availability depends on supported countries and regions.",https://cdn.shopify.com/s/files/1/0955/2409/4277/files/MacBook_Pro_M5_Black_HDEW1.jpg?v=1767696195,https://cdn.shopify.com/s/files/1/0955/2409/4277/files/MacBook_Pro_M5_Black_HDEW1.jpg?v=1767696195 | https://cdn.shopify.com/s/files/1/0955/2409/4277/files/MacBook_Pro_M5_Black_HDEW9.jpg?v=1767696195 | https://cdn.shopify.com/s/files/1/0955/2409/4277/files/MacBook_Pro_M5_Black_HDEW10.jpg?v=1767696195 | https://cdn.shopify.com/s/files/1/0955/2409/4277/files/MacBook_Pro_M5_Black_HDEW8.jpg?v=1767696195 | https://cdn.shopify.com/s/files/1/0955/2409/4277/files/MacBook_Pro_M5_Black_HDEW7.jpg?v=1767696195 | https://cdn.shopify.com/s/files/1/0955/2409/4277/files/MacBook_Pro_M5_Black_HDEW6.jpg?v=1767696195 | https://cdn.shopify.com/s/files/1/0955/2409/4277/files/MacBook_Pro_M5_Black_HDEW5.jpg?v=1767696195 | https://cdn.shopify.com/s/files/1/0955/2409/4277/files/MacBook_Pro_M5_Black_HDEW4.jpg?v=1767696195 | https://cdn.shopify.com/s/files/1/0955/2409/4277/files/MacBook_Pro_M5_Black_HDEW3.jpg?v=1767696195 | https://cdn.shopify.com/s/files/1/0955/2409/4277/files/MacBook_Pro_M5_Black_HDEW2.jpg?v=1767696195,2026-03-23T05:04:36+00:00
HDEW Cameras,https://hdewcameras.co.uk,15764300202309,https://hdewcameras.co.uk/products/apple-macbook-pro-16-m5-pro-18-20-core-24-1tb-silver,"Apple MacBook Pro 16"" M5 Pro 18/20 Core 24/1TB Silver",,35352-00674-00,Macbook,"apple-macbooks, computing, macbook-pro",Apple,2649.00,2699.00,Unknown,,"The 16-inch MacBook Pro with the M5 Pro or M5 Max chip brings next-generation speed and powerful on-device AI to personal, professional and creative tasks. With all-day battery life and a breathtaking Liquid Retina XDR display, it’s pro in every way.¹ BUCKLE UP — Along with a next-generation CPU, faster unified memory and up to 2x faster SSD storage², M5 Pro and M5 Max feature a more powerful GPU with a Neural Accelerator built into each core, delivering faster AI performance and on-device training capabilities. So you can power through demanding workloads at mind-bending speeds. BUILT FOR AI — Apple silicon, and every major component that powers it, is designed to run demanding on-device AI workloads like LLM inference and training. And Apple Intelligence helps you write, express yourself and get things done effortlessly with groundbreaking privacy protections at every step.³ Up to 24 hours of battery life. ALL-DAY BATTERY LIFE — MacBook Pro delivers the same exceptional performance whether it’s running on battery or plugged in.¹ MACOS RUNS APPS FAST — All your go-to apps run lightning-fast in macOS, including built-in apps like FaceTime and Messages.⁴ Plus, built-in virus protection and free software updates help keep your Mac running smoothly and securely. IF YOU LOVE IPHONE, YOU’LL LOVE MAC — Mac works like magic with your other Apple devices. View and control what’s on your iPhone from your Mac with iPhone Mirroring.⁵ Copy something on iPhone and paste it on Mac. Send texts with Messages or use your Mac to answer FaceTime calls.⁴ BRILLIANT PRO DISPLAY — The 16.2-inch Liquid Retina XDR display⁶ features 1,600 nits peak brightness⁷, up to 1,000 nits sustained brightness and 1,000,000:1 contrast. ADVANCED CAMERA AND AUDIO — Stay perfectly framed and sound great with a 12MP Center Stage camera, three studio-quality mics, and six speakers with Spatial Audio and support for Dolby Atmos. ¹Testing conducted by Apple in January and February 2026 using preproduction 14‑inch MacBook Pro systems with Apple M5 Max, 18‑core CPU, 32‑core GPU, 36GB of unified memory and 2TB SSD, and 14‑inch MacBook Pro systems with Apple M5 Pro, 18‑core CPU, 20‑core GPU, 24GB of unified memory and 2TB SSD. Wireless web battery life tested by browsing 25 popular websites while connected to Wi‑Fi. Video streaming battery life tested with 1080p content in Safari while connected to Wi‑Fi. Display brightness was set to eight clicks from the bottom and keyboard backlight was off. Battery life varies by use and configuration. ²Testing was conducted by Apple in January and February 2026. ³Apple Intelligence is available in beta. Some features may not be available in all regions or languages. ⁴FaceTime calling requires a FaceTime‑enabled device for both caller and recipient, as well as a Wi‑Fi connection. ⁵Available on Mac computers with Apple silicon and Intel‑based Mac computers with a T2 Security Chip. Requires that your iPhone and Mac are signed in with the same Apple Account using two‑factor authentication, are near each other, and have Bluetooth and Wi‑Fi enabled, and that your Mac is not using AirPlay or Sidecar. Some iPhone features such as the camera and microphone may not be compatible with iPhone Mirroring. ⁶Screen size is measured diagonally. The display on the 16‑inch MacBook Pro has rounded corners at the top. When measured as a standard rectangular shape, the screen is 16.2 inches diagonally, though the actual viewable area is smaller. ⁷In temperatures below 25° C. ⁸Wi‑Fi 7 availability depends on supported countries and regions.",https://cdn.shopify.com/s/files/1/0955/2409/4277/files/MacBook_Pro_M5_Silver_HDEW1.jpg?v=1767695880,https://cdn.shopify.com/s/files/1/0955/2409/4277/files/MacBook_Pro_M5_Silver_HDEW1.jpg?v=1767695880 | https://cdn.shopify.com/s/files/1/0955/2409/4277/files/MacBook_Pro_M5_Silver_HDEW6.jpg?v=1767695880 | https://cdn.shopify.com/s/files/1/0955/2409/4277/files/MacBook_Pro_M5_Silver_HDEW5.jpg?v=1767695880 | https://cdn.shopify.com/s/files/1/0955/2409/4277/files/MacBook_Pro_M5_Silver_HDEW4.jpg?v=1767695880 | https://cdn.shopify.com/s/files/1/0955/2409/4277/files/MacBook_Pro_M5_Silver_HDEW3.jpg?v=1767695880 | https://cdn.shopify.com/s/files/1/0955/2409/4277/files/MacBook_Pro_M5_Silver_HDEW2.jpg?v=1767695880,2026-03-23T04:58:50+00:00
HDEW Cameras,https://hdewcameras.co.uk,15764299874629,https://hdewcameras.co.uk/products/apple-macbook-pro-14-m5-pro-18-32-core-36-2tb-silver,"Apple MacBook Pro 14"" M5 Max 18/32 Core 36/2TB Silver",,35352-00672-00,Macbook,"apple-macbooks, computing, macbook-pro",Apple,3549.00,3599.00,Unknown,,"Performance | Happily ever faster. The M5 Max chip joins M5 and M5 Pro to create the most advanced series of chips ever built for a pro laptop. Each chip delivers phenomenal single- and multi-threaded CPU performance and faster unified memory - giving you the kind of speed you've never thought possible. And with powerful Neural Accelerators in the M5 chip, you can fly through AI tasks at mind-bending speeds. The 36.1 cm (14.2"") 3024 x 1964 screen delivers an exceptional viewing experience, featuring vibrant colours, sharp resolution, and wide viewing angles 24 Hours battery run time allows you to stay untethered and productive for extended periods without interruption Apple M5 chip M5 brings next-generation speed and powerful on‑device AI to the personal, professional and creative tasks you do every day. Multitask seamlessly across productivity apps and utilise advanced AI capabilities Blaze through creative tasks and handle creative pursuits with ease Configure with up to 32GB unified memory Supports up to two external displays",https://cdn.shopify.com/s/files/1/0955/2409/4277/files/MacBook_Pro_M5_Silver_HDEW1.jpg?v=1767695880,https://cdn.shopify.com/s/files/1/0955/2409/4277/files/MacBook_Pro_M5_Silver_HDEW1.jpg?v=1767695880 | https://cdn.shopify.com/s/files/1/0955/2409/4277/files/MacBook_Pro_M5_Silver_HDEW6.jpg?v=1767695880 | https://cdn.shopify.com/s/files/1/0955/2409/4277/files/MacBook_Pro_M5_Silver_HDEW5.jpg?v=1767695880 | https://cdn.shopify.com/s/files/1/0955/2409/4277/files/MacBook_Pro_M5_Silver_HDEW4.jpg?v=1767695880 | https://cdn.shopify.com/s/files/1/0955/2409/4277/files/MacBook_Pro_M5_Silver_HDEW3.jpg?v=1767695880 | https://cdn.shopify.com/s/files/1/0955/2409/4277/files/MacBook_Pro_M5_Silver_HDEW2.jpg?v=1767695880,2026-03-23T04:45:14+00:00
HDEW Cameras,https://hdewcameras.co.uk,15764299678021,https://hdewcameras.co.uk/products/apple-macbook-pro-14-m5-max-18-32-core-36-2tb-space-black,"Apple MacBook Pro 14"" M5 Max 18/32 Core 36/2TB Space Black",,35352-00671-00,Macbook,"apple-macbooks, computing, macbook-pro",Apple,3549.00,3599.00,Unknown,,"Performance | Happily ever faster. The M5 Max chip joins M5 and M5 Pro to create the most advanced series of chips ever built for a pro laptop. Each chip delivers phenomenal single- and multi-threaded CPU performance and faster unified memory - giving you the kind of speed you've never thought possible. And with powerful Neural Accelerators in the M5 chip, you can fly through AI tasks at mind-bending speeds. The 36.1 cm (14.2"") 3024 x 1964 screen delivers an exceptional viewing experience, featuring vibrant colours, sharp resolution, and wide viewing angles 24 Hours battery run time allows you to stay untethered and productive for extended periods without interruption Apple M5 chip M5 brings next-generation speed and powerful on‑device AI to the personal, professional and creative tasks you do every day. Multitask seamlessly across productivity apps and utilise advanced AI capabilities Blaze through creative tasks and handle creative pursuits with ease Configure with up to 32GB unified memory Supports up to two external displays",https://cdn.shopify.com/s/files/1/0955/2409/4277/files/MacBook_Pro_M5_Black_HDEW1.jpg?v=1767696195,https://cdn.shopify.com/s/files/1/0955/2409/4277/files/MacBook_Pro_M5_Black_HDEW1.jpg?v=1767696195 | https://cdn.shopify.com/s/files/1/0955/2409/4277/files/MacBook_Pro_M5_Black_HDEW9.jpg?v=1767696195 | https://cdn.shopify.com/s/files/1/0955/2409/4277/files/MacBook_Pro_M5_Black_HDEW10.jpg?v=1767696195 | https://cdn.shopify.com/s/files/1/0955/2409/4277/files/MacBook_Pro_M5_Black_HDEW8.jpg?v=1767696195 | https://cdn.shopify.com/s/files/1/0955/2409/4277/files/MacBook_Pro_M5_Black_HDEW7.jpg?v=1767696195 | https://cdn.shopify.com/s/files/1/0955/2409/4277/files/MacBook_Pro_M5_Black_HDEW6.jpg?v=1767696195 | https://cdn.shopify.com/s/files/1/0955/2409/4277/files/MacBook_Pro_M5_Black_HDEW5.jpg?v=1767696195 | https://cdn.shopify.com/s/files/1/0955/2409/4277/files/MacBook_Pro_M5_Black_HDEW4.jpg?v=1767696195 | https://cdn.shopify.com/s/files/1/0955/2409/4277/files/MacBook_Pro_M5_Black_HDEW3.jpg?v=1767696195 | https://cdn.shopify.com/s/files/1/0955/2409/4277/files/MacBook_Pro_M5_Black_HDEW2.jpg?v=1767696195,2026-03-23T04:34:12+00:00
HDEW Cameras,https://hdewcameras.co.uk,15764299546949,https://hdewcameras.co.uk/products/apple-macbook-pro-14-m5-pro-15-16-core-24-2tb-silver,"Apple MacBook Pro 14"" M5 Pro 15/16 Core 24/2TB Silver",,35352-00668-00,Macbook,"apple-macbooks, computing, macbook-pro",Apple,2569.00,2599.00,Unknown,,"Performance | Happily ever faster. The M5 Pro chip joins M5 and M5 Max to create the most advanced series of chips ever built for a pro laptop. Each chip delivers phenomenal single- and multi-threaded CPU performance and faster unified memory - giving you the kind of speed you've never thought possible. And with powerful Neural Accelerators in the M5 chip, you can fly through AI tasks at mind-bending speeds. The 36.1 cm (14.2"") 3024 x 1964 screen delivers an exceptional viewing experience, featuring vibrant colours, sharp resolution, and wide viewing angles 24 Hours battery run time allows you to stay untethered and productive for extended periods without interruption Apple M5 chip M5 brings next-generation speed and powerful on‑device AI to the personal, professional and creative tasks you do every day. Multitask seamlessly across productivity apps and utilise advanced AI capabilities Blaze through creative tasks and handle creative pursuits with ease Configure with up to 32GB unified memory Supports up to two external displays",https://cdn.shopify.com/s/files/1/0955/2409/4277/files/MacBook_Pro_M5_Silver_HDEW1.jpg?v=1767695880,https://cdn.shopify.com/s/files/1/0955/2409/4277/files/MacBook_Pro_M5_Silver_HDEW1.jpg?v=1767695880 | https://cdn.shopify.com/s/files/1/0955/2409/4277/files/MacBook_Pro_M5_Silver_HDEW6.jpg?v=1767695880 | https://cdn.shopify.com/s/files/1/0955/2409/4277/files/MacBook_Pro_M5_Silver_HDEW5.jpg?v=1767695880 | https://cdn.shopify.com/s/files/1/0955/2409/4277/files/MacBook_Pro_M5_Silver_HDEW4.jpg?v=1767695880 | https://cdn.shopify.com/s/files/1/0955/2409/4277/files/MacBook_Pro_M5_Silver_HDEW3.jpg?v=1767695880 | https://cdn.shopify.com/s/files/1/0955/2409/4277/files/MacBook_Pro_M5_Silver_HDEW2.jpg?v=1767695880,2026-03-23T04:28:53+00:00
HDEW Cameras,https://hdewcameras.co.uk,15764299317573,https://hdewcameras.co.uk/products/apple-macbook-pro-14-m5-pro-15-16-core-24-2tb-space-black,"Apple MacBook Pro 14"" M5 Pro 15/16 Core 24/2TB Space Black",,35352-00667-00,Macbook,"apple-macbooks, computing, macbook-pro",Apple,2569.00,2599.00,Unknown,,"Performance | Happily ever faster. The M5 pro chip joins M5 and M5 Max to create the most advanced series of chips ever built for a pro laptop. Each chip delivers phenomenal single- and multi-threaded CPU performance and faster unified memory - giving you the kind of speed you've never thought possible. And with powerful Neural Accelerators in the M5 chip, you can fly through AI tasks at mind-bending speeds. The 36.1 cm (14.2"") 3024 x 1964 screen delivers an exceptional viewing experience, featuring vibrant colours, sharp resolution, and wide viewing angles 24 Hours battery run time allows you to stay untethered and productive for extended periods without interruption Apple M5 chip M5 brings next-generation speed and powerful on‑device AI to the personal, professional and creative tasks you do every day. Multitask seamlessly across productivity apps and utilise advanced AI capabilities Blaze through creative tasks and handle creative pursuits with ease Configure with up to 32GB unified memory Supports up to two external displays",https://cdn.shopify.com/s/files/1/0955/2409/4277/files/MacBook_Pro_M5_Black_HDEW1.jpg?v=1767696195,https://cdn.shopify.com/s/files/1/0955/2409/4277/files/MacBook_Pro_M5_Black_HDEW1.jpg?v=1767696195 | https://cdn.shopify.com/s/files/1/0955/2409/4277/files/MacBook_Pro_M5_Black_HDEW9.jpg?v=1767696195 | https://cdn.shopify.com/s/files/1/0955/2409/4277/files/MacBook_Pro_M5_Black_HDEW10.jpg?v=1767696195 | https://cdn.shopify.com/s/files/1/0955/2409/4277/files/MacBook_Pro_M5_Black_HDEW8.jpg?v=1767696195 | https://cdn.shopify.com/s/files/1/0955/2409/4277/files/MacBook_Pro_M5_Black_HDEW7.jpg?v=1767696195 | https://cdn.shopify.com/s/files/1/0955/2409/4277/files/MacBook_Pro_M5_Black_HDEW6.jpg?v=1767696195 | https://cdn.shopify.com/s/files/1/0955/2409/4277/files/MacBook_Pro_M5_Black_HDEW5.jpg?v=1767696195 | https://cdn.shopify.com/s/files/1/0955/2409/4277/files/MacBook_Pro_M5_Black_HDEW4.jpg?v=1767696195 | https://cdn.shopify.com/s/files/1/0955/2409/4277/files/MacBook_Pro_M5_Black_HDEW3.jpg?v=1767696195 | https://cdn.shopify.com/s/files/1/0955/2409/4277/files/MacBook_Pro_M5_Black_HDEW2.jpg?v=1767696195,2026-03-23T04:26:49+00:00
HDEW Cameras,https://hdewcameras.co.uk,15764299219269,https://hdewcameras.co.uk/products/apple-macbook-pro-14-m5-pro-18-20-core-24-2tb-space-black,"Apple MacBook Pro 14"" M5 Pro 18/20 Core 24/2TB Space Black",,35352-00669-00,Macbook,"apple-macbooks, computing, macbook-pro",Apple,2749.00,2799.00,Unknown,,"Performance | Happily ever faster. The M5 pro chip joins M5 and M5 Max to create the most advanced series of chips ever built for a pro laptop. Each chip delivers phenomenal single- and multi-threaded CPU performance and faster unified memory - giving you the kind of speed you've never thought possible. And with powerful Neural Accelerators in the M5 chip, you can fly through AI tasks at mind-bending speeds. The 36.1 cm (14.2"") 3024 x 1964 screen delivers an exceptional viewing experience, featuring vibrant colours, sharp resolution, and wide viewing angles 24 Hours battery run time allows you to stay untethered and productive for extended periods without interruption Apple M5 chip M5 brings next-generation speed and powerful on‑device AI to the personal, professional and creative tasks you do every day. Multitask seamlessly across productivity apps and utilise advanced AI capabilities Blaze through creative tasks and handle creative pursuits with ease Configure with up to 32GB unified memory Supports up to two external displays",https://cdn.shopify.com/s/files/1/0955/2409/4277/files/MacBook_Pro_M5_Black_HDEW1.jpg?v=1767696195,https://cdn.shopify.com/s/files/1/0955/2409/4277/files/MacBook_Pro_M5_Black_HDEW1.jpg?v=1767696195 | https://cdn.shopify.com/s/files/1/0955/2409/4277/files/MacBook_Pro_M5_Black_HDEW9.jpg?v=1767696195 | https://cdn.shopify.com/s/files/1/0955/2409/4277/files/MacBook_Pro_M5_Black_HDEW10.jpg?v=1767696195 | https://cdn.shopify.com/s/files/1/0955/2409/4277/files/MacBook_Pro_M5_Black_HDEW8.jpg?v=1767696195 | https://cdn.shopify.com/s/files/1/0955/2409/4277/files/MacBook_Pro_M5_Black_HDEW7.jpg?v=1767696195 | https://cdn.shopify.com/s/files/1/0955/2409/4277/files/MacBook_Pro_M5_Black_HDEW6.jpg?v=1767696195 | https://cdn.shopify.com/s/files/1/0955/2409/4277/files/MacBook_Pro_M5_Black_HDEW5.jpg?v=1767696195 | https://cdn.shopify.com/s/files/1/0955/2409/4277/files/MacBook_Pro_M5_Black_HDEW4.jpg?v=1767696195 | https://cdn.shopify.com/s/files/1/0955/2409/4277/files/MacBook_Pro_M5_Black_HDEW3.jpg?v=1767696195 | https://cdn.shopify.com/s/files/1/0955/2409/4277/files/MacBook_Pro_M5_Black_HDEW2.jpg?v=1767696195,2026-03-23T04:20:59+00:00
HDEW Cameras,https://hdewcameras.co.uk,15764299088197,https://hdewcameras.co.uk/products/apple-macbook-pro-14-m5-pro-18-20-core-24-2tb-silver,"Apple MacBook Pro 14"" M5 Pro 18/20 Core 24/2TB Silver",,35352-00670-00,Macbook,"apple-macbooks, computing, macbook-pro",Apple,2749.00,2799.00,Unknown,,"Performance | Happily ever faster. The M5 Pro chip joins M5 and M5 Max to create the most advanced series of chips ever built for a pro laptop. Each chip delivers phenomenal single- and multi-threaded CPU performance and faster unified memory - giving you the kind of speed you've never thought possible. And with powerful Neural Accelerators in the M5 chip, you can fly through AI tasks at mind-bending speeds. The 36.1 cm (14.2"") 3024 x 1964 screen delivers an exceptional viewing experience, featuring vibrant colours, sharp resolution, and wide viewing angles 24 Hours battery run time allows you to stay untethered and productive for extended periods without interruption Apple M5 chip M5 brings next-generation speed and powerful on‑device AI to the personal, professional and creative tasks you do every day. Multitask seamlessly across productivity apps and utilise advanced AI capabilities Blaze through creative tasks and handle creative pursuits with ease Configure with up to 32GB unified memory Supports up to two external displays",https://cdn.shopify.com/s/files/1/0955/2409/4277/files/MacBook_Pro_M5_Silver_HDEW1.jpg?v=1767695880,https://cdn.shopify.com/s/files/1/0955/2409/4277/files/MacBook_Pro_M5_Silver_HDEW1.jpg?v=1767695880 | https://cdn.shopify.com/s/files/1/0955/2409/4277/files/MacBook_Pro_M5_Silver_HDEW6.jpg?v=1767695880 | https://cdn.shopify.com/s/files/1/0955/2409/4277/files/MacBook_Pro_M5_Silver_HDEW5.jpg?v=1767695880 | https://cdn.shopify.com/s/files/1/0955/2409/4277/files/MacBook_Pro_M5_Silver_HDEW4.jpg?v=1767695880 | https://cdn.shopify.com/s/files/1/0955/2409/4277/files/MacBook_Pro_M5_Silver_HDEW3.jpg?v=1767695880 | https://cdn.shopify.com/s/files/1/0955/2409/4277/files/MacBook_Pro_M5_Silver_HDEW2.jpg?v=1767695880,2026-03-23T04:18:21+00:00
HDEW Cameras,https://hdewcameras.co.uk,15758543454533,https://hdewcameras.co.uk/products/apple-macbook-pro-14-m5-pro-15-16-core-24-1tb-silver,"Apple MacBook Pro 14"" M5 Pro 15/16 Core 24/1TB Silver",,35352-00666-00,Macbook,"apple-macbooks, computing, macbook-pro",Apple,2169.00,2199.00,Unknown,,"Performance | Happily ever faster. The M5 Pro chip joins M5 and M5 Max to create the most advanced series of chips ever built for a pro laptop. Each chip delivers phenomenal single- and multi-threaded CPU performance and faster unified memory - giving you the kind of speed you've never thought possible. And with powerful Neural Accelerators in the M5 chip, you can fly through AI tasks at mind-bending speeds. The 36.1 cm (14.2"") 3024 x 1964 screen delivers an exceptional viewing experience, featuring vibrant colours, sharp resolution, and wide viewing angles 24 Hours battery run time allows you to stay untethered and productive for extended periods without interruption Apple M5 chip M5 brings next-generation speed and powerful on‑device AI to the personal, professional and creative tasks you do every day. Multitask seamlessly across productivity apps and utilise advanced AI capabilities Blaze through creative tasks and handle creative pursuits with ease Configure with up to 32GB unified memory Supports up to two external displays",https://cdn.shopify.com/s/files/1/0955/2409/4277/files/MacBook_Pro_M5_Silver_HDEW1.jpg?v=1767695880,https://cdn.shopify.com/s/files/1/0955/2409/4277/files/MacBook_Pro_M5_Silver_HDEW1.jpg?v=1767695880 | https://cdn.shopify.com/s/files/1/0955/2409/4277/files/MacBook_Pro_M5_Silver_HDEW6.jpg?v=1767695880 | https://cdn.shopify.com/s/files/1/0955/2409/4277/files/MacBook_Pro_M5_Silver_HDEW5.jpg?v=1767695880 | https://cdn.shopify.com/s/files/1/0955/2409/4277/files/MacBook_Pro_M5_Silver_HDEW4.jpg?v=1767695880 | https://cdn.shopify.com/s/files/1/0955/2409/4277/files/MacBook_Pro_M5_Silver_HDEW3.jpg?v=1767695880 | https://cdn.shopify.com/s/files/1/0955/2409/4277/files/MacBook_Pro_M5_Silver_HDEW2.jpg?v=1767695880,2026-03-23T04:04:05+00:00
HDEW Cameras,https://hdewcameras.co.uk,15129659408709,https://hdewcameras.co.uk/products/transcend-drivepro-230-dash-cam-incl-32gb-microsdhc,Transcend DrivePro 230 Dash Cam incl. 32GB microSDHC,,478858,Camera,"dash-cams, portable-devices",Transcend,135.00,,Unknown,,"Key Features: 1920 x 1080 Resolution at 30 fps 130° Diagonal Field of View 2.4"" Colour LCD Screen Built-In LiPo Battery Built-In Microphone and Speaker Built-In G-Sensor Safety Features with Emergency Recording 32GB microSD Card Wi-Fi Connectivity DrivePro App for iOS and Android Overview: This dash cam features lane departure warnings, forward collision warnings, headlight reminders, and driver fatigue alerts to help keep you alert and safe while driving. A G-sensor enables the camera to automatically save video files in case of impact while the vehicle is off. In the event of a collision, the G-sensor will begin emergency recording. It is powered continuously while the vehicle is on via the included power cable. Wi-Fi connectivity enables real-time footage playback and downloads via the DrivePro app for iOS and Android. The DrivePro 230 uses a Sony sensor with WDR to capture high-res images GPS/GLONASS receiver logs coordinates, date, and time into recorded video G-sensor detects impact in the event of a collision and begins recording G-sensor can be manually activated Snapshot button enables you to take still photos while recording video Time-lapse video recording safeguards your vehicle 24/7 (requires external power supply) Driver fatigue alert reminds the driver after a user-determined amount of time of driving to take a break from driving Lane departure warning system (LDWS) helps keep the driver safe by displaying an onscreen warning and an audible alert when the driver is veering out of a lane Forward collision warning system (FCWS) helps keep the driver safe by displaying an onscreen warning and an audible alert when the vehicle exceeds a certain speed and the vehicle ahead is too close Headlight reminder alerts the driver when the lighting conditions are poor with a reminder to turn the headlights on with an onscreen notification and an audible alert DrivePro Toolbox software quickly finds video files using name, recording date, or group parameters, as well as location paths and snapshots Wi-Fi connectivity for live video and photo snapshots via the DrivePro app for iOS and Android Suction mount included for quick installation What's in the box: Transcend DrivePro 230 1080p Dash Camera with 32GB microSD Card Suction Mount 32GB microSD Card Car Power Adaptor",https://cdn.shopify.com/s/files/1/0955/2409/4277/files/transcend-drivepro-230-dash-cam-incl.-32gb-microsdhc-20934-p.jpg?v=1756969295,https://cdn.shopify.com/s/files/1/0955/2409/4277/files/transcend-drivepro-230-dash-cam-incl.-32gb-microsdhc-20934-p.jpg?v=1756969295 | https://cdn.shopify.com/s/files/1/0955/2409/4277/files/default_-_2026-01-07T121034.108.jpg?v=1767787870 | https://cdn.shopify.com/s/files/1/0955/2409/4277/files/default_-_2026-01-07T121044.973.jpg?v=1767787918 | https://cdn.shopify.com/s/files/1/0955/2409/4277/files/default_-_2026-01-07T121037.524.jpg?v=1767787918 | https://cdn.shopify.com/s/files/1/0955/2409/4277/files/default_-_2026-01-07T121041.261.jpg?v=1767787918 | https://cdn.shopify.com/s/files/1/0955/2409/4277/files/default_-_2026-01-07T121048.548.jpg?v=1767787918 | https://cdn.shopify.com/s/files/1/0955/2409/4277/files/default_-_2026-01-07T121052.245.jpg?v=1767787870 | https://cdn.shopify.com/s/files/1/0955/2409/4277/files/default_-_2026-01-07T121133.175.jpg?v=1767787904,2026-03-20T13:03:39+00:00
HDEW Cameras,https://hdewcameras.co.uk,15363965059397,https://hdewcameras.co.uk/products/transcend-drivepro-body-30-64gb,Transcend DrivePro Body 30 64GB,,710964,Camera,"action-cameras, cameras, transcend",Transcend,225.00,,Unknown,,"We've got your back Transcend's DrivePro Body 30 features STARVIS image sensor and infrared LEDs to capture high-resolution images in low light. Up to 12 hours of battery, high storage capacity, and high resistance to water, dust, and shock are ideal for public safety professionals. The package also includes useful accessories and value-added software that facilitate users in using the device and managing the files. STARVIS High-sensitivity Image Sensor The DrivePro Body 30 features STARVIS sensor to capture high-resolution images with superb, rich colour even in low light. Images are highly detailed with low noise and excellent balance between light and dark areas. Note: STARVIS is a trademark of Sony Corporation. Infrared LEDs for Night Vision The DrivePro Body 30 has four infrared LEDs that will automatically turn on in dim light to enhance night vision capabilities. This can drastically increase recording quality in pitch-black darkness. Note: Footage recorded with infrared LEDs will be in grayscale. Image Enhancement Technology DrivePro Body 30 features image enhancement technologies such as Wide Dynamic Range (WDR) and High Frame Rate (HFR) technologies, supporting high-quality recording at 60fps. Essential details can still be presented even in low, dim light. Quick and easy connectivity The DrivePro Body 30 supports both Bluetooth wireless technology for basic setup and switching modes, and Wi-Fi connectivity for live streaming videos to iOS and Android mobile devices. All of these can be done via DrivePro Body App. By connecting the DrivePro Body 30 with iOS devices, you can control the camera hands-free with Siri voice control. Instant and easy access to the device facilitates your work! Rugged and durable design The DrivePro Body 30 is built to withstand harsh environmental conditions, making it ideal for firefighters, police officers, security guards, or rescue team to conduct outdoor recording. It is IP67 rated and offers full protection against dust and water. It also offers a high shock resistance. Splash, water, and dust resistance are not permanent conditions and resistance may decrease as a result of normal wear. Product must be clean and dry before use. Long Battery Life The DrivePro Body 30 has a built-in Li-Polymer battery, allowing up to 12 hours of video recording on a single charge. This allows police and other professionals to record over a full shift. Battery power indicator helps users check current battery level. Note: Recording time may differ based on environmental conditions and operation settings (eg. enabling infrared LEDs). Capacious Storage Space The DrivePro Body 30 has built-in 64GB storage for high quality videos, and DDR3 memory cache to temporarily store recorded videos. Vibration alerts Reminds users of operation in progress. Buffering mode Captures crucial footage while saving on storage space. Loop recording Allows the body camera to overwrite old video files with new ones. Wide Dynamic Range (WDR) Balances the light and dark areas of captured images, ensuring that every critical shot is as clear as possible. Password Protects data from unauthorized access. Stealth mode Disables the light indicators, buzzer, and vibrator. Team sync One body camera enters recording mode from buffering mode, and other cameras in the same group automatically enter recording mode as well. DrivePro Body Toolbox Transcend's DrivePro Body Toolbox is exclusively designed for the DrivePro Body series. It features a user-friendly interface that allows users to securely manage recorded videos and snapshots on PCs. In addition, users can adjust settings for both the Toolbox and the DrivePro Body device, format internal storage, and upgrade the body camera's firmware via the Toolbox. DrivePro Body Toolbox provides smart detection function. By automatically identifying the faces in a video, the footage can be extracted to the sidebar to let users blur or block out the faces. Multifunctional Docking Station (available separately) Exclusively designed for the DrivePro Body 30, Transcend's TS-DPD6N docking station offers a complete camera management, charging, and data upload solution. The six-port docking station has two Ethernet ports, a LAN port for administrative setup, and a WAN port for simultaneous data upload to a designated folder while charging. Available Accessories The DrivePro Body 30 includes both a 360° rotating clip and a Velcro holder. Transcend also provides TS-DBK2 accessory kit for separate purchase, including a magnetic mount, a MOLLE mount, and a camera holder. Technical data: Dimensions: 95.9 mm x 52.2 mm x 27.6 mm Weight: 130 g Connection interface: USB 2.0, cable 3.5 mm jack to USB-A included Wi-Fi: 802.11n, 2.4 GHz Bluetooth: 4.1 Storage: 64 GB internal storage Viewing angle: 130° (diagonal) Aperture: F/2.0 Battery: 3120 mAh Li-polymer battery for max. 12 hours of use, charging time 5 hours (Note: Battery life and charge cycles will vary depending on usage, network settings such as Bluetooth or Wi-Fi connection and other environmental factors; actual results may vary). Video recording: Resolution: Full HD 1080P Frame rate: 60/30 fps Video format: MP4 (H.264) Operating temperature: -20°C (-4°F) to 65°C (149°F) Storage temperature: -25°C (-13°F) to 70°C (158°F) IP rating: IP67",https://cdn.shopify.com/s/files/1/0955/2409/4277/files/default_76.jpg?v=1760367678,https://cdn.shopify.com/s/files/1/0955/2409/4277/files/default_76.jpg?v=1760367678 | https://cdn.shopify.com/s/files/1/0955/2409/4277/files/default_77.jpg?v=1760367678 | https://cdn.shopify.com/s/files/1/0955/2409/4277/files/default_78.jpg?v=1760367678 | https://cdn.shopify.com/s/files/1/0955/2409/4277/files/default_79.jpg?v=1760367677 | https://cdn.shopify.com/s/files/1/0955/2409/4277/files/default_80.jpg?v=1760367677 | https://cdn.shopify.com/s/files/1/0955/2409/4277/files/default_81.jpg?v=1760367677,2026-03-20T13:00:49+00:00
HDEW Cameras,https://hdewcameras.co.uk,15758714339653,https://hdewcameras.co.uk/products/sandisk-extreme-pro-sdxc-128gb-uhs-ii-c10-u3-v60,SanDisk Extreme Pro SDXC 128GB UHS-II C10 U3 V60,,152667,Memory Card,"memory-storage, photo-video-accessories, sandisk, sd-sdhc",Sandisk,125.00,,Unknown,,"If you want to get the most out of your camera, you need a memory card that can keep up. This SDXC card ensures smooth, high-resolution recordings and saves you time transferring your data. Whether it's burst shots, time-lapses, or video projects – you stay in the creative flow without having to constantly swap cards. For the highest demands in video and burst shooting With stable write speeds, the card is suitable for recordings in 6K and 4K UHD – even with slow motion or special effects. Burst shots in RAW or JPEG format are just as reliable as complex time-lapse sequences. The high read speed ensures you can quickly transfer your data to your computer. More storage, more security With up to 128 GB of capacity, you have room for large projects without having to constantly offload data. The card is built for extreme conditions – whether heat, cold, humidity, or shock – it stays ready for use. Features: High read speed of up to 280 MB/s saves time during transfers Write speed of up to 100 MB/s for smooth burst and video recording Suitable for 6K and 4K UHD video recording with stable performance RAW and JPEG burst images can be reliably saved Compatible with slow and time-lapse recording Protection against water, shock, X-rays, and extreme temperatures Long-term use thanks to durable storage technology Dimensions (W x H x D): 23.91 x 31.92 x 2.17 mm Weight: 1.67 g",https://cdn.shopify.com/s/files/1/0955/2409/4277/files/default-2026-03-20T111130.612.jpg?v=1774005105,https://cdn.shopify.com/s/files/1/0955/2409/4277/files/default-2026-03-20T111130.612.jpg?v=1774005105,2026-03-20T11:16:22+00:00
HDEW Cameras,https://hdewcameras.co.uk,15758506295621,https://hdewcameras.co.uk/products/apple-macbook-pro-14-m5-pro-15-16-core-24-1tb-space-black,"Apple MacBook Pro 14"" M5 Pro 15/16 Core 24/1TB Space Black",,35352-00665-00,Macbook,"apple-macbooks, computing, macbook-pro",Apple,2169.00,2199.00,Unknown,,"Performance | Happily ever faster. The M5 pro chip joins M5 and M5 Max to create the most advanced series of chips ever built for a pro laptop. Each chip delivers phenomenal single- and multi-threaded CPU performance and faster unified memory - giving you the kind of speed you've never thought possible. And with powerful Neural Accelerators in the M5 chip, you can fly through AI tasks at mind-bending speeds. The 36.1 cm (14.2"") 3024 x 1964 screen delivers an exceptional viewing experience, featuring vibrant colours, sharp resolution, and wide viewing angles 24 Hours battery run time allows you to stay untethered and productive for extended periods without interruption Apple M5 chip M5 brings next-generation speed and powerful on‑device AI to the personal, professional and creative tasks you do every day. Multitask seamlessly across productivity apps and utilise advanced AI capabilities Blaze through creative tasks and handle creative pursuits with ease Configure with up to 32GB unified memory Supports up to two external displays",https://cdn.shopify.com/s/files/1/0955/2409/4277/files/MacBook_Pro_M5_Black_HDEW1.jpg?v=1767696195,https://cdn.shopify.com/s/files/1/0955/2409/4277/files/MacBook_Pro_M5_Black_HDEW1.jpg?v=1767696195 | https://cdn.shopify.com/s/files/1/0955/2409/4277/files/MacBook_Pro_M5_Black_HDEW9.jpg?v=1767696195 | https://cdn.shopify.com/s/files/1/0955/2409/4277/files/MacBook_Pro_M5_Black_HDEW10.jpg?v=1767696195 | https://cdn.shopify.com/s/files/1/0955/2409/4277/files/MacBook_Pro_M5_Black_HDEW8.jpg?v=1767696195 | https://cdn.shopify.com/s/files/1/0955/2409/4277/files/MacBook_Pro_M5_Black_HDEW7.jpg?v=1767696195 | https://cdn.shopify.com/s/files/1/0955/2409/4277/files/MacBook_Pro_M5_Black_HDEW6.jpg?v=1767696195 | https://cdn.shopify.com/s/files/1/0955/2409/4277/files/MacBook_Pro_M5_Black_HDEW5.jpg?v=1767696195 | https://cdn.shopify.com/s/files/1/0955/2409/4277/files/MacBook_Pro_M5_Black_HDEW4.jpg?v=1767696195 | https://cdn.shopify.com/s/files/1/0955/2409/4277/files/MacBook_Pro_M5_Black_HDEW3.jpg?v=1767696195 | https://cdn.shopify.com/s/files/1/0955/2409/4277/files/MacBook_Pro_M5_Black_HDEW2.jpg?v=1767696195,2026-03-20T07:35:20+00:00
HDEW Cameras,https://hdewcameras.co.uk,15752659960133,https://hdewcameras.co.uk/products/dell-s2725dc-qhd-27-inch-professional-monitor,Dell S2725DC QHD 27 inch Professional Monitor,,209388,"27"" Monitor","27"" Monitor, Computer Monitor, computing",DELL,249.00,,Unknown,,"The Dell 27 Plus QHD USB-C Monitor in Ash White offers you an impressive viewing experience with a diagonal of 27 inches. Perfect image quality With a resolution of 2560 x 1440 and a refresh rate of 144 Hz, you can enjoy razor-sharp and smooth images. In-Plane Switching (IPS) technology ensures excellent colour reproduction and wide viewing angles of 178°. Easy on the eyes and comfortable Thanks to the anti-glare coating and Eye Comfort, you can work comfortably even during longer sessions. The monitor reduces blue light and is flicker-free, which is easy on your eyes. Versatile connectivity options The monitor offers numerous connectivity options, including HDMI, DisplayPort, USB-A and USB-C. With the USB-C connection, you can charge your device with up to 65 watts while transferring data at the same time. Flexibility and ergonomics The height-adjustable stand allows you to adjust the monitor perfectly to your needs. You can tilt, swivel and even use the monitor in portrait mode. Features: Diagonal: 68.47 cm (27 inches) for a large field of view Resolution: 2560 x 1440 for sharp images Refresh rate: 144 Hz for smooth motion Viewing angle: 178° vertically and horizontally for clear viewing from any position Anti-glare coating for glare-free working Contrast ratio: 1,500:1 for deep blacks Brightness: 350 cd/m² for bright images Response time: 1 ms MPRT for fast image changes Colour coverage: 99% sRGB for vivid colours USB-C port with Power Delivery up to 65 watts for fast charging Height-adjustable stand for ergonomic working Integrated speakers for added comfort Wall mount optionally available (VESA 100 x 100 mm) Dimensions with stand (W x H x D): 61.13 x 39.01 x 20.18 cm Weight with stand: 6.48 kg",https://cdn.shopify.com/s/files/1/0955/2409/4277/files/Dell_S2725DC_HDEW1.jpg?v=1773876947,https://cdn.shopify.com/s/files/1/0955/2409/4277/files/Dell_S2725DC_HDEW1.jpg?v=1773876947 | https://cdn.shopify.com/s/files/1/0955/2409/4277/files/Dell_S2725DC_HDEW2.jpg?v=1773876946 | https://cdn.shopify.com/s/files/1/0955/2409/4277/files/Dell_S2725DC_HDEW3.jpg?v=1773876946 | https://cdn.shopify.com/s/files/1/0955/2409/4277/files/Dell_S2725DC_HDEW4.jpg?v=1773876946,2026-03-18T23:38:24+00:00
HDEW Cameras,https://hdewcameras.co.uk,15752621982021,https://hdewcameras.co.uk/products/dell-p2725qe-4k-uhd-27-inch-professional-monitor,Dell P2725QE 4K UHD 27 inch Professional Monitor,,155894,"27"" Monitor","27"" Monitor, computing",Dell,379.00,,Unknown,,"Enjoy the convenience of front-facing pop-out USB-C ports and USB Type-A ports for easy connectivity. After use, the connection compartments can be easily closed again so that everything is immediately tidy again. The stand allows a variety of settings, which makes working with the Dell P2725QE even more comfortable. Features: Display diagonal: 69 cm / 27 ” Resolution: 3.840 x 2,160 Panel type: IPS Contrast ratio: 1,500:1 Brightness: 350 cd/m 2 Aspect ratio: 16:9 Viewing angle (H /V): 178 ° / 178 ° Response time: 5 ms Stand settings: Height: 150 mm Swivel: -45 ° to 45 ° Tilt: -5 ° to 21 ° Rotate: up to 90 ° Connectivity: 1x HDMI connection (supports up to QHD 2560 x 1440 100Hz according to HDMI 2.1) 1x Display Port 1.4 1x DisplayPort connection (output) 1x USB-C upstream ((5 Gbit/s) (DisplayPort 1.4 Alternate Mode, Power Delivery up to 90 W)) 1x USB-C downstream with 5 Gbit/s 3x USB-A downstream (5 Gbit/s) 1x RJ45 Ethernet connection VESA: 100 x 100",https://cdn.shopify.com/s/files/1/0955/2409/4277/files/Dell_P2725QE_Monitor_HDEW1.jpg?v=1773807604,https://cdn.shopify.com/s/files/1/0955/2409/4277/files/Dell_P2725QE_Monitor_HDEW1.jpg?v=1773807604 | https://cdn.shopify.com/s/files/1/0955/2409/4277/files/Dell_P2725QE_Monitor_HDEW2.jpg?v=1773807604 | https://cdn.shopify.com/s/files/1/0955/2409/4277/files/Dell_P2725QE_Monitor_HDEW3.jpg?v=1773807604 | https://cdn.shopify.com/s/files/1/0955/2409/4277/files/Dell_P2725QE_Monitor_HDEW4.jpg?v=1773807604,2026-03-18T23:27:28+00:00
HDEW Cameras,https://hdewcameras.co.uk,15129615204677,https://hdewcameras.co.uk/products/sandisk-extreme-portable-ssd-2tb-1050mb-s,SanDisk Extreme Portable SSD 2TB 1050MB/s,,722276,Hard Drive,"computing, sandisk, storage",Sandisk,259.00,,Unknown,,"The SanDisk Extreme PRO Portable SSD is a robust, reliable storage solution with high SSD performance. Features: Capacity: 2 TB IP-55 water and dust protection Practical snap hook to attach to your belt or backpack Interface: 2x USB 3.2 Gen 2 Compatibility: USB 3.2 Gen 2x2 (20 Gbit/s), USB 3.0, USB 2.0 Dimensions (L X W X H): 110.26 x 57.34 x 10.22 mm Sequential read: Up to 1050MB/s Sequential writing: Up to 1000MB/s USB-C to USB-C cable USB-C to USB-A cable What's in the box? SanDisk Extreme Pro Portable SSD 2TB 1050MB/s 3 Year SanDisk Warranty Delivery Address If you wish to pay using your card then unfortunately due to the value of the products we sell we can only send orders to the billing address of your card. However, If you need to have an item delivered to an alternative address to your billing address then we can do this but you would have to select to pay via either Bank Transfer or Amazon Pay. By using Amazon Payments you can select one of your saved address on Amazon for your delivery - we are happy to help over the telephone if you have not used Amazon Payments before or if you are having any problems. We understand this can sometimes be difficult with work commitments, but we will do our best to accommodate your needs. Please note we are unable to accept card payments for orders placed from outside of the UK, the only methods of payment we can accept for orders from outside of the UK would be a bank transfer or Amazon Pay. Shipping Time For UK we normally ship out your order within 3 to 5 working days of receiving your cleared payment. If you require delivery by or before a certain date please call us on 02086695668 and we will do our best to accommodate your needs. Shipping insurance is included in the cost of delivery. The following table is a guide to shipping times for orders: UK Ireland Rest of Europe Royal Mail / DPD Royal Mail / DPD N/A 3-5 Working days from Payment Processing 3-7 Working days from Payment Processing N/A Collections Alternatively, if you would rather come and collect from our office, you are more than welcome to. We would just require you to call us first on 02086695668 to place an order with us beforehand to check stock availability, and once your order is ready to collect, our sales team will contact you.",https://cdn.shopify.com/s/files/1/0955/2409/4277/files/sandisk-extreme-portable-ssd-2tb-1050mb-s-18431-p.jpg?v=1756969223,https://cdn.shopify.com/s/files/1/0955/2409/4277/files/sandisk-extreme-portable-ssd-2tb-1050mb-s-18431-p.jpg?v=1756969223,2026-03-18T16:05:53+00:00
HDEW Cameras,https://hdewcameras.co.uk,15330156380485,https://hdewcameras.co.uk/products/canon-ef-24-70mm-f2-8l-ii-usm-open-box,Canon EF 24-70mm f2.8L II USM (Cert Refurb),,08230-00104-00_OBOX,Camera Lens,"canon, ef-lenses, lenses, open-box-models, £1000+",Canon,995.00,,Unknown,,"1 CERTIFIED REFURBISHED - GREAT CONDITION SMALL MARKS ON THE LENS CAP (SEE PICTURES) ORIGINAL BOX AND ACCESSORIES 1 YEAR WARRANTY It has one Super UD lens element and two UD lens elements that minimise chromatic aberrations in the periphery at wide-angle, as well as reducing colour blurring around the edges of the subject. In addition, two types of aspherical lenses are combined to help reduce spherical aberration over the entire image area, as well as through the full zoom range. Optimised lens coatings help ensure exceptional colour balance while minimising ghosting. A ring-type USM and high-speed CPU with optimised AF algorithms ensure silent, fast autofocusing. The lens is constructed with improved dust sealing and water resistance, while fluorine coatings on the front and rear lens reduce fingerprints and smearing. A circular 9-blade diaphragm gives beautiful, soft backgrounds. A zoom lock lever locks the zoom position at the wide end for safe transporting while attached to an EOS DSLR camera over the shoulder. Large aperture L-Series standard zoom lens that combines high image quality and enhanced durability. Constant f/2.8 maximum aperture for effective imaging in low light and shallow depth of field. New optical design utilises one Super UD lens element and two UD lens elements to minimise chromatic aberration in the outer area at wide-angle; as well as eliminates colour blurring around the edges of the subject, for images with high resolution and contrast. Combines two types of aspherical elements to reduce spherical aberration, and achieve high image quality across the entire screen area and throughout the full zoom range. Highly resistant to dust and water, enabling shooting even in harsh and rigorous conditions. Nine-blade circular diaphragm delivers beautiful, soft backgrounds. Ring USM, high-speed CPU, and optimised AF algorithms for fast autofocusing. Manual focus override in One Shot AF mode allows precise manual focus even in AF mode. Optimised lens coatings ensure exceptional colour balance while minimising ghosting. Fluorine coating on front and rear lens surfaces reduces smears and fingerprints. Zoom lock lever locks the zoom position at the wide end for safe transporting. What's In The Box: Canon EF 24-70mm f/2.8L II USM Lens E-82 II 82mm Lens Cap Lens Dust Cap E (Rear) LP1219 Soft Lens Case EW-88C Tulip Lens Hood for EF 24-70mm f/2.8L II USM Lens",https://cdn.shopify.com/s/files/1/0955/2409/4277/files/canon-ef-24-70mm-f2.8l-ii-usm-1061-p_4df339d3-003e-4a96-918a-04e9b791e0cc.jpg?v=1759235579,https://cdn.shopify.com/s/files/1/0955/2409/4277/files/canon-ef-24-70mm-f2.8l-ii-usm-1061-p_4df339d3-003e-4a96-918a-04e9b791e0cc.jpg?v=1759235579 | https://cdn.shopify.com/s/files/1/0955/2409/4277/files/IMG_0299_1.jpg?v=1773931201 | https://cdn.shopify.com/s/files/1/0955/2409/4277/files/IMG_0300_1.jpg?v=1773931201 | https://cdn.shopify.com/s/files/1/0955/2409/4277/files/IMG_0302_1.jpg?v=1773931201 | https://cdn.shopify.com/s/files/1/0955/2409/4277/files/IMG_0307_1.jpg?v=1773931201 | https://cdn.shopify.com/s/files/1/0955/2409/4277/files/IMG_0308_1.jpg?v=1773931201 | https://cdn.shopify.com/s/files/1/0955/2409/4277/files/IMG_0305_1.jpg?v=1773931201 | https://cdn.shopify.com/s/files/1/0955/2409/4277/files/IMG_0310_1.jpg?v=1773931201,2026-03-18T15:30:15+00:00
HDEW Cameras,https://hdewcameras.co.uk,15751231930693,https://hdewcameras.co.uk/products/thermaltake-toughpower-gf-a3-750w-80-gold-for-gen-5-power-supply-open-box,Thermaltake Toughpower GF A3 750W 80+ Gold for Gen 5 Power Supply (Open Box),,801495_OBOX,Computer Component,"open-box-models, pc-components, power-supply",Thermaltake,69.00,,Unknown,,"1 OPEN BOX UNIT - AS NEW CONDITION NEVER USED BUT BOXED UNSEALED - SLIGHT MARKS ON BOX RETURNED AS CUSTOMER PURCHASED INCORRECT WATTAGE The Toughpower GF A3 series is fully compatible with Intel's ATX 3.0 specifications. It is equipped with a native PCIe Gen 5 connector and can run next-generation technology with a 12VHPWR cable. 1 The GF A3 Gold series offers 80 PLUS Gold efficiency, and therefore stability, longevity and reliability. Features: Fully compatible with ATX 3.0 standards Also supports NVIDIA and AMD graphics cards Connectors: 2x 4/8-pin ATX12V 1x 16-pin PCIe 5.0 (12+4-pin 12VHPWR) 1 4x 6/8-pin PCIe 8x SATA 4x IDE 1x floppy (FDD) Main connection: 1x 24-pin 80 Plus Gold for high energy efficiency 120 mm fan with liquid bearing and excellent cooling Low noise High-quality capacitors Dimensions (WxHxD): 150 x 86 x 140 mm 1 The wattage indicated on the 12VHPWR connector is the recommended wattage. (Intel Design Guideline).The native 16-PIN 12VHPWR PCIe connector of the GF A3 750W can deliver up to 300W for PCIe 5.0 graphics cards. (Note:1 The recommended wattage is an estimate of system power requirements. Actual power requirements may vary depending on specific components, usage and many other factors. 2. please refer to the GPU manufacturer's recommended power requirements before using the 12VHPWR cable).",https://cdn.shopify.com/s/files/1/0955/2409/4277/files/default_4_41b18a95-d36d-44e8-b4d2-abc57db97bf2.jpg?v=1773845474,https://cdn.shopify.com/s/files/1/0955/2409/4277/files/default_4_41b18a95-d36d-44e8-b4d2-abc57db97bf2.jpg?v=1773845474 | https://cdn.shopify.com/s/files/1/0955/2409/4277/files/IMG_0286_1.jpg?v=1773930169 | https://cdn.shopify.com/s/files/1/0955/2409/4277/files/IMG_0285_1.jpg?v=1773930169 | https://cdn.shopify.com/s/files/1/0955/2409/4277/files/IMG_0288_1.jpg?v=1773930169 | https://cdn.shopify.com/s/files/1/0955/2409/4277/files/IMG_0293_1.jpg?v=1773930169 | https://cdn.shopify.com/s/files/1/0955/2409/4277/files/IMG_0294_1.jpg?v=1773930169 | https://cdn.shopify.com/s/files/1/0955/2409/4277/files/IMG_0295_1.jpg?v=1773930169 | https://cdn.shopify.com/s/files/1/0955/2409/4277/files/IMG_0290_1.jpg?v=1773929448 | https://cdn.shopify.com/s/files/1/0955/2409/4277/files/IMG_0291_1.jpg?v=1773929448 | https://cdn.shopify.com/s/files/1/0955/2409/4277/files/IMG_0297_1.jpg?v=1773929448,2026-03-18T14:56:34+00:00
HDEW Cameras,https://hdewcameras.co.uk,15751067763013,https://hdewcameras.co.uk/products/b-w-filter-master-circular-polarising-95mm,B+W Filter Master Circular Polarising 95mm,,26B40-00381-00,Lens Filter,"b-w, filters, lens-accessories, photo-video-accessories",B+W,249.00,,Unknown,,"Key Features Circular Polarizer Filter Helps Eliminate Reflections and Glare Reduces Haze in Landscapes Greater Colour and Tonal Saturation MRC Multiresistant Nano Coating SCHOTT Optical Glass Thin Brass Rotating Filter Ring Enhanced Knurling, Greaseless Rotation This 95mm High-Transmission MRC-Nano Master Circular Polarizer Filter from B+W helps reduce reflections and glare by filtering out light that has become polarized due to reflection from non-metallic surfaces. Ambient light from the sun naturally becomes partially polarized due to reflecting off electrons in air molecules, causing the light to scatter into what appears as haze. A polarizing filter arranges this light perpendicularly to the reflected light, resulting in a noticeable reduction of glare and reflections from non-metallic surfaces and an increase in the saturation of skies and foliage. B+W's Master filter line products are equipped with the exclusive MRC nano premium coating technology. This high-quality broadband coating is applied on both sides and enhances the optical imaging properties to achieve a uniform and increased transmittance across the entire light spectrum, with minimal physically induced remaining reflection. The nano all-round protection on the filter glass ensures increased scratch resistance and extremely easy and fast cleaning. Reduces reflections and glare Clears up haze in landscapes and provides more saturated, vivid colours Better grip due to optimized filter ring knurling Grease-free polarizer for easy rotation Easier mounting due to new lacquer finish technology Durable and robust brass filter ring Suitable for use with super wide-angle and telephoto lenses Nano coating provides an improved beading effect with water for more efficient cleaning",https://cdn.shopify.com/s/files/1/0955/2409/4277/files/1646387136_1670777_829d6bee-b1e4-46b8-a6c2-f2488f8856b5.jpg?v=1773839901,https://cdn.shopify.com/s/files/1/0955/2409/4277/files/1646387136_1670777_829d6bee-b1e4-46b8-a6c2-f2488f8856b5.jpg?v=1773839901 | https://cdn.shopify.com/s/files/1/0955/2409/4277/files/1646387141_IMG_1707722_e84eec7f-2e12-4c09-9a87-7f36605a4262.jpg?v=1773839901 | https://cdn.shopify.com/s/files/1/0955/2409/4277/files/1646387141_IMG_1707723_dc86abdf-58ee-41e5-a158-cc0a9763dedf.jpg?v=1773839901 | https://cdn.shopify.com/s/files/1/0955/2409/4277/files/1646387141_IMG_1707724_1ec216b2-7143-4189-bbc1-36603aef6042.jpg?v=1773839901,2026-03-18T14:01:04+00:00
HDEW Cameras,https://hdewcameras.co.uk,15751062192453,https://hdewcameras.co.uk/products/b-w-filter-master-circular-polarising-86mm,B+W Filter Master Circular Polarising 86mm,,26B40-00380-00,Lens Filter,"b-w, filters, lens-accessories, photo-video-accessories",B+W,229.00,,Unknown,,"Key Features Circular Polarizer Filter Helps Eliminate Reflections and Glare Reduces Haze in Landscapes Greater Colour and Tonal Saturation MRC Multiresistant Nano Coating SCHOTT Optical Glass Thin Brass Rotating Filter Ring Enhanced Knurling, Greaseless Rotation This 86mm High-Transmission MRC-Nano Master Circular Polarizer Filter from B+W helps reduce reflections and glare by filtering out light that has become polarized due to reflection from non-metallic surfaces. Ambient light from the sun naturally becomes partially polarized due to reflecting off electrons in air molecules, causing the light to scatter into what appears as haze. A polarizing filter arranges this light perpendicularly to the reflected light, resulting in a noticeable reduction of glare and reflections from non-metallic surfaces and an increase in the saturation of skies and foliage. B+W's Master filter line products are equipped with the exclusive MRC nano premium coating technology. This high-quality broadband coating is applied on both sides and enhances the optical imaging properties to achieve a uniform and increased transmittance across the entire light spectrum, with minimal physically induced remaining reflection. The nano all-round protection on the filter glass ensures increased scratch resistance and extremely easy and fast cleaning. Reduces reflections and glare Clears up haze in landscapes and provides more saturated, vivid colours Better grip due to optimized filter ring knurling Grease-free polarizer for easy rotation Easier mounting due to new lacquer finish technology Durable and robust brass filter ring Suitable for use with super wide-angle and telephoto lenses Nano coating provides an improved beading effect with water for more efficient cleaning",https://cdn.shopify.com/s/files/1/0955/2409/4277/files/1646387136_1670777_829d6bee-b1e4-46b8-a6c2-f2488f8856b5.jpg?v=1773839901,https://cdn.shopify.com/s/files/1/0955/2409/4277/files/1646387136_1670777_829d6bee-b1e4-46b8-a6c2-f2488f8856b5.jpg?v=1773839901 | https://cdn.shopify.com/s/files/1/0955/2409/4277/files/1646387141_IMG_1707722_e84eec7f-2e12-4c09-9a87-7f36605a4262.jpg?v=1773839901 | https://cdn.shopify.com/s/files/1/0955/2409/4277/files/1646387141_IMG_1707723_dc86abdf-58ee-41e5-a158-cc0a9763dedf.jpg?v=1773839901 | https://cdn.shopify.com/s/files/1/0955/2409/4277/files/1646387141_IMG_1707724_1ec216b2-7143-4189-bbc1-36603aef6042.jpg?v=1773839901,2026-03-18T13:59:12+00:00
HDEW Cameras,https://hdewcameras.co.uk,15751058620741,https://hdewcameras.co.uk/products/b-w-filter-master-circular-polarising-82mm,B+W Filter Master Circular Polarising 82mm,,26B40-00379-00,Lens Filter,"b-w, filters, lens-accessories, photo-video-accessories",B+W,209.00,,Unknown,,"Key Features Circular Polarizer Filter Helps Eliminate Reflections and Glare Reduces Haze in Landscapes Greater Colour and Tonal Saturation MRC Multiresistant Nano Coating SCHOTT Optical Glass Thin Brass Rotating Filter Ring Enhanced Knurling, Greaseless Rotation This 82mm High-Transmission MRC-Nano Master Circular Polarizer Filter from B+W helps reduce reflections and glare by filtering out light that has become polarized due to reflection from non-metallic surfaces. Ambient light from the sun naturally becomes partially polarized due to reflecting off electrons in air molecules, causing the light to scatter into what appears as haze. A polarizing filter arranges this light perpendicularly to the reflected light, resulting in a noticeable reduction of glare and reflections from non-metallic surfaces and an increase in the saturation of skies and foliage. B+W's Master filter line products are equipped with the exclusive MRC nano premium coating technology. This high-quality broadband coating is applied on both sides and enhances the optical imaging properties to achieve a uniform and increased transmittance across the entire light spectrum, with minimal physically induced remaining reflection. The nano all-round protection on the filter glass ensures increased scratch resistance and extremely easy and fast cleaning. Reduces reflections and glare Clears up haze in landscapes and provides more saturated, vivid colours Better grip due to optimized filter ring knurling Grease-free polarizer for easy rotation Easier mounting due to new lacquer finish technology Durable and robust brass filter ring Suitable for use with super wide-angle and telephoto lenses Nano coating provides an improved beading effect with water for more efficient cleaning",https://cdn.shopify.com/s/files/1/0955/2409/4277/files/1646387136_1670777_829d6bee-b1e4-46b8-a6c2-f2488f8856b5.jpg?v=1773839901,https://cdn.shopify.com/s/files/1/0955/2409/4277/files/1646387136_1670777_829d6bee-b1e4-46b8-a6c2-f2488f8856b5.jpg?v=1773839901 | https://cdn.shopify.com/s/files/1/0955/2409/4277/files/1646387141_IMG_1707722_e84eec7f-2e12-4c09-9a87-7f36605a4262.jpg?v=1773839901 | https://cdn.shopify.com/s/files/1/0955/2409/4277/files/1646387141_IMG_1707723_dc86abdf-58ee-41e5-a158-cc0a9763dedf.jpg?v=1773839901 | https://cdn.shopify.com/s/files/1/0955/2409/4277/files/1646387141_IMG_1707724_1ec216b2-7143-4189-bbc1-36603aef6042.jpg?v=1773839901,2026-03-18T13:56:39+00:00
HDEW Cameras,https://hdewcameras.co.uk,15751056392517,https://hdewcameras.co.uk/products/b-w-filter-master-circular-polarising-72mm,B+W Filter Master Circular Polarising 72mm,,26B40-00377-00,Lens Filter,"b-w, filters, lens-accessories, photo-video-accessories",B+W,169.00,,Unknown,,"Key Features Circular Polarizer Filter Helps Eliminate Reflections and Glare Reduces Haze in Landscapes Greater Colour and Tonal Saturation MRC Multiresistant Nano Coating SCHOTT Optical Glass Thin Brass Rotating Filter Ring Enhanced Knurling, Greaseless Rotation This 72mm High-Transmission MRC-Nano Master Circular Polarizer Filter from B+W helps reduce reflections and glare by filtering out light that has become polarized due to reflection from non-metallic surfaces. Ambient light from the sun naturally becomes partially polarized due to reflecting off electrons in air molecules, causing the light to scatter into what appears as haze. A polarizing filter arranges this light perpendicularly to the reflected light, resulting in a noticeable reduction of glare and reflections from non-metallic surfaces and an increase in the saturation of skies and foliage. B+W's Master filter line products are equipped with the exclusive MRC nano premium coating technology. This high-quality broadband coating is applied on both sides and enhances the optical imaging properties to achieve a uniform and increased transmittance across the entire light spectrum, with minimal physically induced remaining reflection. The nano all-round protection on the filter glass ensures increased scratch resistance and extremely easy and fast cleaning. Reduces reflections and glare Clears up haze in landscapes and provides more saturated, vivid colours Better grip due to optimized filter ring knurling Grease-free polarizer for easy rotation Easier mounting due to new lacquer finish technology Durable and robust brass filter ring Suitable for use with super wide-angle and telephoto lenses Nano coating provides an improved beading effect with water for more efficient cleaning",https://cdn.shopify.com/s/files/1/0955/2409/4277/files/1646387136_1670777_829d6bee-b1e4-46b8-a6c2-f2488f8856b5.jpg?v=1773839901,https://cdn.shopify.com/s/files/1/0955/2409/4277/files/1646387136_1670777_829d6bee-b1e4-46b8-a6c2-f2488f8856b5.jpg?v=1773839901 | https://cdn.shopify.com/s/files/1/0955/2409/4277/files/1646387141_IMG_1707722_e84eec7f-2e12-4c09-9a87-7f36605a4262.jpg?v=1773839901 | https://cdn.shopify.com/s/files/1/0955/2409/4277/files/1646387141_IMG_1707723_dc86abdf-58ee-41e5-a158-cc0a9763dedf.jpg?v=1773839901 | https://cdn.shopify.com/s/files/1/0955/2409/4277/files/1646387141_IMG_1707724_1ec216b2-7143-4189-bbc1-36603aef6042.jpg?v=1773839901,2026-03-18T13:54:18+00:00
HDEW Cameras,https://hdewcameras.co.uk,15751047479621,https://hdewcameras.co.uk/products/b-w-filter-master-circular-polarising-67mm,B+W Filter Master Circular Polarising 67mm,,26B40-00376-00,Lens Filter,"b-w, filters, lens-accessories, photo-video-accessories",B+W,129.00,,Unknown,,"Key Features Circular Polarizer Filter Helps Eliminate Reflections and Glare Reduces Haze in Landscapes Greater Colour and Tonal Saturation MRC Multiresistant Nano Coating SCHOTT Optical Glass Thin Brass Rotating Filter Ring Enhanced Knurling, Greaseless Rotation This 67mm High-Transmission MRC-Nano Master Circular Polarizer Filter from B+W helps reduce reflections and glare by filtering out light that has become polarized due to reflection from non-metallic surfaces. Ambient light from the sun naturally becomes partially polarized due to reflecting off electrons in air molecules, causing the light to scatter into what appears as haze. A polarizing filter arranges this light perpendicularly to the reflected light, resulting in a noticeable reduction of glare and reflections from non-metallic surfaces and an increase in the saturation of skies and foliage. B+W's Master filter line products are equipped with the exclusive MRC nano premium coating technology. This high-quality broadband coating is applied on both sides and enhances the optical imaging properties to achieve a uniform and increased transmittance across the entire light spectrum, with minimal physically induced remaining reflection. The nano all-round protection on the filter glass ensures increased scratch resistance and extremely easy and fast cleaning. Reduces reflections and glare Clears up haze in landscapes and provides more saturated, vivid colours Better grip due to optimized filter ring knurling Grease-free polarizer for easy rotation Easier mounting due to new lacquer finish technology Durable and robust brass filter ring Suitable for use with super wide-angle and telephoto lenses Nano coating provides an improved beading effect with water for more efficient cleaning",https://cdn.shopify.com/s/files/1/0955/2409/4277/files/1646387136_1670777_829d6bee-b1e4-46b8-a6c2-f2488f8856b5.jpg?v=1773839901,https://cdn.shopify.com/s/files/1/0955/2409/4277/files/1646387136_1670777_829d6bee-b1e4-46b8-a6c2-f2488f8856b5.jpg?v=1773839901 | https://cdn.shopify.com/s/files/1/0955/2409/4277/files/1646387141_IMG_1707722_e84eec7f-2e12-4c09-9a87-7f36605a4262.jpg?v=1773839901 | https://cdn.shopify.com/s/files/1/0955/2409/4277/files/1646387141_IMG_1707723_dc86abdf-58ee-41e5-a158-cc0a9763dedf.jpg?v=1773839901 | https://cdn.shopify.com/s/files/1/0955/2409/4277/files/1646387141_IMG_1707724_1ec216b2-7143-4189-bbc1-36603aef6042.jpg?v=1773839901,2026-03-18T13:47:55+00:00
HDEW Cameras,https://hdewcameras.co.uk,15751045579077,https://hdewcameras.co.uk/products/b-w-filter-master-circular-polarising-62mm,B+W Filter Master Circular Polarising 62mm,,26B40-00375-00,Lens Filter,"b-w, filters, lens-accessories, photo-video-accessories",B+W,149.00,,Unknown,,"Key Features Circular Polarizer Filter Helps Eliminate Reflections and Glare Reduces Haze in Landscapes Greater Colour and Tonal Saturation MRC Multiresistant Nano Coating SCHOTT Optical Glass Thin Brass Rotating Filter Ring Enhanced Knurling, Greaseless Rotation This 62mm High-Transmission MRC-Nano Master Circular Polarizer Filter from B+W helps reduce reflections and glare by filtering out light that has become polarized due to reflection from non-metallic surfaces. Ambient light from the sun naturally becomes partially polarized due to reflecting off electrons in air molecules, causing the light to scatter into what appears as haze. A polarizing filter arranges this light perpendicularly to the reflected light, resulting in a noticeable reduction of glare and reflections from non-metallic surfaces and an increase in the saturation of skies and foliage. B+W's Master filter line products are equipped with the exclusive MRC nano premium coating technology. This high-quality broadband coating is applied on both sides and enhances the optical imaging properties to achieve a uniform and increased transmittance across the entire light spectrum, with minimal physically induced remaining reflection. The nano all-round protection on the filter glass ensures increased scratch resistance and extremely easy and fast cleaning. Reduces reflections and glare Clears up haze in landscapes and provides more saturated, vivid colours Better grip due to optimized filter ring knurling Grease-free polarizer for easy rotation Easier mounting due to new lacquer finish technology Durable and robust brass filter ring Suitable for use with super wide-angle and telephoto lenses Nano coating provides an improved beading effect with water for more efficient cleaning",https://cdn.shopify.com/s/files/1/0955/2409/4277/files/1646387136_1670777_829d6bee-b1e4-46b8-a6c2-f2488f8856b5.jpg?v=1773839901,https://cdn.shopify.com/s/files/1/0955/2409/4277/files/1646387136_1670777_829d6bee-b1e4-46b8-a6c2-f2488f8856b5.jpg?v=1773839901 | https://cdn.shopify.com/s/files/1/0955/2409/4277/files/1646387141_IMG_1707722_e84eec7f-2e12-4c09-9a87-7f36605a4262.jpg?v=1773839901 | https://cdn.shopify.com/s/files/1/0955/2409/4277/files/1646387141_IMG_1707723_dc86abdf-58ee-41e5-a158-cc0a9763dedf.jpg?v=1773839901 | https://cdn.shopify.com/s/files/1/0955/2409/4277/files/1646387141_IMG_1707724_1ec216b2-7143-4189-bbc1-36603aef6042.jpg?v=1773839901,2026-03-18T13:45:05+00:00
HDEW Cameras,https://hdewcameras.co.uk,15751042793797,https://hdewcameras.co.uk/products/b-w-filter-master-circular-polarising-60mm,B+W Filter Master Circular Polarising 60mm,,26B40-00374-00,Lens Filter,"b-w, filters, lens-accessories, photo-video-accessories",B+W,149.00,,Unknown,,"Key Features Circular Polarizer Filter Helps Eliminate Reflections and Glare Reduces Haze in Landscapes Greater Colour and Tonal Saturation MRC Multiresistant Nano Coating SCHOTT Optical Glass Thin Brass Rotating Filter Ring Enhanced Knurling, Greaseless Rotation This 60mm High-Transmission MRC-Nano Master Circular Polarizer Filter from B+W helps reduce reflections and glare by filtering out light that has become polarized due to reflection from non-metallic surfaces. Ambient light from the sun naturally becomes partially polarized due to reflecting off electrons in air molecules, causing the light to scatter into what appears as haze. A polarizing filter arranges this light perpendicularly to the reflected light, resulting in a noticeable reduction of glare and reflections from non-metallic surfaces and an increase in the saturation of skies and foliage. B+W's Master filter line products are equipped with the exclusive MRC nano premium coating technology. This high-quality broadband coating is applied on both sides and enhances the optical imaging properties to achieve a uniform and increased transmittance across the entire light spectrum, with minimal physically induced remaining reflection. The nano all-round protection on the filter glass ensures increased scratch resistance and extremely easy and fast cleaning. Reduces reflections and glare Clears up haze in landscapes and provides more saturated, vivid colours Better grip due to optimized filter ring knurling Grease-free polarizer for easy rotation Easier mounting due to new lacquer finish technology Durable and robust brass filter ring Suitable for use with super wide-angle and telephoto lenses Nano coating provides an improved beading effect with water for more efficient cleaning",https://cdn.shopify.com/s/files/1/0955/2409/4277/files/1646387136_1670777_829d6bee-b1e4-46b8-a6c2-f2488f8856b5.jpg?v=1773839901,https://cdn.shopify.com/s/files/1/0955/2409/4277/files/1646387136_1670777_829d6bee-b1e4-46b8-a6c2-f2488f8856b5.jpg?v=1773839901 | https://cdn.shopify.com/s/files/1/0955/2409/4277/files/1646387141_IMG_1707722_e84eec7f-2e12-4c09-9a87-7f36605a4262.jpg?v=1773839901 | https://cdn.shopify.com/s/files/1/0955/2409/4277/files/1646387141_IMG_1707723_dc86abdf-58ee-41e5-a158-cc0a9763dedf.jpg?v=1773839901 | https://cdn.shopify.com/s/files/1/0955/2409/4277/files/1646387141_IMG_1707724_1ec216b2-7143-4189-bbc1-36603aef6042.jpg?v=1773839901,2026-03-18T13:41:24+00:00
HDEW Cameras,https://hdewcameras.co.uk,15751023558981,https://hdewcameras.co.uk/products/b-w-filter-master-circular-polarising-58mm,B+W Filter Master Circular Polarising 58mm,,26B40-00373-00,Lens Filter,"b-w, filters, lens-accessories, photo-video-accessories",B+W,119.00,,Unknown,,"Key Features Circular Polarizer Filter Helps Eliminate Reflections and Glare Reduces Haze in Landscapes Greater Colour and Tonal Saturation MRC Multiresistant Nano Coating SCHOTT Optical Glass Thin Brass Rotating Filter Ring Enhanced Knurling, Greaseless Rotation This 58mm High-Transmission MRC-Nano Master Circular Polarizer Filter from B+W helps reduce reflections and glare by filtering out light that has become polarized due to reflection from non-metallic surfaces. Ambient light from the sun naturally becomes partially polarized due to reflecting off electrons in air molecules, causing the light to scatter into what appears as haze. A polarizing filter arranges this light perpendicularly to the reflected light, resulting in a noticeable reduction of glare and reflections from non-metallic surfaces and an increase in the saturation of skies and foliage. B+W's Master filter line products are equipped with the exclusive MRC nano premium coating technology. This high-quality broadband coating is applied on both sides and enhances the optical imaging properties to achieve a uniform and increased transmittance across the entire light spectrum, with minimal physically induced remaining reflection. The nano all-round protection on the filter glass ensures increased scratch resistance and extremely easy and fast cleaning. Reduces reflections and glare Clears up haze in landscapes and provides more saturated, vivid colours Better grip due to optimized filter ring knurling Grease-free polarizer for easy rotation Easier mounting due to new lacquer finish technology Durable and robust brass filter ring Suitable for use with super wide-angle and telephoto lenses Nano coating provides an improved beading effect with water for more efficient cleaning",https://cdn.shopify.com/s/files/1/0955/2409/4277/files/1646387136_1670777_829d6bee-b1e4-46b8-a6c2-f2488f8856b5.jpg?v=1773839901,https://cdn.shopify.com/s/files/1/0955/2409/4277/files/1646387136_1670777_829d6bee-b1e4-46b8-a6c2-f2488f8856b5.jpg?v=1773839901 | https://cdn.shopify.com/s/files/1/0955/2409/4277/files/1646387141_IMG_1707722_e84eec7f-2e12-4c09-9a87-7f36605a4262.jpg?v=1773839901 | https://cdn.shopify.com/s/files/1/0955/2409/4277/files/1646387141_IMG_1707723_dc86abdf-58ee-41e5-a158-cc0a9763dedf.jpg?v=1773839901 | https://cdn.shopify.com/s/files/1/0955/2409/4277/files/1646387141_IMG_1707724_1ec216b2-7143-4189-bbc1-36603aef6042.jpg?v=1773839901,2026-03-18T13:28:52+00:00
HDEW Cameras,https://hdewcameras.co.uk,15751017201989,https://hdewcameras.co.uk/products/b-w-filter-master-circular-polarising-55mm,B+W Filter Master Circular Polarising 55mm,,26B40-00372-00,Lens Filter,"b-w, filters, lens-accessories, photo-video-accessories",B+W,109.00,,Unknown,,"Key Features Circular Polarizer Filter Helps Eliminate Reflections and Glare Reduces Haze in Landscapes Greater Colour and Tonal Saturation MRC Multiresistant Nano Coating SCHOTT Optical Glass Thin Brass Rotating Filter Ring Enhanced Knurling, Greaseless Rotation This 55mm High-Transmission MRC-Nano Master Circular Polarizer Filter from B+W helps reduce reflections and glare by filtering out light that has become polarized due to reflection from non-metallic surfaces. Ambient light from the sun naturally becomes partially polarized due to reflecting off electrons in air molecules, causing the light to scatter into what appears as haze. A polarizing filter arranges this light perpendicularly to the reflected light, resulting in a noticeable reduction of glare and reflections from non-metallic surfaces and an increase in the saturation of skies and foliage. B+W's Master filter line products are equipped with the exclusive MRC nano premium coating technology. This high-quality broadband coating is applied on both sides and enhances the optical imaging properties to achieve a uniform and increased transmittance across the entire light spectrum, with minimal physically induced remaining reflection. The nano all-round protection on the filter glass ensures increased scratch resistance and extremely easy and fast cleaning. Reduces reflections and glare Clears up haze in landscapes and provides more saturated, vivid colours Better grip due to optimized filter ring knurling Grease-free polarizer for easy rotation Easier mounting due to new lacquer finish technology Durable and robust brass filter ring Suitable for use with super wide-angle and telephoto lenses Nano coating provides an improved beading effect with water for more efficient cleaning",https://cdn.shopify.com/s/files/1/0955/2409/4277/files/1646387136_1670777_829d6bee-b1e4-46b8-a6c2-f2488f8856b5.jpg?v=1773839901,https://cdn.shopify.com/s/files/1/0955/2409/4277/files/1646387136_1670777_829d6bee-b1e4-46b8-a6c2-f2488f8856b5.jpg?v=1773839901 | https://cdn.shopify.com/s/files/1/0955/2409/4277/files/1646387141_IMG_1707722_e84eec7f-2e12-4c09-9a87-7f36605a4262.jpg?v=1773839901 | https://cdn.shopify.com/s/files/1/0955/2409/4277/files/1646387141_IMG_1707723_dc86abdf-58ee-41e5-a158-cc0a9763dedf.jpg?v=1773839901 | https://cdn.shopify.com/s/files/1/0955/2409/4277/files/1646387141_IMG_1707724_1ec216b2-7143-4189-bbc1-36603aef6042.jpg?v=1773839901,2026-03-18T13:21:47+00:00
HDEW Cameras,https://hdewcameras.co.uk,15751013433669,https://hdewcameras.co.uk/products/b-w-filter-master-circular-polarising-49mm,B+W Filter Master Circular Polarising 49mm,,26B40-00370-00,Lens Filter,"b-w, filters, lens-accessories, photo-video-accessories",B+W,109.00,,Unknown,,"Key Features Circular Polarizer Filter Helps Eliminate Reflections and Glare Reduces Haze in Landscapes Greater Colour and Tonal Saturation MRC Multiresistant Nano Coating SCHOTT Optical Glass Thin Brass Rotating Filter Ring Enhanced Knurling, Greaseless Rotation This 49mm High-Transmission MRC-Nano Master Circular Polarizer Filter from B+W helps reduce reflections and glare by filtering out light that has become polarized due to reflection from non-metallic surfaces. Ambient light from the sun naturally becomes partially polarized due to reflecting off electrons in air molecules, causing the light to scatter into what appears as haze. A polarizing filter arranges this light perpendicularly to the reflected light, resulting in a noticeable reduction of glare and reflections from non-metallic surfaces and an increase in the saturation of skies and foliage. B+W's Master filter line products are equipped with the exclusive MRC nano premium coating technology. This high-quality broadband coating is applied on both sides and enhances the optical imaging properties to achieve a uniform and increased transmittance across the entire light spectrum, with minimal physically induced remaining reflection. The nano all-round protection on the filter glass ensures increased scratch resistance and extremely easy and fast cleaning. Reduces reflections and glare Clears up haze in landscapes and provides more saturated, vivid colours Better grip due to optimized filter ring knurling Grease-free polarizer for easy rotation Easier mounting due to new lacquer finish technology Durable and robust brass filter ring Suitable for use with super wide-angle and telephoto lenses Nano coating provides an improved beading effect with water for more efficient cleaning",https://cdn.shopify.com/s/files/1/0955/2409/4277/files/1646387136_1670777_829d6bee-b1e4-46b8-a6c2-f2488f8856b5.jpg?v=1773839901,https://cdn.shopify.com/s/files/1/0955/2409/4277/files/1646387136_1670777_829d6bee-b1e4-46b8-a6c2-f2488f8856b5.jpg?v=1773839901 | https://cdn.shopify.com/s/files/1/0955/2409/4277/files/1646387141_IMG_1707722_e84eec7f-2e12-4c09-9a87-7f36605a4262.jpg?v=1773839901 | https://cdn.shopify.com/s/files/1/0955/2409/4277/files/1646387141_IMG_1707723_dc86abdf-58ee-41e5-a158-cc0a9763dedf.jpg?v=1773839901 | https://cdn.shopify.com/s/files/1/0955/2409/4277/files/1646387141_IMG_1707724_1ec216b2-7143-4189-bbc1-36603aef6042.jpg?v=1773839901,2026-03-18T13:19:25+00:00
HDEW Cameras,https://hdewcameras.co.uk,15751008289093,https://hdewcameras.co.uk/products/b-w-filter-master-circular-polarising-46mm,B+W Filter Master Circular Polarising 46mm,,26B40-00369-00,Lens Filter,"b-w, filters, lens-accessories, photo-video-accessories",B+W,99.00,,Unknown,,"Key Features Circular Polarizer Filter Helps Eliminate Reflections and Glare Reduces Haze in Landscapes Greater Colour and Tonal Saturation MRC Multiresistant Nano Coating SCHOTT Optical Glass Thin Brass Rotating Filter Ring Enhanced Knurling, Greaseless Rotation This 46mm High-Transmission MRC-Nano Master Circular Polarizer Filter from B+W helps reduce reflections and glare by filtering out light that has become polarized due to reflection from non-metallic surfaces. Ambient light from the sun naturally becomes partially polarized due to reflecting off electrons in air molecules, causing the light to scatter into what appears as haze. A polarizing filter arranges this light perpendicularly to the reflected light, resulting in a noticeable reduction of glare and reflections from non-metallic surfaces and an increase in the saturation of skies and foliage. B+W's Master filter line products are equipped with the exclusive MRC nano premium coating technology. This high-quality broadband coating is applied on both sides and enhances the optical imaging properties to achieve a uniform and increased transmittance across the entire light spectrum, with minimal physically induced remaining reflection. The nano all-round protection on the filter glass ensures increased scratch resistance and extremely easy and fast cleaning. Reduces reflections and glare Clears up haze in landscapes and provides more saturated, vivid colours Better grip due to optimized filter ring knurling Grease-free polarizer for easy rotation Easier mounting due to new lacquer finish technology Durable and robust brass filter ring Suitable for use with super wide-angle and telephoto lenses Nano coating provides an improved beading effect with water for more efficient cleaning",https://cdn.shopify.com/s/files/1/0955/2409/4277/files/1646387136_1670777_64f1a38b-bdd3-42ad-955a-e5ef2cc38033.jpg?v=1773839737,https://cdn.shopify.com/s/files/1/0955/2409/4277/files/1646387136_1670777_64f1a38b-bdd3-42ad-955a-e5ef2cc38033.jpg?v=1773839737 | https://cdn.shopify.com/s/files/1/0955/2409/4277/files/1646387141_IMG_1707722_da7b2fb8-8864-4c57-ac24-3113d28628e5.jpg?v=1773839737 | https://cdn.shopify.com/s/files/1/0955/2409/4277/files/1646387141_IMG_1707723_5f0534ee-c27e-4044-bdaf-b48ae0b3a4f6.jpg?v=1773839737 | https://cdn.shopify.com/s/files/1/0955/2409/4277/files/1646387141_IMG_1707724_356f9754-a741-481c-adcc-7c4d48419fb6.jpg?v=1773839737,2026-03-18T13:17:08+00:00
HDEW Cameras,https://hdewcameras.co.uk,15751005045061,https://hdewcameras.co.uk/products/b-w-filter-master-circular-polarising-43mm,B+W Filter Master Circular Polarising 43mm,,26B40-00368-00,Lens Filter,"b-w, filters, lens-accessories, photo-video-accessories",B+W,99.00,,Unknown,,"Key Features Circular Polarizer Filter Helps Eliminate Reflections and Glare Reduces Haze in Landscapes Greater Colour and Tonal Saturation MRC Multiresistant Nano Coating SCHOTT Optical Glass Thin Brass Rotating Filter Ring Enhanced Knurling, Greaseless Rotation This 43mm High-Transmission MRC-Nano Master Circular Polarizer Filter from B+W helps reduce reflections and glare by filtering out light that has become polarized due to reflection from non-metallic surfaces. Ambient light from the sun naturally becomes partially polarized due to reflecting off electrons in air molecules, causing the light to scatter into what appears as haze. A polarizing filter arranges this light perpendicularly to the reflected light, resulting in a noticeable reduction of glare and reflections from non-metallic surfaces and an increase in the saturation of skies and foliage. B+W's Master filter line products are equipped with the exclusive MRC nano premium coating technology. This high-quality broadband coating is applied on both sides and enhances the optical imaging properties to achieve a uniform and increased transmittance across the entire light spectrum, with minimal physically induced remaining reflection. The nano all-round protection on the filter glass ensures increased scratch resistance and extremely easy and fast cleaning. Reduces reflections and glare Clears up haze in landscapes and provides more saturated, vivid colours Better grip due to optimized filter ring knurling Grease-free polarizer for easy rotation Easier mounting due to new lacquer finish technology Durable and robust brass filter ring Suitable for use with super wide-angle and telephoto lenses Nano coating provides an improved beading effect with water for more efficient cleaning",https://cdn.shopify.com/s/files/1/0955/2409/4277/files/1646387136_1670777.jpg?v=1773839487,https://cdn.shopify.com/s/files/1/0955/2409/4277/files/1646387136_1670777.jpg?v=1773839487 | https://cdn.shopify.com/s/files/1/0955/2409/4277/files/1646387141_IMG_1707722.jpg?v=1773839487 | https://cdn.shopify.com/s/files/1/0955/2409/4277/files/1646387141_IMG_1707723.jpg?v=1773839487 | https://cdn.shopify.com/s/files/1/0955/2409/4277/files/1646387141_IMG_1707724.jpg?v=1773839487,2026-03-18T13:13:50+00:00
HDEW Cameras,https://hdewcameras.co.uk,15750993838405,https://hdewcameras.co.uk/products/kodak-portra-400-colour-film-4-x-5-10-sheets,"Kodak Portra 400 Colour Film (4 x 5"", 10 Sheets)",,455406,Camera Film,"film, photo-video-accessories",Kodak,95.00,,Unknown,,"Fine grain high-speed colour negative film For years, professional photographers have preferred KODAK PROFESSIONAL PORTRA Films because of their consistently smooth, natural reproduction of the full range of skin tones. In that same tradition, the new PORTRA 400 Film is the ideal choice for portrait and fashion photography, as well as for nature, travel and outdoor photography, where the action is fast or the lighting can’t be controlled. At true ISO 400 speed, this film delivers spectacular skin tones plus exceptional colour saturation over a wide range of lighting conditions. This item is 10 sheets of 4 x 5"" Portra 400 film",https://cdn.shopify.com/s/files/1/0955/2409/4277/files/default-2026-03-18T125742.060.jpg?v=1773838792,https://cdn.shopify.com/s/files/1/0955/2409/4277/files/default-2026-03-18T125742.060.jpg?v=1773838792 | https://cdn.shopify.com/s/files/1/0955/2409/4277/files/1306861358_759671.jpg?v=1773838791,2026-03-18T13:01:25+00:00
HDEW Cameras,https://hdewcameras.co.uk,15129673269573,https://hdewcameras.co.uk/products/logitech-g-pro-x-gaming-headset-black,Logitech G PRO X Gaming Headset Black,,489183,Computer Accessory,"computing, gaming",Logitech,70.00,,Unknown,,Key Features: 7.1-channel surround sound BlUE VO!CE Microphone Technology Memory Foam and Premium imitation leather for long-lasting wearing comfort PRO-G 50-mm Loudspeaker Neodymium Magnet 35 Ohm Impedance frequency range from 20 Hz - 20 kHz microphone frequency range from 100 Hz - 10 kHz 97.7 db/mW Sensitivity Volume control on cable Sound card included Compatibility: PC with USB port Windows® 7 or later Internet connection for optional software download,https://cdn.shopify.com/s/files/1/0955/2409/4277/files/logitech-g-pro-x-gaming-headset-black-22942-p.jpg?v=1756968917,https://cdn.shopify.com/s/files/1/0955/2409/4277/files/logitech-g-pro-x-gaming-headset-black-22942-p.jpg?v=1756968917 | https://cdn.shopify.com/s/files/1/0955/2409/4277/files/default_-_2025-11-20T143210.293.jpg?v=1763649151 | https://cdn.shopify.com/s/files/1/0955/2409/4277/files/default_-_2025-11-20T143214.063.jpg?v=1763649150 | https://cdn.shopify.com/s/files/1/0955/2409/4277/files/default_-_2025-11-20T143217.537.jpg?v=1763649151,2026-03-18T12:26:01+00:00
HDEW Cameras,https://hdewcameras.co.uk,15129698992453,https://hdewcameras.co.uk/products/fenix-hm23-v2-0-aa-headlamp,Fenix HM23 v2.0 AA Headlamp,,HM23 V2.0,Torch,"categories, fenix-pro-lighting, headlamps",Fenix,35.00,,Unknown,,"Fenix HM23 V2.0 head torch upgrades the hugely popular original model with added features and performance. Completely re-designed, HM23 V2.0 easily snaps in and out of its headband holder for multi purpose use as headlamp or angle torch. A dual function pocket clip attaches the lamp unit to the headband or to a pocket, and the light features a magnetic battery cap for ultimate versatility. The lamp body is built from virtually indestructible light weight aluminium alloy and features 2 metre waterproofing. This enables the 1 x AA battery powered HM23 v2.0 to handle anything you can throw at it, and excel in the harshest environments. Equipped with a powerful Luminus SST20 LED, this headlamp provides an impressive 300-lumen output with 88-metre beam distance. Direct access 5 lumen red light and red flash also feature. With three white light brightness levels, HM23 V2.0 is a great choice as a work headlamp, and for your night time adventures whether running, camping, hiking, climbing, fishing, or for caving back-up. Due to its ruggedness, Fenix HM23 v2.0 LED head torch is also ideal for outdoor adventure centres and the tradesman's tool box, for years of dependable use. Fenix HM23 performance w ith AA alkaline battery (supplied): Low: 3 lumens (100 hrs) - 8m beam Med: 50 lumens (11.5 hrs) - 34m beam High: 300 lumens (5 hrs 22 min total) - 88m beam Red constant: 5 lumens (17 hrs) - 5m beam Red flash: 5 lumens (34 hrs) With Fenix ARB-L14-2200U Li-ion USB rechargeable battery (Not supplied): Note: High outputs can be sustained for longer with a Fenix 1.5v rechargeable battery such as ARB-L14-1600U and L14-2200U Low: 3 lumens (90 hrs) - 8m beam Med: 50 lumens (14 hrs) - 34m beam High: 300 lumens (9 hrs total) - 88m beam Red constant: 5 lumens (18 hrs) - 5m beam Red flash: 5 lumens (36 hrs) (Tested to ANSI standard - includes light level drop downs to extend run time. Please refer to the run time graph in the small images area.) Fenix HM23 v2.0 headlamp features: White and red light sources Direct access to red light output 5700-6500k white LED Easily replaceable AA battery Can use Alkaline, Ni-mH and 1.5v Fenix Li-ion battery Up to 100 hrs runtime Large single button operation provides easy access to 3 levels of brightness and 2 red light modes Memory mode remembers your last used light setting 150 degree beam angle adjustment in headlamp mode Quick release design for use as a headlamp or angle torch Pocket clip and magnetic tail cap for hands free mounting Weighs only 86g inc battery and headband Reflective headband increases visibility at night for enhanced safety IP68 water (2m depth) and dust resistance -35 to +45c operating temperature range Included in the package: Retail packaged Fenix HM23 v2 Headlamp AA Alkaline Battery Headband Spare O-ring Warranty card User manual",https://cdn.shopify.com/s/files/1/0955/2409/4277/files/fenix-hm23-v2.0-aa-headlamp-25198-p.jpg?v=1756968671,https://cdn.shopify.com/s/files/1/0955/2409/4277/files/fenix-hm23-v2.0-aa-headlamp-25198-p.jpg?v=1756968671,2026-03-18T11:34:36+00:00
HDEW Cameras,https://hdewcameras.co.uk,15129656262981,https://hdewcameras.co.uk/products/zoom-m2-mictrak-stereo-microphone-and-recorder,Zoom M2 MicTrak Stereo Microphone and Recorder,,53V30-00034-00,,"microphones, photo-video-accessories, video-accessories",Zoom,139.00,,Unknown,,"Key Features: All-in-One X/Y Microphone and Recorder For Reporting, Podcasts, Audio for Video 2-Channel Stereo Recording 44.1/48/96 kHz / 32-Bit Floating Point Cardioid Pickup Pattern 3.5mm Headphone Output, Mono Speaker microSDHC/microSDXC Compatible Built-In Backlit LCD Display AA Battery Power or USB-C Bus Power Overview: Weighing in at a single pound and sporting high max SPL levels, the M2 is easy to carry to any event or recording environment, and it can also be used as a USB audio interface to record directly to an external computer or digital recording device. The M2 is easy to power, with the ability to run off of two AA batteries, USB-C bus power, or a Zoom AD-17 AC adaptor (sold separately). The Best of Both Worlds The M2 MicTrak is designed to fuse the professional guts and features of the F-Series recorders with the convenience and portable form factor of the Handy Series. This middle road allows the M2 to provide excellent functionality at an attractive price, while remaining easy to carry to any recording scenario. 32-bit floating point recording provides excellent headroom and helps to avoid clipping issues High max SPL of 135 dB SPL delivers further protection against clipping for loud sound sources, such as performances, crowds, or instruments 11 hours of battery life for improved operating time and multiple power options, including AA battery, USB bus power, or AC adaptor (sold separately) Dual AD converter circuits, derived from the F-Series, make manual input gain adjustment unnecessary Support for broadcast- and film-quality BWF wav format as well as iXML for inclusion of location meta data on files or IP audio streams Wide Applications The M2 MicTrak is ideal for a wide range of portable sound recording applications from journalism and interviews, to podcasts, streaming, audio for video, and simply field recording or musique concrète. The M2 is small enough to fit in your coat pocket, but powerful enough to handle some of the loudest sounds, and easy to direct towards your sound source with its microphone-style form factor. What's in the box: Zoom M2 MicTrak Stereo Microphone and Recorder Windscreen Mic Clip",https://cdn.shopify.com/s/files/1/0955/2409/4277/files/zoom-m2-mictrak-stereo-microphone-and-recorder-20705-p.jpg?v=1756284530,https://cdn.shopify.com/s/files/1/0955/2409/4277/files/zoom-m2-mictrak-stereo-microphone-and-recorder-20705-p.jpg?v=1756284530,2026-03-18T07:00:35+00:00
HDEW Cameras,https://hdewcameras.co.uk,15749619614021,https://hdewcameras.co.uk/products/benq-ex271-27-inch-fhd-ips-gaming-monitor,BenQ EX271 27 inch FHD IPS Gaming Monitor,,220056,Gaming Monitor,"computing, Gaming Monitor",BenQ,199.00,,Unknown,,"The BenQ MOBIUZ EX271 is a compact 27-inch gaming monitor that delivers high image quality and vivid colours with its IPS panel and native Full HD resolution of 1920 x 1080 pixels. The LED backlighting ensures even illumination, while the wide viewing angle of 178°/178° allows content to remain clearly visible from almost any angle. With a typical brightness of 350 cd/m² and support for HDR10 / VESA DisplayHDR 400, games, films and multimedia content can be displayed with realistic contrasts and vivid colours. For gamers, the EX271 offers dynamic and smooth display: the combination of a high refresh rate of up to 220 Hz and a very fast response time of 1 ms (GtG) ensures that fast movements in the game are displayed extremely smoothly and without annoying trailing. AMD FreeSync also supports adaptive synchronisation between the graphics card and monitor to reduce tearing effects in demanding games. The diverse colour modes – including various HDRi and gaming presets – allow image optimisation depending on genre and preferences. BenQ has also considered comfort and everyday usability in the EX271: the integrated 2 x 2.5 watt stereo speakers deliver solid sound that can reproduce content such as games or videos without additional external speakers. The monitor supports modern connections such as HDMI 2.0 and DisplayPort 1.2, and the USB hub (USB-C upstream + USB-A downstream ports) allows peripherals to be conveniently connected when the monitor is connected to a PC. The tiltable stand design allows for easy adjustment of the viewing angle. BenQ has also integrated various eye care technologies that protect the eyes during long gaming or working sessions. These include flicker-free technology and blue light reduction, which reduces eye strain, as well as intuitive menu navigation with many customisation options on the device itself. Overall, the EX271 combines high-quality display technology with sophisticated features for gamers and multimedia users alike. Features: 27-inch IPS panel with Full HD (1920 x 1080) resolution 220 Hz refresh rate for particularly smooth display 1 ms (GtG) response time HDR10 / VESA DisplayHDR 400 for dynamic colour display AMD FreeSync for adaptive synchronisation Integrated stereo speakers (2x 2.5 watts) Connections: Headphone jack / 2x HDMI 2.0 / 2x USB-A 3.2 Gen 1 (5 GBit/s) / 1x USB-C 3.2 Gen 1 (supports data transfer only) / 1x DisplayPort 1.2 Eye care technologies: Flicker-Free, Low Blue Light, Brightness Intelligence Plus Gen2 Tilt-adjustable stand included in the scope of delivery Wall mount optionally available (VESA 100 x 100 mm) Dimensions with stand (W x H x D): 61.38 x 46.43 x 21.17 cm Weight with stand: 6 kg",https://cdn.shopify.com/s/files/1/0955/2409/4277/files/BenQ_EX271_HDEW1.jpg?v=1773804395,https://cdn.shopify.com/s/files/1/0955/2409/4277/files/BenQ_EX271_HDEW1.jpg?v=1773804395 | https://cdn.shopify.com/s/files/1/0955/2409/4277/files/BenQ_EX271_HDEW2.jpg?v=1773804395 | https://cdn.shopify.com/s/files/1/0955/2409/4277/files/BenQ_EX271_HDEW3.jpg?v=1773804394 | https://cdn.shopify.com/s/files/1/0955/2409/4277/files/BenQ_EX271_HDEW4.jpg?v=1773804394,2026-03-18T03:29:20+00:00
HDEW Cameras,https://hdewcameras.co.uk,15749618172229,https://hdewcameras.co.uk/products/benq-ex251-25-inch-fhd-ips-gaming-monitor,BenQ EX251 25 inch FHD IPS Gaming Monitor,,220049,Gaming Monitor,"computing, Gaming Monitor",BenQ,179.00,,Unknown,,"The BenQ MOBIUZ EX251 is a compact 25-inch gaming monitor that delivers high image quality and vivid colours with its IPS panel and native Full HD resolution of 1920 x 1080 pixels. The LED backlighting ensures even illumination, while the wide viewing angle of 178°/178° allows content to remain clearly visible from almost any angle. With a typical brightness of 350 cd/m² and support for HDR10 / VESA DisplayHDR 400, games, films and multimedia content can be displayed with realistic contrasts and vivid colours. For gamers, the EX251 offers dynamic and smooth display: the combination of a high refresh rate of up to 220 Hz and a very fast response time of 1 ms (GtG) ensures that fast movements in the game are displayed extremely smoothly and without annoying trailing. AMD FreeSync also supports adaptive synchronisation between the graphics card and monitor to reduce tearing effects in demanding games. The wide range of colour modes – including various HDRi and gaming presets – allow image optimisation according to genre and preferences. BenQ has also considered comfort and everyday usability in the EX251: the integrated 2 × 2.5 W stereo speakers deliver solid sound that can reproduce content such as games or videos without additional external speakers. The monitor supports modern connections such as HDMI 2.0 and DisplayPort 1.2, and the USB hub (USB-C upstream + USB-A downstream ports) allows peripherals to be conveniently connected when the monitor is connected to a PC. The tiltable stand design allows for easy adjustment of the viewing angle. BenQ also integrates various eye care technologies that protect the eyes during long gaming or working sessions. These include flicker-free technology and blue light reduction, which reduces eye strain, as well as intuitive menu navigation with many customisation options on the device itself. Overall, the EX251 combines high-quality display technology with sophisticated features for gamers and multimedia users alike. Features: 25-inch IPS panel with Full HD (1920 x 1080) resolution 220 Hz refresh rate for particularly smooth display 1 ms (GtG) response time HDR10 / VESA DisplayHDR 400 for dynamic colour reproduction AMD FreeSync for adaptive synchronisation Integrated stereo speakers (2x 2.5 watts) Connections: Headphone jack / 2x HDMI 2.0 / 2x USB-A 3.2 Gen 1 (5 GBit/s) / 1x USB-C 3.2 Gen 1 (supports data transfer only) / 1x DisplayPort 1.2 HDMI 2.0 and DisplayPort 1.2 ports Eye-care technologies: Flicker-Free, Low-Blue-Light, Brightness Intelligence Plus Gen2 Tilt-adjustable stand included in the scope of delivery Wall mount optionally available (VESA 100 x 100 mm) Dimensions with stand (W x H x D): 55.77 x 42.88 x 1.17 cm Weight with stand: 4.17 kg",https://cdn.shopify.com/s/files/1/0955/2409/4277/files/BenQ_EX251_HDEW1.jpg?v=1773804072,https://cdn.shopify.com/s/files/1/0955/2409/4277/files/BenQ_EX251_HDEW1.jpg?v=1773804072 | https://cdn.shopify.com/s/files/1/0955/2409/4277/files/BenQ_EX251_HDEW2.jpg?v=1773804072 | https://cdn.shopify.com/s/files/1/0955/2409/4277/files/BenQ_EX251_HDEW3.jpg?v=1773804072 | https://cdn.shopify.com/s/files/1/0955/2409/4277/files/BenQ_EX251_HDEW4.jpg?v=1773804072,2026-03-18T03:22:53+00:00
HDEW Cameras,https://hdewcameras.co.uk,15129714000197,https://hdewcameras.co.uk/products/garmin-tactix-7-standard-edition,Garmin Tactix 7 Standard Edition Premium Tactical GPS Watch,,135510,Smart Watches,"garmin, portable-devices, watches, £500+",Garmin,499.00,599.00,Unknown,,"The Garmin Tactix 7 Premium Tactical GPS Watch. Featuring a sapphire lens, traditional buttons and touchscreen display, this military GPS smartwatch offers specialised tactical features as well as mapping, music, advanced training features and more. Get up to 28 days of battery life in smartwatch mode and up to 89 hours in GPS mode. Tested to U.S. military standards (MIL-STD-810), the rugged yet sophisticated design features a large 1.4 display. Traditional button controls that work in any environment are matched with a responsive new touchscreen interface for quick access to selections and functions. Display: Technology: MIP Size: 3.56 cm (1.4"") Resolution: 280 x 280 pixels Operation / Sensors: Touchscreen Buttons on the side Acceleration sensor Heart rate sensor Functions: Altitude measurement Calorie consumption measurement Sleep monitoring Heart rate measurement 1 Pedometer Alarm clock Timer Distance measurement Energy: Lithium-ion battery Max. Running time: 28 days Dimensions: Silicone strap in black Case in black Wrist circumference: 127 - 210 mm Dimensions: 51 x 51 x 14.9 mm Weight: 89 g 1 This product is not a medical device and is not intended to diagnose, treat, cure or prevent any disease.",https://cdn.shopify.com/s/files/1/0955/2409/4277/files/garmin-tactix-7-standard-edition-26766-p.jpg?v=1756283920,https://cdn.shopify.com/s/files/1/0955/2409/4277/files/garmin-tactix-7-standard-edition-26766-p.jpg?v=1756283920 | https://cdn.shopify.com/s/files/1/0955/2409/4277/files/garmin-tactix-7-standard-edition-_282_29-26766-p.jpg?v=1756283920 | https://cdn.shopify.com/s/files/1/0955/2409/4277/files/garmin-tactix-7-standard-edition-_283_29-26766-p.jpg?v=1756283920 | https://cdn.shopify.com/s/files/1/0955/2409/4277/files/garmin-tactix-7-standard-edition-_284_29-26766-p.jpg?v=1756283920 | https://cdn.shopify.com/s/files/1/0955/2409/4277/files/garmin-tactix-7-standard-edition-_285_29-26766-p.jpg?v=1756283920,2026-03-18T01:10:51+00:00
HDEW Cameras,https://hdewcameras.co.uk,15747433627973,https://hdewcameras.co.uk/products/apple-watch-ultra-3-49mm-cellular-black-with-black-alpine-loop-l,Apple Watch Ultra 3 49mm Cellular Black with Black Alpine Loop (L),,51350-00507-00,Apple Watch,"Apple Watch Ultra 3, apple-watch, Smart Watch, sport-fitness, sports-outdoor, Wearable",APPLE,749.00,0.00,Unknown,,"Your ultimate running companion with advanced metrics, training load and the best GPS in a sports watch. Running | Optimise every stride. Calling all runners. Apple Watch Ultra 3 has everything you need to train smarter and reach your personal best. Powerful features like precision dual-frequency GPS, advanced metrics, Custom Workouts and new Workout Buddy help you ace your pace. Hit the ground running with the Action button. It's customisable and gives you quick control over a variety of functions, so you can do things like control a workout, move to your next interval, mark a segment and more. All with extreme precision. All you need is your watch. Ultra 3 has mobile connectivity built in, so you can stay better connected on the go. With a carrier plan, you can keep in touch almost anywhere, even if you've left your iPhone behind to go for a run. Advance with advanced metrics. Track your progress with metrics like running power and cadence. And if you create a Custom Workout on your watch or iPhone, you can add work and recovery intervals, set a pace for outdoor workouts and more. You can even get an estimate of your VO2 max after your run. Track your training load. Helpful insights from training load show the impact your workouts have on your body over time, so it's easier to plan when to push and when to rest - especially useful when you're training for your next big event. A battery built for stamina. Apple Watch Ultra 3 is engineered to give you even longer battery life - so you can go further and wider than ever before. When you do need to power up, you can fast-charge in just 15 minutes for up to 12 hours of normal use. On the go | Satellite communications. Up and running. Now when you're off the grid without mobile connectivity or Wi-Fi, Ultra 3 can help you stay connected using built-in satellite communications.1 So if you need critical help, you can contact emergency services via satellite - straight from your wrist. Get help with Emergency SOS via satellite. With a few simple taps, Ultra 3 can gather critical information, connect you to a satellite and reach out to emergency services, so you can get the assistance you need as quickly as possible. Be found with Find My. Use Find My to share your location via satellite so friends and family know where you are. Before you go off grid, add the contacts you plan to share your location with using your paired iPhone or Ultra 3. More sports | All-round champion. Apple Watch Ultra 3 ups your game in every sport. When you're cycling, it actively monitors your speed and efficiency so you can see your progress in real time. And in the water, it can track your sets as you swim, automatically detect stroke patterns and calculate your total distance. Time to clock your best. Find your Power Zones. Connect your personal power meter to Ultra 3 to estimate your Functional Threshold Power (FTP), the highest level of intensity theoretically maintainable for an hour. Your FTP enables Power Zones to show your current power, time in a zone and average power. Watch your cycling metrics on your iPhone. When you start a cycling workout on Ultra 3, it automatically shows up as a Live Activity on your iPhone - making it easier to see and safer when it's mounted on your handlebars.",https://cdn.shopify.com/s/files/1/0955/2409/4277/files/Apple_Watch_Ultra3_Black-Alpine_HDEW3.jpg?v=1773142025,https://cdn.shopify.com/s/files/1/0955/2409/4277/files/Apple_Watch_Ultra3_Black-Alpine_HDEW3.jpg?v=1773142025 | https://cdn.shopify.com/s/files/1/0955/2409/4277/files/Apple_Watch_Ultra3_Black-Alpine_HDEW4.jpg?v=1773142025 | https://cdn.shopify.com/s/files/1/0955/2409/4277/files/Apple_Watch_Ultra3_Black-Alpine_HDEW1.jpg?v=1773141895 | https://cdn.shopify.com/s/files/1/0955/2409/4277/files/Apple_Watch_Ultra3_Black-Alpine_HDEW5.jpg?v=1773142006,2026-03-17T00:25:10+00:00
HDEW Cameras,https://hdewcameras.co.uk,15129596657989,https://hdewcameras.co.uk/products/sandisk-256gb-extreme-pro-cfexpress-type-b-1700m-s,Sandisk 256GB Extreme Pro CFexpress Type B 1700M/s,,722794,Memory Card,"compact-flash, memory-storage, photo-video-accessories, sandisk",Sandisk,239.00,,Unknown,,"General Features Speeds That Surpass Other Cards High-speed, consistent recording and an enhanced workflow efficiency beyond existing SanDisk cards are the result of read speeds of up to 1700 MB/s and write speeds of up to 1200 MB/s. Smooth 4K Video Performance The CFexpress form factor captures raw 4K video with sustainable, low-latency performance in your video recording. XQD Compatibility The card is backward compatible with select XQD cameras that adopt firmware enabling CFexpress. The CFexpress Card Type B bridges existing devices with the future of technology.",https://cdn.shopify.com/s/files/1/0955/2409/4277/files/sandisk-256gb-extreme-pro-cfexpress-type-b-1700m-s-13722-p.jpg?v=1756284914,https://cdn.shopify.com/s/files/1/0955/2409/4277/files/sandisk-256gb-extreme-pro-cfexpress-type-b-1700m-s-13722-p.jpg?v=1756284914,2026-03-13T17:28:26+00:00
HDEW Cameras,https://hdewcameras.co.uk,15129587974469,https://hdewcameras.co.uk/products/sandisk-128gb-extreme-150mb-s-sdxc,SanDisk Extreme SDXC 128GB UHS-I C10 U3 V30,,732685,Memory Card,"memory-storage, photo-video-accessories, sandisk, sd-sdhc",Sandisk,35.00,,Unknown,,The SanDisk Extreme SDXC 150MB/s UHS-I Card U3 V30 Memory Card - 128GB for 4K UHD video and sequential burst mode photography gives shot speeds up to 70MB/s and UHS speed Class 3 (U3) recording,https://cdn.shopify.com/s/files/1/0955/2409/4277/files/sandisk-128gb-extreme-150mb-s-sdxc-4888-1-p.jpg?v=1756285007,https://cdn.shopify.com/s/files/1/0955/2409/4277/files/sandisk-128gb-extreme-150mb-s-sdxc-4888-1-p.jpg?v=1756285007,2026-03-13T12:16:54+00:00
HDEW Cameras,https://hdewcameras.co.uk,15739398324549,https://hdewcameras.co.uk/products/apple-macbook-air-m5-15-10-core-cpu-10-core-gpu-24-1tb-sky-blue,"Apple MacBook Air M5 15 10-Core CPU, 10-Core GPU 24/1TB Sky Blue",,35352-00662-00,Macbook,"Apple MacBook M5, apple-macbooks",Apple,1649.00,1699.00,Unknown,,"MacBook Air with the M5 chip brings blazing-fast speed and powerful AI capabilities into an incredibly portable design. With Apple Intelligence¹, up to 18 hours of battery life2 and fast SSD storage starting with 512GB, you can work, create and play anywhere life takes you. SUPERCHARGED BY M5 — With its faster CPU and unified memory, M5 delivers even more performance and fluidity across apps, making multitasking and creative workflows smooth and responsive. A powerful Neural Engine and next-generation GPU with Neural Accelerators give you an impressive platform for AI. APPLE INTELLIGENCE — Apple Intelligence is the personal intelligence system that helps you write, express yourself and get things done effortlessly. With groundbreaking privacy protections, it gives you peace of mind that no-one else can access your data — not even Apple.¹ UP TO 18 HOURS OF BATTERY LIFE² — MacBook Air delivers incredible battery life with amazing performance, so you can power through a full day of work or class without worrying about plugging in. A BRILLIANT 13.6-INCH DISPLAY³ — The Liquid Retina display supports 1 billion colours. Photos and videos pop with rich contrast and sharp detail, and text appears incredibly crisp. 12MP CENTRE STAGE CAMERA — Automatically stay in frame during video calls with Centre Stage or share a top-down view of your workspace with Desk View. And with a three-mic array and four-speaker sound system with Spatial Audio and Dolby Atmos, everything sounds great. CONNECT IT ALL — MacBook Air features two Thunderbolt 4 ports, a MagSafe charging port and a headphone jack — as well as the Apple N1 chip for Wi-Fi 7⁴ and Bluetooth® 6. And it supports up to two external displays. MACOS RUNS APPS FAST — All your go-to apps run lightning-fast in macOS, including built-in apps like FaceTime and Messages.⁵ Plus, built-in virus protection and free software updates help keep your Mac running smoothly and securely. IF YOU LOVE IPHONE, YOU’LL LOVE MAC — Mac works like magic with your other Apple devices. View and control what’s on your iPhone from your Mac with iPhone Mirroring.⁶ Copy something on iPhone and paste it on Mac. Send texts with Messages from your Mac, or use your Mac to answer FaceTime calls.⁵ ¹Apple Intelligence is available in beta. Some features may not be available in all regions or languages. ²Testing conducted by Apple in January 2026 using preproduction 13-inch MacBook Air systems with Apple M5, 10-core CPU and 8-core GPU, and preproduction 15-inch MacBook Air systems with Apple M5, 10-core CPU and 10-core GPU, all configured with 16GB of unified memory and 512GB SSD. Wireless web battery life tested by browsing 25 popular websites while connected to Wi-Fi. Video streaming battery life tested with 1080p content in Safari while connected to Wi-Fi. All systems tested with display brightness set to eight clicks from the bottom and keyboard backlight off. Battery life varies by use and configuration; see apple.com/au/batteries for more information. ³Screen size is measured diagonally. The display on the 13-inch MacBook Air has rounded corners at the top. When measured as a standard rectangular shape, the screen is 13.6 inches diagonally (actual viewable area is less). ⁴Wi‑Fi 7 available in countries and regions where supported. ⁵FaceTime calling requires a FaceTime‑enabled device for the caller and recipient, and a Wi‑Fi connection. ⁶Available on Mac computers with Apple silicon and Intel-based Mac computers with a T2 Security Chip. Requires that your iPhone and Mac are signed in with the same Apple Account using two-factor authentication, your iPhone and Mac are near each other and have Bluetooth and Wi-Fi turned on, and your Mac is not using AirPlay or Sidecar. Some iPhone features (such as camera and microphone) are not compatible with iPhone Mirroring.",https://cdn.shopify.com/s/files/1/0955/2409/4277/files/MacBook_Air_M5-Sky-Blue_HDEW1.jpg?v=1773369647,https://cdn.shopify.com/s/files/1/0955/2409/4277/files/MacBook_Air_M5-Sky-Blue_HDEW1.jpg?v=1773369647 | https://cdn.shopify.com/s/files/1/0955/2409/4277/files/MacBook_Air_M5-Sky-Blue_HDEW2.jpg?v=1773369647 | https://cdn.shopify.com/s/files/1/0955/2409/4277/files/MacBook_Air_M5-HDEW1.jpg?v=1773369647 | https://cdn.shopify.com/s/files/1/0955/2409/4277/files/MacBook_Air_M5-HDEW2.jpg?v=1773369647 | https://cdn.shopify.com/s/files/1/0955/2409/4277/files/MacBook_Air_M5-HDEW3.jpg?v=1773369647 | https://cdn.shopify.com/s/files/1/0955/2409/4277/files/MacBook_Air_M5-HDEW4.jpg?v=1773369647,2026-03-13T07:46:16+00:00
HDEW Cameras,https://hdewcameras.co.uk,15739382825285,https://hdewcameras.co.uk/products/apple-macbook-air-m5-15-10-core-cpu-10-core-gpu-24-1tb-midnight,"Apple MacBook Air M5 15 10-Core CPU, 10-Core GPU 24/1TB Midnight",,35352-00659-00,Macbook,"Apple MacBook M5, apple-macbooks",Apple,1649.00,1699.00,Unknown,,"MacBook Air with the M5 chip brings blazing-fast speed and powerful AI capabilities into an incredibly portable design. With Apple Intelligence¹, up to 18 hours of battery life2 and fast SSD storage starting with 512GB, you can work, create and play anywhere life takes you. SUPERCHARGED BY M5 — With its faster CPU and unified memory, M5 delivers even more performance and fluidity across apps, making multitasking and creative workflows smooth and responsive. A powerful Neural Engine and next-generation GPU with Neural Accelerators give you an impressive platform for AI. APPLE INTELLIGENCE — Apple Intelligence is the personal intelligence system that helps you write, express yourself and get things done effortlessly. With groundbreaking privacy protections, it gives you peace of mind that no-one else can access your data — not even Apple.¹ UP TO 18 HOURS OF BATTERY LIFE² — MacBook Air delivers incredible battery life with amazing performance, so you can power through a full day of work or class without worrying about plugging in. A BRILLIANT 13.6-INCH DISPLAY³ — The Liquid Retina display supports 1 billion colours. Photos and videos pop with rich contrast and sharp detail, and text appears incredibly crisp. 12MP CENTRE STAGE CAMERA — Automatically stay in frame during video calls with Centre Stage or share a top-down view of your workspace with Desk View. And with a three-mic array and four-speaker sound system with Spatial Audio and Dolby Atmos, everything sounds great. CONNECT IT ALL — MacBook Air features two Thunderbolt 4 ports, a MagSafe charging port and a headphone jack — as well as the Apple N1 chip for Wi-Fi 7⁴ and Bluetooth® 6. And it supports up to two external displays. MACOS RUNS APPS FAST — All your go-to apps run lightning-fast in macOS, including built-in apps like FaceTime and Messages.⁵ Plus, built-in virus protection and free software updates help keep your Mac running smoothly and securely. IF YOU LOVE IPHONE, YOU’LL LOVE MAC — Mac works like magic with your other Apple devices. View and control what’s on your iPhone from your Mac with iPhone Mirroring.⁶ Copy something on iPhone and paste it on Mac. Send texts with Messages from your Mac, or use your Mac to answer FaceTime calls.⁵ ¹Apple Intelligence is available in beta. Some features may not be available in all regions or languages. ²Testing conducted by Apple in January 2026 using preproduction 13-inch MacBook Air systems with Apple M5, 10-core CPU and 8-core GPU, and preproduction 15-inch MacBook Air systems with Apple M5, 10-core CPU and 10-core GPU, all configured with 16GB of unified memory and 512GB SSD. Wireless web battery life tested by browsing 25 popular websites while connected to Wi-Fi. Video streaming battery life tested with 1080p content in Safari while connected to Wi-Fi. All systems tested with display brightness set to eight clicks from the bottom and keyboard backlight off. Battery life varies by use and configuration; see apple.com/au/batteries for more information. ³Screen size is measured diagonally. The display on the 13-inch MacBook Air has rounded corners at the top. When measured as a standard rectangular shape, the screen is 13.6 inches diagonally (actual viewable area is less). ⁴Wi‑Fi 7 available in countries and regions where supported. ⁵FaceTime calling requires a FaceTime‑enabled device for the caller and recipient, and a Wi‑Fi connection. ⁶Available on Mac computers with Apple silicon and Intel-based Mac computers with a T2 Security Chip. Requires that your iPhone and Mac are signed in with the same Apple Account using two-factor authentication, your iPhone and Mac are near each other and have Bluetooth and Wi-Fi turned on, and your Mac is not using AirPlay or Sidecar. Some iPhone features (such as camera and microphone) are not compatible with iPhone Mirroring.",https://cdn.shopify.com/s/files/1/0955/2409/4277/files/MacBook_Air_M5-Midnight_HDEW1.jpg?v=1773369403,https://cdn.shopify.com/s/files/1/0955/2409/4277/files/MacBook_Air_M5-Midnight_HDEW1.jpg?v=1773369403 | https://cdn.shopify.com/s/files/1/0955/2409/4277/files/MacBook_Air_M5-Midnight_HDEW2.jpg?v=1773369403 | https://cdn.shopify.com/s/files/1/0955/2409/4277/files/MacBook_Air_M5-HDEW1.jpg?v=1773369647 | https://cdn.shopify.com/s/files/1/0955/2409/4277/files/MacBook_Air_M5-HDEW2.jpg?v=1773369647 | https://cdn.shopify.com/s/files/1/0955/2409/4277/files/MacBook_Air_M5-HDEW3.jpg?v=1773369647 | https://cdn.shopify.com/s/files/1/0955/2409/4277/files/MacBook_Air_M5-HDEW4.jpg?v=1773369647,2026-03-13T07:43:24+00:00
HDEW Cameras,https://hdewcameras.co.uk,15739366146373,https://hdewcameras.co.uk/products/apple-macbook-air-m5-15-10-core-cpu-10-core-gpu-24-1tb-starlight,"Apple MacBook Air M5 15 10-Core CPU, 10-Core GPU 24/1TB Starlight",,35352-00660-00,Macbook,"Apple MacBook M5, apple-macbooks",Apple,1649.00,1699.00,Unknown,,"MacBook Air with the M5 chip brings blazing-fast speed and powerful AI capabilities into an incredibly portable design. With Apple Intelligence¹, up to 18 hours of battery life2 and fast SSD storage starting with 512GB, you can work, create and play anywhere life takes you. SUPERCHARGED BY M5 — With its faster CPU and unified memory, M5 delivers even more performance and fluidity across apps, making multitasking and creative workflows smooth and responsive. A powerful Neural Engine and next-generation GPU with Neural Accelerators give you an impressive platform for AI. APPLE INTELLIGENCE — Apple Intelligence is the personal intelligence system that helps you write, express yourself and get things done effortlessly. With groundbreaking privacy protections, it gives you peace of mind that no-one else can access your data — not even Apple.¹ UP TO 18 HOURS OF BATTERY LIFE² — MacBook Air delivers incredible battery life with amazing performance, so you can power through a full day of work or class without worrying about plugging in. A BRILLIANT 13.6-INCH DISPLAY³ — The Liquid Retina display supports 1 billion colours. Photos and videos pop with rich contrast and sharp detail, and text appears incredibly crisp. 12MP CENTRE STAGE CAMERA — Automatically stay in frame during video calls with Centre Stage or share a top-down view of your workspace with Desk View. And with a three-mic array and four-speaker sound system with Spatial Audio and Dolby Atmos, everything sounds great. CONNECT IT ALL — MacBook Air features two Thunderbolt 4 ports, a MagSafe charging port and a headphone jack — as well as the Apple N1 chip for Wi-Fi 7⁴ and Bluetooth® 6. And it supports up to two external displays. MACOS RUNS APPS FAST — All your go-to apps run lightning-fast in macOS, including built-in apps like FaceTime and Messages.⁵ Plus, built-in virus protection and free software updates help keep your Mac running smoothly and securely. IF YOU LOVE IPHONE, YOU’LL LOVE MAC — Mac works like magic with your other Apple devices. View and control what’s on your iPhone from your Mac with iPhone Mirroring.⁶ Copy something on iPhone and paste it on Mac. Send texts with Messages from your Mac, or use your Mac to answer FaceTime calls.⁵ ¹Apple Intelligence is available in beta. Some features may not be available in all regions or languages. ²Testing conducted by Apple in January 2026 using preproduction 13-inch MacBook Air systems with Apple M5, 10-core CPU and 8-core GPU, and preproduction 15-inch MacBook Air systems with Apple M5, 10-core CPU and 10-core GPU, all configured with 16GB of unified memory and 512GB SSD. Wireless web battery life tested by browsing 25 popular websites while connected to Wi-Fi. Video streaming battery life tested with 1080p content in Safari while connected to Wi-Fi. All systems tested with display brightness set to eight clicks from the bottom and keyboard backlight off. Battery life varies by use and configuration; see apple.com/au/batteries for more information. ³Screen size is measured diagonally. The display on the 13-inch MacBook Air has rounded corners at the top. When measured as a standard rectangular shape, the screen is 13.6 inches diagonally (actual viewable area is less). ⁴Wi‑Fi 7 available in countries and regions where supported. ⁵FaceTime calling requires a FaceTime‑enabled device for the caller and recipient, and a Wi‑Fi connection. ⁶Available on Mac computers with Apple silicon and Intel-based Mac computers with a T2 Security Chip. Requires that your iPhone and Mac are signed in with the same Apple Account using two-factor authentication, your iPhone and Mac are near each other and have Bluetooth and Wi-Fi turned on, and your Mac is not using AirPlay or Sidecar. Some iPhone features (such as camera and microphone) are not compatible with iPhone Mirroring.",https://cdn.shopify.com/s/files/1/0955/2409/4277/files/MacBook_Air_M5-Starlight_HDEW1.jpg?v=1773368964,https://cdn.shopify.com/s/files/1/0955/2409/4277/files/MacBook_Air_M5-Starlight_HDEW1.jpg?v=1773368964 | https://cdn.shopify.com/s/files/1/0955/2409/4277/files/MacBook_Air_M5-Starlight_HDEW2.jpg?v=1773368964 | https://cdn.shopify.com/s/files/1/0955/2409/4277/files/MacBook_Air_M5-HDEW1.jpg?v=1773369647 | https://cdn.shopify.com/s/files/1/0955/2409/4277/files/MacBook_Air_M5-HDEW2.jpg?v=1773369647 | https://cdn.shopify.com/s/files/1/0955/2409/4277/files/MacBook_Air_M5-HDEW3.jpg?v=1773369647 | https://cdn.shopify.com/s/files/1/0955/2409/4277/files/MacBook_Air_M5-HDEW4.jpg?v=1773369647,2026-03-13T07:40:29+00:00
HDEW Cameras,https://hdewcameras.co.uk,15739341439301,https://hdewcameras.co.uk/products/apple-macbook-air-m5-15-10-core-cpu-10-core-gpu-24-1tb-silver,"Apple MacBook Air M5 15 10-Core CPU, 10-Core GPU 24/1TB Silver",,35352-00661-00,Macbook,"Apple MacBook M5, apple-macbooks, macbook-air",Apple,1549.00,1699.00,Unknown,,"MacBook Air with the M5 chip brings blazing-fast speed and powerful AI capabilities into an incredibly portable design. With Apple Intelligence¹, up to 18 hours of battery life and fast SSD storage starting with 512GB, you can work, create and play anywhere life takes you. SUPERCHARGED BY M5 — With its faster CPU and unified memory, M5 delivers even more performance and fluidity across apps, making multitasking and creative workflows smooth and responsive. A powerful Neural Engine and next-generation GPU with Neural Accelerators give you an impressive platform for AI. APPLE INTELLIGENCE — Apple Intelligence is the personal intelligence system that helps you write, express yourself and get things done effortlessly. With groundbreaking privacy protections, it gives you peace of mind that no-one else can access your data — not even Apple.¹ UP TO 18 HOURS OF BATTERY LIFE² — MacBook Air delivers incredible battery life with amazing performance, so you can power through a full day of work or class without worrying about plugging in. A BRILLIANT 13.6-INCH DISPLAY³ — The Liquid Retina display supports 1 billion colours. Photos and videos pop with rich contrast and sharp detail, and text appears incredibly crisp. 12MP CENTRE STAGE CAMERA — Automatically stay in frame during video calls with Centre Stage or share a top-down view of your workspace with Desk View. And with a three-mic array and four-speaker sound system with Spatial Audio and Dolby Atmos, everything sounds great. CONNECT IT ALL — MacBook Air features two Thunderbolt 4 ports, a MagSafe charging port and a headphone jack — as well as the Apple N1 chip for Wi-Fi 7⁴ and Bluetooth® 6. And it supports up to two external displays. MACOS RUNS APPS FAST — All your go-to apps run lightning-fast in macOS, including built-in apps like FaceTime and Messages.⁵ Plus, built-in virus protection and free software updates help keep your Mac running smoothly and securely. IF YOU LOVE IPHONE, YOU’LL LOVE MAC — Mac works like magic with your other Apple devices. View and control what’s on your iPhone from your Mac with iPhone Mirroring.⁶ Copy something on iPhone and paste it on Mac. Send texts with Messages from your Mac, or use your Mac to answer FaceTime calls.⁵ ¹Apple Intelligence is available in beta. Some features may not be available in all regions or languages. ²Testing conducted by Apple in January 2026 using preproduction 13-inch MacBook Air systems with Apple M5, 10-core CPU and 8-core GPU, and preproduction 15-inch MacBook Air systems with Apple M5, 10-core CPU and 10-core GPU, all configured with 16GB of unified memory and 512GB SSD. Wireless web battery life tested by browsing 25 popular websites while connected to Wi-Fi. Video streaming battery life tested with 1080p content in Safari while connected to Wi-Fi. All systems tested with display brightness set to eight clicks from the bottom and keyboard backlight off. Battery life varies by use and configuration; see apple.com/au/batteries for more information. ³Screen size is measured diagonally. The display on the 13-inch MacBook Air has rounded corners at the top. When measured as a standard rectangular shape, the screen is 13.6 inches diagonally (actual viewable area is less). ⁴Wi‑Fi 7 available in countries and regions where supported. ⁵FaceTime calling requires a FaceTime‑enabled device for the caller and recipient, and a Wi‑Fi connection. ⁶Available on Mac computers with Apple silicon and Intel-based Mac computers with a T2 Security Chip. Requires that your iPhone and Mac are signed in with the same Apple Account using two-factor authentication, your iPhone and Mac are near each other and have Bluetooth and Wi-Fi turned on, and your Mac is not using AirPlay or Sidecar. Some iPhone features (such as camera and microphone) are not compatible with iPhone Mirroring.",https://cdn.shopify.com/s/files/1/0955/2409/4277/files/MacBook_Air_M5-Silver_HDEW1.jpg?v=1773368674,https://cdn.shopify.com/s/files/1/0955/2409/4277/files/MacBook_Air_M5-Silver_HDEW1.jpg?v=1773368674 | https://cdn.shopify.com/s/files/1/0955/2409/4277/files/MacBook_Air_M5-Silver_HDEW2.jpg?v=1773368674 | https://cdn.shopify.com/s/files/1/0955/2409/4277/files/MacBook_Air_M5-HDEW1.jpg?v=1773369647 | https://cdn.shopify.com/s/files/1/0955/2409/4277/files/MacBook_Air_M5-HDEW2.jpg?v=1773369647 | https://cdn.shopify.com/s/files/1/0955/2409/4277/files/MacBook_Air_M5-HDEW3.jpg?v=1773369647 | https://cdn.shopify.com/s/files/1/0955/2409/4277/files/MacBook_Air_M5-HDEW4.jpg?v=1773369647,2026-03-13T07:37:19+00:00
HDEW Cameras,https://hdewcameras.co.uk,15739315257669,https://hdewcameras.co.uk/products/apple-macbook-air-m5-15-10-core-cpu-10-core-gpu-16-1tb-sky-blue,"Apple MacBook Air M5 15 10-Core CPU, 10-Core GPU 16/1TB Sky Blue",,35352-00658-00,Macbook,"Apple MacBook M5, apple-macbooks, macbook-air",Apple,1379.00,1499.00,Unknown,,"MacBook Air with the M5 chip brings blazing-fast speed and powerful AI capabilities into an incredibly portable design. With Apple Intelligence¹, up to 18 hours of battery life2 and fast SSD storage starting with 512GB, you can work, create and play anywhere life takes you. SUPERCHARGED BY M5 — With its faster CPU and unified memory, M5 delivers even more performance and fluidity across apps, making multitasking and creative workflows smooth and responsive. A powerful Neural Engine and next-generation GPU with Neural Accelerators give you an impressive platform for AI. APPLE INTELLIGENCE — Apple Intelligence is the personal intelligence system that helps you write, express yourself and get things done effortlessly. With groundbreaking privacy protections, it gives you peace of mind that no-one else can access your data — not even Apple.¹ UP TO 18 HOURS OF BATTERY LIFE² — MacBook Air delivers incredible battery life with amazing performance, so you can power through a full day of work or class without worrying about plugging in. A BRILLIANT 13.6-INCH DISPLAY³ — The Liquid Retina display supports 1 billion colours. Photos and videos pop with rich contrast and sharp detail, and text appears incredibly crisp. 12MP CENTRE STAGE CAMERA — Automatically stay in frame during video calls with Centre Stage or share a top-down view of your workspace with Desk View. And with a three-mic array and four-speaker sound system with Spatial Audio and Dolby Atmos, everything sounds great. CONNECT IT ALL — MacBook Air features two Thunderbolt 4 ports, a MagSafe charging port and a headphone jack — as well as the Apple N1 chip for Wi-Fi 7⁴ and Bluetooth® 6. And it supports up to two external displays. MACOS RUNS APPS FAST — All your go-to apps run lightning-fast in macOS, including built-in apps like FaceTime and Messages.⁵ Plus, built-in virus protection and free software updates help keep your Mac running smoothly and securely. IF YOU LOVE IPHONE, YOU’LL LOVE MAC — Mac works like magic with your other Apple devices. View and control what’s on your iPhone from your Mac with iPhone Mirroring.⁶ Copy something on iPhone and paste it on Mac. Send texts with Messages from your Mac, or use your Mac to answer FaceTime calls.⁵ ¹Apple Intelligence is available in beta. Some features may not be available in all regions or languages. ²Testing conducted by Apple in January 2026 using preproduction 13-inch MacBook Air systems with Apple M5, 10-core CPU and 8-core GPU, and preproduction 15-inch MacBook Air systems with Apple M5, 10-core CPU and 10-core GPU, all configured with 16GB of unified memory and 512GB SSD. Wireless web battery life tested by browsing 25 popular websites while connected to Wi-Fi. Video streaming battery life tested with 1080p content in Safari while connected to Wi-Fi. All systems tested with display brightness set to eight clicks from the bottom and keyboard backlight off. Battery life varies by use and configuration; see apple.com/au/batteries for more information. ³Screen size is measured diagonally. The display on the 13-inch MacBook Air has rounded corners at the top. When measured as a standard rectangular shape, the screen is 13.6 inches diagonally (actual viewable area is less). ⁴Wi‑Fi 7 available in countries and regions where supported. ⁵FaceTime calling requires a FaceTime‑enabled device for the caller and recipient, and a Wi‑Fi connection. ⁶Available on Mac computers with Apple silicon and Intel-based Mac computers with a T2 Security Chip. Requires that your iPhone and Mac are signed in with the same Apple Account using two-factor authentication, your iPhone and Mac are near each other and have Bluetooth and Wi-Fi turned on, and your Mac is not using AirPlay or Sidecar. Some iPhone features (such as camera and microphone) are not compatible with iPhone Mirroring.",https://cdn.shopify.com/s/files/1/0955/2409/4277/files/MacBook_Air_M5-Sky-Blue_HDEW1.jpg?v=1773369647,https://cdn.shopify.com/s/files/1/0955/2409/4277/files/MacBook_Air_M5-Sky-Blue_HDEW1.jpg?v=1773369647 | https://cdn.shopify.com/s/files/1/0955/2409/4277/files/MacBook_Air_M5-Sky-Blue_HDEW2.jpg?v=1773369647 | https://cdn.shopify.com/s/files/1/0955/2409/4277/files/MacBook_Air_M5-HDEW1.jpg?v=1773369647 | https://cdn.shopify.com/s/files/1/0955/2409/4277/files/MacBook_Air_M5-HDEW2.jpg?v=1773369647 | https://cdn.shopify.com/s/files/1/0955/2409/4277/files/MacBook_Air_M5-HDEW3.jpg?v=1773369647 | https://cdn.shopify.com/s/files/1/0955/2409/4277/files/MacBook_Air_M5-HDEW4.jpg?v=1773369647,2026-03-13T07:32:35+00:00
HDEW Cameras,https://hdewcameras.co.uk,15739285307717,https://hdewcameras.co.uk/products/apple-macbook-air-m5-15-10-core-cpu-10-core-gpu-16-1tb-midnight,"Apple MacBook Air M5 15 10-Core CPU, 10-Core GPU 16/1TB Midnight",,35352-00655-00,Macbook,"Apple MacBook M5, apple-macbooks",Apple,1449.00,1499.00,Unknown,,"MacBook Air with the M5 chip brings blazing-fast speed and powerful AI capabilities into an incredibly portable design. With Apple Intelligence¹, up to 18 hours of battery life2 and fast SSD storage starting with 512GB, you can work, create and play anywhere life takes you. SUPERCHARGED BY M5 — With its faster CPU and unified memory, M5 delivers even more performance and fluidity across apps, making multitasking and creative workflows smooth and responsive. A powerful Neural Engine and next-generation GPU with Neural Accelerators give you an impressive platform for AI. APPLE INTELLIGENCE — Apple Intelligence is the personal intelligence system that helps you write, express yourself and get things done effortlessly. With groundbreaking privacy protections, it gives you peace of mind that no-one else can access your data — not even Apple.¹ UP TO 18 HOURS OF BATTERY LIFE² — MacBook Air delivers incredible battery life with amazing performance, so you can power through a full day of work or class without worrying about plugging in. A BRILLIANT 13.6-INCH DISPLAY³ — The Liquid Retina display supports 1 billion colours. Photos and videos pop with rich contrast and sharp detail, and text appears incredibly crisp. 12MP CENTRE STAGE CAMERA — Automatically stay in frame during video calls with Centre Stage or share a top-down view of your workspace with Desk View. And with a three-mic array and four-speaker sound system with Spatial Audio and Dolby Atmos, everything sounds great. CONNECT IT ALL — MacBook Air features two Thunderbolt 4 ports, a MagSafe charging port and a headphone jack — as well as the Apple N1 chip for Wi-Fi 7⁴ and Bluetooth® 6. And it supports up to two external displays. MACOS RUNS APPS FAST — All your go-to apps run lightning-fast in macOS, including built-in apps like FaceTime and Messages.⁵ Plus, built-in virus protection and free software updates help keep your Mac running smoothly and securely. IF YOU LOVE IPHONE, YOU’LL LOVE MAC — Mac works like magic with your other Apple devices. View and control what’s on your iPhone from your Mac with iPhone Mirroring.⁶ Copy something on iPhone and paste it on Mac. Send texts with Messages from your Mac, or use your Mac to answer FaceTime calls.⁵ ¹Apple Intelligence is available in beta. Some features may not be available in all regions or languages. ²Testing conducted by Apple in January 2026 using preproduction 13-inch MacBook Air systems with Apple M5, 10-core CPU and 8-core GPU, and preproduction 15-inch MacBook Air systems with Apple M5, 10-core CPU and 10-core GPU, all configured with 16GB of unified memory and 512GB SSD. Wireless web battery life tested by browsing 25 popular websites while connected to Wi-Fi. Video streaming battery life tested with 1080p content in Safari while connected to Wi-Fi. All systems tested with display brightness set to eight clicks from the bottom and keyboard backlight off. Battery life varies by use and configuration; see apple.com/au/batteries for more information. ³Screen size is measured diagonally. The display on the 13-inch MacBook Air has rounded corners at the top. When measured as a standard rectangular shape, the screen is 13.6 inches diagonally (actual viewable area is less). ⁴Wi‑Fi 7 available in countries and regions where supported. ⁵FaceTime calling requires a FaceTime‑enabled device for the caller and recipient, and a Wi‑Fi connection. ⁶Available on Mac computers with Apple silicon and Intel-based Mac computers with a T2 Security Chip. Requires that your iPhone and Mac are signed in with the same Apple Account using two-factor authentication, your iPhone and Mac are near each other and have Bluetooth and Wi-Fi turned on, and your Mac is not using AirPlay or Sidecar. Some iPhone features (such as camera and microphone) are not compatible with iPhone Mirroring.",https://cdn.shopify.com/s/files/1/0955/2409/4277/files/MacBook_Air_M5-Midnight_HDEW1.jpg?v=1773369403,https://cdn.shopify.com/s/files/1/0955/2409/4277/files/MacBook_Air_M5-Midnight_HDEW1.jpg?v=1773369403 | https://cdn.shopify.com/s/files/1/0955/2409/4277/files/MacBook_Air_M5-Midnight_HDEW2.jpg?v=1773369403 | https://cdn.shopify.com/s/files/1/0955/2409/4277/files/MacBook_Air_M5-HDEW1.jpg?v=1773369647 | https://cdn.shopify.com/s/files/1/0955/2409/4277/files/MacBook_Air_M5-HDEW2.jpg?v=1773369647 | https://cdn.shopify.com/s/files/1/0955/2409/4277/files/MacBook_Air_M5-HDEW3.jpg?v=1773369647 | https://cdn.shopify.com/s/files/1/0955/2409/4277/files/MacBook_Air_M5-HDEW4.jpg?v=1773369647,2026-03-13T07:29:04+00:00
HDEW Cameras,https://hdewcameras.co.uk,15739261223237,https://hdewcameras.co.uk/products/apple-macbook-air-m5-15-10-core-cpu-10-core-gpu-16-1tb-starlight,"Apple MacBook Air M5 15 10-Core CPU, 10-Core GPU 16/1TB Starlight",,35352-00656-00,Macbook,"Apple MacBook M5, apple-macbooks",Apple,1479.00,1499.00,Unknown,,"MacBook Air with the M5 chip brings blazing-fast speed and powerful AI capabilities into an incredibly portable design. With Apple Intelligence¹, up to 18 hours of battery life2 and fast SSD storage starting with 512GB, you can work, create and play anywhere life takes you. SUPERCHARGED BY M5 — With its faster CPU and unified memory, M5 delivers even more performance and fluidity across apps, making multitasking and creative workflows smooth and responsive. A powerful Neural Engine and next-generation GPU with Neural Accelerators give you an impressive platform for AI. APPLE INTELLIGENCE — Apple Intelligence is the personal intelligence system that helps you write, express yourself and get things done effortlessly. With groundbreaking privacy protections, it gives you peace of mind that no-one else can access your data — not even Apple.¹ UP TO 18 HOURS OF BATTERY LIFE² — MacBook Air delivers incredible battery life with amazing performance, so you can power through a full day of work or class without worrying about plugging in. A BRILLIANT 13.6-INCH DISPLAY³ — The Liquid Retina display supports 1 billion colours. Photos and videos pop with rich contrast and sharp detail, and text appears incredibly crisp. 12MP CENTRE STAGE CAMERA — Automatically stay in frame during video calls with Centre Stage or share a top-down view of your workspace with Desk View. And with a three-mic array and four-speaker sound system with Spatial Audio and Dolby Atmos, everything sounds great. CONNECT IT ALL — MacBook Air features two Thunderbolt 4 ports, a MagSafe charging port and a headphone jack — as well as the Apple N1 chip for Wi-Fi 7⁴ and Bluetooth® 6. And it supports up to two external displays. MACOS RUNS APPS FAST — All your go-to apps run lightning-fast in macOS, including built-in apps like FaceTime and Messages.⁵ Plus, built-in virus protection and free software updates help keep your Mac running smoothly and securely. IF YOU LOVE IPHONE, YOU’LL LOVE MAC — Mac works like magic with your other Apple devices. View and control what’s on your iPhone from your Mac with iPhone Mirroring.⁶ Copy something on iPhone and paste it on Mac. Send texts with Messages from your Mac, or use your Mac to answer FaceTime calls.⁵ ¹Apple Intelligence is available in beta. Some features may not be available in all regions or languages. ²Testing conducted by Apple in January 2026 using preproduction 13-inch MacBook Air systems with Apple M5, 10-core CPU and 8-core GPU, and preproduction 15-inch MacBook Air systems with Apple M5, 10-core CPU and 10-core GPU, all configured with 16GB of unified memory and 512GB SSD. Wireless web battery life tested by browsing 25 popular websites while connected to Wi-Fi. Video streaming battery life tested with 1080p content in Safari while connected to Wi-Fi. All systems tested with display brightness set to eight clicks from the bottom and keyboard backlight off. Battery life varies by use and configuration; see apple.com/au/batteries for more information. ³Screen size is measured diagonally. The display on the 13-inch MacBook Air has rounded corners at the top. When measured as a standard rectangular shape, the screen is 13.6 inches diagonally (actual viewable area is less). ⁴Wi‑Fi 7 available in countries and regions where supported. ⁵FaceTime calling requires a FaceTime‑enabled device for the caller and recipient, and a Wi‑Fi connection. ⁶Available on Mac computers with Apple silicon and Intel-based Mac computers with a T2 Security Chip. Requires that your iPhone and Mac are signed in with the same Apple Account using two-factor authentication, your iPhone and Mac are near each other and have Bluetooth and Wi-Fi turned on, and your Mac is not using AirPlay or Sidecar. Some iPhone features (such as camera and microphone) are not compatible with iPhone Mirroring.",https://cdn.shopify.com/s/files/1/0955/2409/4277/files/MacBook_Air_M5-Starlight_HDEW1.jpg?v=1773368964,https://cdn.shopify.com/s/files/1/0955/2409/4277/files/MacBook_Air_M5-Starlight_HDEW1.jpg?v=1773368964 | https://cdn.shopify.com/s/files/1/0955/2409/4277/files/MacBook_Air_M5-Starlight_HDEW2.jpg?v=1773368964 | https://cdn.shopify.com/s/files/1/0955/2409/4277/files/MacBook_Air_M5-HDEW1.jpg?v=1773369647 | https://cdn.shopify.com/s/files/1/0955/2409/4277/files/MacBook_Air_M5-HDEW2.jpg?v=1773369647 | https://cdn.shopify.com/s/files/1/0955/2409/4277/files/MacBook_Air_M5-HDEW3.jpg?v=1773369647 | https://cdn.shopify.com/s/files/1/0955/2409/4277/files/MacBook_Air_M5-HDEW4.jpg?v=1773369647,2026-03-13T07:25:40+00:00
HDEW Cameras,https://hdewcameras.co.uk,15739217183045,https://hdewcameras.co.uk/products/apple-macbook-air-m5-15-10-core-cpu-10-core-gpu-16-1tb-silver,"Apple MacBook Air M5 15 10-Core CPU, 10-Core GPU 16/1TB Silver",,35352-00657-00,Macbook,"Apple MacBook M5, apple-macbooks",Apple,1449.00,1499.00,Unknown,,"MacBook Air with the M5 chip brings blazing-fast speed and powerful AI capabilities into an incredibly portable design. With Apple Intelligence¹, up to 18 hours of battery life and fast SSD storage starting with 512GB, you can work, create and play anywhere life takes you. SUPERCHARGED BY M5 — With its faster CPU and unified memory, M5 delivers even more performance and fluidity across apps, making multitasking and creative workflows smooth and responsive. A powerful Neural Engine and next-generation GPU with Neural Accelerators give you an impressive platform for AI. APPLE INTELLIGENCE — Apple Intelligence is the personal intelligence system that helps you write, express yourself and get things done effortlessly. With groundbreaking privacy protections, it gives you peace of mind that no-one else can access your data — not even Apple.¹ UP TO 18 HOURS OF BATTERY LIFE² — MacBook Air delivers incredible battery life with amazing performance, so you can power through a full day of work or class without worrying about plugging in. A BRILLIANT 13.6-INCH DISPLAY³ — The Liquid Retina display supports 1 billion colours. Photos and videos pop with rich contrast and sharp detail, and text appears incredibly crisp. 12MP CENTRE STAGE CAMERA — Automatically stay in frame during video calls with Centre Stage or share a top-down view of your workspace with Desk View. And with a three-mic array and four-speaker sound system with Spatial Audio and Dolby Atmos, everything sounds great. CONNECT IT ALL — MacBook Air features two Thunderbolt 4 ports, a MagSafe charging port and a headphone jack — as well as the Apple N1 chip for Wi-Fi 7⁴ and Bluetooth® 6. And it supports up to two external displays. MACOS RUNS APPS FAST — All your go-to apps run lightning-fast in macOS, including built-in apps like FaceTime and Messages.⁵ Plus, built-in virus protection and free software updates help keep your Mac running smoothly and securely. IF YOU LOVE IPHONE, YOU’LL LOVE MAC — Mac works like magic with your other Apple devices. View and control what’s on your iPhone from your Mac with iPhone Mirroring.⁶ Copy something on iPhone and paste it on Mac. Send texts with Messages from your Mac, or use your Mac to answer FaceTime calls.⁵ ¹Apple Intelligence is available in beta. Some features may not be available in all regions or languages. ²Testing conducted by Apple in January 2026 using preproduction 13-inch MacBook Air systems with Apple M5, 10-core CPU and 8-core GPU, and preproduction 15-inch MacBook Air systems with Apple M5, 10-core CPU and 10-core GPU, all configured with 16GB of unified memory and 512GB SSD. Wireless web battery life tested by browsing 25 popular websites while connected to Wi-Fi. Video streaming battery life tested with 1080p content in Safari while connected to Wi-Fi. All systems tested with display brightness set to eight clicks from the bottom and keyboard backlight off. Battery life varies by use and configuration; see apple.com/au/batteries for more information. ³Screen size is measured diagonally. The display on the 13-inch MacBook Air has rounded corners at the top. When measured as a standard rectangular shape, the screen is 13.6 inches diagonally (actual viewable area is less). ⁴Wi‑Fi 7 available in countries and regions where supported. ⁵FaceTime calling requires a FaceTime‑enabled device for the caller and recipient, and a Wi‑Fi connection. ⁶Available on Mac computers with Apple silicon and Intel-based Mac computers with a T2 Security Chip. Requires that your iPhone and Mac are signed in with the same Apple Account using two-factor authentication, your iPhone and Mac are near each other and have Bluetooth and Wi-Fi turned on, and your Mac is not using AirPlay or Sidecar. Some iPhone features (such as camera and microphone) are not compatible with iPhone Mirroring.",https://cdn.shopify.com/s/files/1/0955/2409/4277/files/MacBook_Air_M5-Silver_HDEW1.jpg?v=1773368674,https://cdn.shopify.com/s/files/1/0955/2409/4277/files/MacBook_Air_M5-Silver_HDEW1.jpg?v=1773368674 | https://cdn.shopify.com/s/files/1/0955/2409/4277/files/MacBook_Air_M5-Silver_HDEW2.jpg?v=1773368674 | https://cdn.shopify.com/s/files/1/0955/2409/4277/files/MacBook_Air_M5-HDEW1.jpg?v=1773369647 | https://cdn.shopify.com/s/files/1/0955/2409/4277/files/MacBook_Air_M5-HDEW2.jpg?v=1773369647 | https://cdn.shopify.com/s/files/1/0955/2409/4277/files/MacBook_Air_M5-HDEW3.jpg?v=1773369647 | https://cdn.shopify.com/s/files/1/0955/2409/4277/files/MacBook_Air_M5-HDEW4.jpg?v=1773369647,2026-03-13T07:20:54+00:00
HDEW Cameras,https://hdewcameras.co.uk,15738626867525,https://hdewcameras.co.uk/products/apple-macbook-air-m5-15-10-core-cpu-10-core-gpu-16-512gb-sky-blue,"Apple MacBook Air M5 15 10-Core CPU, 10-Core GPU 16/512GB Sky Blue",,35352-00654-00,Macbook,"Apple MacBook M5, apple-macbooks",Apple,1199.00,1299.00,Unknown,,"MacBook Air with the M5 chip brings blazing-fast speed and powerful AI capabilities into an incredibly portable design. With Apple Intelligence¹, up to 18 hours of battery life2 and fast SSD storage starting with 512GB, you can work, create and play anywhere life takes you. SUPERCHARGED BY M5 — With its faster CPU and unified memory, M5 delivers even more performance and fluidity across apps, making multitasking and creative workflows smooth and responsive. A powerful Neural Engine and next-generation GPU with Neural Accelerators give you an impressive platform for AI. APPLE INTELLIGENCE — Apple Intelligence is the personal intelligence system that helps you write, express yourself and get things done effortlessly. With groundbreaking privacy protections, it gives you peace of mind that no-one else can access your data — not even Apple.¹ UP TO 18 HOURS OF BATTERY LIFE² — MacBook Air delivers incredible battery life with amazing performance, so you can power through a full day of work or class without worrying about plugging in. A BRILLIANT 13.6-INCH DISPLAY³ — The Liquid Retina display supports 1 billion colours. Photos and videos pop with rich contrast and sharp detail, and text appears incredibly crisp. 12MP CENTRE STAGE CAMERA — Automatically stay in frame during video calls with Centre Stage or share a top-down view of your workspace with Desk View. And with a three-mic array and four-speaker sound system with Spatial Audio and Dolby Atmos, everything sounds great. CONNECT IT ALL — MacBook Air features two Thunderbolt 4 ports, a MagSafe charging port and a headphone jack — as well as the Apple N1 chip for Wi-Fi 7⁴ and Bluetooth® 6. And it supports up to two external displays. MACOS RUNS APPS FAST — All your go-to apps run lightning-fast in macOS, including built-in apps like FaceTime and Messages.⁵ Plus, built-in virus protection and free software updates help keep your Mac running smoothly and securely. IF YOU LOVE IPHONE, YOU’LL LOVE MAC — Mac works like magic with your other Apple devices. View and control what’s on your iPhone from your Mac with iPhone Mirroring.⁶ Copy something on iPhone and paste it on Mac. Send texts with Messages from your Mac, or use your Mac to answer FaceTime calls.⁵ ¹Apple Intelligence is available in beta. Some features may not be available in all regions or languages. ²Testing conducted by Apple in January 2026 using preproduction 13-inch MacBook Air systems with Apple M5, 10-core CPU and 8-core GPU, and preproduction 15-inch MacBook Air systems with Apple M5, 10-core CPU and 10-core GPU, all configured with 16GB of unified memory and 512GB SSD. Wireless web battery life tested by browsing 25 popular websites while connected to Wi-Fi. Video streaming battery life tested with 1080p content in Safari while connected to Wi-Fi. All systems tested with display brightness set to eight clicks from the bottom and keyboard backlight off. Battery life varies by use and configuration; see apple.com/au/batteries for more information. ³Screen size is measured diagonally. The display on the 13-inch MacBook Air has rounded corners at the top. When measured as a standard rectangular shape, the screen is 13.6 inches diagonally (actual viewable area is less). ⁴Wi‑Fi 7 available in countries and regions where supported. ⁵FaceTime calling requires a FaceTime‑enabled device for the caller and recipient, and a Wi‑Fi connection. ⁶Available on Mac computers with Apple silicon and Intel-based Mac computers with a T2 Security Chip. Requires that your iPhone and Mac are signed in with the same Apple Account using two-factor authentication, your iPhone and Mac are near each other and have Bluetooth and Wi-Fi turned on, and your Mac is not using AirPlay or Sidecar. Some iPhone features (such as camera and microphone) are not compatible with iPhone Mirroring.",https://cdn.shopify.com/s/files/1/0955/2409/4277/files/MacBook_Air_M5-Sky-Blue_HDEW1.jpg?v=1773369647,https://cdn.shopify.com/s/files/1/0955/2409/4277/files/MacBook_Air_M5-Sky-Blue_HDEW1.jpg?v=1773369647 | https://cdn.shopify.com/s/files/1/0955/2409/4277/files/MacBook_Air_M5-Sky-Blue_HDEW2.jpg?v=1773369647 | https://cdn.shopify.com/s/files/1/0955/2409/4277/files/MacBook_Air_M5-HDEW1.jpg?v=1773369647 | https://cdn.shopify.com/s/files/1/0955/2409/4277/files/MacBook_Air_M5-HDEW2.jpg?v=1773369647 | https://cdn.shopify.com/s/files/1/0955/2409/4277/files/MacBook_Air_M5-HDEW3.jpg?v=1773369647 | https://cdn.shopify.com/s/files/1/0955/2409/4277/files/MacBook_Air_M5-HDEW4.jpg?v=1773369647,2026-03-13T04:55:19+00:00
HDEW Cameras,https://hdewcameras.co.uk,15738624901445,https://hdewcameras.co.uk/products/apple-macbook-air-m5-15-10-core-cpu-10-core-gpu-16-512gb-midnight,"Apple MacBook Air M5 15 10-Core CPU, 10-Core GPU 16/512GB Midnight",,35352-00651-00,Macbook,"Apple MacBook M5, apple-macbooks, macbook-air",Apple,1199.00,1299.00,Unknown,,"MacBook Air with the M5 chip brings blazing-fast speed and powerful AI capabilities into an incredibly portable design. With Apple Intelligence¹, up to 18 hours of battery life2 and fast SSD storage starting with 512GB, you can work, create and play anywhere life takes you. SUPERCHARGED BY M5 — With its faster CPU and unified memory, M5 delivers even more performance and fluidity across apps, making multitasking and creative workflows smooth and responsive. A powerful Neural Engine and next-generation GPU with Neural Accelerators give you an impressive platform for AI. APPLE INTELLIGENCE — Apple Intelligence is the personal intelligence system that helps you write, express yourself and get things done effortlessly. With groundbreaking privacy protections, it gives you peace of mind that no-one else can access your data — not even Apple.¹ UP TO 18 HOURS OF BATTERY LIFE² — MacBook Air delivers incredible battery life with amazing performance, so you can power through a full day of work or class without worrying about plugging in. A BRILLIANT 13.6-INCH DISPLAY³ — The Liquid Retina display supports 1 billion colours. Photos and videos pop with rich contrast and sharp detail, and text appears incredibly crisp. 12MP CENTRE STAGE CAMERA — Automatically stay in frame during video calls with Centre Stage or share a top-down view of your workspace with Desk View. And with a three-mic array and four-speaker sound system with Spatial Audio and Dolby Atmos, everything sounds great. CONNECT IT ALL — MacBook Air features two Thunderbolt 4 ports, a MagSafe charging port and a headphone jack — as well as the Apple N1 chip for Wi-Fi 7⁴ and Bluetooth® 6. And it supports up to two external displays. MACOS RUNS APPS FAST — All your go-to apps run lightning-fast in macOS, including built-in apps like FaceTime and Messages.⁵ Plus, built-in virus protection and free software updates help keep your Mac running smoothly and securely. IF YOU LOVE IPHONE, YOU’LL LOVE MAC — Mac works like magic with your other Apple devices. View and control what’s on your iPhone from your Mac with iPhone Mirroring.⁶ Copy something on iPhone and paste it on Mac. Send texts with Messages from your Mac, or use your Mac to answer FaceTime calls.⁵ ¹Apple Intelligence is available in beta. Some features may not be available in all regions or languages. ²Testing conducted by Apple in January 2026 using preproduction 13-inch MacBook Air systems with Apple M5, 10-core CPU and 8-core GPU, and preproduction 15-inch MacBook Air systems with Apple M5, 10-core CPU and 10-core GPU, all configured with 16GB of unified memory and 512GB SSD. Wireless web battery life tested by browsing 25 popular websites while connected to Wi-Fi. Video streaming battery life tested with 1080p content in Safari while connected to Wi-Fi. All systems tested with display brightness set to eight clicks from the bottom and keyboard backlight off. Battery life varies by use and configuration; see apple.com/au/batteries for more information. ³Screen size is measured diagonally. The display on the 13-inch MacBook Air has rounded corners at the top. When measured as a standard rectangular shape, the screen is 13.6 inches diagonally (actual viewable area is less). ⁴Wi‑Fi 7 available in countries and regions where supported. ⁵FaceTime calling requires a FaceTime‑enabled device for the caller and recipient, and a Wi‑Fi connection. ⁶Available on Mac computers with Apple silicon and Intel-based Mac computers with a T2 Security Chip. Requires that your iPhone and Mac are signed in with the same Apple Account using two-factor authentication, your iPhone and Mac are near each other and have Bluetooth and Wi-Fi turned on, and your Mac is not using AirPlay or Sidecar. Some iPhone features (such as camera and microphone) are not compatible with iPhone Mirroring.",https://cdn.shopify.com/s/files/1/0955/2409/4277/files/MacBook_Air_M5-Midnight_HDEW1.jpg?v=1773369403,https://cdn.shopify.com/s/files/1/0955/2409/4277/files/MacBook_Air_M5-Midnight_HDEW1.jpg?v=1773369403 | https://cdn.shopify.com/s/files/1/0955/2409/4277/files/MacBook_Air_M5-Midnight_HDEW2.jpg?v=1773369403 | https://cdn.shopify.com/s/files/1/0955/2409/4277/files/MacBook_Air_M5-HDEW1.jpg?v=1773369647 | https://cdn.shopify.com/s/files/1/0955/2409/4277/files/MacBook_Air_M5-HDEW2.jpg?v=1773369647 | https://cdn.shopify.com/s/files/1/0955/2409/4277/files/MacBook_Air_M5-HDEW3.jpg?v=1773369647 | https://cdn.shopify.com/s/files/1/0955/2409/4277/files/MacBook_Air_M5-HDEW4.jpg?v=1773369647,2026-03-13T03:45:21+00:00
HDEW Cameras,https://hdewcameras.co.uk,15738624835909,https://hdewcameras.co.uk/products/apple-macbook-air-m5-15-10-core-cpu-10-core-gpu-16-512gb-starlight,"Apple MacBook Air M5 15 10-Core CPU, 10-Core GPU 16/512GB Starlight",,35352-00652-00,Macbook,"Apple MacBook M5, apple-macbooks",Apple,1249.00,1299.00,Unknown,,"MacBook Air with the M5 chip brings blazing-fast speed and powerful AI capabilities into an incredibly portable design. With Apple Intelligence¹, up to 18 hours of battery life and fast SSD storage starting with 512GB, you can work, create and play anywhere life takes you. SUPERCHARGED BY M5 — With its faster CPU and unified memory, M5 delivers even more performance and fluidity across apps, making multitasking and creative workflows smooth and responsive. A powerful Neural Engine and next-generation GPU with Neural Accelerators give you an impressive platform for AI. APPLE INTELLIGENCE — Apple Intelligence is the personal intelligence system that helps you write, express yourself and get things done effortlessly. With groundbreaking privacy protections, it gives you peace of mind that no-one else can access your data — not even Apple.¹ UP TO 18 HOURS OF BATTERY LIFE² — MacBook Air delivers incredible battery life with amazing performance, so you can power through a full day of work or class without worrying about plugging in. A BRILLIANT 13.6-INCH DISPLAY³ — The Liquid Retina display supports 1 billion colours. Photos and videos pop with rich contrast and sharp detail, and text appears incredibly crisp. 12MP CENTRE STAGE CAMERA — Automatically stay in frame during video calls with Centre Stage or share a top-down view of your workspace with Desk View. And with a three-mic array and four-speaker sound system with Spatial Audio and Dolby Atmos, everything sounds great. CONNECT IT ALL — MacBook Air features two Thunderbolt 4 ports, a MagSafe charging port and a headphone jack — as well as the Apple N1 chip for Wi-Fi 7⁴ and Bluetooth® 6. And it supports up to two external displays. MACOS RUNS APPS FAST — All your go-to apps run lightning-fast in macOS, including built-in apps like FaceTime and Messages.⁵ Plus, built-in virus protection and free software updates help keep your Mac running smoothly and securely. IF YOU LOVE IPHONE, YOU’LL LOVE MAC — Mac works like magic with your other Apple devices. View and control what’s on your iPhone from your Mac with iPhone Mirroring.⁶ Copy something on iPhone and paste it on Mac. Send texts with Messages from your Mac, or use your Mac to answer FaceTime calls.⁵ ¹Apple Intelligence is available in beta. Some features may not be available in all regions or languages. ²Testing conducted by Apple in January 2026 using preproduction 13-inch MacBook Air systems with Apple M5, 10-core CPU and 8-core GPU, and preproduction 15-inch MacBook Air systems with Apple M5, 10-core CPU and 10-core GPU, all configured with 16GB of unified memory and 512GB SSD. Wireless web battery life tested by browsing 25 popular websites while connected to Wi-Fi. Video streaming battery life tested with 1080p content in Safari while connected to Wi-Fi. All systems tested with display brightness set to eight clicks from the bottom and keyboard backlight off. Battery life varies by use and configuration; see apple.com/au/batteries for more information. ³Screen size is measured diagonally. The display on the 13-inch MacBook Air has rounded corners at the top. When measured as a standard rectangular shape, the screen is 13.6 inches diagonally (actual viewable area is less). ⁴Wi‑Fi 7 available in countries and regions where supported. ⁵FaceTime calling requires a FaceTime‑enabled device for the caller and recipient, and a Wi‑Fi connection. ⁶Available on Mac computers with Apple silicon and Intel-based Mac computers with a T2 Security Chip. Requires that your iPhone and Mac are signed in with the same Apple Account using two-factor authentication, your iPhone and Mac are near each other and have Bluetooth and Wi-Fi turned on, and your Mac is not using AirPlay or Sidecar. Some iPhone features (such as camera and microphone) are not compatible with iPhone Mirroring.",https://cdn.shopify.com/s/files/1/0955/2409/4277/files/MacBook_Air_M5-Starlight_HDEW1.jpg?v=1773368964,https://cdn.shopify.com/s/files/1/0955/2409/4277/files/MacBook_Air_M5-Starlight_HDEW1.jpg?v=1773368964 | https://cdn.shopify.com/s/files/1/0955/2409/4277/files/MacBook_Air_M5-Starlight_HDEW2.jpg?v=1773368964 | https://cdn.shopify.com/s/files/1/0955/2409/4277/files/MacBook_Air_M5-HDEW1.jpg?v=1773369647 | https://cdn.shopify.com/s/files/1/0955/2409/4277/files/MacBook_Air_M5-HDEW2.jpg?v=1773369647 | https://cdn.shopify.com/s/files/1/0955/2409/4277/files/MacBook_Air_M5-HDEW3.jpg?v=1773369647 | https://cdn.shopify.com/s/files/1/0955/2409/4277/files/MacBook_Air_M5-HDEW4.jpg?v=1773369647,2026-03-13T03:41:40+00:00
HDEW Cameras,https://hdewcameras.co.uk,15738621985093,https://hdewcameras.co.uk/products/apple-macbook-air-m5-15-10-core-cpu-8-core-gpu-16-512gb-silver,"Apple MacBook Air M5 15 10-Core CPU, 10-Core GPU 16/512GB Silver",,35352-00653-00,Macbook,"Apple MacBook M5, apple-macbooks, macbook-air",Apple,1199.00,1299.00,Unknown,,"MacBook Air with the M5 chip brings blazing-fast speed and powerful AI capabilities into an incredibly portable design. With Apple Intelligence¹, up to 18 hours of battery life and fast SSD storage starting with 512GB, you can work, create and play anywhere life takes you. SUPERCHARGED BY M5 — With its faster CPU and unified memory, M5 delivers even more performance and fluidity across apps, making multitasking and creative workflows smooth and responsive. A powerful Neural Engine and next-generation GPU with Neural Accelerators give you an impressive platform for AI. APPLE INTELLIGENCE — Apple Intelligence is the personal intelligence system that helps you write, express yourself and get things done effortlessly. With groundbreaking privacy protections, it gives you peace of mind that no-one else can access your data — not even Apple.¹ UP TO 18 HOURS OF BATTERY LIFE² — MacBook Air delivers incredible battery life with amazing performance, so you can power through a full day of work or class without worrying about plugging in. A BRILLIANT 15 INCH DISPLAY³ — The Liquid Retina display supports 1 billion colours. Photos and videos pop with rich contrast and sharp detail, and text appears incredibly crisp. 12MP CENTRE STAGE CAMERA — Automatically stay in frame during video calls with Centre Stage or share a top-down view of your workspace with Desk View. And with a three-mic array and four-speaker sound system with Spatial Audio and Dolby Atmos, everything sounds great. CONNECT IT ALL — MacBook Air features two Thunderbolt 4 ports, a MagSafe charging port and a headphone jack — as well as the Apple N1 chip for Wi-Fi 7⁴ and Bluetooth® 6. And it supports up to two external displays. MACOS RUNS APPS FAST — All your go-to apps run lightning-fast in macOS, including built-in apps like FaceTime and Messages.⁵ Plus, built-in virus protection and free software updates help keep your Mac running smoothly and securely. IF YOU LOVE IPHONE, YOU’LL LOVE MAC — Mac works like magic with your other Apple devices. View and control what’s on your iPhone from your Mac with iPhone Mirroring.⁶ Copy something on iPhone and paste it on Mac. Send texts with Messages from your Mac, or use your Mac to answer FaceTime calls.⁵ ¹Apple Intelligence is available in beta. Some features may not be available in all regions or languages. ²Testing conducted by Apple in January 2026 using preproduction 13-inch MacBook Air systems with Apple M5, 10-core CPU and 8-core GPU, and preproduction 15-inch MacBook Air systems with Apple M5, 10-core CPU and 10-core GPU, all configured with 16GB of unified memory and 512GB SSD. Wireless web battery life tested by browsing 25 popular websites while connected to Wi-Fi. Video streaming battery life tested with 1080p content in Safari while connected to Wi-Fi. All systems tested with display brightness set to eight clicks from the bottom and keyboard backlight off. Battery life varies by use and configuration; see apple.com/au/batteries for more information. ³Screen size is measured diagonally. The display on the 13-inch MacBook Air has rounded corners at the top. When measured as a standard rectangular shape, the screen is 13.6 inches diagonally (actual viewable area is less). ⁴Wi‑Fi 7 available in countries and regions where supported. ⁵FaceTime calling requires a FaceTime‑enabled device for the caller and recipient, and a Wi‑Fi connection. ⁶Available on Mac computers with Apple silicon and Intel-based Mac computers with a T2 Security Chip. Requires that your iPhone and Mac are signed in with the same Apple Account using two-factor authentication, your iPhone and Mac are near each other and have Bluetooth and Wi-Fi turned on, and your Mac is not using AirPlay or Sidecar. Some iPhone features (such as camera and microphone) are not compatible with iPhone Mirroring.",https://cdn.shopify.com/s/files/1/0955/2409/4277/files/MacBook_Air_M5-Silver_HDEW1.jpg?v=1773368674,https://cdn.shopify.com/s/files/1/0955/2409/4277/files/MacBook_Air_M5-Silver_HDEW1.jpg?v=1773368674 | https://cdn.shopify.com/s/files/1/0955/2409/4277/files/MacBook_Air_M5-Silver_HDEW2.jpg?v=1773368674 | https://cdn.shopify.com/s/files/1/0955/2409/4277/files/MacBook_Air_M5-HDEW1.jpg?v=1773369647 | https://cdn.shopify.com/s/files/1/0955/2409/4277/files/MacBook_Air_M5-HDEW2.jpg?v=1773369647 | https://cdn.shopify.com/s/files/1/0955/2409/4277/files/MacBook_Air_M5-HDEW3.jpg?v=1773369647 | https://cdn.shopify.com/s/files/1/0955/2409/4277/files/MacBook_Air_M5-HDEW4.jpg?v=1773369647,2026-03-13T03:38:02+00:00
HDEW Cameras,https://hdewcameras.co.uk,15738620870981,https://hdewcameras.co.uk/products/apple-macbook-air-m5-13-10-core-cpu-10-core-gpu-24-1tb-sky-blue,"Apple MacBook Air M5 13 10-Core CPU, 10-Core GPU 24/1TB Sky Blue",,35352-00650-00,Macbook,"Apple MacBook M5, apple-macbooks",Apple,1479.00,1499.00,Unknown,,"MacBook Air with the M5 chip brings blazing-fast speed and powerful AI capabilities into an incredibly portable design. With Apple Intelligence¹, up to 18 hours of battery life2 and fast SSD storage starting with 512GB, you can work, create and play anywhere life takes you. SUPERCHARGED BY M5 — With its faster CPU and unified memory, M5 delivers even more performance and fluidity across apps, making multitasking and creative workflows smooth and responsive. A powerful Neural Engine and next-generation GPU with Neural Accelerators give you an impressive platform for AI. APPLE INTELLIGENCE — Apple Intelligence is the personal intelligence system that helps you write, express yourself and get things done effortlessly. With groundbreaking privacy protections, it gives you peace of mind that no-one else can access your data — not even Apple.¹ UP TO 18 HOURS OF BATTERY LIFE² — MacBook Air delivers incredible battery life with amazing performance, so you can power through a full day of work or class without worrying about plugging in. A BRILLIANT 13.6-INCH DISPLAY³ — The Liquid Retina display supports 1 billion colours. Photos and videos pop with rich contrast and sharp detail, and text appears incredibly crisp. 12MP CENTRE STAGE CAMERA — Automatically stay in frame during video calls with Centre Stage or share a top-down view of your workspace with Desk View. And with a three-mic array and four-speaker sound system with Spatial Audio and Dolby Atmos, everything sounds great. CONNECT IT ALL — MacBook Air features two Thunderbolt 4 ports, a MagSafe charging port and a headphone jack — as well as the Apple N1 chip for Wi-Fi 7⁴ and Bluetooth® 6. And it supports up to two external displays. MACOS RUNS APPS FAST — All your go-to apps run lightning-fast in macOS, including built-in apps like FaceTime and Messages.⁵ Plus, built-in virus protection and free software updates help keep your Mac running smoothly and securely. IF YOU LOVE IPHONE, YOU’LL LOVE MAC — Mac works like magic with your other Apple devices. View and control what’s on your iPhone from your Mac with iPhone Mirroring.⁶ Copy something on iPhone and paste it on Mac. Send texts with Messages from your Mac, or use your Mac to answer FaceTime calls.⁵ ¹Apple Intelligence is available in beta. Some features may not be available in all regions or languages. ²Testing conducted by Apple in January 2026 using preproduction 13-inch MacBook Air systems with Apple M5, 10-core CPU and 8-core GPU, and preproduction 15-inch MacBook Air systems with Apple M5, 10-core CPU and 10-core GPU, all configured with 16GB of unified memory and 512GB SSD. Wireless web battery life tested by browsing 25 popular websites while connected to Wi-Fi. Video streaming battery life tested with 1080p content in Safari while connected to Wi-Fi. All systems tested with display brightness set to eight clicks from the bottom and keyboard backlight off. Battery life varies by use and configuration; see apple.com/au/batteries for more information. ³Screen size is measured diagonally. The display on the 13-inch MacBook Air has rounded corners at the top. When measured as a standard rectangular shape, the screen is 13.6 inches diagonally (actual viewable area is less). ⁴Wi‑Fi 7 available in countries and regions where supported. ⁵FaceTime calling requires a FaceTime‑enabled device for the caller and recipient, and a Wi‑Fi connection. ⁶Available on Mac computers with Apple silicon and Intel-based Mac computers with a T2 Security Chip. Requires that your iPhone and Mac are signed in with the same Apple Account using two-factor authentication, your iPhone and Mac are near each other and have Bluetooth and Wi-Fi turned on, and your Mac is not using AirPlay or Sidecar. Some iPhone features (such as camera and microphone) are not compatible with iPhone Mirroring.",https://cdn.shopify.com/s/files/1/0955/2409/4277/files/MacBook_Air_M5-Sky-Blue_HDEW1.jpg?v=1773369647,https://cdn.shopify.com/s/files/1/0955/2409/4277/files/MacBook_Air_M5-Sky-Blue_HDEW1.jpg?v=1773369647 | https://cdn.shopify.com/s/files/1/0955/2409/4277/files/MacBook_Air_M5-Sky-Blue_HDEW2.jpg?v=1773369647 | https://cdn.shopify.com/s/files/1/0955/2409/4277/files/MacBook_Air_M5-HDEW1.jpg?v=1773369647 | https://cdn.shopify.com/s/files/1/0955/2409/4277/files/MacBook_Air_M5-HDEW2.jpg?v=1773369647 | https://cdn.shopify.com/s/files/1/0955/2409/4277/files/MacBook_Air_M5-HDEW3.jpg?v=1773369647 | https://cdn.shopify.com/s/files/1/0955/2409/4277/files/MacBook_Air_M5-HDEW4.jpg?v=1773369647,2026-03-13T03:22:47+00:00
HDEW Cameras,https://hdewcameras.co.uk,15738620674373,https://hdewcameras.co.uk/products/apple-macbook-air-m5-13-10-core-cpu-10-core-gpu-24-1tb-midnight,"Apple MacBook Air M5 13 10-Core CPU, 10-Core GPU 24/1TB Midnight",,35352-00647-00,Macbook,"Apple MacBook M5, apple-macbooks",Apple,1479.00,1499.00,Unknown,,"MacBook Air with the M5 chip brings blazing-fast speed and powerful AI capabilities into an incredibly portable design. With Apple Intelligence¹, up to 18 hours of battery life2 and fast SSD storage starting with 512GB, you can work, create and play anywhere life takes you. SUPERCHARGED BY M5 — With its faster CPU and unified memory, M5 delivers even more performance and fluidity across apps, making multitasking and creative workflows smooth and responsive. A powerful Neural Engine and next-generation GPU with Neural Accelerators give you an impressive platform for AI. APPLE INTELLIGENCE — Apple Intelligence is the personal intelligence system that helps you write, express yourself and get things done effortlessly. With groundbreaking privacy protections, it gives you peace of mind that no-one else can access your data — not even Apple.¹ UP TO 18 HOURS OF BATTERY LIFE² — MacBook Air delivers incredible battery life with amazing performance, so you can power through a full day of work or class without worrying about plugging in. A BRILLIANT 13.6-INCH DISPLAY³ — The Liquid Retina display supports 1 billion colours. Photos and videos pop with rich contrast and sharp detail, and text appears incredibly crisp. 12MP CENTRE STAGE CAMERA — Automatically stay in frame during video calls with Centre Stage or share a top-down view of your workspace with Desk View. And with a three-mic array and four-speaker sound system with Spatial Audio and Dolby Atmos, everything sounds great. CONNECT IT ALL — MacBook Air features two Thunderbolt 4 ports, a MagSafe charging port and a headphone jack — as well as the Apple N1 chip for Wi-Fi 7⁴ and Bluetooth® 6. And it supports up to two external displays. MACOS RUNS APPS FAST — All your go-to apps run lightning-fast in macOS, including built-in apps like FaceTime and Messages.⁵ Plus, built-in virus protection and free software updates help keep your Mac running smoothly and securely. IF YOU LOVE IPHONE, YOU’LL LOVE MAC — Mac works like magic with your other Apple devices. View and control what’s on your iPhone from your Mac with iPhone Mirroring.⁶ Copy something on iPhone and paste it on Mac. Send texts with Messages from your Mac, or use your Mac to answer FaceTime calls.⁵ ¹Apple Intelligence is available in beta. Some features may not be available in all regions or languages. ²Testing conducted by Apple in January 2026 using preproduction 13-inch MacBook Air systems with Apple M5, 10-core CPU and 8-core GPU, and preproduction 15-inch MacBook Air systems with Apple M5, 10-core CPU and 10-core GPU, all configured with 16GB of unified memory and 512GB SSD. Wireless web battery life tested by browsing 25 popular websites while connected to Wi-Fi. Video streaming battery life tested with 1080p content in Safari while connected to Wi-Fi. All systems tested with display brightness set to eight clicks from the bottom and keyboard backlight off. Battery life varies by use and configuration; see apple.com/au/batteries for more information. ³Screen size is measured diagonally. The display on the 13-inch MacBook Air has rounded corners at the top. When measured as a standard rectangular shape, the screen is 13.6 inches diagonally (actual viewable area is less). ⁴Wi‑Fi 7 available in countries and regions where supported. ⁵FaceTime calling requires a FaceTime‑enabled device for the caller and recipient, and a Wi‑Fi connection. ⁶Available on Mac computers with Apple silicon and Intel-based Mac computers with a T2 Security Chip. Requires that your iPhone and Mac are signed in with the same Apple Account using two-factor authentication, your iPhone and Mac are near each other and have Bluetooth and Wi-Fi turned on, and your Mac is not using AirPlay or Sidecar. Some iPhone features (such as camera and microphone) are not compatible with iPhone Mirroring.",https://cdn.shopify.com/s/files/1/0955/2409/4277/files/MacBook_Air_M5-Midnight_HDEW1.jpg?v=1773369403,https://cdn.shopify.com/s/files/1/0955/2409/4277/files/MacBook_Air_M5-Midnight_HDEW1.jpg?v=1773369403 | https://cdn.shopify.com/s/files/1/0955/2409/4277/files/MacBook_Air_M5-Midnight_HDEW2.jpg?v=1773369403 | https://cdn.shopify.com/s/files/1/0955/2409/4277/files/MacBook_Air_M5-HDEW1.jpg?v=1773369647 | https://cdn.shopify.com/s/files/1/0955/2409/4277/files/MacBook_Air_M5-HDEW2.jpg?v=1773369647 | https://cdn.shopify.com/s/files/1/0955/2409/4277/files/MacBook_Air_M5-HDEW3.jpg?v=1773369647 | https://cdn.shopify.com/s/files/1/0955/2409/4277/files/MacBook_Air_M5-HDEW4.jpg?v=1773369647,2026-03-13T03:19:29+00:00
HDEW Cameras,https://hdewcameras.co.uk,15738608582981,https://hdewcameras.co.uk/products/apple-macbook-air-m5-13-10-core-cpu-10-core-gpu-24-1tb-starlight,"Apple MacBook Air M5 13 10-Core CPU, 10-Core GPU 24/1TB Starlight",,35352-00648-00,Macbook,"Apple MacBook M5, apple-macbooks, macbook-air",Apple,1429.00,1499.00,Unknown,,"MacBook Air with the M5 chip brings blazing-fast speed and powerful AI capabilities into an incredibly portable design. With Apple Intelligence¹, up to 18 hours of battery life2 and fast SSD storage starting with 512GB, you can work, create and play anywhere life takes you. SUPERCHARGED BY M5 — With its faster CPU and unified memory, M5 delivers even more performance and fluidity across apps, making multitasking and creative workflows smooth and responsive. A powerful Neural Engine and next-generation GPU with Neural Accelerators give you an impressive platform for AI. APPLE INTELLIGENCE — Apple Intelligence is the personal intelligence system that helps you write, express yourself and get things done effortlessly. With groundbreaking privacy protections, it gives you peace of mind that no-one else can access your data — not even Apple.¹ UP TO 18 HOURS OF BATTERY LIFE² — MacBook Air delivers incredible battery life with amazing performance, so you can power through a full day of work or class without worrying about plugging in. A BRILLIANT 13.6-INCH DISPLAY³ — The Liquid Retina display supports 1 billion colours. Photos and videos pop with rich contrast and sharp detail, and text appears incredibly crisp. 12MP CENTRE STAGE CAMERA — Automatically stay in frame during video calls with Centre Stage or share a top-down view of your workspace with Desk View. And with a three-mic array and four-speaker sound system with Spatial Audio and Dolby Atmos, everything sounds great. CONNECT IT ALL — MacBook Air features two Thunderbolt 4 ports, a MagSafe charging port and a headphone jack — as well as the Apple N1 chip for Wi-Fi 7⁴ and Bluetooth® 6. And it supports up to two external displays. MACOS RUNS APPS FAST — All your go-to apps run lightning-fast in macOS, including built-in apps like FaceTime and Messages.⁵ Plus, built-in virus protection and free software updates help keep your Mac running smoothly and securely. IF YOU LOVE IPHONE, YOU’LL LOVE MAC — Mac works like magic with your other Apple devices. View and control what’s on your iPhone from your Mac with iPhone Mirroring.⁶ Copy something on iPhone and paste it on Mac. Send texts with Messages from your Mac, or use your Mac to answer FaceTime calls.⁵ ¹Apple Intelligence is available in beta. Some features may not be available in all regions or languages. ²Testing conducted by Apple in January 2026 using preproduction 13-inch MacBook Air systems with Apple M5, 10-core CPU and 8-core GPU, and preproduction 15-inch MacBook Air systems with Apple M5, 10-core CPU and 10-core GPU, all configured with 16GB of unified memory and 512GB SSD. Wireless web battery life tested by browsing 25 popular websites while connected to Wi-Fi. Video streaming battery life tested with 1080p content in Safari while connected to Wi-Fi. All systems tested with display brightness set to eight clicks from the bottom and keyboard backlight off. Battery life varies by use and configuration; see apple.com/au/batteries for more information. ³Screen size is measured diagonally. The display on the 13-inch MacBook Air has rounded corners at the top. When measured as a standard rectangular shape, the screen is 13.6 inches diagonally (actual viewable area is less). ⁴Wi‑Fi 7 available in countries and regions where supported. ⁵FaceTime calling requires a FaceTime‑enabled device for the caller and recipient, and a Wi‑Fi connection. ⁶Available on Mac computers with Apple silicon and Intel-based Mac computers with a T2 Security Chip. Requires that your iPhone and Mac are signed in with the same Apple Account using two-factor authentication, your iPhone and Mac are near each other and have Bluetooth and Wi-Fi turned on, and your Mac is not using AirPlay or Sidecar. Some iPhone features (such as camera and microphone) are not compatible with iPhone Mirroring.",https://cdn.shopify.com/s/files/1/0955/2409/4277/files/MacBook_Air_M5-Starlight_HDEW1.jpg?v=1773368964,https://cdn.shopify.com/s/files/1/0955/2409/4277/files/MacBook_Air_M5-Starlight_HDEW1.jpg?v=1773368964 | https://cdn.shopify.com/s/files/1/0955/2409/4277/files/MacBook_Air_M5-Starlight_HDEW2.jpg?v=1773368964 | https://cdn.shopify.com/s/files/1/0955/2409/4277/files/MacBook_Air_M5-HDEW1.jpg?v=1773369647 | https://cdn.shopify.com/s/files/1/0955/2409/4277/files/MacBook_Air_M5-HDEW2.jpg?v=1773369647 | https://cdn.shopify.com/s/files/1/0955/2409/4277/files/MacBook_Air_M5-HDEW3.jpg?v=1773369647 | https://cdn.shopify.com/s/files/1/0955/2409/4277/files/MacBook_Air_M5-HDEW4.jpg?v=1773369647,2026-03-13T03:04:07+00:00
HDEW Cameras,https://hdewcameras.co.uk,15738608484677,https://hdewcameras.co.uk/products/apple-macbook-air-m5-13-10-core-cpu-10-core-gpu-24-1tb-silver,"Apple MacBook Air M5 13 10-Core CPU, 10-Core GPU 24/1TB Silver",,35352-00649-00,Macbook,"Apple MacBook M5, apple-macbooks",Apple,1479.00,1499.00,Unknown,,"MacBook Air with the M5 chip brings blazing-fast speed and powerful AI capabilities into an incredibly portable design. With Apple Intelligence¹, up to 18 hours of battery life2 and fast SSD storage starting with 512GB, you can work, create and play anywhere life takes you. SUPERCHARGED BY M5 — With its faster CPU and unified memory, M5 delivers even more performance and fluidity across apps, making multitasking and creative workflows smooth and responsive. A powerful Neural Engine and next-generation GPU with Neural Accelerators give you an impressive platform for AI. APPLE INTELLIGENCE — Apple Intelligence is the personal intelligence system that helps you write, express yourself and get things done effortlessly. With groundbreaking privacy protections, it gives you peace of mind that no-one else can access your data — not even Apple.¹ UP TO 18 HOURS OF BATTERY LIFE² — MacBook Air delivers incredible battery life with amazing performance, so you can power through a full day of work or class without worrying about plugging in. A BRILLIANT 13.6-INCH DISPLAY³ — The Liquid Retina display supports 1 billion colours. Photos and videos pop with rich contrast and sharp detail, and text appears incredibly crisp. 12MP CENTRE STAGE CAMERA — Automatically stay in frame during video calls with Centre Stage or share a top-down view of your workspace with Desk View. And with a three-mic array and four-speaker sound system with Spatial Audio and Dolby Atmos, everything sounds great. CONNECT IT ALL — MacBook Air features two Thunderbolt 4 ports, a MagSafe charging port and a headphone jack — as well as the Apple N1 chip for Wi-Fi 7⁴ and Bluetooth® 6. And it supports up to two external displays. MACOS RUNS APPS FAST — All your go-to apps run lightning-fast in macOS, including built-in apps like FaceTime and Messages.⁵ Plus, built-in virus protection and free software updates help keep your Mac running smoothly and securely. IF YOU LOVE IPHONE, YOU’LL LOVE MAC — Mac works like magic with your other Apple devices. View and control what’s on your iPhone from your Mac with iPhone Mirroring.⁶ Copy something on iPhone and paste it on Mac. Send texts with Messages from your Mac, or use your Mac to answer FaceTime calls.⁵ ¹Apple Intelligence is available in beta. Some features may not be available in all regions or languages. ²Testing conducted by Apple in January 2026 using preproduction 13-inch MacBook Air systems with Apple M5, 10-core CPU and 8-core GPU, and preproduction 15-inch MacBook Air systems with Apple M5, 10-core CPU and 10-core GPU, all configured with 16GB of unified memory and 512GB SSD. Wireless web battery life tested by browsing 25 popular websites while connected to Wi-Fi. Video streaming battery life tested with 1080p content in Safari while connected to Wi-Fi. All systems tested with display brightness set to eight clicks from the bottom and keyboard backlight off. Battery life varies by use and configuration; see apple.com/au/batteries for more information. ³Screen size is measured diagonally. The display on the 13-inch MacBook Air has rounded corners at the top. When measured as a standard rectangular shape, the screen is 13.6 inches diagonally (actual viewable area is less). ⁴Wi‑Fi 7 available in countries and regions where supported. ⁵FaceTime calling requires a FaceTime‑enabled device for the caller and recipient, and a Wi‑Fi connection. ⁶Available on Mac computers with Apple silicon and Intel-based Mac computers with a T2 Security Chip. Requires that your iPhone and Mac are signed in with the same Apple Account using two-factor authentication, your iPhone and Mac are near each other and have Bluetooth and Wi-Fi turned on, and your Mac is not using AirPlay or Sidecar. Some iPhone features (such as camera and microphone) are not compatible with iPhone Mirroring.",https://cdn.shopify.com/s/files/1/0955/2409/4277/files/MacBook_Air_M5-Silver_HDEW1.jpg?v=1773368674,https://cdn.shopify.com/s/files/1/0955/2409/4277/files/MacBook_Air_M5-Silver_HDEW1.jpg?v=1773368674 | https://cdn.shopify.com/s/files/1/0955/2409/4277/files/MacBook_Air_M5-Silver_HDEW2.jpg?v=1773368674 | https://cdn.shopify.com/s/files/1/0955/2409/4277/files/MacBook_Air_M5-HDEW1.jpg?v=1773369647 | https://cdn.shopify.com/s/files/1/0955/2409/4277/files/MacBook_Air_M5-HDEW2.jpg?v=1773369647 | https://cdn.shopify.com/s/files/1/0955/2409/4277/files/MacBook_Air_M5-HDEW3.jpg?v=1773369647 | https://cdn.shopify.com/s/files/1/0955/2409/4277/files/MacBook_Air_M5-HDEW4.jpg?v=1773369647,2026-03-13T03:01:36+00:00
HDEW Cameras,https://hdewcameras.co.uk,15738608255301,https://hdewcameras.co.uk/products/apple-macbook-air-m5-13-10-core-cpu-10-core-gpu-1tb-sky-blue,"Apple MacBook Air M5 13 10-Core CPU, 10-Core GPU 1TB Sky Blue",,35352-00646-00,Macbook,"Apple MacBook M5, apple-macbooks",Apple,1179.00,1299.00,Unknown,,"MacBook Air with the M5 chip brings blazing-fast speed and powerful AI capabilities into an incredibly portable design. With Apple Intelligence¹, up to 18 hours of battery life2 and fast SSD storage starting with 512GB, you can work, create and play anywhere life takes you. SUPERCHARGED BY M5 — With its faster CPU and unified memory, M5 delivers even more performance and fluidity across apps, making multitasking and creative workflows smooth and responsive. A powerful Neural Engine and next-generation GPU with Neural Accelerators give you an impressive platform for AI. APPLE INTELLIGENCE — Apple Intelligence is the personal intelligence system that helps you write, express yourself and get things done effortlessly. With groundbreaking privacy protections, it gives you peace of mind that no-one else can access your data — not even Apple.¹ UP TO 18 HOURS OF BATTERY LIFE² — MacBook Air delivers incredible battery life with amazing performance, so you can power through a full day of work or class without worrying about plugging in. A BRILLIANT 13.6-INCH DISPLAY³ — The Liquid Retina display supports 1 billion colours. Photos and videos pop with rich contrast and sharp detail, and text appears incredibly crisp. 12MP CENTRE STAGE CAMERA — Automatically stay in frame during video calls with Centre Stage or share a top-down view of your workspace with Desk View. And with a three-mic array and four-speaker sound system with Spatial Audio and Dolby Atmos, everything sounds great. CONNECT IT ALL — MacBook Air features two Thunderbolt 4 ports, a MagSafe charging port and a headphone jack — as well as the Apple N1 chip for Wi-Fi 7⁴ and Bluetooth® 6. And it supports up to two external displays. MACOS RUNS APPS FAST — All your go-to apps run lightning-fast in macOS, including built-in apps like FaceTime and Messages.⁵ Plus, built-in virus protection and free software updates help keep your Mac running smoothly and securely. IF YOU LOVE IPHONE, YOU’LL LOVE MAC — Mac works like magic with your other Apple devices. View and control what’s on your iPhone from your Mac with iPhone Mirroring.⁶ Copy something on iPhone and paste it on Mac. Send texts with Messages from your Mac, or use your Mac to answer FaceTime calls.⁵ ¹Apple Intelligence is available in beta. Some features may not be available in all regions or languages. ²Testing conducted by Apple in January 2026 using preproduction 13-inch MacBook Air systems with Apple M5, 10-core CPU and 8-core GPU, and preproduction 15-inch MacBook Air systems with Apple M5, 10-core CPU and 10-core GPU, all configured with 16GB of unified memory and 512GB SSD. Wireless web battery life tested by browsing 25 popular websites while connected to Wi-Fi. Video streaming battery life tested with 1080p content in Safari while connected to Wi-Fi. All systems tested with display brightness set to eight clicks from the bottom and keyboard backlight off. Battery life varies by use and configuration; see apple.com/au/batteries for more information. ³Screen size is measured diagonally. The display on the 13-inch MacBook Air has rounded corners at the top. When measured as a standard rectangular shape, the screen is 13.6 inches diagonally (actual viewable area is less). ⁴Wi‑Fi 7 available in countries and regions where supported. ⁵FaceTime calling requires a FaceTime‑enabled device for the caller and recipient, and a Wi‑Fi connection. ⁶Available on Mac computers with Apple silicon and Intel-based Mac computers with a T2 Security Chip. Requires that your iPhone and Mac are signed in with the same Apple Account using two-factor authentication, your iPhone and Mac are near each other and have Bluetooth and Wi-Fi turned on, and your Mac is not using AirPlay or Sidecar. Some iPhone features (such as camera and microphone) are not compatible with iPhone Mirroring.",https://cdn.shopify.com/s/files/1/0955/2409/4277/files/MacBook_Air_M5-Sky-Blue_HDEW1.jpg?v=1773369647,https://cdn.shopify.com/s/files/1/0955/2409/4277/files/MacBook_Air_M5-Sky-Blue_HDEW1.jpg?v=1773369647 | https://cdn.shopify.com/s/files/1/0955/2409/4277/files/MacBook_Air_M5-Sky-Blue_HDEW2.jpg?v=1773369647 | https://cdn.shopify.com/s/files/1/0955/2409/4277/files/MacBook_Air_M5-HDEW1.jpg?v=1773369647 | https://cdn.shopify.com/s/files/1/0955/2409/4277/files/MacBook_Air_M5-HDEW2.jpg?v=1773369647 | https://cdn.shopify.com/s/files/1/0955/2409/4277/files/MacBook_Air_M5-HDEW3.jpg?v=1773369647 | https://cdn.shopify.com/s/files/1/0955/2409/4277/files/MacBook_Air_M5-HDEW4.jpg?v=1773369647,2026-03-13T02:58:18+00:00
HDEW Cameras,https://hdewcameras.co.uk,15738608189765,https://hdewcameras.co.uk/products/apple-macbook-air-m5-13-10-core-cpu-10-core-gpu-16-1tb-midnight,"Apple MacBook Air M5 13 10-Core CPU, 10-Core GPU 16/1TB Midnight",,35352-00643-00,Macbook,"Apple MacBook M5, apple-macbooks",Apple,1179.00,1299.00,Unknown,,"MacBook Air with the M5 chip brings blazing-fast speed and powerful AI capabilities into an incredibly portable design. With Apple Intelligence¹, up to 18 hours of battery life2 and fast SSD storage starting with 512GB, you can work, create and play anywhere life takes you. SUPERCHARGED BY M5 — With its faster CPU and unified memory, M5 delivers even more performance and fluidity across apps, making multitasking and creative workflows smooth and responsive. A powerful Neural Engine and next-generation GPU with Neural Accelerators give you an impressive platform for AI. APPLE INTELLIGENCE — Apple Intelligence is the personal intelligence system that helps you write, express yourself and get things done effortlessly. With groundbreaking privacy protections, it gives you peace of mind that no-one else can access your data — not even Apple.¹ UP TO 18 HOURS OF BATTERY LIFE² — MacBook Air delivers incredible battery life with amazing performance, so you can power through a full day of work or class without worrying about plugging in. A BRILLIANT 13.6-INCH DISPLAY³ — The Liquid Retina display supports 1 billion colours. Photos and videos pop with rich contrast and sharp detail, and text appears incredibly crisp. 12MP CENTRE STAGE CAMERA — Automatically stay in frame during video calls with Centre Stage or share a top-down view of your workspace with Desk View. And with a three-mic array and four-speaker sound system with Spatial Audio and Dolby Atmos, everything sounds great. CONNECT IT ALL — MacBook Air features two Thunderbolt 4 ports, a MagSafe charging port and a headphone jack — as well as the Apple N1 chip for Wi-Fi 7⁴ and Bluetooth® 6. And it supports up to two external displays. MACOS RUNS APPS FAST — All your go-to apps run lightning-fast in macOS, including built-in apps like FaceTime and Messages.⁵ Plus, built-in virus protection and free software updates help keep your Mac running smoothly and securely. IF YOU LOVE IPHONE, YOU’LL LOVE MAC — Mac works like magic with your other Apple devices. View and control what’s on your iPhone from your Mac with iPhone Mirroring.⁶ Copy something on iPhone and paste it on Mac. Send texts with Messages from your Mac, or use your Mac to answer FaceTime calls.⁵ ¹Apple Intelligence is available in beta. Some features may not be available in all regions or languages. ²Testing conducted by Apple in January 2026 using preproduction 13-inch MacBook Air systems with Apple M5, 10-core CPU and 8-core GPU, and preproduction 15-inch MacBook Air systems with Apple M5, 10-core CPU and 10-core GPU, all configured with 16GB of unified memory and 512GB SSD. Wireless web battery life tested by browsing 25 popular websites while connected to Wi-Fi. Video streaming battery life tested with 1080p content in Safari while connected to Wi-Fi. All systems tested with display brightness set to eight clicks from the bottom and keyboard backlight off. Battery life varies by use and configuration; see apple.com/au/batteries for more information. ³Screen size is measured diagonally. The display on the 13-inch MacBook Air has rounded corners at the top. When measured as a standard rectangular shape, the screen is 13.6 inches diagonally (actual viewable area is less). ⁴Wi‑Fi 7 available in countries and regions where supported. ⁵FaceTime calling requires a FaceTime‑enabled device for the caller and recipient, and a Wi‑Fi connection. ⁶Available on Mac computers with Apple silicon and Intel-based Mac computers with a T2 Security Chip. Requires that your iPhone and Mac are signed in with the same Apple Account using two-factor authentication, your iPhone and Mac are near each other and have Bluetooth and Wi-Fi turned on, and your Mac is not using AirPlay or Sidecar. Some iPhone features (such as camera and microphone) are not compatible with iPhone Mirroring.",https://cdn.shopify.com/s/files/1/0955/2409/4277/files/MacBook_Air_M5-Midnight_HDEW1.jpg?v=1773369403,https://cdn.shopify.com/s/files/1/0955/2409/4277/files/MacBook_Air_M5-Midnight_HDEW1.jpg?v=1773369403 | https://cdn.shopify.com/s/files/1/0955/2409/4277/files/MacBook_Air_M5-Midnight_HDEW2.jpg?v=1773369403 | https://cdn.shopify.com/s/files/1/0955/2409/4277/files/MacBook_Air_M5-HDEW1.jpg?v=1773369647 | https://cdn.shopify.com/s/files/1/0955/2409/4277/files/MacBook_Air_M5-HDEW2.jpg?v=1773369647 | https://cdn.shopify.com/s/files/1/0955/2409/4277/files/MacBook_Air_M5-HDEW3.jpg?v=1773369647 | https://cdn.shopify.com/s/files/1/0955/2409/4277/files/MacBook_Air_M5-HDEW4.jpg?v=1773369647,2026-03-13T02:55:24+00:00
HDEW Cameras,https://hdewcameras.co.uk,15738607370565,https://hdewcameras.co.uk/products/apple-macbook-air-m5-13-10-core-cpu-10-core-gpu-16-1tb-starlight,"Apple MacBook Air M5 13 10-Core CPU, 10-Core GPU 16/1TB Starlight",,35352-00644-00,Macbook,"Apple MacBook M5, apple-macbooks",Apple,1279.00,1299.00,Unknown,,"MacBook Air with the M5 chip brings blazing-fast speed and powerful AI capabilities into an incredibly portable design. With Apple Intelligence¹, up to 18 hours of battery life2 and fast SSD storage starting with 512GB, you can work, create and play anywhere life takes you. SUPERCHARGED BY M5 — With its faster CPU and unified memory, M5 delivers even more performance and fluidity across apps, making multitasking and creative workflows smooth and responsive. A powerful Neural Engine and next-generation GPU with Neural Accelerators give you an impressive platform for AI. APPLE INTELLIGENCE — Apple Intelligence is the personal intelligence system that helps you write, express yourself and get things done effortlessly. With groundbreaking privacy protections, it gives you peace of mind that no-one else can access your data — not even Apple.¹ UP TO 18 HOURS OF BATTERY LIFE² — MacBook Air delivers incredible battery life with amazing performance, so you can power through a full day of work or class without worrying about plugging in. A BRILLIANT 13.6-INCH DISPLAY³ — The Liquid Retina display supports 1 billion colours. Photos and videos pop with rich contrast and sharp detail, and text appears incredibly crisp. 12MP CENTRE STAGE CAMERA — Automatically stay in frame during video calls with Centre Stage or share a top-down view of your workspace with Desk View. And with a three-mic array and four-speaker sound system with Spatial Audio and Dolby Atmos, everything sounds great. CONNECT IT ALL — MacBook Air features two Thunderbolt 4 ports, a MagSafe charging port and a headphone jack — as well as the Apple N1 chip for Wi-Fi 7⁴ and Bluetooth® 6. And it supports up to two external displays. MACOS RUNS APPS FAST — All your go-to apps run lightning-fast in macOS, including built-in apps like FaceTime and Messages.⁵ Plus, built-in virus protection and free software updates help keep your Mac running smoothly and securely. IF YOU LOVE IPHONE, YOU’LL LOVE MAC — Mac works like magic with your other Apple devices. View and control what’s on your iPhone from your Mac with iPhone Mirroring.⁶ Copy something on iPhone and paste it on Mac. Send texts with Messages from your Mac, or use your Mac to answer FaceTime calls.⁵ ¹Apple Intelligence is available in beta. Some features may not be available in all regions or languages. ²Testing conducted by Apple in January 2026 using preproduction 13-inch MacBook Air systems with Apple M5, 10-core CPU and 8-core GPU, and preproduction 15-inch MacBook Air systems with Apple M5, 10-core CPU and 10-core GPU, all configured with 16GB of unified memory and 512GB SSD. Wireless web battery life tested by browsing 25 popular websites while connected to Wi-Fi. Video streaming battery life tested with 1080p content in Safari while connected to Wi-Fi. All systems tested with display brightness set to eight clicks from the bottom and keyboard backlight off. Battery life varies by use and configuration; see apple.com/au/batteries for more information. ³Screen size is measured diagonally. The display on the 13-inch MacBook Air has rounded corners at the top. When measured as a standard rectangular shape, the screen is 13.6 inches diagonally (actual viewable area is less). ⁴Wi‑Fi 7 available in countries and regions where supported. ⁵FaceTime calling requires a FaceTime‑enabled device for the caller and recipient, and a Wi‑Fi connection. ⁶Available on Mac computers with Apple silicon and Intel-based Mac computers with a T2 Security Chip. Requires that your iPhone and Mac are signed in with the same Apple Account using two-factor authentication, your iPhone and Mac are near each other and have Bluetooth and Wi-Fi turned on, and your Mac is not using AirPlay or Sidecar. Some iPhone features (such as camera and microphone) are not compatible with iPhone Mirroring.",https://cdn.shopify.com/s/files/1/0955/2409/4277/files/MacBook_Air_M5-Starlight_HDEW1.jpg?v=1773368964,https://cdn.shopify.com/s/files/1/0955/2409/4277/files/MacBook_Air_M5-Starlight_HDEW1.jpg?v=1773368964 | https://cdn.shopify.com/s/files/1/0955/2409/4277/files/MacBook_Air_M5-Starlight_HDEW2.jpg?v=1773368964 | https://cdn.shopify.com/s/files/1/0955/2409/4277/files/MacBook_Air_M5-HDEW1.jpg?v=1773369647 | https://cdn.shopify.com/s/files/1/0955/2409/4277/files/MacBook_Air_M5-HDEW2.jpg?v=1773369647 | https://cdn.shopify.com/s/files/1/0955/2409/4277/files/MacBook_Air_M5-HDEW3.jpg?v=1773369647 | https://cdn.shopify.com/s/files/1/0955/2409/4277/files/MacBook_Air_M5-HDEW4.jpg?v=1773369647,2026-03-13T02:51:51+00:00
HDEW Cameras,https://hdewcameras.co.uk,15738606027077,https://hdewcameras.co.uk/products/apple-macbook-air-m5-13-10-core-cpu-10-core-gpu-16-1tb-silver,"Apple MacBook Air M5 13 10-Core CPU, 10-Core GPU 16/1TB Silver",,35352-00645-00,Macbook,"Apple MacBook M5, apple-macbooks",Apple,1179.00,1299.00,Unknown,,"MacBook Air with the M5 chip brings blazing-fast speed and powerful AI capabilities into an incredibly portable design. With Apple Intelligence¹, up to 18 hours of battery life2 and fast SSD storage starting with 512GB, you can work, create and play anywhere life takes you. SUPERCHARGED BY M5 — With its faster CPU and unified memory, M5 delivers even more performance and fluidity across apps, making multitasking and creative workflows smooth and responsive. A powerful Neural Engine and next-generation GPU with Neural Accelerators give you an impressive platform for AI. APPLE INTELLIGENCE — Apple Intelligence is the personal intelligence system that helps you write, express yourself and get things done effortlessly. With groundbreaking privacy protections, it gives you peace of mind that no-one else can access your data — not even Apple.¹ UP TO 18 HOURS OF BATTERY LIFE² — MacBook Air delivers incredible battery life with amazing performance, so you can power through a full day of work or class without worrying about plugging in. A BRILLIANT 13.6-INCH DISPLAY³ — The Liquid Retina display supports 1 billion colours. Photos and videos pop with rich contrast and sharp detail, and text appears incredibly crisp. 12MP CENTRE STAGE CAMERA — Automatically stay in frame during video calls with Centre Stage or share a top-down view of your workspace with Desk View. And with a three-mic array and four-speaker sound system with Spatial Audio and Dolby Atmos, everything sounds great. CONNECT IT ALL — MacBook Air features two Thunderbolt 4 ports, a MagSafe charging port and a headphone jack — as well as the Apple N1 chip for Wi-Fi 7⁴ and Bluetooth® 6. And it supports up to two external displays. MACOS RUNS APPS FAST — All your go-to apps run lightning-fast in macOS, including built-in apps like FaceTime and Messages.⁵ Plus, built-in virus protection and free software updates help keep your Mac running smoothly and securely. IF YOU LOVE IPHONE, YOU’LL LOVE MAC — Mac works like magic with your other Apple devices. View and control what’s on your iPhone from your Mac with iPhone Mirroring.⁶ Copy something on iPhone and paste it on Mac. Send texts with Messages from your Mac, or use your Mac to answer FaceTime calls.⁵ ¹Apple Intelligence is available in beta. Some features may not be available in all regions or languages. ²Testing conducted by Apple in January 2026 using preproduction 13-inch MacBook Air systems with Apple M5, 10-core CPU and 8-core GPU, and preproduction 15-inch MacBook Air systems with Apple M5, 10-core CPU and 10-core GPU, all configured with 16GB of unified memory and 512GB SSD. Wireless web battery life tested by browsing 25 popular websites while connected to Wi-Fi. Video streaming battery life tested with 1080p content in Safari while connected to Wi-Fi. All systems tested with display brightness set to eight clicks from the bottom and keyboard backlight off. Battery life varies by use and configuration; see apple.com/au/batteries for more information. ³Screen size is measured diagonally. The display on the 13-inch MacBook Air has rounded corners at the top. When measured as a standard rectangular shape, the screen is 13.6 inches diagonally (actual viewable area is less). ⁴Wi‑Fi 7 available in countries and regions where supported. ⁵FaceTime calling requires a FaceTime‑enabled device for the caller and recipient, and a Wi‑Fi connection. ⁶Available on Mac computers with Apple silicon and Intel-based Mac computers with a T2 Security Chip. Requires that your iPhone and Mac are signed in with the same Apple Account using two-factor authentication, your iPhone and Mac are near each other and have Bluetooth and Wi-Fi turned on, and your Mac is not using AirPlay or Sidecar. Some iPhone features (such as camera and microphone) are not compatible with iPhone Mirroring.",https://cdn.shopify.com/s/files/1/0955/2409/4277/files/MacBook_Air_M5-Silver_HDEW1.jpg?v=1773368674,https://cdn.shopify.com/s/files/1/0955/2409/4277/files/MacBook_Air_M5-Silver_HDEW1.jpg?v=1773368674 | https://cdn.shopify.com/s/files/1/0955/2409/4277/files/MacBook_Air_M5-Silver_HDEW2.jpg?v=1773368674 | https://cdn.shopify.com/s/files/1/0955/2409/4277/files/MacBook_Air_M5-HDEW1.jpg?v=1773369647 | https://cdn.shopify.com/s/files/1/0955/2409/4277/files/MacBook_Air_M5-HDEW2.jpg?v=1773369647 | https://cdn.shopify.com/s/files/1/0955/2409/4277/files/MacBook_Air_M5-HDEW3.jpg?v=1773369647 | https://cdn.shopify.com/s/files/1/0955/2409/4277/files/MacBook_Air_M5-HDEW4.jpg?v=1773369647,2026-03-13T02:45:24+00:00
HDEW Cameras,https://hdewcameras.co.uk,15738605797701,https://hdewcameras.co.uk/products/apple-macbook-air-m5-13-10-core-cpu-8-core-gpu-16-512gb-sky-blue,"Apple MacBook Air M5 13 10-Core CPU, 8-Core GPU 16/512GB Sky Blue",,35352-00642-00,Macbook,"Apple MacBook M5, apple-macbooks",Apple,999.00,1099.00,Unknown,,"MacBook Air with the M5 chip brings blazing-fast speed and powerful AI capabilities into an incredibly portable design. With Apple Intelligence¹, up to 18 hours of battery life2 and fast SSD storage starting with 512GB, you can work, create and play anywhere life takes you. SUPERCHARGED BY M5 — With its faster CPU and unified memory, M5 delivers even more performance and fluidity across apps, making multitasking and creative workflows smooth and responsive. A powerful Neural Engine and next-generation GPU with Neural Accelerators give you an impressive platform for AI. APPLE INTELLIGENCE — Apple Intelligence is the personal intelligence system that helps you write, express yourself and get things done effortlessly. With groundbreaking privacy protections, it gives you peace of mind that no-one else can access your data — not even Apple.¹ UP TO 18 HOURS OF BATTERY LIFE² — MacBook Air delivers incredible battery life with amazing performance, so you can power through a full day of work or class without worrying about plugging in. A BRILLIANT 13.6-INCH DISPLAY³ — The Liquid Retina display supports 1 billion colours. Photos and videos pop with rich contrast and sharp detail, and text appears incredibly crisp. 12MP CENTRE STAGE CAMERA — Automatically stay in frame during video calls with Centre Stage or share a top-down view of your workspace with Desk View. And with a three-mic array and four-speaker sound system with Spatial Audio and Dolby Atmos, everything sounds great. CONNECT IT ALL — MacBook Air features two Thunderbolt 4 ports, a MagSafe charging port and a headphone jack — as well as the Apple N1 chip for Wi-Fi 7⁴ and Bluetooth® 6. And it supports up to two external displays. MACOS RUNS APPS FAST — All your go-to apps run lightning-fast in macOS, including built-in apps like FaceTime and Messages.⁵ Plus, built-in virus protection and free software updates help keep your Mac running smoothly and securely. IF YOU LOVE IPHONE, YOU’LL LOVE MAC — Mac works like magic with your other Apple devices. View and control what’s on your iPhone from your Mac with iPhone Mirroring.⁶ Copy something on iPhone and paste it on Mac. Send texts with Messages from your Mac, or use your Mac to answer FaceTime calls.⁵ ¹Apple Intelligence is available in beta. Some features may not be available in all regions or languages. ²Testing conducted by Apple in January 2026 using preproduction 13-inch MacBook Air systems with Apple M5, 10-core CPU and 8-core GPU, and preproduction 15-inch MacBook Air systems with Apple M5, 10-core CPU and 10-core GPU, all configured with 16GB of unified memory and 512GB SSD. Wireless web battery life tested by browsing 25 popular websites while connected to Wi-Fi. Video streaming battery life tested with 1080p content in Safari while connected to Wi-Fi. All systems tested with display brightness set to eight clicks from the bottom and keyboard backlight off. Battery life varies by use and configuration; see apple.com/au/batteries for more information. ³Screen size is measured diagonally. The display on the 13-inch MacBook Air has rounded corners at the top. When measured as a standard rectangular shape, the screen is 13.6 inches diagonally (actual viewable area is less). ⁴Wi‑Fi 7 available in countries and regions where supported. ⁵FaceTime calling requires a FaceTime‑enabled device for the caller and recipient, and a Wi‑Fi connection. ⁶Available on Mac computers with Apple silicon and Intel-based Mac computers with a T2 Security Chip. Requires that your iPhone and Mac are signed in with the same Apple Account using two-factor authentication, your iPhone and Mac are near each other and have Bluetooth and Wi-Fi turned on, and your Mac is not using AirPlay or Sidecar. Some iPhone features (such as camera and microphone) are not compatible with iPhone Mirroring.",https://cdn.shopify.com/s/files/1/0955/2409/4277/files/MacBook_Air_M5-Sky-Blue_HDEW1.jpg?v=1773369647,https://cdn.shopify.com/s/files/1/0955/2409/4277/files/MacBook_Air_M5-Sky-Blue_HDEW1.jpg?v=1773369647 | https://cdn.shopify.com/s/files/1/0955/2409/4277/files/MacBook_Air_M5-Sky-Blue_HDEW2.jpg?v=1773369647 | https://cdn.shopify.com/s/files/1/0955/2409/4277/files/MacBook_Air_M5-HDEW1.jpg?v=1773369647 | https://cdn.shopify.com/s/files/1/0955/2409/4277/files/MacBook_Air_M5-HDEW2.jpg?v=1773369647 | https://cdn.shopify.com/s/files/1/0955/2409/4277/files/MacBook_Air_M5-HDEW3.jpg?v=1773369647 | https://cdn.shopify.com/s/files/1/0955/2409/4277/files/MacBook_Air_M5-HDEW4.jpg?v=1773369647,2026-03-13T02:40:46+00:00
HDEW Cameras,https://hdewcameras.co.uk,15738605076805,https://hdewcameras.co.uk/products/apple-macbook-air-m5-13-10-core-cpu-8-core-gpu-16-512gb-midnight,"Apple MacBook Air M5 13 10-Core CPU, 8-Core GPU 16/512GB Midnight",,35352-00639-00,Macbook,"Apple MacBook M5, apple-macbooks",Apple,999.00,1099.00,Unknown,,"MacBook Air with the M5 chip brings blazing-fast speed and powerful AI capabilities into an incredibly portable design. With Apple Intelligence¹, up to 18 hours of battery life2 and fast SSD storage starting with 512GB, you can work, create and play anywhere life takes you. SUPERCHARGED BY M5 — With its faster CPU and unified memory, M5 delivers even more performance and fluidity across apps, making multitasking and creative workflows smooth and responsive. A powerful Neural Engine and next-generation GPU with Neural Accelerators give you an impressive platform for AI. APPLE INTELLIGENCE — Apple Intelligence is the personal intelligence system that helps you write, express yourself and get things done effortlessly. With groundbreaking privacy protections, it gives you peace of mind that no-one else can access your data — not even Apple.¹ UP TO 18 HOURS OF BATTERY LIFE² — MacBook Air delivers incredible battery life with amazing performance, so you can power through a full day of work or class without worrying about plugging in. A BRILLIANT 13.6-INCH DISPLAY³ — The Liquid Retina display supports 1 billion colours. Photos and videos pop with rich contrast and sharp detail, and text appears incredibly crisp. 12MP CENTRE STAGE CAMERA — Automatically stay in frame during video calls with Centre Stage or share a top-down view of your workspace with Desk View. And with a three-mic array and four-speaker sound system with Spatial Audio and Dolby Atmos, everything sounds great. CONNECT IT ALL — MacBook Air features two Thunderbolt 4 ports, a MagSafe charging port and a headphone jack — as well as the Apple N1 chip for Wi-Fi 7⁴ and Bluetooth® 6. And it supports up to two external displays. MACOS RUNS APPS FAST — All your go-to apps run lightning-fast in macOS, including built-in apps like FaceTime and Messages.⁵ Plus, built-in virus protection and free software updates help keep your Mac running smoothly and securely. IF YOU LOVE IPHONE, YOU’LL LOVE MAC — Mac works like magic with your other Apple devices. View and control what’s on your iPhone from your Mac with iPhone Mirroring.⁶ Copy something on iPhone and paste it on Mac. Send texts with Messages from your Mac, or use your Mac to answer FaceTime calls.⁵ ¹Apple Intelligence is available in beta. Some features may not be available in all regions or languages. ²Testing conducted by Apple in January 2026 using preproduction 13-inch MacBook Air systems with Apple M5, 10-core CPU and 8-core GPU, and preproduction 15-inch MacBook Air systems with Apple M5, 10-core CPU and 10-core GPU, all configured with 16GB of unified memory and 512GB SSD. Wireless web battery life tested by browsing 25 popular websites while connected to Wi-Fi. Video streaming battery life tested with 1080p content in Safari while connected to Wi-Fi. All systems tested with display brightness set to eight clicks from the bottom and keyboard backlight off. Battery life varies by use and configuration; see apple.com/au/batteries for more information. ³Screen size is measured diagonally. The display on the 13-inch MacBook Air has rounded corners at the top. When measured as a standard rectangular shape, the screen is 13.6 inches diagonally (actual viewable area is less). ⁴Wi‑Fi 7 available in countries and regions where supported. ⁵FaceTime calling requires a FaceTime‑enabled device for the caller and recipient, and a Wi‑Fi connection. ⁶Available on Mac computers with Apple silicon and Intel-based Mac computers with a T2 Security Chip. Requires that your iPhone and Mac are signed in with the same Apple Account using two-factor authentication, your iPhone and Mac are near each other and have Bluetooth and Wi-Fi turned on, and your Mac is not using AirPlay or Sidecar. Some iPhone features (such as camera and microphone) are not compatible with iPhone Mirroring.",https://cdn.shopify.com/s/files/1/0955/2409/4277/files/MacBook_Air_M5-Midnight_HDEW1.jpg?v=1773369403,https://cdn.shopify.com/s/files/1/0955/2409/4277/files/MacBook_Air_M5-Midnight_HDEW1.jpg?v=1773369403 | https://cdn.shopify.com/s/files/1/0955/2409/4277/files/MacBook_Air_M5-Midnight_HDEW2.jpg?v=1773369403 | https://cdn.shopify.com/s/files/1/0955/2409/4277/files/MacBook_Air_M5-HDEW1.jpg?v=1773369647 | https://cdn.shopify.com/s/files/1/0955/2409/4277/files/MacBook_Air_M5-HDEW2.jpg?v=1773369647 | https://cdn.shopify.com/s/files/1/0955/2409/4277/files/MacBook_Air_M5-HDEW3.jpg?v=1773369647 | https://cdn.shopify.com/s/files/1/0955/2409/4277/files/MacBook_Air_M5-HDEW4.jpg?v=1773369647,2026-03-13T02:36:42+00:00
HDEW Cameras,https://hdewcameras.co.uk,15738604880197,https://hdewcameras.co.uk/products/apple-macbook-air-m5-13-10-core-cpu-8-core-gpu-16-512gb-starlight,"Apple MacBook Air M5 13 10-Core CPU, 8-Core GPU 16/512GB Starlight",,35352-00640-00,Macbook,"Apple MacBook M5, apple-macbooks",Apple,999.00,1099.00,Unknown,,"MacBook Air with the M5 chip brings blazing-fast speed and powerful AI capabilities into an incredibly portable design. With Apple Intelligence¹, up to 18 hours of battery life and fast SSD storage starting with 512GB, you can work, create and play anywhere life takes you. SUPERCHARGED BY M5 — With its faster CPU and unified memory, M5 delivers even more performance and fluidity across apps, making multitasking and creative workflows smooth and responsive. A powerful Neural Engine and next-generation GPU with Neural Accelerators give you an impressive platform for AI. APPLE INTELLIGENCE — Apple Intelligence is the personal intelligence system that helps you write, express yourself and get things done effortlessly. With groundbreaking privacy protections, it gives you peace of mind that no-one else can access your data — not even Apple.¹ UP TO 18 HOURS OF BATTERY LIFE² — MacBook Air delivers incredible battery life with amazing performance, so you can power through a full day of work or class without worrying about plugging in. A BRILLIANT 13.6-INCH DISPLAY³ — The Liquid Retina display supports 1 billion colours. Photos and videos pop with rich contrast and sharp detail, and text appears incredibly crisp. 12MP CENTRE STAGE CAMERA — Automatically stay in frame during video calls with Centre Stage or share a top-down view of your workspace with Desk View. And with a three-mic array and four-speaker sound system with Spatial Audio and Dolby Atmos, everything sounds great. CONNECT IT ALL — MacBook Air features two Thunderbolt 4 ports, a MagSafe charging port and a headphone jack — as well as the Apple N1 chip for Wi-Fi 7⁴ and Bluetooth® 6. And it supports up to two external displays. MACOS RUNS APPS FAST — All your go-to apps run lightning-fast in macOS, including built-in apps like FaceTime and Messages.⁵ Plus, built-in virus protection and free software updates help keep your Mac running smoothly and securely. IF YOU LOVE IPHONE, YOU’LL LOVE MAC — Mac works like magic with your other Apple devices. View and control what’s on your iPhone from your Mac with iPhone Mirroring.⁶ Copy something on iPhone and paste it on Mac. Send texts with Messages from your Mac, or use your Mac to answer FaceTime calls.⁵ ¹Apple Intelligence is available in beta. Some features may not be available in all regions or languages. ²Testing conducted by Apple in January 2026 using preproduction 13-inch MacBook Air systems with Apple M5, 10-core CPU and 8-core GPU, and preproduction 15-inch MacBook Air systems with Apple M5, 10-core CPU and 10-core GPU, all configured with 16GB of unified memory and 512GB SSD. Wireless web battery life tested by browsing 25 popular websites while connected to Wi-Fi. Video streaming battery life tested with 1080p content in Safari while connected to Wi-Fi. All systems tested with display brightness set to eight clicks from the bottom and keyboard backlight off. Battery life varies by use and configuration; see apple.com/au/batteries for more information. ³Screen size is measured diagonally. The display on the 13-inch MacBook Air has rounded corners at the top. When measured as a standard rectangular shape, the screen is 13.6 inches diagonally (actual viewable area is less). ⁴Wi‑Fi 7 available in countries and regions where supported. ⁵FaceTime calling requires a FaceTime‑enabled device for the caller and recipient, and a Wi‑Fi connection. ⁶Available on Mac computers with Apple silicon and Intel-based Mac computers with a T2 Security Chip. Requires that your iPhone and Mac are signed in with the same Apple Account using two-factor authentication, your iPhone and Mac are near each other and have Bluetooth and Wi-Fi turned on, and your Mac is not using AirPlay or Sidecar. Some iPhone features (such as camera and microphone) are not compatible with iPhone Mirroring.",https://cdn.shopify.com/s/files/1/0955/2409/4277/files/MacBook_Air_M5-Starlight_HDEW1.jpg?v=1773368964,https://cdn.shopify.com/s/files/1/0955/2409/4277/files/MacBook_Air_M5-Starlight_HDEW1.jpg?v=1773368964 | https://cdn.shopify.com/s/files/1/0955/2409/4277/files/MacBook_Air_M5-Starlight_HDEW2.jpg?v=1773368964 | https://cdn.shopify.com/s/files/1/0955/2409/4277/files/MacBook_Air_M5-HDEW1.jpg?v=1773369647 | https://cdn.shopify.com/s/files/1/0955/2409/4277/files/MacBook_Air_M5-HDEW2.jpg?v=1773369647 | https://cdn.shopify.com/s/files/1/0955/2409/4277/files/MacBook_Air_M5-HDEW3.jpg?v=1773369647 | https://cdn.shopify.com/s/files/1/0955/2409/4277/files/MacBook_Air_M5-HDEW4.jpg?v=1773369647,2026-03-13T02:29:23+00:00
HDEW Cameras,https://hdewcameras.co.uk,15738604814661,https://hdewcameras.co.uk/products/apple-macbook-air-m5-13-10-core-cpu-8-core-gpu-16-512gb-silver,"Apple MacBook Air M5 13 10-Core CPU, 8-Core GPU 16/512GB Silver",,35352-00641-00,Macbook,"Apple MacBook M5, apple-macbooks",Apple,1079.00,1099.00,Unknown,,"MacBook Air with the M5 chip brings blazing-fast speed and powerful AI capabilities into an incredibly portable design. With Apple Intelligence¹, up to 18 hours of battery life2 and fast SSD storage starting with 512GB, you can work, create and play anywhere life takes you. SUPERCHARGED BY M5 — With its faster CPU and unified memory, M5 delivers even more performance and fluidity across apps, making multitasking and creative workflows smooth and responsive. A powerful Neural Engine and next-generation GPU with Neural Accelerators give you an impressive platform for AI. APPLE INTELLIGENCE — Apple Intelligence is the personal intelligence system that helps you write, express yourself and get things done effortlessly. With groundbreaking privacy protections, it gives you peace of mind that no-one else can access your data — not even Apple.¹ UP TO 18 HOURS OF BATTERY LIFE² — MacBook Air delivers incredible battery life with amazing performance, so you can power through a full day of work or class without worrying about plugging in. A BRILLIANT 13.6-INCH DISPLAY³ — The Liquid Retina display supports 1 billion colours. Photos and videos pop with rich contrast and sharp detail, and text appears incredibly crisp. 12MP CENTRE STAGE CAMERA — Automatically stay in frame during video calls with Centre Stage or share a top-down view of your workspace with Desk View. And with a three-mic array and four-speaker sound system with Spatial Audio and Dolby Atmos, everything sounds great. CONNECT IT ALL — MacBook Air features two Thunderbolt 4 ports, a MagSafe charging port and a headphone jack — as well as the Apple N1 chip for Wi-Fi 7⁴ and Bluetooth® 6. And it supports up to two external displays. MACOS RUNS APPS FAST — All your go-to apps run lightning-fast in macOS, including built-in apps like FaceTime and Messages.⁵ Plus, built-in virus protection and free software updates help keep your Mac running smoothly and securely. IF YOU LOVE IPHONE, YOU’LL LOVE MAC — Mac works like magic with your other Apple devices. View and control what’s on your iPhone from your Mac with iPhone Mirroring.⁶ Copy something on iPhone and paste it on Mac. Send texts with Messages from your Mac, or use your Mac to answer FaceTime calls.⁵ ¹Apple Intelligence is available in beta. Some features may not be available in all regions or languages. ²Testing conducted by Apple in January 2026 using preproduction 13-inch MacBook Air systems with Apple M5, 10-core CPU and 8-core GPU, and preproduction 15-inch MacBook Air systems with Apple M5, 10-core CPU and 10-core GPU, all configured with 16GB of unified memory and 512GB SSD. Wireless web battery life tested by browsing 25 popular websites while connected to Wi-Fi. Video streaming battery life tested with 1080p content in Safari while connected to Wi-Fi. All systems tested with display brightness set to eight clicks from the bottom and keyboard backlight off. Battery life varies by use and configuration; see apple.com/au/batteries for more information. ³Screen size is measured diagonally. The display on the 13-inch MacBook Air has rounded corners at the top. When measured as a standard rectangular shape, the screen is 13.6 inches diagonally (actual viewable area is less). ⁴Wi‑Fi 7 available in countries and regions where supported. ⁵FaceTime calling requires a FaceTime‑enabled device for the caller and recipient, and a Wi‑Fi connection. ⁶Available on Mac computers with Apple silicon and Intel-based Mac computers with a T2 Security Chip. Requires that your iPhone and Mac are signed in with the same Apple Account using two-factor authentication, your iPhone and Mac are near each other and have Bluetooth and Wi-Fi turned on, and your Mac is not using AirPlay or Sidecar. Some iPhone features (such as camera and microphone) are not compatible with iPhone Mirroring.",https://cdn.shopify.com/s/files/1/0955/2409/4277/files/MacBook_Air_M5-Silver_HDEW1.jpg?v=1773368674,https://cdn.shopify.com/s/files/1/0955/2409/4277/files/MacBook_Air_M5-Silver_HDEW1.jpg?v=1773368674 | https://cdn.shopify.com/s/files/1/0955/2409/4277/files/MacBook_Air_M5-Silver_HDEW2.jpg?v=1773368674 | https://cdn.shopify.com/s/files/1/0955/2409/4277/files/MacBook_Air_M5-HDEW1.jpg?v=1773369647 | https://cdn.shopify.com/s/files/1/0955/2409/4277/files/MacBook_Air_M5-HDEW2.jpg?v=1773369647 | https://cdn.shopify.com/s/files/1/0955/2409/4277/files/MacBook_Air_M5-HDEW3.jpg?v=1773369647 | https://cdn.shopify.com/s/files/1/0955/2409/4277/files/MacBook_Air_M5-HDEW4.jpg?v=1773369647,2026-03-13T02:25:42+00:00
HDEW Cameras,https://hdewcameras.co.uk,15738570932549,https://hdewcameras.co.uk/products/apple-macbook-neo-a18-pro-8-512gb-blush,Apple MacBook Neo A18 Pro 8/512GB Blush MHFJ4,,35352-00636-00,Apple Mac,"apple, apple-macbooks, macbook-air, £500+",Apple,629.00,699.00,Unknown,,"MacBook Neo flies through everyday tasks and apps. Choose from four stunning colours in a durable aluminium design. With a brilliant 13-inch Liquid Retina display¹, the A18 Pro chip built for AI and Apple Intelligence² and up to 16 hours of battery life³, it’s an amazing Mac at a surprising price. THE MOST COLOURFUL MACBOOK LINE-UP EVER — Choose from Silver, Blush, Citrus or Indigo — each with a colour-coordinated keyboard to complete the look. And with a durable aluminium design, MacBook Neo is built to go wherever you go. POWER FOR EVERYDAY TASKS — Ready the moment you open it, MacBook Neo with the A18 Pro chip delivers the performance and AI capabilities you need to get things done, whether you’re editing family photos, powering through spreadsheets, using AI to summarise class notes or playing the latest Apple Arcade game. UP TO 16 HOURS OF BATTERY LIFE³ — With all-day battery life, MacBook Neo is equipped to go the distance for everyday users and students — from early-morning classes to late-night study sessions. A BRILLIANT 13-INCH DISPLAY¹ — Feast your eyes on the gorgeous Liquid Retina display. A 2408 by 1506 resolution, up to 500 nits of brightness and support for 1 billion colours provide vivid images and crisp text. LOOK AND SOUND GREAT — MacBook Neo comes with a 1080p FaceTime HD camera, a dual-mic array to enhance your voice for crystal-clear clarity during calls, and two side-firing speakers for immersive sound with Spatial Audio. BUILT FOR AI — Apple silicon, and every major component that powers it, is designed to efficiently run on-device AI activities. And Apple Intelligence helps you write, express yourself and get things done effortlessly with groundbreaking privacy protections at every step.² MACOS RUNS APPS FAST — All your go-to apps run lightning-fast in macOS, including built-in apps like FaceTime and Messages.⁴ IF YOU LOVE IPHONE, YOU’LL LOVE MAC — Mac works like magic with your other Apple devices. View and control what’s on your iPhone from your Mac with iPhone Mirroring.⁵ Copy something on iPhone and paste it on Mac. Send texts with Messages from your Mac, or use your Mac to answer FaceTime calls.⁴ PRIVACY AND SECURITY — Built-in antivirus protection and free software updates help keep your MacBook Neo running smoothly and securely. FileVault encrypts your files so others can’t access them. Find My can help you locate your lost or stolen Mac. The MacBook Neo model with Lock Key lets you wake and lock your screen and power your Mac on and off. The model with Touch ID uses your fingerprint to unlock your Mac, authorise payments, and sign in to apps and sites. ¹ Screen size is measured diagonally. The display on the 13-inch MacBook Neo has rounded corners at the top. When measured as a standard rectangular shape, the screen is 13.0 inches diagonally (actual viewable area is less). ² Apple Intelligence is available in beta. Some features may not be available in all regions or languages. For feature and language availability, and system requirements, see support.apple.com/121115. ³ Testing conducted by Apple in January 2026 using preproduction MacBookNeo systems with Apple A18 Pro, 6-core CPU, 5-core GPU, 8GB of unified memory and 256GB SSD. Wireless web battery life tested by browsing 25 popular websites while connected to Wi-Fi. Video streaming battery life tested with 1080p content in Safari while connected to Wi-Fi. All systems tested with display brightness set to eight clicks from the bottom. Battery life varies by use and configuration; see apple.com/au/batteries for more information. ⁴ FaceTime calling requires a FaceTime‑enabled device for the caller and recipient, and a Wi‑Fi connection. ⁵ Available on Mac computers with Apple silicon and Intel-based Mac computers with a T2 Security Chip. Requires that your iPhone and Mac are signed in with the same Apple Account using two-factor authentication, your iPhone and Mac are near each other and have Bluetooth® and Wi-Fi turned on, and your Mac is not using AirPlay or Sidecar. Some iPhone features (such as camera and microphone) are not compatible with iPhone Mirroring.",https://cdn.shopify.com/s/files/1/0955/2409/4277/files/MacBook_Neo-Blush_HDEW1.jpg?v=1773362250,https://cdn.shopify.com/s/files/1/0955/2409/4277/files/MacBook_Neo-Blush_HDEW1.jpg?v=1773362250 | https://cdn.shopify.com/s/files/1/0955/2409/4277/files/MacBook_Neo-Blush_HDEW2.jpg?v=1773362250 | https://cdn.shopify.com/s/files/1/0955/2409/4277/files/Apple_MacBook-Neo_A18-Silver_HDEW3.jpg?v=1773362250 | https://cdn.shopify.com/s/files/1/0955/2409/4277/files/Apple_MacBook-Neo_A18-HDEW5.jpg?v=1773362250 | https://cdn.shopify.com/s/files/1/0955/2409/4277/files/Apple_MacBook-Neo_A18-Silver_HDEW4.jpg?v=1773362250 | https://cdn.shopify.com/s/files/1/0955/2409/4277/files/MacBook_Neo-HDEW3.jpg?v=1773362250,2026-03-13T00:54:51+00:00
HDEW Cameras,https://hdewcameras.co.uk,15738570441029,https://hdewcameras.co.uk/products/apple-macbook-neo-a18-pro-8-512gb-citrus,Apple MacBook Neo A18 Pro 8/512GB Citrus MHFE4,,35352-00637-00,Apple Mac,"apple, apple-macbooks, macbook-air, £500+",Apple,679.00,699.00,Unknown,,"MacBook Neo flies through everyday tasks and apps. Choose from four stunning colours in a durable aluminium design. With a brilliant 13-inch Liquid Retina display¹, the A18 Pro chip built for AI and Apple Intelligence² and up to 16 hours of battery life³, it’s an amazing Mac at a surprising price. THE MOST COLOURFUL MACBOOK LINE-UP EVER — Choose from Silver, Blush, Citrus or Indigo — each with a colour-coordinated keyboard to complete the look. And with a durable aluminium design, MacBook Neo is built to go wherever you go. POWER FOR EVERYDAY TASKS — Ready the moment you open it, MacBook Neo with the A18 Pro chip delivers the performance and AI capabilities you need to get things done, whether you’re editing family photos, powering through spreadsheets, using AI to summarise class notes or playing the latest Apple Arcade game. UP TO 16 HOURS OF BATTERY LIFE³ — With all-day battery life, MacBook Neo is equipped to go the distance for everyday users and students — from early-morning classes to late-night study sessions. A BRILLIANT 13-INCH DISPLAY¹ — Feast your eyes on the gorgeous Liquid Retina display. A 2408 by 1506 resolution, up to 500 nits of brightness and support for 1 billion colours provide vivid images and crisp text. LOOK AND SOUND GREAT — MacBook Neo comes with a 1080p FaceTime HD camera, a dual-mic array to enhance your voice for crystal-clear clarity during calls, and two side-firing speakers for immersive sound with Spatial Audio. BUILT FOR AI — Apple silicon, and every major component that powers it, is designed to efficiently run on-device AI activities. And Apple Intelligence helps you write, express yourself and get things done effortlessly with groundbreaking privacy protections at every step.² MACOS RUNS APPS FAST — All your go-to apps run lightning-fast in macOS, including built-in apps like FaceTime and Messages.⁴ IF YOU LOVE IPHONE, YOU’LL LOVE MAC — Mac works like magic with your other Apple devices. View and control what’s on your iPhone from your Mac with iPhone Mirroring.⁵ Copy something on iPhone and paste it on Mac. Send texts with Messages from your Mac, or use your Mac to answer FaceTime calls.⁴ PRIVACY AND SECURITY — Built-in antivirus protection and free software updates help keep your MacBook Neo running smoothly and securely. FileVault encrypts your files so others can’t access them. Find My can help you locate your lost or stolen Mac. The MacBook Neo model with Lock Key lets you wake and lock your screen and power your Mac on and off. The model with Touch ID uses your fingerprint to unlock your Mac, authorise payments, and sign in to apps and sites. ¹ Screen size is measured diagonally. The display on the 13-inch MacBook Neo has rounded corners at the top. When measured as a standard rectangular shape, the screen is 13.0 inches diagonally (actual viewable area is less). ² Apple Intelligence is available in beta. Some features may not be available in all regions or languages. For feature and language availability, and system requirements, see support.apple.com/121115. ³ Testing conducted by Apple in January 2026 using preproduction MacBookNeo systems with Apple A18 Pro, 6-core CPU, 5-core GPU, 8GB of unified memory and 256GB SSD. Wireless web battery life tested by browsing 25 popular websites while connected to Wi-Fi. Video streaming battery life tested with 1080p content in Safari while connected to Wi-Fi. All systems tested with display brightness set to eight clicks from the bottom. Battery life varies by use and configuration; see apple.com/au/batteries for more information. ⁴ FaceTime calling requires a FaceTime‑enabled device for the caller and recipient, and a Wi‑Fi connection. ⁵ Available on Mac computers with Apple silicon and Intel-based Mac computers with a T2 Security Chip. Requires that your iPhone and Mac are signed in with the same Apple Account using two-factor authentication, your iPhone and Mac are near each other and have Bluetooth® and Wi-Fi turned on, and your Mac is not using AirPlay or Sidecar. Some iPhone features (such as camera and microphone) are not compatible with iPhone Mirroring.",https://cdn.shopify.com/s/files/1/0955/2409/4277/files/MacBook_Neo-Citrus_HDEW1.jpg?v=1773361059,https://cdn.shopify.com/s/files/1/0955/2409/4277/files/MacBook_Neo-Citrus_HDEW1.jpg?v=1773361059 | https://cdn.shopify.com/s/files/1/0955/2409/4277/files/MacBook_Neo-Citrus_HDEW2.jpg?v=1773361059 | https://cdn.shopify.com/s/files/1/0955/2409/4277/files/Apple_MacBook-Neo_A18-Silver_HDEW3.jpg?v=1773362250 | https://cdn.shopify.com/s/files/1/0955/2409/4277/files/Apple_MacBook-Neo_A18-HDEW5.jpg?v=1773362250 | https://cdn.shopify.com/s/files/1/0955/2409/4277/files/Apple_MacBook-Neo_A18-Silver_HDEW4.jpg?v=1773362250 | https://cdn.shopify.com/s/files/1/0955/2409/4277/files/MacBook_Neo-HDEW3.jpg?v=1773362250,2026-03-13T00:51:49+00:00
HDEW Cameras,https://hdewcameras.co.uk,15738568606021,https://hdewcameras.co.uk/products/apple-macbook-neo-a18-pro-8-512gb-indigo,Apple MacBook Neo A18 Pro 8/512GB Indigo MHFG4,,35352-00638-00,Apple Mac,"apple, apple-macbooks, macbook-air, £500+",Apple,629.00,699.00,Unknown,,"MacBook Neo flies through everyday tasks and apps. Choose from four stunning colours in a durable aluminium design. With a brilliant 13-inch Liquid Retina display¹, the A18 Pro chip built for AI and Apple Intelligence² and up to 16 hours of battery life³, it’s an amazing Mac at a surprising price. THE MOST COLOURFUL MACBOOK LINE-UP EVER — Choose from Silver, Blush, Citrus or Indigo — each with a colour-coordinated keyboard to complete the look. And with a durable aluminium design, MacBook Neo is built to go wherever you go. POWER FOR EVERYDAY TASKS — Ready the moment you open it, MacBook Neo with the A18 Pro chip delivers the performance and AI capabilities you need to get things done, whether you’re editing family photos, powering through spreadsheets, using AI to summarise class notes or playing the latest Apple Arcade game. UP TO 16 HOURS OF BATTERY LIFE³ — With all-day battery life, MacBook Neo is equipped to go the distance for everyday users and students — from early-morning classes to late-night study sessions. A BRILLIANT 13-INCH DISPLAY¹ — Feast your eyes on the gorgeous Liquid Retina display. A 2408 by 1506 resolution, up to 500 nits of brightness and support for 1 billion colours provide vivid images and crisp text. LOOK AND SOUND GREAT — MacBook Neo comes with a 1080p FaceTime HD camera, a dual-mic array to enhance your voice for crystal-clear clarity during calls, and two side-firing speakers for immersive sound with Spatial Audio. BUILT FOR AI — Apple silicon, and every major component that powers it, is designed to efficiently run on-device AI activities. And Apple Intelligence helps you write, express yourself and get things done effortlessly with groundbreaking privacy protections at every step.² MACOS RUNS APPS FAST — All your go-to apps run lightning-fast in macOS, including built-in apps like FaceTime and Messages.⁴ IF YOU LOVE IPHONE, YOU’LL LOVE MAC — Mac works like magic with your other Apple devices. View and control what’s on your iPhone from your Mac with iPhone Mirroring.⁵ Copy something on iPhone and paste it on Mac. Send texts with Messages from your Mac, or use your Mac to answer FaceTime calls.⁴ PRIVACY AND SECURITY — Built-in antivirus protection and free software updates help keep your MacBook Neo running smoothly and securely. FileVault encrypts your files so others can’t access them. Find My can help you locate your lost or stolen Mac. The MacBook Neo model with Lock Key lets you wake and lock your screen and power your Mac on and off. The model with Touch ID uses your fingerprint to unlock your Mac, authorise payments, and sign in to apps and sites. ¹ Screen size is measured diagonally. The display on the 13-inch MacBook Neo has rounded corners at the top. When measured as a standard rectangular shape, the screen is 13.0 inches diagonally (actual viewable area is less). ² Apple Intelligence is available in beta. Some features may not be available in all regions or languages. For feature and language availability, and system requirements, see support.apple.com/121115. ³ Testing conducted by Apple in January 2026 using preproduction MacBookNeo systems with Apple A18 Pro, 6-core CPU, 5-core GPU, 8GB of unified memory and 256GB SSD. Wireless web battery life tested by browsing 25 popular websites while connected to Wi-Fi. Video streaming battery life tested with 1080p content in Safari while connected to Wi-Fi. All systems tested with display brightness set to eight clicks from the bottom. Battery life varies by use and configuration; see apple.com/au/batteries for more information. ⁴ FaceTime calling requires a FaceTime‑enabled device for the caller and recipient, and a Wi‑Fi connection. ⁵ Available on Mac computers with Apple silicon and Intel-based Mac computers with a T2 Security Chip. Requires that your iPhone and Mac are signed in with the same Apple Account using two-factor authentication, your iPhone and Mac are near each other and have Bluetooth® and Wi-Fi turned on, and your Mac is not using AirPlay or Sidecar. Some iPhone features (such as camera and microphone) are not compatible with iPhone Mirroring.",https://cdn.shopify.com/s/files/1/0955/2409/4277/files/MacBook_Neo-Indigo_HDEW1.jpg?v=1773360250,https://cdn.shopify.com/s/files/1/0955/2409/4277/files/MacBook_Neo-Indigo_HDEW1.jpg?v=1773360250 | https://cdn.shopify.com/s/files/1/0955/2409/4277/files/MacBook_Neo-Indigo_HDEW2.jpg?v=1773360250 | https://cdn.shopify.com/s/files/1/0955/2409/4277/files/Apple_MacBook-Neo_A18-Silver_HDEW3.jpg?v=1773362250 | https://cdn.shopify.com/s/files/1/0955/2409/4277/files/Apple_MacBook-Neo_A18-HDEW5.jpg?v=1773362250 | https://cdn.shopify.com/s/files/1/0955/2409/4277/files/Apple_MacBook-Neo_A18-Silver_HDEW4.jpg?v=1773362250 | https://cdn.shopify.com/s/files/1/0955/2409/4277/files/MacBook_Neo-HDEW3.jpg?v=1773362250,2026-03-13T00:46:46+00:00
HDEW Cameras,https://hdewcameras.co.uk,15738566639941,https://hdewcameras.co.uk/products/apple-macbook-neo-a18-pro-8-512gb-silver,Apple MacBook Neo A18 Pro 8/512GB Silver,,35352-00635-00,Apple Mac,"apple, apple-macbooks, macbook-air, £500+",Apple,629.00,699.00,Unknown,,"MacBook Neo flies through everyday tasks and apps. Choose from four stunning colours in a durable aluminium design. With a brilliant 13-inch Liquid Retina display¹, the A18 Pro chip built for AI and Apple Intelligence² and up to 16 hours of battery life³, it’s an amazing Mac at a surprising price. THE MOST COLOURFUL MACBOOK LINE-UP EVER — Choose from Silver, Blush, Citrus or Indigo — each with a colour-coordinated keyboard to complete the look. And with a durable aluminium design, MacBook Neo is built to go wherever you go. POWER FOR EVERYDAY TASKS — Ready the moment you open it, MacBook Neo with the A18 Pro chip delivers the performance and AI capabilities you need to get things done, whether you’re editing family photos, powering through spreadsheets, using AI to summarise class notes or playing the latest Apple Arcade game. UP TO 16 HOURS OF BATTERY LIFE³ — With all-day battery life, MacBook Neo is equipped to go the distance for everyday users and students — from early-morning classes to late-night study sessions. A BRILLIANT 13-INCH DISPLAY¹ — Feast your eyes on the gorgeous Liquid Retina display. A 2408 by 1506 resolution, up to 500 nits of brightness and support for 1 billion colours provide vivid images and crisp text. LOOK AND SOUND GREAT — MacBook Neo comes with a 1080p FaceTime HD camera, a dual-mic array to enhance your voice for crystal-clear clarity during calls, and two side-firing speakers for immersive sound with Spatial Audio. BUILT FOR AI — Apple silicon, and every major component that powers it, is designed to efficiently run on-device AI activities. And Apple Intelligence helps you write, express yourself and get things done effortlessly with groundbreaking privacy protections at every step.² MACOS RUNS APPS FAST — All your go-to apps run lightning-fast in macOS, including built-in apps like FaceTime and Messages.⁴ IF YOU LOVE IPHONE, YOU’LL LOVE MAC — Mac works like magic with your other Apple devices. View and control what’s on your iPhone from your Mac with iPhone Mirroring.⁵ Copy something on iPhone and paste it on Mac. Send texts with Messages from your Mac, or use your Mac to answer FaceTime calls.⁴ PRIVACY AND SECURITY — Built-in antivirus protection and free software updates help keep your MacBook Neo running smoothly and securely. FileVault encrypts your files so others can’t access them. Find My can help you locate your lost or stolen Mac. The MacBook Neo model with Lock Key lets you wake and lock your screen and power your Mac on and off. The model with Touch ID uses your fingerprint to unlock your Mac, authorise payments, and sign in to apps and sites. ¹ Screen size is measured diagonally. The display on the 13-inch MacBook Neo has rounded corners at the top. When measured as a standard rectangular shape, the screen is 13.0 inches diagonally (actual viewable area is less). ² Apple Intelligence is available in beta. Some features may not be available in all regions or languages. For feature and language availability, and system requirements, see support.apple.com/121115. ³ Testing conducted by Apple in January 2026 using preproduction MacBookNeo systems with Apple A18 Pro, 6-core CPU, 5-core GPU, 8GB of unified memory and 256GB SSD. Wireless web battery life tested by browsing 25 popular websites while connected to Wi-Fi. Video streaming battery life tested with 1080p content in Safari while connected to Wi-Fi. All systems tested with display brightness set to eight clicks from the bottom. Battery life varies by use and configuration; see apple.com/au/batteries for more information. ⁴ FaceTime calling requires a FaceTime‑enabled device for the caller and recipient, and a Wi‑Fi connection. ⁵ Available on Mac computers with Apple silicon and Intel-based Mac computers with a T2 Security Chip. Requires that your iPhone and Mac are signed in with the same Apple Account using two-factor authentication, your iPhone and Mac are near each other and have Bluetooth® and Wi-Fi turned on, and your Mac is not using AirPlay or Sidecar. Some iPhone features (such as camera and microphone) are not compatible with iPhone Mirroring.",https://cdn.shopify.com/s/files/1/0955/2409/4277/files/Apple_MacBook-Neo_A18-Silver_HDEW1.jpg?v=1773303502,https://cdn.shopify.com/s/files/1/0955/2409/4277/files/Apple_MacBook-Neo_A18-Silver_HDEW1.jpg?v=1773303502 | https://cdn.shopify.com/s/files/1/0955/2409/4277/files/Apple_MacBook-Neo_A18-Silver_HDEW2.jpg?v=1773303502 | https://cdn.shopify.com/s/files/1/0955/2409/4277/files/Apple_MacBook-Neo_A18-Silver_HDEW3.jpg?v=1773362250 | https://cdn.shopify.com/s/files/1/0955/2409/4277/files/Apple_MacBook-Neo_A18-HDEW5.jpg?v=1773362250 | https://cdn.shopify.com/s/files/1/0955/2409/4277/files/Apple_MacBook-Neo_A18-Silver_HDEW4.jpg?v=1773362250,2026-03-13T00:42:06+00:00
HDEW Cameras,https://hdewcameras.co.uk,15738555892037,https://hdewcameras.co.uk/products/apple-macbook-neo-a18-pro-8-256gb-blush,Apple MacBook Neo A18 Pro 8/256GB Blush MHFH4,,35352-00632-00,Apple Mac,"apple, apple-macbooks, macbook-air, £500+",Apple,549.00,599.00,Unknown,,"MacBook Neo flies through everyday tasks and apps. Choose from four stunning colours in a durable aluminium design. With a brilliant 13-inch Liquid Retina display¹, the A18 Pro chip built for AI and Apple Intelligence² and up to 16 hours of battery life³, it’s an amazing Mac at a surprising price. THE MOST COLOURFUL MACBOOK LINE-UP EVER — Choose from Silver, Blush, Citrus or Indigo — each with a colour-coordinated keyboard to complete the look. And with a durable aluminium design, MacBook Neo is built to go wherever you go. POWER FOR EVERYDAY TASKS — Ready the moment you open it, MacBook Neo with the A18 Pro chip delivers the performance and AI capabilities you need to get things done, whether you’re editing family photos, powering through spreadsheets, using AI to summarise class notes or playing the latest Apple Arcade game. UP TO 16 HOURS OF BATTERY LIFE³ — With all-day battery life, MacBook Neo is equipped to go the distance for everyday users and students — from early-morning classes to late-night study sessions. A BRILLIANT 13-INCH DISPLAY¹ — Feast your eyes on the gorgeous Liquid Retina display. A 2408 by 1506 resolution, up to 500 nits of brightness and support for 1 billion colours provide vivid images and crisp text. LOOK AND SOUND GREAT — MacBook Neo comes with a 1080p FaceTime HD camera, a dual-mic array to enhance your voice for crystal-clear clarity during calls, and two side-firing speakers for immersive sound with Spatial Audio. BUILT FOR AI — Apple silicon, and every major component that powers it, is designed to efficiently run on-device AI activities. And Apple Intelligence helps you write, express yourself and get things done effortlessly with groundbreaking privacy protections at every step.² MACOS RUNS APPS FAST — All your go-to apps run lightning-fast in macOS, including built-in apps like FaceTime and Messages.⁴ IF YOU LOVE IPHONE, YOU’LL LOVE MAC — Mac works like magic with your other Apple devices. View and control what’s on your iPhone from your Mac with iPhone Mirroring.⁵ Copy something on iPhone and paste it on Mac. Send texts with Messages from your Mac, or use your Mac to answer FaceTime calls.⁴ PRIVACY AND SECURITY — Built-in antivirus protection and free software updates help keep your MacBook Neo running smoothly and securely. FileVault encrypts your files so others can’t access them. Find My can help you locate your lost or stolen Mac. The MacBook Neo model with Lock Key lets you wake and lock your screen and power your Mac on and off. The model with Touch ID uses your fingerprint to unlock your Mac, authorise payments, and sign in to apps and sites. ¹ Screen size is measured diagonally. The display on the 13-inch MacBook Neo has rounded corners at the top. When measured as a standard rectangular shape, the screen is 13.0 inches diagonally (actual viewable area is less). ² Apple Intelligence is available in beta. Some features may not be available in all regions or languages. For feature and language availability, and system requirements, see support.apple.com/121115. ³ Testing conducted by Apple in January 2026 using preproduction MacBookNeo systems with Apple A18 Pro, 6-core CPU, 5-core GPU, 8GB of unified memory and 256GB SSD. Wireless web battery life tested by browsing 25 popular websites while connected to Wi-Fi. Video streaming battery life tested with 1080p content in Safari while connected to Wi-Fi. All systems tested with display brightness set to eight clicks from the bottom. Battery life varies by use and configuration; see apple.com/au/batteries for more information. ⁴ FaceTime calling requires a FaceTime‑enabled device for the caller and recipient, and a Wi‑Fi connection. ⁵ Available on Mac computers with Apple silicon and Intel-based Mac computers with a T2 Security Chip. Requires that your iPhone and Mac are signed in with the same Apple Account using two-factor authentication, your iPhone and Mac are near each other and have Bluetooth® and Wi-Fi turned on, and your Mac is not using AirPlay or Sidecar. Some iPhone features (such as camera and microphone) are not compatible with iPhone Mirroring.",https://cdn.shopify.com/s/files/1/0955/2409/4277/files/MacBook_Neo-Blush_HDEW1.jpg?v=1773362250,https://cdn.shopify.com/s/files/1/0955/2409/4277/files/MacBook_Neo-Blush_HDEW1.jpg?v=1773362250 | https://cdn.shopify.com/s/files/1/0955/2409/4277/files/MacBook_Neo-Blush_HDEW2.jpg?v=1773362250 | https://cdn.shopify.com/s/files/1/0955/2409/4277/files/Apple_MacBook-Neo_A18-Silver_HDEW3.jpg?v=1773362250 | https://cdn.shopify.com/s/files/1/0955/2409/4277/files/Apple_MacBook-Neo_A18-HDEW5.jpg?v=1773362250 | https://cdn.shopify.com/s/files/1/0955/2409/4277/files/Apple_MacBook-Neo_A18-Silver_HDEW4.jpg?v=1773362250 | https://cdn.shopify.com/s/files/1/0955/2409/4277/files/MacBook_Neo-HDEW3.jpg?v=1773362250,2026-03-13T00:37:28+00:00
HDEW Cameras,https://hdewcameras.co.uk,15738552811845,https://hdewcameras.co.uk/products/apple-macbook-neo-a18-pro-8-256gb-citrus,Apple MacBook Neo A18 Pro 8/256GB Citrus,,35352-00633-00,Apple Mac,"apple, apple-macbooks, macbook-air, £500+",Apple,549.00,599.00,Unknown,,"MacBook Neo flies through everyday tasks and apps. Choose from four stunning colours in a durable aluminium design. With a brilliant 13-inch Liquid Retina display¹, the A18 Pro chip built for AI and Apple Intelligence² and up to 16 hours of battery life³, it’s an amazing Mac at a surprising price. THE MOST COLOURFUL MACBOOK LINE-UP EVER — Choose from Silver, Blush, Citrus or Indigo — each with a colour-coordinated keyboard to complete the look. And with a durable aluminium design, MacBook Neo is built to go wherever you go. POWER FOR EVERYDAY TASKS — Ready the moment you open it, MacBook Neo with the A18 Pro chip delivers the performance and AI capabilities you need to get things done, whether you’re editing family photos, powering through spreadsheets, using AI to summarise class notes or playing the latest Apple Arcade game. UP TO 16 HOURS OF BATTERY LIFE³ — With all-day battery life, MacBook Neo is equipped to go the distance for everyday users and students — from early-morning classes to late-night study sessions. A BRILLIANT 13-INCH DISPLAY¹ — Feast your eyes on the gorgeous Liquid Retina display. A 2408 by 1506 resolution, up to 500 nits of brightness and support for 1 billion colours provide vivid images and crisp text. LOOK AND SOUND GREAT — MacBook Neo comes with a 1080p FaceTime HD camera, a dual-mic array to enhance your voice for crystal-clear clarity during calls, and two side-firing speakers for immersive sound with Spatial Audio. BUILT FOR AI — Apple silicon, and every major component that powers it, is designed to efficiently run on-device AI activities. And Apple Intelligence helps you write, express yourself and get things done effortlessly with groundbreaking privacy protections at every step.² MACOS RUNS APPS FAST — All your go-to apps run lightning-fast in macOS, including built-in apps like FaceTime and Messages.⁴ IF YOU LOVE IPHONE, YOU’LL LOVE MAC — Mac works like magic with your other Apple devices. View and control what’s on your iPhone from your Mac with iPhone Mirroring.⁵ Copy something on iPhone and paste it on Mac. Send texts with Messages from your Mac, or use your Mac to answer FaceTime calls.⁴ PRIVACY AND SECURITY — Built-in antivirus protection and free software updates help keep your MacBook Neo running smoothly and securely. FileVault encrypts your files so others can’t access them. Find My can help you locate your lost or stolen Mac. The MacBook Neo model with Lock Key lets you wake and lock your screen and power your Mac on and off. The model with Touch ID uses your fingerprint to unlock your Mac, authorise payments, and sign in to apps and sites. ¹ Screen size is measured diagonally. The display on the 13-inch MacBook Neo has rounded corners at the top. When measured as a standard rectangular shape, the screen is 13.0 inches diagonally (actual viewable area is less). ² Apple Intelligence is available in beta. Some features may not be available in all regions or languages. For feature and language availability, and system requirements, see support.apple.com/121115. ³ Testing conducted by Apple in January 2026 using preproduction MacBookNeo systems with Apple A18 Pro, 6-core CPU, 5-core GPU, 8GB of unified memory and 256GB SSD. Wireless web battery life tested by browsing 25 popular websites while connected to Wi-Fi. Video streaming battery life tested with 1080p content in Safari while connected to Wi-Fi. All systems tested with display brightness set to eight clicks from the bottom. Battery life varies by use and configuration; see apple.com/au/batteries for more information. ⁴ FaceTime calling requires a FaceTime‑enabled device for the caller and recipient, and a Wi‑Fi connection. ⁵ Available on Mac computers with Apple silicon and Intel-based Mac computers with a T2 Security Chip. Requires that your iPhone and Mac are signed in with the same Apple Account using two-factor authentication, your iPhone and Mac are near each other and have Bluetooth® and Wi-Fi turned on, and your Mac is not using AirPlay or Sidecar. Some iPhone features (such as camera and microphone) are not compatible with iPhone Mirroring.",https://cdn.shopify.com/s/files/1/0955/2409/4277/files/MacBook_Neo-Citrus_HDEW1.jpg?v=1773361059,https://cdn.shopify.com/s/files/1/0955/2409/4277/files/MacBook_Neo-Citrus_HDEW1.jpg?v=1773361059 | https://cdn.shopify.com/s/files/1/0955/2409/4277/files/MacBook_Neo-Citrus_HDEW2.jpg?v=1773361059 | https://cdn.shopify.com/s/files/1/0955/2409/4277/files/Apple_MacBook-Neo_A18-Silver_HDEW3.jpg?v=1773362250 | https://cdn.shopify.com/s/files/1/0955/2409/4277/files/Apple_MacBook-Neo_A18-HDEW5.jpg?v=1773362250 | https://cdn.shopify.com/s/files/1/0955/2409/4277/files/Apple_MacBook-Neo_A18-Silver_HDEW4.jpg?v=1773362250 | https://cdn.shopify.com/s/files/1/0955/2409/4277/files/MacBook_Neo-HDEW3.jpg?v=1773362250,2026-03-13T00:17:37+00:00
HDEW Cameras,https://hdewcameras.co.uk,15738550485317,https://hdewcameras.co.uk/products/apple-macbook-neo-a18-pro-8-256gb-indigo,Apple MacBook Neo A18 Pro 8/256GB Indigo,,35352-00634-00,Apple Mac,"apple, apple-macbooks, macbook-air, £500+",Apple,549.00,599.00,Unknown,,"MacBook Neo flies through everyday tasks and apps. Choose from four stunning colours in a durable aluminium design. With a brilliant 13-inch Liquid Retina display¹, the A18 Pro chip built for AI and Apple Intelligence² and up to 16 hours of battery life³, it’s an amazing Mac at a surprising price. THE MOST COLOURFUL MACBOOK LINE-UP EVER — Choose from Silver, Blush, Citrus or Indigo — each with a colour-coordinated keyboard to complete the look. And with a durable aluminium design, MacBook Neo is built to go wherever you go. POWER FOR EVERYDAY TASKS — Ready the moment you open it, MacBook Neo with the A18 Pro chip delivers the performance and AI capabilities you need to get things done, whether you’re editing family photos, powering through spreadsheets, using AI to summarise class notes or playing the latest Apple Arcade game. UP TO 16 HOURS OF BATTERY LIFE³ — With all-day battery life, MacBook Neo is equipped to go the distance for everyday users and students — from early-morning classes to late-night study sessions. A BRILLIANT 13-INCH DISPLAY¹ — Feast your eyes on the gorgeous Liquid Retina display. A 2408 by 1506 resolution, up to 500 nits of brightness and support for 1 billion colours provide vivid images and crisp text. LOOK AND SOUND GREAT — MacBook Neo comes with a 1080p FaceTime HD camera, a dual-mic array to enhance your voice for crystal-clear clarity during calls, and two side-firing speakers for immersive sound with Spatial Audio. BUILT FOR AI — Apple silicon, and every major component that powers it, is designed to efficiently run on-device AI activities. And Apple Intelligence helps you write, express yourself and get things done effortlessly with groundbreaking privacy protections at every step.² MACOS RUNS APPS FAST — All your go-to apps run lightning-fast in macOS, including built-in apps like FaceTime and Messages.⁴ IF YOU LOVE IPHONE, YOU’LL LOVE MAC — Mac works like magic with your other Apple devices. View and control what’s on your iPhone from your Mac with iPhone Mirroring.⁵ Copy something on iPhone and paste it on Mac. Send texts with Messages from your Mac, or use your Mac to answer FaceTime calls.⁴ PRIVACY AND SECURITY — Built-in antivirus protection and free software updates help keep your MacBook Neo running smoothly and securely. FileVault encrypts your files so others can’t access them. Find My can help you locate your lost or stolen Mac. The MacBook Neo model with Lock Key lets you wake and lock your screen and power your Mac on and off. The model with Touch ID uses your fingerprint to unlock your Mac, authorise payments, and sign in to apps and sites. ¹ Screen size is measured diagonally. The display on the 13-inch MacBook Neo has rounded corners at the top. When measured as a standard rectangular shape, the screen is 13.0 inches diagonally (actual viewable area is less). ² Apple Intelligence is available in beta. Some features may not be available in all regions or languages. For feature and language availability, and system requirements, see support.apple.com/121115. ³ Testing conducted by Apple in January 2026 using preproduction MacBookNeo systems with Apple A18 Pro, 6-core CPU, 5-core GPU, 8GB of unified memory and 256GB SSD. Wireless web battery life tested by browsing 25 popular websites while connected to Wi-Fi. Video streaming battery life tested with 1080p content in Safari while connected to Wi-Fi. All systems tested with display brightness set to eight clicks from the bottom. Battery life varies by use and configuration; see apple.com/au/batteries for more information. ⁴ FaceTime calling requires a FaceTime‑enabled device for the caller and recipient, and a Wi‑Fi connection. ⁵ Available on Mac computers with Apple silicon and Intel-based Mac computers with a T2 Security Chip. Requires that your iPhone and Mac are signed in with the same Apple Account using two-factor authentication, your iPhone and Mac are near each other and have Bluetooth® and Wi-Fi turned on, and your Mac is not using AirPlay or Sidecar. Some iPhone features (such as camera and microphone) are not compatible with iPhone Mirroring.",https://cdn.shopify.com/s/files/1/0955/2409/4277/files/MacBook_Neo-Indigo_HDEW1.jpg?v=1773360250,https://cdn.shopify.com/s/files/1/0955/2409/4277/files/MacBook_Neo-Indigo_HDEW1.jpg?v=1773360250 | https://cdn.shopify.com/s/files/1/0955/2409/4277/files/MacBook_Neo-Indigo_HDEW2.jpg?v=1773360250 | https://cdn.shopify.com/s/files/1/0955/2409/4277/files/Apple_MacBook-Neo_A18-Silver_HDEW3.jpg?v=1773362250 | https://cdn.shopify.com/s/files/1/0955/2409/4277/files/Apple_MacBook-Neo_A18-HDEW5.jpg?v=1773362250 | https://cdn.shopify.com/s/files/1/0955/2409/4277/files/Apple_MacBook-Neo_A18-Silver_HDEW4.jpg?v=1773362250 | https://cdn.shopify.com/s/files/1/0955/2409/4277/files/MacBook_Neo-HDEW3.jpg?v=1773362250,2026-03-13T00:04:09+00:00
HDEW Cameras,https://hdewcameras.co.uk,15129586139461,https://hdewcameras.co.uk/products/sandisk-64gb-extreme-150mb-s-sdxc,SanDisk Extreme SDXC 64GB UHS-I C10 U3 V30,,732678,Memory Card,"memory-storage, photo-video-accessories, sandisk, sd-sdhc",Sandisk,25.00,,Unknown,,"The SanDisk Extreme® SD UHS-I memory card delivers performance that lets you take control of your creativity. With shot speeds of up to 70MB/s 6 and UHS speed Class 3 (U3) 2 recording, youre ready to capture stunning high-resolution, stutter-free 4K UHD video 1 . Its 150MB/s 6 transfer speeds mean you can quickly move your photos where you want them. Plus, its built to withstand weather, water, shocks and other less-than-ideal conditions so you can rest assured that its good to go wherever you go. Shot speeds up to 70MB/s Perfect for capturing the action as it happens with up to 70 MB/s 6 shot speeds, without missing a beat. Transfer speeds up to 150MB/s Accelerated transfer speeds up to 150MB/s 6 so you can find your best shot faster. Perfect for 4K UHD video Sometimes speed is what you need. The SanDisk Extreme® SD UHS-I card delivers the performance to capture stunning, uninterrupted 4K UHD video1. Stunning sequential burst mode shots Rated UHS Speed Class 3 (U3) and Video Speed Class 30 (V30) 2 , the SanDisk Extreme® SD UHS-I card lets you capture sequential burst mode shots without missing a beat. Durability you can count on Built for and tested in harsh conditions 3 , the SanDisk Extreme® SD UHS-I card is temperature-proof, waterproof, shock-proof, and x-ray-proof.",https://cdn.shopify.com/s/files/1/0955/2409/4277/files/sandisk-64gb-extreme-150mb-s-sdxc-3372-1-p.jpg?v=1756285026,https://cdn.shopify.com/s/files/1/0955/2409/4277/files/sandisk-64gb-extreme-150mb-s-sdxc-3372-1-p.jpg?v=1756285026,2026-03-12T19:02:03+00:00
HDEW Cameras,https://hdewcameras.co.uk,15737081561413,https://hdewcameras.co.uk/products/apple-macbook-neo-a18-pro-8-256gb-silver,Apple MacBook Neo A18 Pro 8/256GB Silver,,35352-00631-00,Apple Mac,"apple, apple-macbooks, macbook-air, £500+",Apple,549.00,599.00,Unknown,,"MacBook Neo flies through everyday tasks and apps. Choose from four stunning colours in a durable aluminium design. With a brilliant 13-inch Liquid Retina display¹, the A18 Pro chip built for AI and Apple Intelligence² and up to 16 hours of battery life³, it’s an amazing Mac at a surprising price. THE MOST COLOURFUL MACBOOK LINE-UP EVER — Choose from Silver, Blush, Citrus or Indigo — each with a colour-coordinated keyboard to complete the look. And with a durable aluminium design, MacBook Neo is built to go wherever you go. POWER FOR EVERYDAY TASKS — Ready the moment you open it, MacBook Neo with the A18 Pro chip delivers the performance and AI capabilities you need to get things done, whether you’re editing family photos, powering through spreadsheets, using AI to summarise class notes or playing the latest Apple Arcade game. UP TO 16 HOURS OF BATTERY LIFE³ — With all-day battery life, MacBook Neo is equipped to go the distance for everyday users and students — from early-morning classes to late-night study sessions. A BRILLIANT 13-INCH DISPLAY¹ — Feast your eyes on the gorgeous Liquid Retina display. A 2408 by 1506 resolution, up to 500 nits of brightness and support for 1 billion colours provide vivid images and crisp text. LOOK AND SOUND GREAT — MacBook Neo comes with a 1080p FaceTime HD camera, a dual-mic array to enhance your voice for crystal-clear clarity during calls, and two side-firing speakers for immersive sound with Spatial Audio. BUILT FOR AI — Apple silicon, and every major component that powers it, is designed to efficiently run on-device AI activities. And Apple Intelligence helps you write, express yourself and get things done effortlessly with groundbreaking privacy protections at every step.² MACOS RUNS APPS FAST — All your go-to apps run lightning-fast in macOS, including built-in apps like FaceTime and Messages.⁴ IF YOU LOVE IPHONE, YOU’LL LOVE MAC — Mac works like magic with your other Apple devices. View and control what’s on your iPhone from your Mac with iPhone Mirroring.⁵ Copy something on iPhone and paste it on Mac. Send texts with Messages from your Mac, or use your Mac to answer FaceTime calls.⁴ PRIVACY AND SECURITY — Built-in antivirus protection and free software updates help keep your MacBook Neo running smoothly and securely. FileVault encrypts your files so others can’t access them. Find My can help you locate your lost or stolen Mac. The MacBook Neo model with Lock Key lets you wake and lock your screen and power your Mac on and off. The model with Touch ID uses your fingerprint to unlock your Mac, authorise payments, and sign in to apps and sites. ¹ Screen size is measured diagonally. The display on the 13-inch MacBook Neo has rounded corners at the top. When measured as a standard rectangular shape, the screen is 13.0 inches diagonally (actual viewable area is less). ² Apple Intelligence is available in beta. Some features may not be available in all regions or languages. For feature and language availability, and system requirements, see support.apple.com/121115. ³ Testing conducted by Apple in January 2026 using preproduction MacBookNeo systems with Apple A18 Pro, 6-core CPU, 5-core GPU, 8GB of unified memory and 256GB SSD. Wireless web battery life tested by browsing 25 popular websites while connected to Wi-Fi. Video streaming battery life tested with 1080p content in Safari while connected to Wi-Fi. All systems tested with display brightness set to eight clicks from the bottom. Battery life varies by use and configuration; see apple.com/au/batteries for more information. ⁴ FaceTime calling requires a FaceTime‑enabled device for the caller and recipient, and a Wi‑Fi connection. ⁵ Available on Mac computers with Apple silicon and Intel-based Mac computers with a T2 Security Chip. Requires that your iPhone and Mac are signed in with the same Apple Account using two-factor authentication, your iPhone and Mac are near each other and have Bluetooth® and Wi-Fi turned on, and your Mac is not using AirPlay or Sidecar. Some iPhone features (such as camera and microphone) are not compatible with iPhone Mirroring.",https://cdn.shopify.com/s/files/1/0955/2409/4277/files/Apple_MacBook-Neo_A18-Silver_HDEW1.jpg?v=1773303502,https://cdn.shopify.com/s/files/1/0955/2409/4277/files/Apple_MacBook-Neo_A18-Silver_HDEW1.jpg?v=1773303502 | https://cdn.shopify.com/s/files/1/0955/2409/4277/files/Apple_MacBook-Neo_A18-Silver_HDEW2.jpg?v=1773303502 | https://cdn.shopify.com/s/files/1/0955/2409/4277/files/Apple_MacBook-Neo_A18-Silver_HDEW3.jpg?v=1773362250 | https://cdn.shopify.com/s/files/1/0955/2409/4277/files/Apple_MacBook-Neo_A18-HDEW5.jpg?v=1773362250 | https://cdn.shopify.com/s/files/1/0955/2409/4277/files/Apple_MacBook-Neo_A18-Silver_HDEW4.jpg?v=1773362250,2026-03-12T08:18:51+00:00
HDEW Cameras,https://hdewcameras.co.uk,15731358728517,https://hdewcameras.co.uk/products/apple-macbook-pro-14-m5-10-10-core-32-1tb-space-black,"Apple MacBook Pro 14"" M5 10/10 Core 32/1TB Space Black",,35352-00663-00,Macbook,"apple-macbooks, computing, macbook-pro",Apple,1999.00,2099.00,Unknown,,"Performance | Happily ever faster. - Latest Release The M5 chip joins M5 Pro and M5 Max to create the most advanced series of chips ever built for a pro laptop. Each chip delivers phenomenal single- and multi-threaded CPU performance and faster unified memory - giving you the kind of speed you've never thought possible. And with powerful Neural Accelerators in the M5 chip, you can fly through AI tasks at mind-bending speeds. The 36.1 cm (14.2"") 3024 x 1964 screen delivers an exceptional viewing experience, featuring vibrant colours, sharp resolution, and wide viewing angles 24 Hours battery run time allows you to stay untethered and productive for extended periods without interruption Apple M5 chip M5 brings next-generation speed and powerful on‑device AI to the personal, professional and creative tasks you do every day. Multitask seamlessly across productivity apps and utilise advanced AI capabilities Blaze through creative tasks and handle creative pursuits with ease Configure with up to 32GB unified memory Supports up to two external displays",https://cdn.shopify.com/s/files/1/0955/2409/4277/files/MacBook_Pro_M5_Black_HDEW1.jpg?v=1767696195,https://cdn.shopify.com/s/files/1/0955/2409/4277/files/MacBook_Pro_M5_Black_HDEW1.jpg?v=1767696195 | https://cdn.shopify.com/s/files/1/0955/2409/4277/files/MacBook_Pro_M5_Black_HDEW9.jpg?v=1767696195 | https://cdn.shopify.com/s/files/1/0955/2409/4277/files/MacBook_Pro_M5_Black_HDEW10.jpg?v=1767696195 | https://cdn.shopify.com/s/files/1/0955/2409/4277/files/MacBook_Pro_M5_Black_HDEW8.jpg?v=1767696195 | https://cdn.shopify.com/s/files/1/0955/2409/4277/files/MacBook_Pro_M5_Black_HDEW7.jpg?v=1767696195 | https://cdn.shopify.com/s/files/1/0955/2409/4277/files/MacBook_Pro_M5_Black_HDEW6.jpg?v=1767696195 | https://cdn.shopify.com/s/files/1/0955/2409/4277/files/MacBook_Pro_M5_Black_HDEW5.jpg?v=1767696195 | https://cdn.shopify.com/s/files/1/0955/2409/4277/files/MacBook_Pro_M5_Black_HDEW4.jpg?v=1767696195 | https://cdn.shopify.com/s/files/1/0955/2409/4277/files/MacBook_Pro_M5_Black_HDEW3.jpg?v=1767696195 | https://cdn.shopify.com/s/files/1/0955/2409/4277/files/MacBook_Pro_M5_Black_HDEW2.jpg?v=1767696195,2026-03-12T07:41:32+00:00
HDEW Cameras,https://hdewcameras.co.uk,15731359416645,https://hdewcameras.co.uk/products/apple-macbook-pro-14-m5-10-10-core-32-1tb-silver,"Apple MacBook Pro 14"" M5 10/10 Core 32/1TB Silver",,35352-00664-00,Macbook,"apple-macbooks, computing, macbook-pro",Apple,1999.00,2099.00,Unknown,,"Performance | Happily ever faster - Latest Release The M5 chip joins M5 Pro and M5 Max to create the most advanced series of chips ever built for a pro laptop. Each chip delivers phenomenal single- and multi-threaded CPU performance and faster unified memory - giving you the kind of speed you've never thought possible. And with powerful Neural Accelerators in the M5 chip, you can fly through AI tasks at mind-bending speeds. The 36.1 cm (14.2"") 3024 x 1964 screen delivers an exceptional viewing experience, featuring vibrant colours, sharp resolution, and wide viewing angles 24 Hours battery run time allows you to stay untethered and productive for extended periods without interruption Apple M5 chip M5 brings next-generation speed and powerful on‑device AI to the personal, professional and creative tasks you do every day. Multitask seamlessly across productivity apps and utilise advanced AI capabilities Blaze through creative tasks and handle creative pursuits with ease Configure with up to 32GB unified memory Supports up to two external displays",https://cdn.shopify.com/s/files/1/0955/2409/4277/files/MacBook_Pro_M5_Silver_HDEW1.jpg?v=1767695880,https://cdn.shopify.com/s/files/1/0955/2409/4277/files/MacBook_Pro_M5_Silver_HDEW1.jpg?v=1767695880 | https://cdn.shopify.com/s/files/1/0955/2409/4277/files/MacBook_Pro_M5_Silver_HDEW6.jpg?v=1767695880 | https://cdn.shopify.com/s/files/1/0955/2409/4277/files/MacBook_Pro_M5_Silver_HDEW5.jpg?v=1767695880 | https://cdn.shopify.com/s/files/1/0955/2409/4277/files/MacBook_Pro_M5_Silver_HDEW4.jpg?v=1767695880 | https://cdn.shopify.com/s/files/1/0955/2409/4277/files/MacBook_Pro_M5_Silver_HDEW3.jpg?v=1767695880 | https://cdn.shopify.com/s/files/1/0955/2409/4277/files/MacBook_Pro_M5_Silver_HDEW2.jpg?v=1767695880,2026-03-12T07:33:08+00:00
HDEW Cameras,https://hdewcameras.co.uk,15733520302405,https://hdewcameras.co.uk/products/apple-ipad-air-m4-11-wifi-256gb-starlight,Apple iPad Air (M4) 11 Wifi 256GB Starlight,,27351-01434-00,iPad,"apple, Apple iPad Air M4, apple-ipads",Apple,595.00,699.00,Unknown,,"The 11-inch iPad Air. Built for Apple Intelligence.¹ iPad Air, now supercharged by the Apple M4 chip. Powerfully capable and affordable. It features a stunning Liquid Retina display, a 12MP Centre Stage front camera for great video calls, iPadOS, and blazing-fast Wi-Fi 7.² It works with Apple Pencil Pro, Magic Keyboard for iPad Air and more, so you can multitask, study, work, play and create with ease. WHY IPAD AIR — iPad Air with the Apple M4 chip packs even more performance into a beautiful design, and it comes in two portable sizes. It features Apple Intelligence¹ along with a stunning Liquid Retina display, Touch ID, advanced cameras and Wi-Fi 7.² PERFORMANCE AND STORAGE — The M4 chip delivers advanced graphics and incredible performance for smooth multitasking and complex AI tasks. And with all-day battery life, you can keep working and playing wherever you go.³ Choose up to 1TB of storage for apps, music, movies and more.⁴ IPADOS + APPS — Run apps and get more done with the game-changing capabilities and intuitive design of iPadOS. The flexible windowing system lets you control, organise and manage your workflows like never before. APPLE INTELLIGENCE — Apple Intelligence is the personal intelligence system that helps you create, communicate and get things done effortlessly with groundbreaking privacy protections at every step.¹ 11-INCH LIQUID RETINA DISPLAY — The gorgeous Liquid Retina display features advanced technologies like P3 wide colour, True Tone and ultra-low reflectivity, which make everything look stunning.⁵ CONNECTIVITY — Wi‑Fi 7 with Apple N1² enables fast wireless connections for transfers of photos, documents and large video files. APPLE PENCIL AND MAGIC KEYBOARD FOR IPAD AIR — Apple Pencil Pro and Apple Pencil (USB-C) enable intuitive and precise control for drawing, note-taking and creativity. Magic Keyboard provides an amazing typing experience and a trackpad with haptic feedback. ADVANCED CAMERAS — iPad Air features a 12MP Centre Stage front camera that’s perfect for video calls and selfies, and a 12MP Wide back camera for document scanning and capturing photos and 4K videos. UNLOCK AND PAY WITH TOUCH ID — Touch ID lets you use your fingerprint to unlock your iPad Air, sign in to apps and make payments securely with Apple Pay. Apple Pencil Pro | Engineered for limitless creativity. Apple Pencil sets the standard for how drawing, painting, handwriting, and note-taking should feel - intuitive, precise, and magical. All with pixel-perfect precision, low latency, tilt sensitivity, and support for palm rejection. And Apple Pencil Pro adds even more capabilities to bring your ideas to life like never before. ¹Apple Intelligence is available in beta. Some features may not be available in all regions or languages. ²Wi‑Fi 7 available in countries and regions where supported. ³Battery life varies by use and configuration. ⁴Available space is less and varies due to many factors. Storage capacity subject to change based on software version, settings and iPad model. 1GB = 1 billion bytes; 1TB = 1 trillion bytes. Actual formatted capacity less. ⁵The display has rounded corners. When measured diagonally as a rectangle, the 11-inch iPad Air is 10.86 inches. Actual viewable area is less.",https://cdn.shopify.com/s/files/1/0955/2409/4277/files/Apple_iPad-Air_M4_Starlight-HDEW1.jpg?v=1773194444,https://cdn.shopify.com/s/files/1/0955/2409/4277/files/Apple_iPad-Air_M4_Starlight-HDEW1.jpg?v=1773194444 | https://cdn.shopify.com/s/files/1/0955/2409/4277/files/Apple_iPad-Air_M4_Starlight-HDEW2.jpg?v=1773194444 | https://cdn.shopify.com/s/files/1/0955/2409/4277/files/1741093451_IMG_2445852.jpg?v=1774926638 | https://cdn.shopify.com/s/files/1/0955/2409/4277/files/1741093451_IMG_2445853.jpg?v=1774926638,2026-03-11T04:28:47+00:00
HDEW Cameras,https://hdewcameras.co.uk,15733515747653,https://hdewcameras.co.uk/products/apple-ipad-air-m4-11-wifi-256gb-space-grey,Apple iPad Air (M4) 11 Wifi 256GB Space Grey,,27351-01432-00,iPad,"apple, Apple iPad Air M4, apple-ipads",Apple,595.00,699.00,Unknown,,"The 11-inch iPad Air. Built for Apple Intelligence.¹ iPad Air, now supercharged by the Apple M4 chip. Powerfully capable and affordable. It features a stunning Liquid Retina display, a 12MP Centre Stage front camera for great video calls, iPadOS, and blazing-fast Wi-Fi 7.² It works with Apple Pencil Pro, Magic Keyboard for iPad Air and more, so you can multitask, study, work, play and create with ease. WHY IPAD AIR — iPad Air with the Apple M4 chip packs even more performance into a beautiful design, and it comes in two portable sizes. It features Apple Intelligence¹ along with a stunning Liquid Retina display, Touch ID, advanced cameras and Wi-Fi 7.² PERFORMANCE AND STORAGE — The M4 chip delivers advanced graphics and incredible performance for smooth multitasking and complex AI tasks. And with all-day battery life, you can keep working and playing wherever you go.³ Choose up to 1TB of storage for apps, music, movies and more.⁴ IPADOS + APPS — Run apps and get more done with the game-changing capabilities and intuitive design of iPadOS. The flexible windowing system lets you control, organise and manage your workflows like never before. APPLE INTELLIGENCE — Apple Intelligence is the personal intelligence system that helps you create, communicate and get things done effortlessly with groundbreaking privacy protections at every step.¹ 11-INCH LIQUID RETINA DISPLAY — The gorgeous Liquid Retina display features advanced technologies like P3 wide colour, True Tone and ultra-low reflectivity, which make everything look stunning.⁵ CONNECTIVITY — Wi‑Fi 7 with Apple N1² enables fast wireless connections for transfers of photos, documents and large video files. APPLE PENCIL AND MAGIC KEYBOARD FOR IPAD AIR — Apple Pencil Pro and Apple Pencil (USB-C) enable intuitive and precise control for drawing, note-taking and creativity. Magic Keyboard provides an amazing typing experience and a trackpad with haptic feedback. ADVANCED CAMERAS — iPad Air features a 12MP Centre Stage front camera that’s perfect for video calls and selfies, and a 12MP Wide back camera for document scanning and capturing photos and 4K videos. UNLOCK AND PAY WITH TOUCH ID — Touch ID lets you use your fingerprint to unlock your iPad Air, sign in to apps and make payments securely with Apple Pay. Apple Pencil Pro | Engineered for limitless creativity. Apple Pencil sets the standard for how drawing, painting, handwriting, and note-taking should feel - intuitive, precise, and magical. All with pixel-perfect precision, low latency, tilt sensitivity, and support for palm rejection. And Apple Pencil Pro adds even more capabilities to bring your ideas to life like never before. ¹Apple Intelligence is available in beta. Some features may not be available in all regions or languages. ²Wi‑Fi 7 available in countries and regions where supported. ³Battery life varies by use and configuration. ⁴Available space is less and varies due to many factors. Storage capacity subject to change based on software version, settings and iPad model. 1GB = 1 billion bytes; 1TB = 1 trillion bytes. Actual formatted capacity less. ⁵The display has rounded corners. When measured diagonally as a rectangle, the 11-inch iPad Air is 10.86 inches. Actual viewable area is less.",https://cdn.shopify.com/s/files/1/0955/2409/4277/files/Apple_iPad-Air11_Space-Grey_HDEW1_7caf480c-b6d1-482d-b3b6-a7f10b5bf940.jpg?v=1773193399,https://cdn.shopify.com/s/files/1/0955/2409/4277/files/Apple_iPad-Air11_Space-Grey_HDEW1_7caf480c-b6d1-482d-b3b6-a7f10b5bf940.jpg?v=1773193399 | https://cdn.shopify.com/s/files/1/0955/2409/4277/files/Apple_iPad-Air11_2025_Space-Grey_HDEW3_6c55cae4-1fc0-4607-89d9-ffbc3ed2970b.jpg?v=1773193399 | https://cdn.shopify.com/s/files/1/0955/2409/4277/files/1741093451_IMG_2445852.jpg?v=1774926638 | https://cdn.shopify.com/s/files/1/0955/2409/4277/files/1741093451_IMG_2445853.jpg?v=1774926638,2026-03-11T04:26:41+00:00
HDEW Cameras,https://hdewcameras.co.uk,15733507916101,https://hdewcameras.co.uk/products/apple-ipad-air-m4-11-wifi-256gb-purple,Apple iPad Air (M4) 11 Wifi 256GB Purple,,27351-01438-00,iPad,"apple, Apple iPad Air M4, apple-ipads",Apple,595.00,699.00,Unknown,,"The 11-inch iPad Air. Built for Apple Intelligence.¹ iPad Air, now supercharged by the Apple M4 chip. Powerfully capable and affordable. It features a stunning Liquid Retina display, a 12MP Centre Stage front camera for great video calls, iPadOS, and blazing-fast Wi-Fi 7.² It works with Apple Pencil Pro, Magic Keyboard for iPad Air and more, so you can multitask, study, work, play and create with ease. WHY IPAD AIR — iPad Air with the Apple M4 chip packs even more performance into a beautiful design, and it comes in two portable sizes. It features Apple Intelligence¹ along with a stunning Liquid Retina display, Touch ID, advanced cameras and Wi-Fi 7.² PERFORMANCE AND STORAGE — The M4 chip delivers advanced graphics and incredible performance for smooth multitasking and complex AI tasks. And with all-day battery life, you can keep working and playing wherever you go.³ Choose up to 1TB of storage for apps, music, movies and more.⁴ IPADOS + APPS — Run apps and get more done with the game-changing capabilities and intuitive design of iPadOS. The flexible windowing system lets you control, organise and manage your workflows like never before. APPLE INTELLIGENCE — Apple Intelligence is the personal intelligence system that helps you create, communicate and get things done effortlessly with groundbreaking privacy protections at every step.¹ 11-INCH LIQUID RETINA DISPLAY — The gorgeous Liquid Retina display features advanced technologies like P3 wide colour, True Tone and ultra-low reflectivity, which make everything look stunning.⁵ CONNECTIVITY — Wi‑Fi 7 with Apple N1² enables fast wireless connections for transfers of photos, documents and large video files. APPLE PENCIL AND MAGIC KEYBOARD FOR IPAD AIR — Apple Pencil Pro and Apple Pencil (USB-C) enable intuitive and precise control for drawing, note-taking and creativity. Magic Keyboard provides an amazing typing experience and a trackpad with haptic feedback. ADVANCED CAMERAS — iPad Air features a 12MP Centre Stage front camera that’s perfect for video calls and selfies, and a 12MP Wide back camera for document scanning and capturing photos and 4K videos. UNLOCK AND PAY WITH TOUCH ID — Touch ID lets you use your fingerprint to unlock your iPad Air, sign in to apps and make payments securely with Apple Pay. Apple Pencil Pro | Engineered for limitless creativity. Apple Pencil sets the standard for how drawing, painting, handwriting, and note-taking should feel - intuitive, precise, and magical. All with pixel-perfect precision, low latency, tilt sensitivity, and support for palm rejection. And Apple Pencil Pro adds even more capabilities to bring your ideas to life like never before. ¹Apple Intelligence is available in beta. Some features may not be available in all regions or languages. ²Wi‑Fi 7 available in countries and regions where supported. ³Battery life varies by use and configuration. ⁴Available space is less and varies due to many factors. Storage capacity subject to change based on software version, settings and iPad model. 1GB = 1 billion bytes; 1TB = 1 trillion bytes. Actual formatted capacity less. ⁵The display has rounded corners. When measured diagonally as a rectangle, the 11-inch iPad Air is 10.86 inches. Actual viewable area is less.",https://cdn.shopify.com/s/files/1/0955/2409/4277/files/Apple_iPad-Air_M4_Purple-HDEW1.jpg?v=1773190025,https://cdn.shopify.com/s/files/1/0955/2409/4277/files/Apple_iPad-Air_M4_Purple-HDEW1.jpg?v=1773190025 | https://cdn.shopify.com/s/files/1/0955/2409/4277/files/Apple_iPad-Air_M4_Purple-HDEW2.jpg?v=1773190025 | https://cdn.shopify.com/s/files/1/0955/2409/4277/files/1741093451_IMG_2445852.jpg?v=1774926638 | https://cdn.shopify.com/s/files/1/0955/2409/4277/files/1741093451_IMG_2445853.jpg?v=1774926638,2026-03-11T04:21:52+00:00
HDEW Cameras,https://hdewcameras.co.uk,15733489074501,https://hdewcameras.co.uk/products/apple-ipad-air-m4-11-wifi-256gb-blue,Apple iPad Air (M4) 11 Wifi 256GB Blue,,27351-01436-00,iPad,"apple, Apple iPad Air M4, apple-ipads",Apple,595.00,699.00,Unknown,,"The 11-inch iPad Air. Built for Apple Intelligence.¹ iPad Air, now supercharged by the Apple M4 chip. Powerfully capable and affordable. It features a stunning Liquid Retina display, a 12MP Centre Stage front camera for great video calls, iPadOS, and blazing-fast Wi-Fi 7.² It works with Apple Pencil Pro, Magic Keyboard for iPad Air and more, so you can multitask, study, work, play and create with ease. WHY IPAD AIR — iPad Air with the Apple M4 chip packs even more performance into a beautiful design, and it comes in two portable sizes. It features Apple Intelligence¹ along with a stunning Liquid Retina display, Touch ID, advanced cameras and Wi-Fi 7.² PERFORMANCE AND STORAGE — The M4 chip delivers advanced graphics and incredible performance for smooth multitasking and complex AI tasks. And with all-day battery life, you can keep working and playing wherever you go.³ Choose up to 1TB of storage for apps, music, movies and more.⁴ IPADOS + APPS — Run apps and get more done with the game-changing capabilities and intuitive design of iPadOS. The flexible windowing system lets you control, organise and manage your workflows like never before. APPLE INTELLIGENCE — Apple Intelligence is the personal intelligence system that helps you create, communicate and get things done effortlessly with groundbreaking privacy protections at every step.¹ 11-INCH LIQUID RETINA DISPLAY — The gorgeous Liquid Retina display features advanced technologies like P3 wide colour, True Tone and ultra-low reflectivity, which make everything look stunning.⁵ CONNECTIVITY — Wi‑Fi 7 with Apple N1² enables fast wireless connections for transfers of photos, documents and large video files. APPLE PENCIL AND MAGIC KEYBOARD FOR IPAD AIR — Apple Pencil Pro and Apple Pencil (USB-C) enable intuitive and precise control for drawing, note-taking and creativity. Magic Keyboard provides an amazing typing experience and a trackpad with haptic feedback. ADVANCED CAMERAS — iPad Air features a 12MP Centre Stage front camera that’s perfect for video calls and selfies, and a 12MP Wide back camera for document scanning and capturing photos and 4K videos. UNLOCK AND PAY WITH TOUCH ID — Touch ID lets you use your fingerprint to unlock your iPad Air, sign in to apps and make payments securely with Apple Pay. Apple Pencil Pro | Engineered for limitless creativity. Apple Pencil sets the standard for how drawing, painting, handwriting, and note-taking should feel - intuitive, precise, and magical. All with pixel-perfect precision, low latency, tilt sensitivity, and support for palm rejection. And Apple Pencil Pro adds even more capabilities to bring your ideas to life like never before. ¹Apple Intelligence is available in beta. Some features may not be available in all regions or languages. ²Wi‑Fi 7 available in countries and regions where supported. ³Battery life varies by use and configuration. ⁴Available space is less and varies due to many factors. Storage capacity subject to change based on software version, settings and iPad model. 1GB = 1 billion bytes; 1TB = 1 trillion bytes. Actual formatted capacity less. ⁵The display has rounded corners. When measured diagonally as a rectangle, the 11-inch iPad Air is 10.86 inches. Actual viewable area is less.",https://cdn.shopify.com/s/files/1/0955/2409/4277/files/Apple_iPad-Air_M4_Blue-HDEW1.jpg?v=1773202803,https://cdn.shopify.com/s/files/1/0955/2409/4277/files/Apple_iPad-Air_M4_Blue-HDEW1.jpg?v=1773202803 | https://cdn.shopify.com/s/files/1/0955/2409/4277/files/Apple_iPad-Air_M4_Blue-HDEW2.jpg?v=1773202803 | https://cdn.shopify.com/s/files/1/0955/2409/4277/files/Apple_iPad-Air_M4_Blue-HDEW3.jpg?v=1773202803,2026-03-11T04:20:02+00:00
HDEW Cameras,https://hdewcameras.co.uk,15733228798277,https://hdewcameras.co.uk/products/apple-ipad-air-m4-11-wifi-128gb-starlight,Apple iPad Air (M4) 11 Wifi 128GB Starlight,,27351-01426-00,iPad,"apple, Apple iPad Air M4, apple-ipads",Apple,495.00,599.00,Unknown,,"The 11-inch iPad Air. Built for Apple Intelligence.¹ iPad Air, now supercharged by the Apple M4 chip. Powerfully capable and affordable. It features a stunning Liquid Retina display, a 12MP Centre Stage front camera for great video calls, iPadOS, and blazing-fast Wi-Fi 7.² It works with Apple Pencil Pro, Magic Keyboard for iPad Air and more, so you can multitask, study, work, play and create with ease. WHY IPAD AIR — iPad Air with the Apple M4 chip packs even more performance into a beautiful design, and it comes in two portable sizes. It features Apple Intelligence¹ along with a stunning Liquid Retina display, Touch ID, advanced cameras and Wi-Fi 7.² PERFORMANCE AND STORAGE — The M4 chip delivers advanced graphics and incredible performance for smooth multitasking and complex AI tasks. And with all-day battery life, you can keep working and playing wherever you go.³ Choose up to 1TB of storage for apps, music, movies and more.⁴ IPADOS + APPS — Run apps and get more done with the game-changing capabilities and intuitive design of iPadOS. The flexible windowing system lets you control, organise and manage your workflows like never before. APPLE INTELLIGENCE — Apple Intelligence is the personal intelligence system that helps you create, communicate and get things done effortlessly with groundbreaking privacy protections at every step.¹ 11-INCH LIQUID RETINA DISPLAY — The gorgeous Liquid Retina display features advanced technologies like P3 wide colour, True Tone and ultra-low reflectivity, which make everything look stunning.⁵ CONNECTIVITY — Wi‑Fi 7 with Apple N1² enables fast wireless connections for transfers of photos, documents and large video files. APPLE PENCIL AND MAGIC KEYBOARD FOR IPAD AIR — Apple Pencil Pro and Apple Pencil (USB-C) enable intuitive and precise control for drawing, note-taking and creativity. Magic Keyboard provides an amazing typing experience and a trackpad with haptic feedback. ADVANCED CAMERAS — iPad Air features a 12MP Centre Stage front camera that’s perfect for video calls and selfies, and a 12MP Wide back camera for document scanning and capturing photos and 4K videos. UNLOCK AND PAY WITH TOUCH ID — Touch ID lets you use your fingerprint to unlock your iPad Air, sign in to apps and make payments securely with Apple Pay. Apple Pencil Pro | Engineered for limitless creativity. Apple Pencil sets the standard for how drawing, painting, handwriting, and note-taking should feel - intuitive, precise, and magical. All with pixel-perfect precision, low latency, tilt sensitivity, and support for palm rejection. And Apple Pencil Pro adds even more capabilities to bring your ideas to life like never before. ¹Apple Intelligence is available in beta. Some features may not be available in all regions or languages. ²Wi‑Fi 7 available in countries and regions where supported. ³Battery life varies by use and configuration. ⁴Available space is less and varies due to many factors. Storage capacity subject to change based on software version, settings and iPad model. 1GB = 1 billion bytes; 1TB = 1 trillion bytes. Actual formatted capacity less. ⁵The display has rounded corners. When measured diagonally as a rectangle, the 11-inch iPad Air is 10.86 inches. Actual viewable area is less.",https://cdn.shopify.com/s/files/1/0955/2409/4277/files/Apple_iPad-Air_M4_Starlight-HDEW1.jpg?v=1773194444,https://cdn.shopify.com/s/files/1/0955/2409/4277/files/Apple_iPad-Air_M4_Starlight-HDEW1.jpg?v=1773194444 | https://cdn.shopify.com/s/files/1/0955/2409/4277/files/Apple_iPad-Air_M4_Starlight-HDEW2.jpg?v=1773194444 | https://cdn.shopify.com/s/files/1/0955/2409/4277/files/1741093451_IMG_2445852.jpg?v=1774926638 | https://cdn.shopify.com/s/files/1/0955/2409/4277/files/1741093451_IMG_2445853.jpg?v=1774926638,2026-03-11T02:00:43+00:00
HDEW Cameras,https://hdewcameras.co.uk,15733207138629,https://hdewcameras.co.uk/products/apple-ipad-air-m4-11-wifi-128gb-space-grey,Apple iPad Air (M4) 11 Wifi 128GB Space Grey,,27351-01424-00,iPad,"apple, Apple iPad Air M4, apple-ipads",Apple,495.00,599.00,Unknown,,"The 11-inch iPad Air. Built for Apple Intelligence.¹ iPad Air, now supercharged by the Apple M4 chip. Powerfully capable and affordable. It features a stunning Liquid Retina display, a 12MP Centre Stage front camera for great video calls, iPadOS, and blazing-fast Wi-Fi 7.² It works with Apple Pencil Pro, Magic Keyboard for iPad Air and more, so you can multitask, study, work, play and create with ease. WHY IPAD AIR — iPad Air with the Apple M4 chip packs even more performance into a beautiful design, and it comes in two portable sizes. It features Apple Intelligence¹ along with a stunning Liquid Retina display, Touch ID, advanced cameras and Wi-Fi 7.² PERFORMANCE AND STORAGE — The M4 chip delivers advanced graphics and incredible performance for smooth multitasking and complex AI tasks. And with all-day battery life, you can keep working and playing wherever you go.³ Choose up to 1TB of storage for apps, music, movies and more.⁴ IPADOS + APPS — Run apps and get more done with the game-changing capabilities and intuitive design of iPadOS. The flexible windowing system lets you control, organise and manage your workflows like never before. APPLE INTELLIGENCE — Apple Intelligence is the personal intelligence system that helps you create, communicate and get things done effortlessly with groundbreaking privacy protections at every step.¹ 11-INCH LIQUID RETINA DISPLAY — The gorgeous Liquid Retina display features advanced technologies like P3 wide colour, True Tone and ultra-low reflectivity, which make everything look stunning.⁵ CONNECTIVITY — Wi‑Fi 7 with Apple N1² enables fast wireless connections for transfers of photos, documents and large video files. APPLE PENCIL AND MAGIC KEYBOARD FOR IPAD AIR — Apple Pencil Pro and Apple Pencil (USB-C) enable intuitive and precise control for drawing, note-taking and creativity. Magic Keyboard provides an amazing typing experience and a trackpad with haptic feedback. ADVANCED CAMERAS — iPad Air features a 12MP Centre Stage front camera that’s perfect for video calls and selfies, and a 12MP Wide back camera for document scanning and capturing photos and 4K videos. UNLOCK AND PAY WITH TOUCH ID — Touch ID lets you use your fingerprint to unlock your iPad Air, sign in to apps and make payments securely with Apple Pay. Apple Pencil Pro | Engineered for limitless creativity. Apple Pencil sets the standard for how drawing, painting, handwriting, and note-taking should feel - intuitive, precise, and magical. All with pixel-perfect precision, low latency, tilt sensitivity, and support for palm rejection. And Apple Pencil Pro adds even more capabilities to bring your ideas to life like never before. ¹Apple Intelligence is available in beta. Some features may not be available in all regions or languages. ²Wi‑Fi 7 available in countries and regions where supported. ³Battery life varies by use and configuration. ⁴Available space is less and varies due to many factors. Storage capacity subject to change based on software version, settings and iPad model. 1GB = 1 billion bytes; 1TB = 1 trillion bytes. Actual formatted capacity less. ⁵The display has rounded corners. When measured diagonally as a rectangle, the 11-inch iPad Air is 10.86 inches. Actual viewable area is less.",https://cdn.shopify.com/s/files/1/0955/2409/4277/files/Apple_iPad-Air11_Space-Grey_HDEW1_7caf480c-b6d1-482d-b3b6-a7f10b5bf940.jpg?v=1773193399,https://cdn.shopify.com/s/files/1/0955/2409/4277/files/Apple_iPad-Air11_Space-Grey_HDEW1_7caf480c-b6d1-482d-b3b6-a7f10b5bf940.jpg?v=1773193399 | https://cdn.shopify.com/s/files/1/0955/2409/4277/files/Apple_iPad-Air11_2025_Space-Grey_HDEW3_6c55cae4-1fc0-4607-89d9-ffbc3ed2970b.jpg?v=1773193399 | https://cdn.shopify.com/s/files/1/0955/2409/4277/files/1741093451_IMG_2445852.jpg?v=1774926638 | https://cdn.shopify.com/s/files/1/0955/2409/4277/files/1741093451_IMG_2445853.jpg?v=1774926638,2026-03-11T01:43:18+00:00
HDEW Cameras,https://hdewcameras.co.uk,15733090320709,https://hdewcameras.co.uk/products/apple-ipad-air-m4-11-wifi-128gb-purple,Apple iPad Air (M4) 11 Wifi 128GB Purple,,27351-01430-00,iPad,"apple, Apple iPad Air M4, apple-ipads",Apple,495.00,599.00,Unknown,,"The 11-inch iPad Air. Built for Apple Intelligence.¹ iPad Air, now supercharged by the Apple M4 chip. Powerfully capable and affordable. It features a stunning Liquid Retina display, a 12MP Centre Stage front camera for great video calls, iPadOS, and blazing-fast Wi-Fi 7.² It works with Apple Pencil Pro, Magic Keyboard for iPad Air and more, so you can multitask, study, work, play and create with ease. WHY IPAD AIR — iPad Air with the Apple M4 chip packs even more performance into a beautiful design, and it comes in two portable sizes. It features Apple Intelligence¹ along with a stunning Liquid Retina display, Touch ID, advanced cameras and Wi-Fi 7.² PERFORMANCE AND STORAGE — The M4 chip delivers advanced graphics and incredible performance for smooth multitasking and complex AI tasks. And with all-day battery life, you can keep working and playing wherever you go.³ Choose up to 1TB of storage for apps, music, movies and more.⁴ IPADOS + APPS — Run apps and get more done with the game-changing capabilities and intuitive design of iPadOS. The flexible windowing system lets you control, organise and manage your workflows like never before. APPLE INTELLIGENCE — Apple Intelligence is the personal intelligence system that helps you create, communicate and get things done effortlessly with groundbreaking privacy protections at every step.¹ 11-INCH LIQUID RETINA DISPLAY — The gorgeous Liquid Retina display features advanced technologies like P3 wide colour, True Tone and ultra-low reflectivity, which make everything look stunning.⁵ CONNECTIVITY — Wi‑Fi 7 with Apple N1² enables fast wireless connections for transfers of photos, documents and large video files. APPLE PENCIL AND MAGIC KEYBOARD FOR IPAD AIR — Apple Pencil Pro and Apple Pencil (USB-C) enable intuitive and precise control for drawing, note-taking and creativity. Magic Keyboard provides an amazing typing experience and a trackpad with haptic feedback. ADVANCED CAMERAS — iPad Air features a 12MP Centre Stage front camera that’s perfect for video calls and selfies, and a 12MP Wide back camera for document scanning and capturing photos and 4K videos. UNLOCK AND PAY WITH TOUCH ID — Touch ID lets you use your fingerprint to unlock your iPad Air, sign in to apps and make payments securely with Apple Pay. Apple Pencil Pro | Engineered for limitless creativity. Apple Pencil sets the standard for how drawing, painting, handwriting, and note-taking should feel - intuitive, precise, and magical. All with pixel-perfect precision, low latency, tilt sensitivity, and support for palm rejection. And Apple Pencil Pro adds even more capabilities to bring your ideas to life like never before. ¹Apple Intelligence is available in beta. Some features may not be available in all regions or languages. ²Wi‑Fi 7 available in countries and regions where supported. ³Battery life varies by use and configuration. ⁴Available space is less and varies due to many factors. Storage capacity subject to change based on software version, settings and iPad model. 1GB = 1 billion bytes; 1TB = 1 trillion bytes. Actual formatted capacity less. ⁵The display has rounded corners. When measured diagonally as a rectangle, the 11-inch iPad Air is 10.86 inches. Actual viewable area is less.",https://cdn.shopify.com/s/files/1/0955/2409/4277/files/Apple_iPad-Air_M4_Purple-HDEW1.jpg?v=1773190025,https://cdn.shopify.com/s/files/1/0955/2409/4277/files/Apple_iPad-Air_M4_Purple-HDEW1.jpg?v=1773190025 | https://cdn.shopify.com/s/files/1/0955/2409/4277/files/Apple_iPad-Air_M4_Purple-HDEW2.jpg?v=1773190025 | https://cdn.shopify.com/s/files/1/0955/2409/4277/files/1741093451_IMG_2445852.jpg?v=1774926638 | https://cdn.shopify.com/s/files/1/0955/2409/4277/files/1741093451_IMG_2445853.jpg?v=1774926638,2026-03-11T00:47:04+00:00
HDEW Cameras,https://hdewcameras.co.uk,15732916846917,https://hdewcameras.co.uk/products/apple-ipad-air-m4-11-wifi-128gb-blue,Apple iPad Air (M4) 11 Wifi 128GB Blue,,27351-01428-00,iPad,"apple, Apple iPad Air M4, apple-ipads",Apple,495.00,599.00,Unknown,,"The 11-inch iPad Air. Built for Apple Intelligence.¹ iPad Air, now supercharged by the Apple M4 chip. Powerfully capable and affordable. It features a stunning Liquid Retina display, a 12MP Centre Stage front camera for great video calls, iPadOS, and blazing-fast Wi-Fi 7.² It works with Apple Pencil Pro, Magic Keyboard for iPad Air and more, so you can multitask, study, work, play and create with ease. WHY IPAD AIR — iPad Air with the Apple M4 chip packs even more performance into a beautiful design, and it comes in two portable sizes. It features Apple Intelligence¹ along with a stunning Liquid Retina display, Touch ID, advanced cameras and Wi-Fi 7.² PERFORMANCE AND STORAGE — The M4 chip delivers advanced graphics and incredible performance for smooth multitasking and complex AI tasks. And with all-day battery life, you can keep working and playing wherever you go.³ Choose up to 1TB of storage for apps, music, movies and more.⁴ IPADOS + APPS — Run apps and get more done with the game-changing capabilities and intuitive design of iPadOS. The flexible windowing system lets you control, organise and manage your workflows like never before. APPLE INTELLIGENCE — Apple Intelligence is the personal intelligence system that helps you create, communicate and get things done effortlessly with groundbreaking privacy protections at every step.¹ 11-INCH LIQUID RETINA DISPLAY — The gorgeous Liquid Retina display features advanced technologies like P3 wide colour, True Tone and ultra-low reflectivity, which make everything look stunning.⁵ CONNECTIVITY — Wi‑Fi 7 with Apple N1² enables fast wireless connections for transfers of photos, documents and large video files. APPLE PENCIL AND MAGIC KEYBOARD FOR IPAD AIR — Apple Pencil Pro and Apple Pencil (USB-C) enable intuitive and precise control for drawing, note-taking and creativity. Magic Keyboard provides an amazing typing experience and a trackpad with haptic feedback. ADVANCED CAMERAS — iPad Air features a 12MP Centre Stage front camera that’s perfect for video calls and selfies, and a 12MP Wide back camera for document scanning and capturing photos and 4K videos. UNLOCK AND PAY WITH TOUCH ID — Touch ID lets you use your fingerprint to unlock your iPad Air, sign in to apps and make payments securely with Apple Pay. Apple Pencil Pro | Engineered for limitless creativity. Apple Pencil sets the standard for how drawing, painting, handwriting, and note-taking should feel - intuitive, precise, and magical. All with pixel-perfect precision, low latency, tilt sensitivity, and support for palm rejection. And Apple Pencil Pro adds even more capabilities to bring your ideas to life like never before. ¹Apple Intelligence is available in beta. Some features may not be available in all regions or languages. ²Wi‑Fi 7 available in countries and regions where supported. ³Battery life varies by use and configuration. ⁴Available space is less and varies due to many factors. Storage capacity subject to change based on software version, settings and iPad model. 1GB = 1 billion bytes; 1TB = 1 trillion bytes. Actual formatted capacity less. ⁵The display has rounded corners. When measured diagonally as a rectangle, the 11-inch iPad Air is 10.86 inches. Actual viewable area is less.",https://cdn.shopify.com/s/files/1/0955/2409/4277/files/apple-2025-ipad-air-11-wifi-128gb-blue-26670-p.jpg?v=1758107826,https://cdn.shopify.com/s/files/1/0955/2409/4277/files/apple-2025-ipad-air-11-wifi-128gb-blue-26670-p.jpg?v=1758107826 | https://cdn.shopify.com/s/files/1/0955/2409/4277/files/apple-2025-ipad-air-11-wifi-128gb-blue-_282_29-26670-p.jpg?v=1758107826 | https://cdn.shopify.com/s/files/1/0955/2409/4277/files/1741093451_IMG_2445851.jpg?v=1761743471 | https://cdn.shopify.com/s/files/1/0955/2409/4277/files/apple-2025-ipad-air-11-wifi-128gb-blue-_283_29-26670-p.jpg?v=1761743471 | https://cdn.shopify.com/s/files/1/0955/2409/4277/files/apple-2025-ipad-air-11-wifi-128gb-blue-_284_29-26670-p.jpg?v=1761743471 | https://cdn.shopify.com/s/files/1/0955/2409/4277/files/1741093451_IMG_2445852.jpg?v=1774926638 | https://cdn.shopify.com/s/files/1/0955/2409/4277/files/1741093451_IMG_2445853.jpg?v=1774926638 | https://cdn.shopify.com/s/files/1/0955/2409/4277/files/1741093480_IMG_2445857.jpg?v=1761743449,2026-03-11T00:32:31+00:00
HDEW Cameras,https://hdewcameras.co.uk,15732059799877,https://hdewcameras.co.uk/products/dewalt-extreme-bi-metal-hole-saw-set-dt90355-qz-11-pcs-open-box,"DEWALT EXTREME Bi-Metal Hole Saw Set DT90355-QZ, 11 pcs (Open Box)",,207743_OBOX,Power Tools,"open-box-models, tools-garden",DeWalt,89.00,,Unknown,,"1 OPEN BOX UNIT - EXCELLENT CONDITION MARKS ON CIRCULAR HOLE CUTTING ATTACHMENTS UNWANTED RETURN The DEWALT hole saw set DT90355-QZ is an 11-piece bi-metal set for sanitary applications with a long service life and efficient cutting. It contains hole saws of various sizes, a transport case and adapters and centring drills, and the special tooth geometry ensures quick chip removal and clean cuts in wood, metal and plastic. Thanks to large recesses, drill cores can be easily removed, even with multi-layer materials. Features: Bi-Metal Extreme quality for longer lifespan Innovative tooth geometry for quick, clean chip removal Suitable for high material thicknesses and multi-layer materials Fast core ejection through continuous lever points High performance in wood, metal and plastic Hole saws included: 19 / 22 / 29 / 38 / 44 / 51 / 57 mm Accessories: 2 adapters, 2 centring drills Robust transport case",https://cdn.shopify.com/s/files/1/0955/2409/4277/files/default-2026-03-10T122800.922.jpg?v=1773145701,https://cdn.shopify.com/s/files/1/0955/2409/4277/files/default-2026-03-10T122800.922.jpg?v=1773145701 | https://cdn.shopify.com/s/files/1/0955/2409/4277/files/IMG_0192_1.jpg?v=1773331306 | https://cdn.shopify.com/s/files/1/0955/2409/4277/files/IMG_0194_1.jpg?v=1773331306 | https://cdn.shopify.com/s/files/1/0955/2409/4277/files/IMG_0181_1.jpg?v=1773331306 | https://cdn.shopify.com/s/files/1/0955/2409/4277/files/IMG_0182_1.jpg?v=1773331306 | https://cdn.shopify.com/s/files/1/0955/2409/4277/files/IMG_0186_1.jpg?v=1773331306 | https://cdn.shopify.com/s/files/1/0955/2409/4277/files/IMG_0191_1.jpg?v=1773331306 | https://cdn.shopify.com/s/files/1/0955/2409/4277/files/default-2026-03-10T122757.826.jpg?v=1773331306,2026-03-10T12:32:32+00:00
HDEW Cameras,https://hdewcameras.co.uk,15707828519237,https://hdewcameras.co.uk/products/apple-watch-ultra-3-49mm-cellular-black-s,Apple Watch Ultra 3 49mm Cellular Black with Black Alpine Loop (S),,51350-00506-00,Apple Watch,"Apple Watch Ultra 3, apple-watch, Health Monitoring, Smart Watch, sport-fitness, sports-outdoor, Wearable",APPLE,749.00,,Unknown,,"Your ultimate running companion with advanced metrics, training load and the best GPS in a sports watch. Running | Optimise every stride. Calling all runners. Apple Watch Ultra 3 has everything you need to train smarter and reach your personal best. Powerful features like precision dual-frequency GPS, advanced metrics, Custom Workouts and new Workout Buddy help you ace your pace. Hit the ground running with the Action button. It's customisable and gives you quick control over a variety of functions, so you can do things like control a workout, move to your next interval, mark a segment and more. All with extreme precision. All you need is your watch. Ultra 3 has mobile connectivity built in, so you can stay better connected on the go. With a carrier plan, you can keep in touch almost anywhere, even if you've left your iPhone behind to go for a run. Advance with advanced metrics. Track your progress with metrics like running power and cadence. And if you create a Custom Workout on your watch or iPhone, you can add work and recovery intervals, set a pace for outdoor workouts and more. You can even get an estimate of your VO2 max after your run. Track your training load. Helpful insights from training load show the impact your workouts have on your body over time, so it's easier to plan when to push and when to rest - especially useful when you're training for your next big event. A battery built for stamina. Apple Watch Ultra 3 is engineered to give you even longer battery life - so you can go further and wider than ever before. When you do need to power up, you can fast-charge in just 15 minutes for up to 12 hours of normal use. On the go | Satellite communications. Up and running. Now when you're off the grid without mobile connectivity or Wi-Fi, Ultra 3 can help you stay connected using built-in satellite communications.1 So if you need critical help, you can contact emergency services via satellite - straight from your wrist. Get help with Emergency SOS via satellite. With a few simple taps, Ultra 3 can gather critical information, connect you to a satellite and reach out to emergency services, so you can get the assistance you need as quickly as possible. Be found with Find My. Use Find My to share your location via satellite so friends and family know where you are. Before you go off grid, add the contacts you plan to share your location with using your paired iPhone or Ultra 3. More sports | All-round champion. Apple Watch Ultra 3 ups your game in every sport. When you're cycling, it actively monitors your speed and efficiency so you can see your progress in real time. And in the water, it can track your sets as you swim, automatically detect stroke patterns and calculate your total distance. Time to clock your best. Find your Power Zones. Connect your personal power meter to Ultra 3 to estimate your Functional Threshold Power (FTP), the highest level of intensity theoretically maintainable for an hour. Your FTP enables Power Zones to show your current power, time in a zone and average power. Watch your cycling metrics on your iPhone. When you start a cycling workout on Ultra 3, it automatically shows up as a Live Activity on your iPhone - making it easier to see and safer when it's mounted on your handlebars.",https://cdn.shopify.com/s/files/1/0955/2409/4277/files/Apple_Watch_Ultra3_Black-Alpine_HDEW3.jpg?v=1773142025,https://cdn.shopify.com/s/files/1/0955/2409/4277/files/Apple_Watch_Ultra3_Black-Alpine_HDEW3.jpg?v=1773142025 | https://cdn.shopify.com/s/files/1/0955/2409/4277/files/Apple_Watch_Ultra3_Black-Alpine_HDEW4.jpg?v=1773142025 | https://cdn.shopify.com/s/files/1/0955/2409/4277/files/Apple_Watch_Ultra3_Black-Alpine_HDEW1.jpg?v=1773141895 | https://cdn.shopify.com/s/files/1/0955/2409/4277/files/Apple_Watch_Ultra3_Black-Alpine_HDEW5.jpg?v=1773142006,2026-03-10T11:27:03+00:00
HDEW Cameras,https://hdewcameras.co.uk,15129718522181,https://hdewcameras.co.uk/products/apple-2025-ipad-a16-wifi-512gb-silver,Apple iPad A16 11 inch Wifi 512GB Silver,,27351-01328-00,iPad,"apple, apple-ipads, Gift Idea, ipad-11-a16-2025-new, £500+",Apple,599.00,629.00,Unknown,,"1 YEAR APPLE WARRANTY Get things done, express yourself and stay immersed in your favourite activities, all on a stunning 11-inch Liquid Retina display. And using essential accessories designed just for iPad, you can add even more versatility for the things you do every day. Draw, paint and write with Apple Pencil (not compatible with the Apple Pencil Pro). Type comfortably, use a trackpad and enjoy content with the versatile two-piece design of the Magic Key­board Folio .You can use familiar keyboard shortcuts or the click-anywhere trackpad. And get an amazing typing experience. iPadOS brings it all together and makes everything on iPad feel smooth and easy. Handwritten notes become more fluid, flexible and legible with Smart Script. And you can solve complex equations in Maths Notes using Apple Pencil. Make quick work of your work. With the superfast A16 chip, it's easier than ever to work and get things done all on one device. Take notes, collaborate and multitask seamlessly between apps. From pie charts to pie recipes, iPad is designed for all kinds of productivity. iPad delivers a big jump in perform­ance with the superfast A16 chip . An advanced Neural Engine and machine learning capabilities help you do more, effortlessly, like edit 4K video or interact with content in photos or videos using Live Text. And with all-day battery life, you can do it all without skipping a beat. Edit a spreadsheet, finesse a Keynote presentation and take amazing notes. Magic Key­board Folio gives you a comfortable typing experience and a trackpad for precise tasks Create to your heart's content. Express yourself, draw and brainstorm on a flexible creative powerhouse. The stunning 11-inch Liquid Retina display makes an incredible canvas.So you can doodle, take notes, mark up documents and a lot more with Apple Pencil. Record and refine from anywhere with high-quality built-in mics and landscape stereo speakers . Start a podcast, compose a beat, score a film - your creative projects sound fantastic. Shoot content with the 12MP Wide back camera . Retouch photos, edit videos, identify objects in your photos and videos with Visual Look Up, and scan and mark up documents - all on iPad. Get in touch. Stay in frame. With the 12MP Centre Stage camera , you'll be perfectly in frame whether you're on a FaceTime call, attending a video conference or recording a selfie. And your photos look even more naturally stunning with Smart HDR 4. Stay connected with blazing-fast Wi-Fi . And with 5G capabilities on Wi-Fi + Cellular models, you have the option to add a flexible data plan whenever you need it to browse the web, play games, stream movies and more Watch. Learn. And level up. The stunning 11-inch Liquid Retina display is perfect for diving into your favourite shows and movies whether you're on a flight or on the sofa. And with True Tone technology, it's comfortable to view in any light. 12 Megapixel ultra-high front camera resolution for SLR like professional pictures and videos A16 Bionic processor delivers the performance to explore new things, expand your excitement and experience Penta-core (5 Core) core processor delivers exceptional performance to ensure maximum dependability 4 GB memory for smooth multitasking without crashing or slowing down LCD display is long-lasting with reduced screen burning to ensure maximum efficiency Wireless LAN offers a reliable, convenient way of communication and connectivity Bluetooth effectively avoids interference from other wireless devices to ensure dependable connectivity Comes in silver colour to better suit your theme and style The 477 g light weight saves you from the physical strain of carrying this tablet 27.9 cm (11"") screen allows a great view of movies and TV shows and yet is small enough to easily carry",https://cdn.shopify.com/s/files/1/0955/2409/4277/files/apple-2025-ipad-a16-wifi-512gb-silver-27262-p.jpg?v=1756283856,https://cdn.shopify.com/s/files/1/0955/2409/4277/files/apple-2025-ipad-a16-wifi-512gb-silver-27262-p.jpg?v=1756283856 | https://cdn.shopify.com/s/files/1/0955/2409/4277/files/apple-2025-ipad-a16-wifi-512gb-silver-_282_29-27262-p.jpg?v=1756283856 | https://cdn.shopify.com/s/files/1/0955/2409/4277/files/apple-2025-ipad-a16-wifi-512gb-silver-_283_29-27262-p.jpg?v=1756283856 | https://cdn.shopify.com/s/files/1/0955/2409/4277/files/apple-2025-ipad-a16-wifi-512gb-silver-_284_29-27262-p.jpg?v=1756283856,2026-03-10T03:08:28+00:00
HDEW Cameras,https://hdewcameras.co.uk,15129712951621,https://hdewcameras.co.uk/products/om-system-tough-tg-7-starter-kit-red,OM System Tough TG-7 Starter Kit (Red),,02300-00587-00_starter,Camera,"action-cameras, bundles-kits, cameras, Gift Idea, mirrorless-cameras, olympus-mirrorless",OLYMPUS,439.00,,Unknown,,"3 YEAR CAMERA WARRANTY Built to withstand the rugged conditions of outdoor life, the red OM System Tough TG-7 Digital Camera provides you with a high-quality point-and-shoot you can rely on. Included in the Starter Bundle: OM System Tough TG-7 Red OM System CSCH-107 Hard Case OM System UC-92 Multi Charger for LI-90B/LI-92B SanDisk Extreme Pro SDXC 128GB UHS-I C10 U3 V30 As seen on our TikTok: Unboxing Features Key Features: 12MP BSI CMOS Sensor 4x Optical Zoom f/2-4.9 Lens 25-100mm (35mm Equivalent) Water, Crush, Shock, Freeze & Dust proof 17 Compatible Accessories 3"" 1.04m-Dot LCD Monitor TruePic VIII Image Processor 4K Video Recording and Full HD at 30 fps Built-In Wi-Fi, GPS, Field Sensor System USB-C Connectivity Document Your Journey Built to withstand the rugged conditions of outdoor life, the red OM System Tough TG-7 Digital Camera provides you with a high-quality point-and-shoot you can rely on. Its 12MP BSI CMOS sensor and TruePic VIII image processor deliver excellent photo and video performance even in low-light conditions with a wide maximum aperture of f/2 and ISO up to 12,800. While maintaining much of the previous model's framework, the TG-7 introduces several new features such as vertical video support, interval shooting, exposure smoothing, and USB-C connectivity. With these added benefits, you're well-prepared to capture scenes and upload them directly to your devices with ease by navigating the camera's 3"" 1.04m-dot LCD Monitor. Additionally, the TG-7 is compatible with 17 unique accessories that can be purchased to further expand the camera's capabilities including fisheye/tele-converters, underwater housings, lens protection filters, and much more. Ultra Resilient The TG-7 is built to perform no matter the conditions youre faced with: IPX8-rated waterproof for underwater use to depths of 50 Freeze proof to temperatures as low as 14°F Shockproof to drops from as high as 7' Crush proof to withstand pressure up to 220 lbf Dust proof to protect the internal components of the camera Anti-fog design prevents condensation from forming inside the lenses Improved Video Functions The TG-7 improves upon an already impressive array of video functionality with the addition of some new features. Vertical video support allows you to seamlessly record video in vertical aspect ratios, perfect for vlogging and sharing on social media. Interval shooting enables you to take multiple photos spaced out over a set period of time to better capture action or time-lapses. Pro Capture mode helps you freeze the perfect moment in an action sequence by buffering images when the shutter button is at half-press. The TG-7 saves up to 70 images of the most recently buffered images both before and after the shutter button is released. Expansive Macro System Extend past the TG-7's 4x optical zoom with four macro shooting modes for capturing scenes up close. Select Microscope mode to capture images with an incredibly short minimum focusing distance of 0.39"". To zoom up to 44x closer, switch to Microscope Control mode. Utilise Focus Stacking mode to merge multiple images and create one photo with great depth of field. Focus Bracketing allows you to capture up to 30 images at various focus points which can then be composited in post-production. Having these macro capabilities at your disposal makes it easy to capture the finest details of your subject and visualise creative perspectives that are unfamiliar to the naked eye. Advanced Underwater Shooting Photograph and record video at depths as deep as 50 feet with generous features that simplify underwater shooting. Underwater White Balance mode provides a solution to regaining accurate colour tones that you can lose as you dive deeper underwater. 12MP BSI CMOS Sensor & TruePic VIII Processor Utilising a 12MP BSI CMOS sensor and TruePic VIII image processor, the TG-7 delivers brilliant stills and videos with rich colours. Both sides of the image sensor's sealing glass have an anti reflective coating that reduces flaring, which commonly occurs when shooting in conditions that have snow, dust, or sand. The sensor's BSI design coupled with a f/2 maximum aperture ensure cleaner image quality at higher ISO values. For maximum detail and control for photo editing, shoot in RAW format. The processor enables recording UHD 4K30p video and high-speed Full HD 1080p video at up to 120 fps. Keep Track While Adventuring The TG-7's Field Sensor System includes GPS, a manometer, a compass, and a thermometer allowing you to record important data about your environment and include it in your photos and videos. Easily transfer your recorded data and imagery to a mobile device using built-in Wi-Fi. In addition to wireless transfer, the built-in Wi-Fi also allows you to remotely control the camera. What's in the box: OM SYSTEM Tough TG-7 Digital Camera (Red) Hand Strap USB-C Cable Olympus LI-92B Rechargeable Lithium-Ion Battery (3.6V, 1350mAh) Key Specs Sensor Resolution Effective: 12 Megapixel (4000 x 3000) Image Sensor 1/1.3""-Type CMOS Image Stabilization Sensor-Shift Focal Length 4.5 to 18mm (35mm Equivalent: 25 to 100mm) Optical Zoom 4x Maximum Aperture f/2 to 4.9 ISO Sensitivity Range 100 to 1600 in Auto Mode (Extended: 100 to 12,800) Internal Recording Modes MOV UHD 4K (3840 x 2160) at 25/29.97 fps [102 Mb/s] 1920 x 1080p at 25/29.97/50/59.94 fps [18 to 52 Mb/s] 1280 x 720 at 25/29.97 fps [18 to 52 Mb/s] Media/Memory Card Slot Single Slot: SD/SDHC/SDXC Wireless Wi-Fi Display Size 3.0"" Display Type Fixed LCD Built-In Flash/Light Yes, Flash Only Battery Type 1 x LI-92B Rechargeable Lithium-Ion (Approx. 340 Shots) Dimensions (W x H x D) 4.5 x 2.6 x 1.3"" / 113.9 x 65.8 x 32.7 mm Weight 8.8 oz / 249 g",https://cdn.shopify.com/s/files/1/0955/2409/4277/files/Copy_of_TG-7_Red_Starter_Kit_f599fb56-30e4-4b37-9332-bb82d074d21f.png?v=1773137521,https://cdn.shopify.com/s/files/1/0955/2409/4277/files/Copy_of_TG-7_Red_Starter_Kit_f599fb56-30e4-4b37-9332-bb82d074d21f.png?v=1773137521 | https://cdn.shopify.com/s/files/1/0955/2409/4277/files/om-system-tough-tg-7-starter-kit-red--_282_29-26707-p.jpg?v=1776780189 | https://cdn.shopify.com/s/files/1/0955/2409/4277/files/om-system-tough-tg-7-starter-kit-red-_283_29-26707-p.jpg?v=1776780189 | https://cdn.shopify.com/s/files/1/0955/2409/4277/files/om-system-tough-tg-7-starter-kit-red--_284_29-26707-p.jpg?v=1776780189 | https://cdn.shopify.com/s/files/1/0955/2409/4277/files/om-system-tough-tg-7-starter-kit-red-_285_29-26707-p.jpg?v=1776780189 | https://cdn.shopify.com/s/files/1/0955/2409/4277/files/om-system-tough-tg-7-starter-kit-red--_286_29-26707-p.jpg?v=1776780189,2026-03-09T14:43:57+00:00
HDEW Cameras,https://hdewcameras.co.uk,15129712918853,https://hdewcameras.co.uk/products/om-system-tough-tg-7-starter-kit-black,OM System Tough TG-7 Starter Kit (Black),,02300-00586-00_starter,Camera,"action-cameras, bundles-kits, cameras, Gift Idea, mirrorless-cameras, olympus-mirrorless",OLYMPUS,439.00,,Unknown,,"3 YEAR CAMERA WARRANTY Built to withstand the rugged conditions of outdoor life, the black OM System Tough TG-7 Digital Camera provides you with a high-quality point-and-shoot you can rely on. Included in the Starter Bundle: OM System Tough TG-7 Black OM System CSCH-107 Hard Case OM System UC-92 Multi Charger for LI-90B/LI-92B SanDisk Extreme Pro SDXC 128GB UHS-I C10 U3 V30 As seen on our TikTok: Unboxing Features Key Features: 12MP BSI CMOS Sensor 4x Optical Zoom f/2-4.9 Lens 25-100mm (35mm Equivalent) Water, Crush, Shock, Freeze & Dust proof 17 Compatible Accessories 3"" 1.04m-Dot LCD Monitor TruePic VIII Image Processor 4K Video Recording and Full HD at 30 fps Built-In Wi-Fi, GPS, Field Sensor System USB-C Connectivity Document Your Journey Built to withstand the rugged conditions of outdoor life, the black OM System Tough TG-7 Digital Camera provides you with a high-quality point-and-shoot you can rely on. Its 12MP BSI CMOS sensor and TruePic VIII image processor deliver excellent photo and video performance even in low-light conditions with a wide maximum aperture of f/2 and ISO up to 12,800. While maintaining much of the previous model's framework, the TG-7 introduces several new features such as vertical video support, interval shooting, exposure smoothing, and USB-C connectivity. With these added benefits, you're well-prepared to capture scenes and upload them directly to your devices with ease by navigating the camera's 3"" 1.04m-dot LCD Monitor. Additionally, the TG-7 is compatible with 17 unique accessories that can be purchased to further expand the camera's capabilities including fisheye/tele-converters, underwater housings, lens protection filters, and much more. Ultra Resilient The TG-7 is built to perform no matter the conditions youre faced with: IPX8-rated waterproof for underwater use to depths of 50 Freeze proof to temperatures as low as 14°F Shockproof to drops from as high as 7' Crush proof to withstand pressure up to 220 lbf Dust proof to protect the internal components of the camera Anti-fog design prevents condensation from forming inside the lenses Improved Video Functions The TG-7 improves upon an already impressive array of video functionality with the addition of some new features. Vertical video support allows you to seamlessly record video in vertical aspect ratios, perfect for vlogging and sharing on social media. Interval shooting enables you to take multiple photos spaced out over a set period of time to better capture action or time-lapses. Pro Capture mode helps you freeze the perfect moment in an action sequence by buffering images when the shutter button is at half-press. The TG-7 saves up to 70 images of the most recently buffered images both before and after the shutter button is released. Expansive Macro System Extend past the TG-7's 4x optical zoom with four macro shooting modes for capturing scenes up close. Select Microscope mode to capture images with an incredibly short minimum focusing distance of 0.39"". To zoom up to 44x closer, switch to Microscope Control mode. Utilise Focus Stacking mode to merge multiple images and create one photo with great depth of field. Focus Bracketing allows you to capture up to 30 images at various focus points which can then be composited in post-production. Having these macro capabilities at your disposal makes it easy to capture the finest details of your subject and visualise creative perspectives that are unfamiliar to the naked eye. Advanced Underwater Shooting Photograph and record video at depths as deep as 50 feet with generous features that simplify underwater shooting. Underwater White Balance mode provides a solution to regaining accurate colour tones that you can lose as you dive deeper underwater. 12MP BSI CMOS Sensor & TruePic VIII Processor Utilising a 12MP BSI CMOS sensor and TruePic VIII image processor, the TG-7 delivers brilliant stills and videos with rich colours. Both sides of the image sensor's sealing glass have an anti reflective coating that reduces flaring, which commonly occurs when shooting in conditions that have snow, dust, or sand. The sensor's BSI design coupled with a f/2 maximum aperture ensure cleaner image quality at higher ISO values. For maximum detail and control for photo editing, shoot in RAW format. The processor enables recording UHD 4K30p video and high-speed Full HD 1080p video at up to 120 fps. Keep Track While Adventuring The TG-7's Field Sensor System includes GPS, a manometer, a compass, and a thermometer allowing you to record important data about your environment and include it in your photos and videos. Easily transfer your recorded data and imagery to a mobile device using built-in Wi-Fi. In addition to wireless transfer, the built-in Wi-Fi also allows you to remotely control the camera. What's in the box: OM SYSTEM Tough TG-7 Digital Camera (Black) Hand Strap USB-C Cable Olympus LI-92B Rechargeable Lithium-Ion Battery (3.6V, 1350mAh)",https://cdn.shopify.com/s/files/1/0955/2409/4277/files/TG-7_Black_Starter_Kit_eadd20ba-7993-481f-b754-303940eabbd1.png?v=1773137544,https://cdn.shopify.com/s/files/1/0955/2409/4277/files/TG-7_Black_Starter_Kit_eadd20ba-7993-481f-b754-303940eabbd1.png?v=1773137544 | https://cdn.shopify.com/s/files/1/0955/2409/4277/files/om-system-tough-tg-7-starter-kit-black--_282_29-26706-p.jpg?v=1776780032 | https://cdn.shopify.com/s/files/1/0955/2409/4277/files/om-system-tough-tg-7-starter-kit-black--_283_29-26706-p.jpg?v=1776780032 | https://cdn.shopify.com/s/files/1/0955/2409/4277/files/om-system-tough-tg-7-starter-kit-black--_284_29-26706-1-p.jpg?v=1776780032 | https://cdn.shopify.com/s/files/1/0955/2409/4277/files/om-system-tough-tg-7-starter-kit-black--_285_29-26706-p.jpg?v=1776780032 | https://cdn.shopify.com/s/files/1/0955/2409/4277/files/om-system-tough-tg-7-starter-kit-black--_286_29-26706-p.jpg?v=1776780032,2026-03-09T14:42:46+00:00
